
 *******************************************************************************
 *                                                                             *
 *  -------------------------------------                                      *
 *   Amsterdam Density Functional  (ADF)         2019                          *
 *  -------------------------------------                                      *
 *                                               r74351 2019-04-25             *
 *                                                                             *
 *                                                                             *
 *                            =====================                            *
 *                            |                   |                            *
 *                            |     D I R A C     |                            *
 *                            |                   |                            *
 *                            =====================                            *
 *                                                                             *
 *                                                                             *
 *   Online information and documentation:  https://www.scm.com/support/       *
 *   E-mail:  support@scm.com   info@scm.com                                   *
 *                                                                             *
 *   Scientific publications using ADF results must be properly referenced     *
 *   See the User Manuals (or the web site) for recommended citations          *
 *   The terms and conditions of the End User License Agreement apply to       *
 *   the use of ADF, https://www.scm.com/license-terms/                        *
 *                                                                             *
 **********************  x86_64_linux_intel / intelmpi  ************************
 

  
 DIRAC 2019  RunTime: Jun25-2026 11:42:28  Nodes: 1  Procs: 1

 Temporary files are created in /scratch/kid_0.938821611

1
 HYDROGEN ATOM RELATIVISTIC, Point Nuc, A and c from libtc   
 N J RN H ZN XION ANUC CLIGHT
 5000    1100.00000000197.36710137  1.00000000  0.00000000    1.007825  0.1370360E+03
  PH   PHI     EPS        DEL        DELRVR
  0.30  0.30     2500.00  0.00001000  0.00001000
 IDIRC  NC1  NDEBU NPRIN  IPUN IRCOR IWCOR
   1   300     0     0     0     0     0
   XALPHA      XLATTER      RNUC
  0.70000000  0.00000000  0.00000000 Point Charge
   XN   XL   XJ      XE          XZ      XDELL
  1.0  0.0  0.5      -1.000       1.000     0.00000
 ICORP=  0  NPCL=  0  DEMP=0.00  PEPS=0.000000
 R(1)=  0.1000000E-08 D=  0.1005080E+01 RNUC=  0.0000000E+00
 converged at cycle   32  DENSITY AVERAGING    0.2400
  MAXIMUM ERROR IN R.V(R) IS   0.79874357E-05
 Q,EY,EV,EZ,ESUM,ETOT,RHO  0.100000E+01 -0.266614E+00 -0.619969E+00 -0.910779E+00 -0.203940E+00 -0.415998E+00  0.337036E-17


 DIRAC CALCULATION
1                    HYDROGEN ATOM RELATIVISTIC, Point Nuc, A and c from libtc


 EXCHANGE COEFFICIENT=  0.7000000           TAIL CORRECTION=  0.           NUCLEAR RADIUS=  0.000E+00
0                       ORBITAL    N    L    J     ELECTRONS     EIGENVALUE                DELTA OF EIGENV.

                          1S1/2  1.0  0.0  0.5     1.000       -0.2039397E+00                 0.2720093E-06


                                        NUCLEAR CHARGE=    1.000000
                            INTEGRAL OF CHARGE DENSITY=    1.000000
                           SUM OF THE ORBITAL ENERGIES=     -0.2039
                                          TOTAL ENERGY=     -0.4160
                                        KINETIC ENERGY=      0.4160
                             NUCLEAR ATTRACTION ENERGY=     -0.9108
                             ELECTRON REPULSION ENERGY=      0.2787
                                       EXCHANGE ENERGY=     -0.2000

 *******************************************************************************

                             D I R A C   E X I T
 NORMAL TERMINATION



 =================
 Timing Statistics
 =================
  
 Total Used :                     CPU=        0.07      System=        0.00     Elapsed=        0.09

 Calls  Section                     ( Mean, Percentage )
 ---------------------------------------------------------------------------------------------------
     2  ><      ................      0.00    0.00             0.00    0.00             0.00    0.01
     1  EXIT PROCEDURE .........      0.07  100.00             0.00  100.00             0.09   99.99


 Currently Open Files (EXIT00)
 ====================

 Unit    Access Format  Status   Type       Ident (file)
 -------------------------------------------------------
   3      SEQ    FORM   TRANSP  NORMAL      LOGFILE
                                          ( logfile )
 
Create H   file=TZP-H
XC
  GGA PBE
End
relativistic ZORA
Corepotentials t12.rel
End

 *******************************************************************************
 *                                                                             *
 *  -------------------------------------                                      *
 *   Amsterdam Density Functional  (ADF)         2019                          *
 *  -------------------------------------                                      *
 *                                               r74351 2019-04-25             *
 *                                                                             *
 *                                                                             *
 *                              =================                              *
 *                              |               |                              *
 *                              |     A D F     |                              *
 *                              |               |                              *
 *                              =================                              *
 *                                                                             *
 *                                                                             *
 *   Online information and documentation:  https://www.scm.com/support/       *
 *   E-mail:  support@scm.com   info@scm.com                                   *
 *                                                                             *
 *   Scientific publications using ADF results must be properly referenced     *
 *   See the User Manuals (or the web site) for recommended citations          *
 *   The terms and conditions of the End User License Agreement apply to       *
 *   the use of ADF, https://www.scm.com/license-terms/                        *
 *                                                                             *
 **********************  x86_64_linux_intel / intelmpi  ************************
 

  
 ADF 2019  RunTime: Jun25-2026 11:42:29  Nodes: 1  Procs: 1

 Temporary files are created in /scratch/kid_0.1024457041

 Hydrogen (TZP)



 ===========================
 A T T A C H E D   F I L E S
 ===========================
  
 CREATE - Data File:    TZP-H
                        Hydrogen (TZP)
 Core Potentials:
         file : t12.rel



 ===============================
 M O D E L   P A R A M E T E R S
 ===============================
  
 DENSITY FUNCTIONAL POTENTIAL (scf)
    LDA:                               PW92                                    == Not Default ==
    Gradient Corrections:              PBEc PBEx                               == Not Default ==

 SPIN  (restricted / unrestr.)
    Molecule:                          Restricted                               

 OTHER ASPECTS
    Relativistic Corrections:          scalar (ZORA,MAPA)                      == Not Default ==

    Nuclear Charge Density Model:      Point Charge Nuclei                      
    Core Treatment:                    Frozen Orbital(s)                        

    Hyperfine or Zeeman Interaction:   ---                                      



 =====================================
 S Y M M E T R Y ,   E L E C T R O N S
 =====================================
  
 Symmetry: ATOM

 Irreducible Representations, including subspecies
 -------------------------------------------------
 S
 P:x  P:y  P:z
 D:z2  D:x2-y2  D:xy  D:xz  D:yz
 F:z3  F:z  F:xyz  F:z2x  F:z2y  F:x  F:y


 Configuration of Valence Electrons
 ==================================

          Occupation Numbers
          -------------------------------------------------
 S        1
 P        0
 D        0
 F        0
          -------------------------------------------------

 Total:   1

 Net Charge: 0 (Nuclei minus Electrons)

 Preset values for MO occupations will be applied through SCF cycle no. 1000000
 Thereafter, the program will assign electrons to MOs that are spatially
 similar to the occupied MOs in a "reference" cycle ("KeepOrbitals").
 The reference cycle is always the PREVIOUS cycle: it will evolve with
 the SCF procedure.



 ================================
 (Slater-type)  F U N C T I O N S  ***  (Basis and Fit)  ***
 ================================
  

 Atom Type    1  (H)
 ==============

 Valence Basis Sets:   4
 -----------------------
   1 S    0.690000
   1 S    0.920000
   1 S    1.580000
   2 P    1.250000


 BAS: List of all Elementary Cartesian Basis Functions
 =====================================================

 The numbering in the list below (to the right of the function characteristics) is referred
 to in print-outs of MO eigenvectors and Mulliken populations in the BAS representation
 (as contrasted to the SFO representation).

 Notes:
 1. The functions are characterized by a polynomial prefactor (powers of x,y,z and r) and
    an exponential decay factor alpha.
 2. Since the basis sets are specific for an atom TYPE, the individual functions occur on
    all atoms of that type.
 3. The word 'Core' in the left margin signals that it is a Core Function (CF) : not a
    degree of freedom in the valence set, but only used to ensure orthogonalization of
    the other valence basis functions on the frozen Core Orbitals.


 (power of) X  Y  Z  R     Alpha  on Atom
            ==========     =====     ==========

 H                                    1
                                  ---------------------------------------------------------------------------
            0  0  0  0     0.690      1
            0  0  0  0     0.920      2
            0  0  0  0     1.580      3
            1  0  0  0     1.250      4
            0  1  0  0     1.250      5
            0  0  1  0     1.250      6

 Total number of charge fitting functions (nprimf)        50
 Total number of Cartesian basis functions (naos)          6
 Total number of Cartesian core functions  (ncos)          0



 BAS: List of all Elementary Cartesian Basis Functions
 =====================================================

 The numbering in the list below (to the right of the function characteristics) is referred
 to in print-outs of MO eigenvectors and Mulliken populations in the BAS representation
 (as contrasted to the SFO representation).

 Notes:
 1. The functions are characterized by a polynomial prefactor (powers of x,y,z and r) and
    an exponential decay factor alpha.
 2. Since the basis sets are specific for an atom TYPE, the individual functions occur on
    all atoms of that type.
 3. The word 'Core' in the left margin signals that it is a Core Function (CF) : not a
    degree of freedom in the valence set, but only used to ensure orthogonalization of
    the other valence basis functions on the frozen Core Orbitals.


 (power of) X  Y  Z  R     Alpha  on Atom
            ==========     =====     ==========

 H                                    1
                                  ---------------------------------------------------------------------------
            0  0  0  0     0.690      1
            0  0  0  0     0.920      2
            0  0  0  0     1.580      3
            1  0  0  0     1.250      4
            0  1  0  0     1.250      5
            0  0  1  0     1.250      6
1
 ***************************************************************************************************



                                              ***********************
                                              *  T E C H N I C A L  *
                                              ***********************
  



 =============================================================
 P A R A L L E L I Z A T I O N  and  V E C T O R I Z A T I O N
 =============================================================
  
 Nr of parallel processes:                                1
 Maximum vector length in NumInt loops:                 128



 =====================
 S C F   U P D A T E S
 =====================
  
 Max. nr. of cycles:                               300
 Convergence criterion:                              0.0000000100
   secondary criterion:                              0.0000000100

 Mix parameter (when DIIS does not apply):           0.2000000000
 Special mix parameter for the first cycle:          1.0000000000
 Mixed ADIIS+SDIIS will be used                  
    Max number of expansion vectors:                10
    Pure ADIIS when Max([F,P]) is above              0.1000000000
    Pure SDIIS when Max([F,P]) is below              0.0010000000
 Automatic ElectronSmearing (in case of problematic SCF convergence) disabled



 =================
 P R E C I S I O N  ***  (General: NumInt, NeglectFunctionTails, ...)  ***
 =================
  

 NumInt:           Target precision:                12.0000000000
 -------           Initial precision:               10.0000000000
                   Min. precision (optimization):   10.0000000000

 Neglect Functions:          Basis functions:        0.1000000000E-13
 ------------------          Fit functions:          0.1000000000E-13



 ===========================
 L I N E A R   S C A L I N G
 ===========================
  

 Cut-off radii density fit:                        0.1000000000E-97
 Overlap cut-off criterion AO matrix elements:     0.1000000000E-97
 Cut-offs for Coulomb potential and fitted density:0.1000000000E-97
 Cut-off criterion for Coulomb multipole terms:    0.1000000000E-97
 Progressive Convergence parameter:                 0.000000000    
1
 ***************************************************************************************************



                                            ***************************
                                            *  C O M P U T A T I O N  *
                                            ***************************
  

 Number of elements of the density matrix on this node (used, total):        21        21



 ===========================================
 Numerical Integration : Fuzzy Cells (Becke)
 ===========================================
  
 Becke grid quality: VERYGOOD       
  
 Lebedev angular grid order:             min:  13 max:  41
 Nr. of radial points:                   min:  64 max:  64

 Total nr. of points:         64
 Nr. of blocks:                1
 Block length:                64
 Nr. of dummy points:          0


 Test of Precision of the Numerical Integration Grid
 ===================================================

 Integral of the Total Core Density:                   0.00000000000000



 ========================
 Density Fitting (zlmFit)
 ========================
  
 ZlmFit Fit Quality: VERYGOOD       
  
 Max L-expansion:                        min:   0 max:   0
 Nr. of radial interpolation points:     min: 120 max: 120



 =====
 S C F  ***  ScaSCF  ***
 =====
  

 CYCLE    1
 SCF Error: norm([F,P])=      0.000000000000, max([F,P])=      0.000000000000
 orbitals (Q,E):
 ---------------
 S :1...3            ( 1.00    -0.5000)  ( 0.00    -0.0900)  ( 0.00     1.2936)
 P :1...1            ( 0.00     0.1562)

 CYCLE    2
 SCF Error: norm([F,P])=      0.031537872292, max([F,P])=      0.030110494752
 orbitals (Q,E):
 ---------------
 S :1...2            ( 1.00    -0.2218)  ( 0.00     0.1019)
 P :1...1            ( 0.00     0.4189)

 CYCLE    3
  SDIIS (wt  0.000):  0.1996  0.8004
 A-DIIS (wt  1.000):  0.0000  1.0000
  DIIS coefficients:  0.0000  1.0000
 SCF Error: norm([F,P])=      0.008617989401, max([F,P])=      0.008343029399
 orbitals (Q,E):
 ---------------
 S :1...2            ( 1.00    -0.2422)  ( 0.00     0.0889)
 P :1...1            ( 0.00     0.4024)

 CYCLE    4
  SDIIS (wt  0.993):  0.1666  0.8334
 A-DIIS (wt  0.007):  0.0000  1.0000
  DIIS coefficients:  0.1654  0.8346
 SCF Error: norm([F,P])=      0.001732350026, max([F,P])=      0.001718616814
 orbitals (Q,E):
 ---------------
 S :1...2            ( 1.00    -0.2385)  ( 0.00     0.0908)
 P :1...1            ( 0.00     0.4054)

 CYCLE    5
  SDIIS (wt  1.000):  0.0236  0.9764
  DIIS coefficients:  0.0236  0.9764
 SCF Error: norm([F,P])=      0.000043673449, max([F,P])=      0.000039769875
 orbitals (Q,E):
 ---------------
 S :1...2            ( 1.00    -0.2386)  ( 0.00     0.0908)
 P :1...1            ( 0.00     0.4054)

 CYCLE    6
  SDIIS (wt  1.000): -0.0577  1.0577
  DIIS coefficients: -0.0577  1.0577
 SCF Error: norm([F,P])=      0.000002383805, max([F,P])=      0.000002158128
 orbitals (Q,E):
 ---------------
 S :1...2            ( 1.00    -0.2386)  ( 0.00     0.0908)
 P :1...1            ( 0.00     0.4054)

 CYCLE    7
  SDIIS (wt  1.000): -0.0032  1.0032
  DIIS coefficients: -0.0032  1.0032
 SCF Error: norm([F,P])=      0.000000007721, max([F,P])=      0.000000007228
 orbitals (Q,E):
 ---------------
 S :1...2            ( 1.00    -0.2386)  ( 0.00     0.0908)
 P :1...1            ( 0.00     0.4054)

 SCF CONVERGED

 CYCLE    8
1
 ***************************************************************************************************



                                                *******************
                                                *  R E S U L T S  *
                                                *******************
  
 *** Using FIT density in Focky
  SDIIS (wt  1.000):  0.0192  0.9808
  DIIS coefficients:  0.0192  0.9808
 SCF Error: norm([F,P])=      0.000000000151, max([F,P])=      0.000000000141

 Scaled ZORA Orbital Energies, per Irrep and Spin:
 =================================================
                        Occup              E (au)              E (eV)       Diff (eV) with prev. cycle
                        -----      --------------------        ------       --------------------------
 S
               1        1.000     -0.23861775226993E+00        -6.493               7.43E-09
               2        0.000      0.90791701709251E-01         2.471
               3        0.000      0.15217530108908E+01        41.409
 P
               1        0.000      0.40537978060393E+00        11.031


 Partially Occupied:
               1 S                -0.23861775226993E+00
  
 LUMO :        2 S                 0.90791701709251E-01
  


 Orbital Energies, all Irreps
 ========================================

 Irrep        no.  (spin)   Occup              E (au)                E (eV)
 ---------------------------------------------------------------------------
 S             1             1.00       -0.23861775226993E+00        -6.4931
 S             2             0.00        0.90791701709251E-01         2.4706
 P             1             0.00        0.40537978060393E+00        11.0309
 S             3             0.00        0.15217530108908E+01        41.4090


 All Electron Calculation, thus no Orbital Energies of the Core Orbitals are calculated



 =======================================
 M U L L I K E N   P O P U L A T I O N S
 =======================================
  
 The survey below gives for each atom:
 a) the total charge (Z minus electrons)
 b) the net spin polarization (nr of electrons spin-A minus spin-B)
 c) for each spin the atomic electron valence density (integrated) per L-value.

 Atom              Charge    Spin density          S         P         D         F
 ----              ------    ------------       ------    ------    ------    ------
 1 H              -0.0000                       1.0000    0.0000    0.0000    0.0000

 Populations of individual BAS functions
 ----------------------------------------
 1 H            0.2104  0.6788  0.1107  0.0000  0.0000  0.0000

 Gross Charges per Atom (Z minus electrons)
 ==========================================
            -0.0000
 Net Total: -0.00000000



 =======================================================================
 Electrostatic potential at the Nuclei due to electrons and other nuclei
 =======================================================================
  
         Atom                  Potential
         ----                  ---------
     1)   H                   0.94468022
 
 
 ========================
 No memory problems found
 ========================
 
 Maximum number of active allocate calls:         306
 
 *******************************************************************************

                             A D F   E X I T
 NORMAL TERMINATION



 =================
 Timing Statistics
 =================
  
 Total Used :                     CPU=        0.36      System=        0.02     Elapsed=        0.46

 Calls  Section                     ( Mean, Percentage )
 ---------------------------------------------------------------------------------------------------
     3  ><      ................      0.00    1.12             0.00    0.00             0.00    1.49
     1  INIT    ................      0.07   20.22             0.00    0.00             0.09   19.41
     1  GEOMET  ................      0.01    2.25             0.01   60.00             0.03    6.86
     1  INPUTA  ................      0.00    1.12             0.00    0.00             0.00    0.84
     1  MAINSY  ................      0.01    2.25             0.00    0.00             0.02    3.90
     1  SYMFIT  ................      0.00    1.12             0.00    0.00             0.00    0.35
     1  CORORT  ................      0.00    0.00             0.00    0.00             0.00    0.51
     1  SYMORB  ................      0.00    0.00             0.00    0.00             0.00    0.16
     1  CLSMAT  ................      0.00    1.12             0.00    0.00             0.01    1.35
     1  ORTHON  ................      0.00    1.12             0.00    0.00             0.01    1.34
     1  GENPT   ................      0.01    3.37             0.00   20.00             0.01    3.27
     1  PTBAS   ................      0.00    1.12             0.00    0.00             0.01    1.27
     8  FOCKY   ................      0.02   51.69             0.00    0.00             0.02   41.78
     8  FOCKTR  ................      0.00    0.00             0.00    0.00             0.00    0.90
     8  SDIIS   ................      0.00    4.49             0.00    0.00             0.00    7.72
     1  COREPS  ................      0.01    3.37             0.00    0.00             0.02    3.49
     1  POPAN   ................      0.00    0.00             0.00   20.00             0.01    1.37
     1  DEBYE   ................      0.00    1.12             0.00    0.00             0.00    0.71
     1  EXIT PROCEDURE .........      0.02    4.49             0.00    0.00             0.02    3.30


 Currently Open Files (EXIT00)
 ====================

 Unit    Access Format  Status   Type       Ident (file)
 -------------------------------------------------------
   3      SEQ    FORM   TRANSP  NORMAL      LOGFILE
                                          ( logfile )

 ***************************************************************************************************
 (LOGFILE)
 <Jun25-2026> <11:42:28>  DIRAC 2019  RunTime: Jun25-2026 11:42:28  Nodes: 1  Procs: 1
 <Jun25-2026> <11:42:29>  NORMAL TERMINATION
 <Jun25-2026> <11:42:29>  END
 <Jun25-2026> <11:42:29>  ADF 2019  RunTime: Jun25-2026 11:42:29  Nodes: 1  Procs: 1
 <Jun25-2026> <11:42:29>  Hydrogen (TZP)
 <Jun25-2026> <11:42:29>  RunType   : CREATE
 <Jun25-2026> <11:42:29>  Net Charge: 0 (Nuclei minus Electrons)
 <Jun25-2026> <11:42:29>  Symmetry  : ATOM
  Coordinates
    Atom         X           Y           Z   (Angstrom)
    1.H         0.000000    0.000000    0.000000
 <Jun25-2026> <11:42:29>  >>>> CORORT
 <Jun25-2026> <11:42:29>  >>>> CLSMAT
 <Jun25-2026> <11:42:29>  >>>> ORTHON
 <Jun25-2026> <11:42:29>  >>>> GENPT
 <Jun25-2026> <11:42:29>  Block Length=  64
 <Jun25-2026> <11:42:29>  >>>> PTBAS
 <Jun25-2026> <11:42:29>  >>>> CYCLE
 <Jun25-2026> <11:42:29>              |Error|         MaxErr       Wt(A-DIIS)
 <Jun25-2026> <11:42:29>      1      0.00000000      0.00000000
 <Jun25-2026> <11:42:29>      2      0.03153787      0.03011049
 <Jun25-2026> <11:42:29>      3      0.00861799      0.00834303    100.0
 <Jun25-2026> <11:42:29>      4      0.00173235      0.00171862      0.7
 <Jun25-2026> <11:42:29>      5      0.00004367      0.00003977      0.0
 <Jun25-2026> <11:42:29>      6      0.00000238      0.00000216      0.0
 <Jun25-2026> <11:42:29>      7      0.00000001      0.00000001      0.0
 <Jun25-2026> <11:42:29>  SCF converged
 <Jun25-2026> <11:42:29>      8      0.00000000      0.00000000      0.0
 <Jun25-2026> <11:42:29>  >>>> POPAN
 <Jun25-2026> <11:42:29>  >>>> DEBYE
 <Jun25-2026> <11:42:29>  NORMAL TERMINATION
 <Jun25-2026> <11:42:29>  END

 *******************************************************************************
 *                                                                             *
 *  -------------------------------------                                      *
 *   Amsterdam Density Functional  (ADF)         2019                          *
 *  -------------------------------------                                      *
 *                                               r74351 2019-04-25             *
 *                                                                             *
 *                                                                             *
 *                            =====================                            *
 *                            |                   |                            *
 *                            |     D I R A C     |                            *
 *                            |                   |                            *
 *                            =====================                            *
 *                                                                             *
 *                                                                             *
 *   Online information and documentation:  https://www.scm.com/support/       *
 *   E-mail:  support@scm.com   info@scm.com                                   *
 *                                                                             *
 *   Scientific publications using ADF results must be properly referenced     *
 *   See the User Manuals (or the web site) for recommended citations          *
 *   The terms and conditions of the End User License Agreement apply to       *
 *   the use of ADF, https://www.scm.com/license-terms/                        *
 *                                                                             *
 **********************  x86_64_linux_intel / intelmpi  ************************
 

  
 DIRAC 2019  RunTime: Jun25-2026 11:42:29  Nodes: 1  Procs: 1

 Temporary files are created in /scratch/kid_0.1755577843

1
 ARSENIC ATOM 3p CORE RELATIVISTIC, Point Nuc, A and c from l
 N J RN H ZN XION ANUC CLIGHT
 5000   12100.00000000197.36710137 33.00000000  0.00000000   74.921596  0.1370360E+03
  PH   PHI     EPS        DEL        DELRVR
  0.30  0.30     2500.00  0.00001000  0.00001000
 IDIRC  NC1  NDEBU NPRIN  IPUN IRCOR IWCOR
   1   300     0     0     0     0     7
   XALPHA      XLATTER      RNUC
  0.70000000  0.00000000  0.00000000 Point Charge
   XN   XL   XJ      XE          XZ      XDELL
  1.0  0.0  0.5   -1500.000       2.000     0.00000
  2.0  0.0  0.5    -350.000       2.000     0.00000
  2.0  1.0  0.5    -350.000       2.000     0.00000
  2.0  1.0  1.5    -350.000       4.000     0.00000
  3.0  0.0  0.5     -75.000       2.000     0.00000
  3.0  1.0  0.5     -75.000       2.000     0.00000
  3.0  1.0  1.5     -75.000       4.000     0.00000
  3.0  2.0  1.5     -50.000       4.000     0.00000
  3.0  2.0  2.5     -50.000       6.000     0.00000
  4.0  0.0  0.5      -0.500       2.000     0.00000
  4.0  1.0  0.5      -0.800       2.000     0.00000
  4.0  1.0  1.5      -0.800       1.000     0.00000
 ICORP=  0  NPCL=  0  DEMP=0.00  PEPS=0.000000
 R(1)=  0.1000000E-08 D=  0.1005080E+01 RNUC=  0.0000000E+00
 converged at cycle   41  DENSITY AVERAGING    0.2400
  MAXIMUM ERROR IN R.V(R) IS   0.65316951E-05
 Q,EY,EV,EZ,ESUM,ETOT,RHO  0.330000E+02 -0.108798E+03 -0.362780E+04 -0.545764E+04 -0.131669E+04 -0.225881E+04  0.869284E-12


 DIRAC CALCULATION
1                    ARSENIC ATOM 3p CORE RELATIVISTIC, Point Nuc, A and c from libtc


 EXCHANGE COEFFICIENT=  0.7000000           TAIL CORRECTION=  0.           NUCLEAR RADIUS=  0.000E+00
0                       ORBITAL    N    L    J     ELECTRONS     EIGENVALUE                DELTA OF EIGENV.

                          1S1/2  1.0  0.0  0.5     2.000       -0.4301882E+03                 0.4178920E-04
                          2S1/2  2.0  0.0  0.5     2.000       -0.5458544E+02                 0.2725580E-04
                          2P1/2  2.0  1.0  0.5     2.000       -0.4883579E+02                 0.3010595E-04
                          2P3/2  2.0  1.0  1.5     4.000       -0.4749133E+02                 0.2977383E-04
                          3S1/2  3.0  0.0  0.5     2.000       -0.6945843E+01                 0.1243735E-04
                          3P1/2  3.0  1.0  0.5     2.000       -0.5009288E+01                 0.1249183E-04
                          3P3/2  3.0  1.0  1.5     4.000       -0.4823611E+01                 0.1229132E-04
                          3D3/2  3.0  2.0  1.5     4.000       -0.1494862E+01                 0.1163404E-04
                          3D5/2  3.0  2.0  2.5     6.000       -0.1467846E+01                 0.1155861E-04
                          4S1/2  4.0  0.0  0.5     2.000       -0.5068946E+00                 0.3802706E-05
                          4P1/2  4.0  1.0  0.5     2.000       -0.1717044E+00                 0.2792612E-05
                          4P3/2  4.0  1.0  1.5     1.000       -0.1615248E+00                 0.2711173E-05


                                        NUCLEAR CHARGE=   33.000000
                            INTEGRAL OF CHARGE DENSITY=   33.000000
                           SUM OF THE ORBITAL ENERGIES=  -1316.6942
                                          TOTAL ENERGY=  -2258.8114
                                        KINETIC ENERGY=   2311.1055
                             NUCLEAR ATTRACTION ENERGY=  -5457.6351
                             ELECTRON REPULSION ENERGY=    969.3167
                                       EXCHANGE ENERGY=    -81.5985

 *******************************************************************************

                             D I R A C   E X I T
 NORMAL TERMINATION



 =================
 Timing Statistics
 =================
  
 Total Used :                     CPU=        0.37      System=        0.00     Elapsed=        0.40

 Calls  Section                     ( Mean, Percentage )
 ---------------------------------------------------------------------------------------------------
     2  ><      ................      0.00    0.00             0.00    0.00             0.00    0.00
     1  EXIT PROCEDURE .........      0.37  100.00             0.00  100.00             0.40  100.00


 Currently Open Files (EXIT00)
 ====================

 Unit    Access Format  Status   Type       Ident (file)
 -------------------------------------------------------
   3      SEQ    FORM   TRANSP  NORMAL      LOGFILE
                                          ( logfile )
 
Create As   file=TZP-As.3p
XC
  GGA PBE
End
relativistic ZORA
Corepotentials t12.rel
End

 *******************************************************************************
 *                                                                             *
 *  -------------------------------------                                      *
 *   Amsterdam Density Functional  (ADF)         2019                          *
 *  -------------------------------------                                      *
 *                                               r74351 2019-04-25             *
 *                                                                             *
 *                                                                             *
 *                              =================                              *
 *                              |               |                              *
 *                              |     A D F     |                              *
 *                              |               |                              *
 *                              =================                              *
 *                                                                             *
 *                                                                             *
 *   Online information and documentation:  https://www.scm.com/support/       *
 *   E-mail:  support@scm.com   info@scm.com                                   *
 *                                                                             *
 *   Scientific publications using ADF results must be properly referenced     *
 *   See the User Manuals (or the web site) for recommended citations          *
 *   The terms and conditions of the End User License Agreement apply to       *
 *   the use of ADF, https://www.scm.com/license-terms/                        *
 *                                                                             *
 **********************  x86_64_linux_intel / intelmpi  ************************
 

  
 ADF 2019  RunTime: Jun25-2026 11:42:30  Nodes: 1  Procs: 1

 Temporary files are created in /scratch/kid_0.817473168

 Arsenic (TZP, 3p frozen)



 ===========================
 A T T A C H E D   F I L E S
 ===========================
  
 CREATE - Data File:    TZP-As.3p
                        Arsenic (TZP, 3p frozen)
 Core Potentials:
         file : t12.rel



 ===============================
 M O D E L   P A R A M E T E R S
 ===============================
  
 DENSITY FUNCTIONAL POTENTIAL (scf)
    LDA:                               PW92                                    == Not Default ==
    Gradient Corrections:              PBEc PBEx                               == Not Default ==

 SPIN  (restricted / unrestr.)
    Molecule:                          Restricted                               

 OTHER ASPECTS
    Relativistic Corrections:          scalar (ZORA,MAPA)                      == Not Default ==

    Nuclear Charge Density Model:      Point Charge Nuclei                      
    Core Treatment:                    Frozen Orbital(s)                        

    Hyperfine or Zeeman Interaction:   ---                                      



 =====================================
 S Y M M E T R Y ,   E L E C T R O N S
 =====================================
  
 Symmetry: ATOM

 Irreducible Representations, including subspecies
 -------------------------------------------------
 S
 P:x  P:y  P:z
 D:z2  D:x2-y2  D:xy  D:xz  D:yz
 F:z3  F:z  F:xyz  F:z2x  F:z2y  F:x  F:y


 Configuration of Valence Electrons
 ==================================

          Occupation Numbers
          -------------------------------------------------
 S        2
 P        3
 D        10
 F        0
          -------------------------------------------------

 Total:   15

 Net Charge: 0 (Nuclei minus Electrons)

 Preset values for MO occupations will be applied through SCF cycle no. 1000000
 Thereafter, the program will assign electrons to MOs that are spatially
 similar to the occupied MOs in a "reference" cycle ("KeepOrbitals").
 The reference cycle is always the PREVIOUS cycle: it will evolve with
 the SCF procedure.



 ================================
 (Slater-type)  F U N C T I O N S  ***  (Basis and Fit)  ***
 ================================
  

 Atom Type    1  (As)
 ==============

 Valence Basis Sets:  15
 -----------------------
   1 S   23.550000
   2 S   12.700000
   3 S    6.550000
   2 P   15.150000
   3 P    6.150000
   3 D    2.850000
   3 D    5.250000
   3 D    9.800000
   4 S    1.500000
   4 S    2.300000
   4 S    3.300000
   4 P    1.000000
   4 P    1.700000
   4 P    2.850000
   4 D    1.600000

 Frozen Core Shells
 ------------------
    S:  3
    P:  2


 BAS: List of all Elementary Cartesian Basis Functions
 =====================================================

 The numbering in the list below (to the right of the function characteristics) is referred
 to in print-outs of MO eigenvectors and Mulliken populations in the BAS representation
 (as contrasted to the SFO representation).

 Notes:
 1. The functions are characterized by a polynomial prefactor (powers of x,y,z and r) and
    an exponential decay factor alpha.
 2. Since the basis sets are specific for an atom TYPE, the individual functions occur on
    all atoms of that type.
 3. The word 'Core' in the left margin signals that it is a Core Function (CF) : not a
    degree of freedom in the valence set, but only used to ensure orthogonalization of
    the other valence basis functions on the frozen Core Orbitals.


 (power of) X  Y  Z  R     Alpha  on Atom
            ==========     =====     ==========

 As                                   1
                                  ---------------------------------------------------------------------------
    Core    0  0  0  0    23.550      1
    Core    0  0  0  1    12.700      2
    Core    0  0  0  2     6.550      3
    Core    1  0  0  0    15.150      4
    Core    0  1  0  0    15.150      5
    Core    0  0  1  0    15.150      6
    Core    1  0  0  1     6.150      7
    Core    0  1  0  1     6.150      8
    Core    0  0  1  1     6.150      9
            2  0  0  0     2.850     10
            1  1  0  0     2.850     11
            1  0  1  0     2.850     12
            0  2  0  0     2.850     13
            0  1  1  0     2.850     14
            0  0  2  0     2.850     15
            2  0  0  0     5.250     16
            1  1  0  0     5.250     17
            1  0  1  0     5.250     18
            0  2  0  0     5.250     19
            0  1  1  0     5.250     20
            0  0  2  0     5.250     21
            2  0  0  0     9.800     22
            1  1  0  0     9.800     23
            1  0  1  0     9.800     24
            0  2  0  0     9.800     25
            0  1  1  0     9.800     26
            0  0  2  0     9.800     27
            0  0  0  3     1.500     28
            0  0  0  3     2.300     29
            0  0  0  3     3.300     30
            1  0  0  2     1.000     31
            0  1  0  2     1.000     32
            0  0  1  2     1.000     33
            1  0  0  2     1.700     34
            0  1  0  2     1.700     35
            0  0  1  2     1.700     36
            1  0  0  2     2.850     37
            0  1  0  2     2.850     38
            0  0  1  2     2.850     39
            2  0  0  1     1.600     40
            1  1  0  1     1.600     41
            1  0  1  1     1.600     42
            0  2  0  1     1.600     43
            0  1  1  1     1.600     44
            0  0  2  1     1.600     45

 Total number of charge fitting functions (nprimf)       167
 Total number of Cartesian basis functions (naos)         45
 Total number of Cartesian core functions  (ncos)          9



 BAS: List of all Elementary Cartesian Basis Functions
 =====================================================

 The numbering in the list below (to the right of the function characteristics) is referred
 to in print-outs of MO eigenvectors and Mulliken populations in the BAS representation
 (as contrasted to the SFO representation).

 Notes:
 1. The functions are characterized by a polynomial prefactor (powers of x,y,z and r) and
    an exponential decay factor alpha.
 2. Since the basis sets are specific for an atom TYPE, the individual functions occur on
    all atoms of that type.
 3. The word 'Core' in the left margin signals that it is a Core Function (CF) : not a
    degree of freedom in the valence set, but only used to ensure orthogonalization of
    the other valence basis functions on the frozen Core Orbitals.


 (power of) X  Y  Z  R     Alpha  on Atom
            ==========     =====     ==========

 As                                   1
                                  ---------------------------------------------------------------------------
    Core    0  0  0  0    23.550      1
    Core    0  0  0  1    12.700      2
    Core    0  0  0  2     6.550      3
    Core    1  0  0  0    15.150      4
    Core    0  1  0  0    15.150      5
    Core    0  0  1  0    15.150      6
    Core    1  0  0  1     6.150      7
    Core    0  1  0  1     6.150      8
    Core    0  0  1  1     6.150      9
            2  0  0  0     2.850     10
            1  1  0  0     2.850     11
            1  0  1  0     2.850     12
            0  2  0  0     2.850     13
            0  1  1  0     2.850     14
            0  0  2  0     2.850     15
            2  0  0  0     5.250     16
            1  1  0  0     5.250     17
            1  0  1  0     5.250     18
            0  2  0  0     5.250     19
            0  1  1  0     5.250     20
            0  0  2  0     5.250     21
            2  0  0  0     9.800     22
            1  1  0  0     9.800     23
            1  0  1  0     9.800     24
            0  2  0  0     9.800     25
            0  1  1  0     9.800     26
            0  0  2  0     9.800     27
            0  0  0  3     1.500     28
            0  0  0  3     2.300     29
            0  0  0  3     3.300     30
            1  0  0  2     1.000     31
            0  1  0  2     1.000     32
            0  0  1  2     1.000     33
            1  0  0  2     1.700     34
            0  1  0  2     1.700     35
            0  0  1  2     1.700     36
            1  0  0  2     2.850     37
            0  1  0  2     2.850     38
            0  0  1  2     2.850     39
            2  0  0  1     1.600     40
            1  1  0  1     1.600     41
            1  0  1  1     1.600     42
            0  2  0  1     1.600     43
            0  1  1  1     1.600     44
            0  0  2  1     1.600     45
1
 ***************************************************************************************************



                                              ***********************
                                              *  T E C H N I C A L  *
                                              ***********************
  



 =============================================================
 P A R A L L E L I Z A T I O N  and  V E C T O R I Z A T I O N
 =============================================================
  
 Nr of parallel processes:                                1
 Maximum vector length in NumInt loops:                 128



 =====================
 S C F   U P D A T E S
 =====================
  
 Max. nr. of cycles:                               300
 Convergence criterion:                              0.0000000100
   secondary criterion:                              0.0000000100

 Mix parameter (when DIIS does not apply):           0.2000000000
 Special mix parameter for the first cycle:          1.0000000000
 Mixed ADIIS+SDIIS will be used                  
    Max number of expansion vectors:                10
    Pure ADIIS when Max([F,P]) is above              0.1000000000
    Pure SDIIS when Max([F,P]) is below              0.0010000000
 Automatic ElectronSmearing (in case of problematic SCF convergence) disabled



 =================
 P R E C I S I O N  ***  (General: NumInt, NeglectFunctionTails, ...)  ***
 =================
  

 NumInt:           Target precision:                12.0000000000
 -------           Initial precision:               10.0000000000
                   Min. precision (optimization):   10.0000000000

 Neglect Functions:          Basis functions:        0.1000000000E-13
 ------------------          Fit functions:          0.1000000000E-13



 ===========================
 L I N E A R   S C A L I N G
 ===========================
  

 Cut-off radii density fit:                        0.1000000000E-97
 Overlap cut-off criterion AO matrix elements:     0.1000000000E-97
 Cut-offs for Coulomb potential and fitted density:0.1000000000E-97
 Cut-off criterion for Coulomb multipole terms:    0.1000000000E-97
 Progressive Convergence parameter:                 0.000000000    
1
 ***************************************************************************************************



                                            ***************************
                                            *  C O M P U T A T I O N  *
                                            ***************************
  

 Number of elements of the density matrix on this node (used, total):      1035      1035



 ===========================================
 Numerical Integration : Fuzzy Cells (Becke)
 ===========================================
  
 Becke grid quality: VERYGOOD       
  
 Lebedev angular grid order:             min:  13 max:  41
 Nr. of radial points:                   min:  93 max:  93

 Total nr. of points:         93
 Nr. of blocks:                1
 Block length:                93
 Nr. of dummy points:          0


 Test of Precision of the Numerical Integration Grid
 ===================================================

 Integral of the Total Core Density:                  18.00000012814097
 Relative Error:                                       7.119E-09



 ========================
 Density Fitting (zlmFit)
 ========================
  
 ZlmFit Fit Quality: VERYGOOD       
  
 Max L-expansion:                        min:   0 max:   0
 Nr. of radial interpolation points:     min: 220 max: 220



 =====
 S C F  ***  ScaSCF  ***
 =====
  

 CYCLE    1
 SCF Error: norm([F,P])=      0.000000000000, max([F,P])=      0.000000000000
 orbitals (Q,E):
 ---------------
 S :1...3            ( 2.00   -10.9066)  ( 0.00    -5.8456)  ( 0.00    -3.5132)
 P :1...3            ( 3.00    -9.5557)  ( 0.00    -4.8098)  ( 0.00    -2.6649)
 D :1...4            (10.00   -18.7917)  ( 0.00    -8.9303)  ( 0.00    -4.6064)  ( 0.00    -0.6267)

 CYCLE    2
  SDIIS (wt  0.000):  1.0000 -0.0000
 A-DIIS (wt  1.000):  0.1740  0.8260
  DIIS coefficients:  0.1740  0.8260
 SCF Error: norm([F,P])=     19.199592758926, max([F,P])=      5.598053547829
 orbitals (Q,E):
 ---------------
 S :1...2            ( 2.00    -1.2636)  ( 0.00    -0.4287)
 P :1...2            ( 3.00    -0.8821)  ( 0.00    -0.3651)
 D :1...2            (10.00    -1.4435)  ( 0.00    -0.3676)

 CYCLE    3
  SDIIS (wt  0.000):  0.2866  0.7134
 A-DIIS (wt  1.000):  0.1246  0.8754
  DIIS coefficients:  0.1246  0.8754
 SCF Error: norm([F,P])=      8.674651484537, max([F,P])=      2.962334885290
 orbitals (Q,E):
 ---------------
 S :1...2            ( 2.00    -0.6044)  ( 0.00     0.1421)
 P :1...2            ( 3.00    -0.2128)  ( 0.00    -0.0262)
 D :1...2            (10.00    -2.6624)  ( 0.00     0.2539)

 CYCLE    4
  SDIIS (wt  0.000): -0.1308  0.2902  0.8407
 A-DIIS (wt  1.000):  0.0000  0.2682  0.7318
  DIIS coefficients:  0.0000  0.2682  0.7318
 SCF Error: norm([F,P])=      5.589970191324, max([F,P])=      1.814482428551
 orbitals (Q,E):
 ---------------
 S :1...2            ( 2.00    -0.4510)  ( 0.00     0.1720)
 P :1...2            ( 3.00    -0.1415)  ( 0.00     0.0773)
 D :1...2            (10.00    -1.1679)  ( 0.00     0.2734)

 CYCLE    5
  SDIIS (wt  0.000): -0.0276 -0.0386  0.2689  0.7972
 A-DIIS (wt  1.000):  0.0000  0.0000  0.0103  0.9897
  DIIS coefficients:  0.0000  0.0000  0.0103  0.9897
 SCF Error: norm([F,P])=      1.706542539946, max([F,P])=      0.528926835340
 orbitals (Q,E):
 ---------------
 S :1...2            ( 2.00    -0.6736)  ( 0.00     0.0800)
 P :1...2            ( 3.00    -0.2957)  ( 0.00     0.0613)
 D :1...2            (10.00    -1.9740)  ( 0.00     0.1542)

 CYCLE    6
  SDIIS (wt  0.000):  0.0045 -0.0317 -0.0736  0.5550  0.5458
 A-DIIS (wt  1.000):  0.0000  0.0000  0.0000  0.5346  0.4654
  DIIS coefficients:  0.0000  0.0000  0.0000  0.5346  0.4654
 SCF Error: norm([F,P])=      1.850230601511, max([F,P])=      0.571096941777
 orbitals (Q,E):
 ---------------
 S :1...2            ( 2.00    -0.5452)  ( 0.00     0.1335)
 P :1...2            ( 3.00    -0.2024)  ( 0.00     0.0943)
 D :1...2            (10.00    -1.5222)  ( 0.00     0.2202)

 CYCLE    7
  SDIIS (wt  0.805): -0.0006 -0.0035  0.0185  0.0266 -0.0785  1.0374
 A-DIIS (wt  0.195):  0.0000  0.0000  0.0000  0.0000  0.0000  1.0000
  DIIS coefficients: -0.0005 -0.0028  0.0149  0.0214 -0.0632  1.0302
 SCF Error: norm([F,P])=      0.068334999667, max([F,P])=      0.020259629685
 orbitals (Q,E):
 ---------------
 S :1...2            ( 2.00    -0.5302)  ( 0.00     0.1425)
 P :1...2            ( 3.00    -0.1907)  ( 0.00     0.1003)
 D :1...2            (10.00    -1.4921)  ( 0.00     0.2298)

 CYCLE    8
  SDIIS (wt  0.958): -0.0001 -0.0004  0.0010 -0.0000  0.0019  0.0685  0.9292
 A-DIIS (wt  0.042):  0.0000  0.0000  0.0000  0.0000  0.0000  0.0000  1.0000
  DIIS coefficients: -0.0001 -0.0004  0.0009 -0.0000  0.0019  0.0656  0.9322
 SCF Error: norm([F,P])=      0.017145088197, max([F,P])=      0.005175763861
 orbitals (Q,E):
 ---------------
 S :1...2            ( 2.00    -0.5312)  ( 0.00     0.1421)
 P :1...2            ( 3.00    -0.1914)  ( 0.00     0.0999)
 D :1...2            (10.00    -1.4963)  ( 0.00     0.2294)

 CYCLE    9
  SDIIS (wt  1.000): -0.0000 -0.0000  0.0001  0.0004 -0.0004  0.0044  0.0310  0.9645
  DIIS coefficients: -0.0000 -0.0000  0.0001  0.0004 -0.0004  0.0044  0.0310  0.9645
 SCF Error: norm([F,P])=      0.000953701374, max([F,P])=      0.000286129434
 orbitals (Q,E):
 ---------------
 S :1...2            ( 2.00    -0.5311)  ( 0.00     0.1422)
 P :1...2            ( 3.00    -0.1913)  ( 0.00     0.0998)
 D :1...2            (10.00    -1.4961)  ( 0.00     0.2294)

 CYCLE   10
  SDIIS (wt  1.000):  0.0000 -0.0000 -0.0000  0.0000 -0.0004 -0.0028 -0.0791  1.0823
  DIIS coefficients:  0.0000 -0.0000 -0.0000  0.0000 -0.0004 -0.0028 -0.0791  1.0823
 SCF Error: norm([F,P])=      0.000008950577, max([F,P])=      0.000002946709
 orbitals (Q,E):
 ---------------
 S :1...2            ( 2.00    -0.5311)  ( 0.00     0.1422)
 P :1...2            ( 3.00    -0.1913)  ( 0.00     0.0998)
 D :1...2            (10.00    -1.4961)  ( 0.00     0.2294)

 CYCLE   11
  SDIIS (wt  1.000):  0.0000 -0.0000 -0.0002  0.0225  0.9777
  DIIS coefficients:  0.0000 -0.0000 -0.0002  0.0225  0.9777
 SCF Error: norm([F,P])=      0.000000209867, max([F,P])=      0.000000103319
 orbitals (Q,E):
 ---------------
 S :1...2            ( 2.00    -0.5311)  ( 0.00     0.1422)
 P :1...2            ( 3.00    -0.1913)  ( 0.00     0.0998)
 D :1...2            (10.00    -1.4961)  ( 0.00     0.2294)

 CYCLE   12
  SDIIS (wt  1.000):  0.0000  0.0000  0.0001  0.0101  0.9898
  DIIS coefficients:  0.0000  0.0000  0.0001  0.0101  0.9898
 SCF Error: norm([F,P])=      0.000000001785, max([F,P])=      0.000000000917
 orbitals (Q,E):
 ---------------
 S :1...2            ( 2.00    -0.5311)  ( 0.00     0.1422)
 P :1...2            ( 3.00    -0.1913)  ( 0.00     0.0998)
 D :1...2            (10.00    -1.4961)  ( 0.00     0.2294)

 SCF CONVERGED

 CYCLE   13
1
 ***************************************************************************************************



                                                *******************
                                                *  R E S U L T S  *
                                                *******************
  
 *** Using FIT density in Focky
  SDIIS (wt  1.000):  0.0000  0.0000 -0.0226  1.0226
  DIIS coefficients:  0.0000  0.0000 -0.0226  1.0226
 SCF Error: norm([F,P])=      0.000000000051, max([F,P])=      0.000000000021

 Scaled ZORA Orbital Energies, per Irrep and Spin:
 =================================================
                        Occup              E (au)              E (eV)       Diff (eV) with prev. cycle
                        -----      --------------------        ------       --------------------------
 S
               1        2.000     -0.53114466722003E+00       -14.453               6.62E-10
               2        0.000      0.14215438596604E+00         3.868
               3        0.000      0.17216142752443E+01        46.848
 P
               1        3.000     -0.19132943979086E+00        -5.206               5.49E-10
               2        0.000      0.99809755452340E-01         2.716
               3        0.000      0.10339434996014E+01        28.135
 D
               1       10.000     -0.14961022381771E+01       -40.711               9.21E-10
               2        0.000      0.22939657187106E+00         6.242
               3        0.000      0.20969152317437E+01        57.060
               4        0.000      0.15338867230161E+02       417.392


 Partially Occupied:
               1 P                -0.19132943979086E+00
  
 HOMO :        1 S                -0.53114466722003E+00
 LUMO :        2 P                 0.99809755452340E-01
  


 Orbital Energies, all Irreps
 ========================================

 Irrep        no.  (spin)   Occup              E (au)                E (eV)
 ---------------------------------------------------------------------------
 D             1            10.00       -0.14961022381771E+01       -40.7110
 S             1             2.00       -0.53114466722003E+00       -14.4532
 P             1             3.00       -0.19132943979086E+00        -5.2063
 P             2             0.00        0.99809755452340E-01         2.7160
 S             2             0.00        0.14215438596604E+00         3.8682
 D             2             0.00        0.22939657187106E+00         6.2422
 P             3             0.00        0.10339434996014E+01        28.1350
 S             3             0.00        0.17216142752443E+01        46.8475
 D             3             0.00        0.20969152317437E+01        57.0600
 D             4             0.00        0.15338867230161E+02       417.3918


 Scaled ZORA Orbital Energies of the Core Orbitals:
 ==================================================

 (Note that the atoms are grouped by atomtype, see the labels, and may hence NOT be in input order)

 AtomType  Orbital  Atom                   E (au)                        E (eV)
 --------  -------  ----           --------------------        ----------------
 As          1S        1          -0.43028437600576E+03              -11708.634
             2S        1          -0.54574102667993E+02               -1485.037
             3S        1          -0.69765525152922E+01                -189.842
             2P        1          -0.47878984002603E+02               -1302.853
             3P        1          -0.49149829778856E+01                -133.743



 =======================================
 M U L L I K E N   P O P U L A T I O N S
 =======================================
  
 The survey below gives for each atom:
 a) the total charge (Z minus electrons)
 b) the net spin polarization (nr of electrons spin-A minus spin-B)
 c) for each spin the atomic electron valence density (integrated) per L-value.

 Atom              Charge    Spin density          S         P         D         F
 ----              ------    ------------       ------    ------    ------    ------
 1 As              0.0000                       2.0000    3.0000   10.0000    0.0000

 Populations of individual BAS functions
 ----------------------------------------
 1 As          -0.0021 -0.0018  0.0364  0.0011  0.0011  0.0011  0.0117  0.0117  0.0117  0.2817
                0.4225  0.4225  0.2817  0.4225  0.2817  0.7664  1.1496  1.1496  0.7664  1.1496
                0.7664  0.2854  0.4280  0.4280  0.2854  0.4280  0.2854  0.3561  1.0521  0.5593
                0.1502  0.1502  0.1502  0.5888  0.5888  0.5888  0.2482  0.2482  0.2482 -0.0001
               -0.0001 -0.0001 -0.0001 -0.0001 -0.0001

 Gross Charges per Atom (Z minus electrons)
 ==========================================
             0.0000
 Net Total:  0.00000000



 =======================================================================
 Electrostatic potential at the Nuclei due to electrons and other nuclei
 =======================================================================
  
         Atom                  Potential
         ----                  ---------
     1)   As                165.27994216
 
 
 ========================
 No memory problems found
 ========================
 
 Maximum number of active allocate calls:         389
 
 *******************************************************************************

                             A D F   E X I T
 NORMAL TERMINATION



 =================
 Timing Statistics
 =================
  
 Total Used :                     CPU=        0.70      System=        0.03     Elapsed=        0.83

 Calls  Section                     ( Mean, Percentage )
 ---------------------------------------------------------------------------------------------------
     3  ><      ................      0.00    0.00             0.00   14.29             0.00    0.86
     1  INIT    ................      0.06    9.14             0.01   28.57             0.09   10.76
     1  GEOMET  ................      0.02    2.29             0.00   14.29             0.03    3.73
     1  INPUTA  ................      0.00    0.57             0.00    0.00             0.00    0.49
     1  MAINSY  ................      0.02    2.29             0.00    0.00             0.02    2.78
     1  SYMFIT  ................      0.00    0.00             0.00    0.00             0.00    0.20
     1  CORORT  ................      0.00    0.00             0.00    0.00             0.00    0.35
     1  SYMORB  ................      0.00    0.57             0.00    0.00             0.00    0.11
     1  CLSMAT  ................      0.00    0.57             0.00    0.00             0.01    0.84
     1  ORTHON  ................      0.00    0.57             0.00    0.00             0.01    0.84
     1  GENPT   ................      0.02    2.86             0.00    0.00             0.02    2.91
     1  PTBAS   ................      0.00    0.00             0.00   14.29             0.01    0.81
    13  FOCKY   ................      0.04   68.57             0.00   14.29             0.04   60.36
    13  FOCKTR  ................      0.00    1.71             0.00    0.00             0.00    0.97
    13  SDIIS   ................      0.00    3.43             0.00   14.29             0.00    6.60
     1  COREPS  ................      0.03    4.57             0.00    0.00             0.03    4.15
     1  POPAN   ................      0.00    0.57             0.00    0.00             0.01    0.77
     1  DEBYE   ................      0.00    0.57             0.00    0.00             0.00    0.39
     1  EXIT PROCEDURE .........      0.01    1.71             0.00    0.00             0.02    2.07


 Currently Open Files (EXIT00)
 ====================

 Unit    Access Format  Status   Type       Ident (file)
 -------------------------------------------------------
   3      SEQ    FORM   TRANSP  NORMAL      LOGFILE
                                          ( logfile )

 ***************************************************************************************************
 (LOGFILE)
 <Jun25-2026> <11:42:28>  DIRAC 2019  RunTime: Jun25-2026 11:42:28  Nodes: 1  Procs: 1
 <Jun25-2026> <11:42:29>  NORMAL TERMINATION
 <Jun25-2026> <11:42:29>  END
 <Jun25-2026> <11:42:29>  ADF 2019  RunTime: Jun25-2026 11:42:29  Nodes: 1  Procs: 1
 <Jun25-2026> <11:42:29>  Hydrogen (TZP)
 <Jun25-2026> <11:42:29>  RunType   : CREATE
 <Jun25-2026> <11:42:29>  Net Charge: 0 (Nuclei minus Electrons)
 <Jun25-2026> <11:42:29>  Symmetry  : ATOM
  Coordinates
    Atom         X           Y           Z   (Angstrom)
    1.H         0.000000    0.000000    0.000000
 <Jun25-2026> <11:42:29>  >>>> CORORT
 <Jun25-2026> <11:42:29>  >>>> CLSMAT
 <Jun25-2026> <11:42:29>  >>>> ORTHON
 <Jun25-2026> <11:42:29>  >>>> GENPT
 <Jun25-2026> <11:42:29>  Block Length=  64
 <Jun25-2026> <11:42:29>  >>>> PTBAS
 <Jun25-2026> <11:42:29>  >>>> CYCLE
 <Jun25-2026> <11:42:29>              |Error|         MaxErr       Wt(A-DIIS)
 <Jun25-2026> <11:42:29>      1      0.00000000      0.00000000
 <Jun25-2026> <11:42:29>      2      0.03153787      0.03011049
 <Jun25-2026> <11:42:29>      3      0.00861799      0.00834303    100.0
 <Jun25-2026> <11:42:29>      4      0.00173235      0.00171862      0.7
 <Jun25-2026> <11:42:29>      5      0.00004367      0.00003977      0.0
 <Jun25-2026> <11:42:29>      6      0.00000238      0.00000216      0.0
 <Jun25-2026> <11:42:29>      7      0.00000001      0.00000001      0.0
 <Jun25-2026> <11:42:29>  SCF converged
 <Jun25-2026> <11:42:29>      8      0.00000000      0.00000000      0.0
 <Jun25-2026> <11:42:29>  >>>> POPAN
 <Jun25-2026> <11:42:29>  >>>> DEBYE
 <Jun25-2026> <11:42:29>  NORMAL TERMINATION
 <Jun25-2026> <11:42:29>  END
 <Jun25-2026> <11:42:29>  DIRAC 2019  RunTime: Jun25-2026 11:42:29  Nodes: 1  Procs: 1
 <Jun25-2026> <11:42:30>  NORMAL TERMINATION
 <Jun25-2026> <11:42:30>  END
 <Jun25-2026> <11:42:30>  ADF 2019  RunTime: Jun25-2026 11:42:30  Nodes: 1  Procs: 1
 <Jun25-2026> <11:42:30>  Arsenic (TZP, 3p frozen)
 <Jun25-2026> <11:42:30>  RunType   : CREATE
 <Jun25-2026> <11:42:30>  Net Charge: 0 (Nuclei minus Electrons)
 <Jun25-2026> <11:42:30>  Symmetry  : ATOM
  Coordinates
    Atom         X           Y           Z   (Angstrom)
    1.As        0.000000    0.000000    0.000000
 <Jun25-2026> <11:42:30>  >>>> CORORT
 <Jun25-2026> <11:42:30>  >>>> CLSMAT
 <Jun25-2026> <11:42:30>  >>>> ORTHON
 <Jun25-2026> <11:42:30>  >>>> GENPT
 <Jun25-2026> <11:42:30>  Block Length=  93
 <Jun25-2026> <11:42:30>  >>>> PTBAS
 <Jun25-2026> <11:42:30>  >>>> CYCLE
 <Jun25-2026> <11:42:30>              |Error|         MaxErr       Wt(A-DIIS)
 <Jun25-2026> <11:42:30>      1      0.00000000      0.00000000
 <Jun25-2026> <11:42:30>      2     19.19959276      5.59805355    100.0
 <Jun25-2026> <11:42:30>      3      8.67465148      2.96233489    100.0
 <Jun25-2026> <11:42:30>      4      5.58997019      1.81448243    100.0
 <Jun25-2026> <11:42:30>      5      1.70654254      0.52892684    100.0
 <Jun25-2026> <11:42:30>      6      1.85023060      0.57109694    100.0
 <Jun25-2026> <11:42:30>      7      0.06833500      0.02025963     19.5
 <Jun25-2026> <11:42:30>      8      0.01714509      0.00517576      4.2
 <Jun25-2026> <11:42:30>      9      0.00095370      0.00028613      0.0
 <Jun25-2026> <11:42:30>     10      0.00000895      0.00000295      0.0
 <Jun25-2026> <11:42:30>     11      0.00000021      0.00000010      0.0
 <Jun25-2026> <11:42:30>     12      0.00000000      0.00000000      0.0
 <Jun25-2026> <11:42:30>  SCF converged
 <Jun25-2026> <11:42:30>     13      0.00000000      0.00000000      0.0
 <Jun25-2026> <11:42:30>  >>>> POPAN
 <Jun25-2026> <11:42:31>  >>>> DEBYE
 <Jun25-2026> <11:42:31>  NORMAL TERMINATION
 <Jun25-2026> <11:42:31>  END

 *******************************************************************************
 *                                                                             *
 *  -------------------------------------                                      *
 *   Amsterdam Density Functional  (ADF)         2019                          *
 *  -------------------------------------                                      *
 *                                               r74351 2019-04-25             *
 *                                                                             *
 *                                                                             *
 *                            =====================                            *
 *                            |                   |                            *
 *                            |     D I R A C     |                            *
 *                            |                   |                            *
 *                            =====================                            *
 *                                                                             *
 *                                                                             *
 *   Online information and documentation:  https://www.scm.com/support/       *
 *   E-mail:  support@scm.com   info@scm.com                                   *
 *                                                                             *
 *   Scientific publications using ADF results must be properly referenced     *
 *   See the User Manuals (or the web site) for recommended citations          *
 *   The terms and conditions of the End User License Agreement apply to       *
 *   the use of ADF, https://www.scm.com/license-terms/                        *
 *                                                                             *
 **********************  x86_64_linux_intel / intelmpi  ************************
 

  
 DIRAC 2019  RunTime: Jun25-2026 11:42:31  Nodes: 1  Procs: 1

 Temporary files are created in /scratch/kid_0.2049936206

1
 OXYGEN ATOM 1s CORE RELATIVISTIC, Point Nuc, A and c from li
 N J RN H ZN XION ANUC CLIGHT
 5000    4100.00000000197.36710137  8.00000000  0.00000000   15.994914  0.1370360E+03
  PH   PHI     EPS        DEL        DELRVR
  0.30  0.30     2500.00  0.00001000  0.00001000
 IDIRC  NC1  NDEBU NPRIN  IPUN IRCOR IWCOR
   1   300     0     0     0     0     1
   XALPHA      XLATTER      RNUC
  0.70000000  0.00000000  0.00000000 Point Charge
   XN   XL   XJ      XE          XZ      XDELL
  1.0  0.0  0.5      -5.000       2.000     0.00000
  2.0  0.0  0.5      -1.000       2.000     0.00000
  2.0  1.0  0.5      -1.000       2.000     0.00000
  2.0  1.0  1.5      -1.000       2.000     0.00000
 ICORP=  0  NPCL=  0  DEMP=0.00  PEPS=0.000000
 R(1)=  0.1000000E-08 D=  0.1005080E+01 RNUC=  0.0000000E+00
 converged at cycle   28  DENSITY AVERAGING    0.2400
  MAXIMUM ERROR IN R.V(R) IS   0.81125670E-05
 Q,EY,EV,EZ,ESUM,ETOT,RHO  0.800000E+01 -0.101247E+02 -0.114961E+03 -0.177573E+03 -0.405053E+02 -0.743427E+02  0.414766E-14


 DIRAC CALCULATION
1                    OXYGEN ATOM 1s CORE RELATIVISTIC, Point Nuc, A and c from libtc


 EXCHANGE COEFFICIENT=  0.7000000           TAIL CORRECTION=  0.           NUCLEAR RADIUS=  0.000E+00
0                       ORBITAL    N    L    J     ELECTRONS     EIGENVALUE                DELTA OF EIGENV.

                          1S1/2  1.0  0.0  0.5     2.000       -0.1880014E+02                 0.7264358E-06
                          2S1/2  2.0  0.0  0.5     2.000       -0.8412236E+00                 0.5932752E-05
                          2P1/2  2.0  1.0  0.5     2.000       -0.3063203E+00                 0.5998471E-05
                          2P3/2  2.0  1.0  1.5     2.000       -0.3049609E+00                 0.5986971E-05


                                        NUCLEAR CHARGE=    8.000000
                            INTEGRAL OF CHARGE DENSITY=    8.000000
                           SUM OF THE ORBITAL ENERGIES=    -40.5053
                                          TOTAL ENERGY=    -74.3427
                                        KINETIC ENERGY=     74.4552
                             NUCLEAR ATTRACTION ENERGY=   -177.5730
                             ELECTRON REPULSION ENERGY=     36.3686
                                       EXCHANGE ENERGY=     -7.5935

 *******************************************************************************

                             D I R A C   E X I T
 NORMAL TERMINATION



 =================
 Timing Statistics
 =================
  
 Total Used :                     CPU=        0.12      System=        0.00     Elapsed=        0.15

 Calls  Section                     ( Mean, Percentage )
 ---------------------------------------------------------------------------------------------------
     2  ><      ................      0.00    0.00             0.00    0.00             0.00    0.00
     1  EXIT PROCEDURE .........      0.12  100.00             0.00  100.00             0.15  100.00


 Currently Open Files (EXIT00)
 ====================

 Unit    Access Format  Status   Type       Ident (file)
 -------------------------------------------------------
   3      SEQ    FORM   TRANSP  NORMAL      LOGFILE
                                          ( logfile )
 
Create O   file=TZP-O.1s
XC
  GGA PBE
End
relativistic ZORA
Corepotentials t12.rel
End

 *******************************************************************************
 *                                                                             *
 *  -------------------------------------                                      *
 *   Amsterdam Density Functional  (ADF)         2019                          *
 *  -------------------------------------                                      *
 *                                               r74351 2019-04-25             *
 *                                                                             *
 *                                                                             *
 *                              =================                              *
 *                              |               |                              *
 *                              |     A D F     |                              *
 *                              |               |                              *
 *                              =================                              *
 *                                                                             *
 *                                                                             *
 *   Online information and documentation:  https://www.scm.com/support/       *
 *   E-mail:  support@scm.com   info@scm.com                                   *
 *                                                                             *
 *   Scientific publications using ADF results must be properly referenced     *
 *   See the User Manuals (or the web site) for recommended citations          *
 *   The terms and conditions of the End User License Agreement apply to       *
 *   the use of ADF, https://www.scm.com/license-terms/                        *
 *                                                                             *
 **********************  x86_64_linux_intel / intelmpi  ************************
 

  
 ADF 2019  RunTime: Jun25-2026 11:42:31  Nodes: 1  Procs: 1

 Temporary files are created in /scratch/kid_0.598086453

 Oxygen (TZP, 1s frozen)



 ===========================
 A T T A C H E D   F I L E S
 ===========================
  
 CREATE - Data File:    TZP-O.1s
                        Oxygen (TZP, 1s frozen)
 Core Potentials:
         file : t12.rel



 ===============================
 M O D E L   P A R A M E T E R S
 ===============================
  
 DENSITY FUNCTIONAL POTENTIAL (scf)
    LDA:                               PW92                                    == Not Default ==
    Gradient Corrections:              PBEc PBEx                               == Not Default ==

 SPIN  (restricted / unrestr.)
    Molecule:                          Restricted                               

 OTHER ASPECTS
    Relativistic Corrections:          scalar (ZORA,MAPA)                      == Not Default ==

    Nuclear Charge Density Model:      Point Charge Nuclei                      
    Core Treatment:                    Frozen Orbital(s)                        

    Hyperfine or Zeeman Interaction:   ---                                      



 =====================================
 S Y M M E T R Y ,   E L E C T R O N S
 =====================================
  
 Symmetry: ATOM

 Irreducible Representations, including subspecies
 -------------------------------------------------
 S
 P:x  P:y  P:z
 D:z2  D:x2-y2  D:xy  D:xz  D:yz
 F:z3  F:z  F:xyz  F:z2x  F:z2y  F:x  F:y


 Configuration of Valence Electrons
 ==================================

          Occupation Numbers
          -------------------------------------------------
 S        2
 P        4
 D        0
 F        0
          -------------------------------------------------

 Total:   6

 Net Charge: 0 (Nuclei minus Electrons)

 Preset values for MO occupations will be applied through SCF cycle no. 1000000
 Thereafter, the program will assign electrons to MOs that are spatially
 similar to the occupied MOs in a "reference" cycle ("KeepOrbitals").
 The reference cycle is always the PREVIOUS cycle: it will evolve with
 the SCF procedure.



 ================================
 (Slater-type)  F U N C T I O N S  ***  (Basis and Fit)  ***
 ================================
  

 Atom Type    1  (O)
 ==============

 Valence Basis Sets:   8
 -----------------------
   1 S    7.360000
   2 S    1.720000
   2 S    2.880000
   2 S    7.580000
   2 P    1.120000
   2 P    2.080000
   2 P    4.080000
   3 D    2.000000

 Frozen Core Shells
 ------------------
    S:  1


 BAS: List of all Elementary Cartesian Basis Functions
 =====================================================

 The numbering in the list below (to the right of the function characteristics) is referred
 to in print-outs of MO eigenvectors and Mulliken populations in the BAS representation
 (as contrasted to the SFO representation).

 Notes:
 1. The functions are characterized by a polynomial prefactor (powers of x,y,z and r) and
    an exponential decay factor alpha.
 2. Since the basis sets are specific for an atom TYPE, the individual functions occur on
    all atoms of that type.
 3. The word 'Core' in the left margin signals that it is a Core Function (CF) : not a
    degree of freedom in the valence set, but only used to ensure orthogonalization of
    the other valence basis functions on the frozen Core Orbitals.


 (power of) X  Y  Z  R     Alpha  on Atom
            ==========     =====     ==========

 O                                    1
                                  ---------------------------------------------------------------------------
    Core    0  0  0  0     7.360      1
            0  0  0  1     1.720      2
            0  0  0  1     2.880      3
            0  0  0  1     7.580      4
            1  0  0  0     1.120      5
            0  1  0  0     1.120      6
            0  0  1  0     1.120      7
            1  0  0  0     2.080      8
            0  1  0  0     2.080      9
            0  0  1  0     2.080     10
            1  0  0  0     4.080     11
            0  1  0  0     4.080     12
            0  0  1  0     4.080     13
            2  0  0  0     2.000     14
            1  1  0  0     2.000     15
            1  0  1  0     2.000     16
            0  2  0  0     2.000     17
            0  1  1  0     2.000     18
            0  0  2  0     2.000     19

 Total number of charge fitting functions (nprimf)        82
 Total number of Cartesian basis functions (naos)         19
 Total number of Cartesian core functions  (ncos)          1



 BAS: List of all Elementary Cartesian Basis Functions
 =====================================================

 The numbering in the list below (to the right of the function characteristics) is referred
 to in print-outs of MO eigenvectors and Mulliken populations in the BAS representation
 (as contrasted to the SFO representation).

 Notes:
 1. The functions are characterized by a polynomial prefactor (powers of x,y,z and r) and
    an exponential decay factor alpha.
 2. Since the basis sets are specific for an atom TYPE, the individual functions occur on
    all atoms of that type.
 3. The word 'Core' in the left margin signals that it is a Core Function (CF) : not a
    degree of freedom in the valence set, but only used to ensure orthogonalization of
    the other valence basis functions on the frozen Core Orbitals.


 (power of) X  Y  Z  R     Alpha  on Atom
            ==========     =====     ==========

 O                                    1
                                  ---------------------------------------------------------------------------
    Core    0  0  0  0     7.360      1
            0  0  0  1     1.720      2
            0  0  0  1     2.880      3
            0  0  0  1     7.580      4
            1  0  0  0     1.120      5
            0  1  0  0     1.120      6
            0  0  1  0     1.120      7
            1  0  0  0     2.080      8
            0  1  0  0     2.080      9
            0  0  1  0     2.080     10
            1  0  0  0     4.080     11
            0  1  0  0     4.080     12
            0  0  1  0     4.080     13
            2  0  0  0     2.000     14
            1  1  0  0     2.000     15
            1  0  1  0     2.000     16
            0  2  0  0     2.000     17
            0  1  1  0     2.000     18
            0  0  2  0     2.000     19
1
 ***************************************************************************************************



                                              ***********************
                                              *  T E C H N I C A L  *
                                              ***********************
  



 =============================================================
 P A R A L L E L I Z A T I O N  and  V E C T O R I Z A T I O N
 =============================================================
  
 Nr of parallel processes:                                1
 Maximum vector length in NumInt loops:                 128



 =====================
 S C F   U P D A T E S
 =====================
  
 Max. nr. of cycles:                               300
 Convergence criterion:                              0.0000000100
   secondary criterion:                              0.0000000100

 Mix parameter (when DIIS does not apply):           0.2000000000
 Special mix parameter for the first cycle:          1.0000000000
 Mixed ADIIS+SDIIS will be used                  
    Max number of expansion vectors:                10
    Pure ADIIS when Max([F,P]) is above              0.1000000000
    Pure SDIIS when Max([F,P]) is below              0.0010000000
 Automatic ElectronSmearing (in case of problematic SCF convergence) disabled



 =================
 P R E C I S I O N  ***  (General: NumInt, NeglectFunctionTails, ...)  ***
 =================
  

 NumInt:           Target precision:                12.0000000000
 -------           Initial precision:               10.0000000000
                   Min. precision (optimization):   10.0000000000

 Neglect Functions:          Basis functions:        0.1000000000E-13
 ------------------          Fit functions:          0.1000000000E-13



 ===========================
 L I N E A R   S C A L I N G
 ===========================
  

 Cut-off radii density fit:                        0.1000000000E-97
 Overlap cut-off criterion AO matrix elements:     0.1000000000E-97
 Cut-offs for Coulomb potential and fitted density:0.1000000000E-97
 Cut-off criterion for Coulomb multipole terms:    0.1000000000E-97
 Progressive Convergence parameter:                 0.000000000    
1
 ***************************************************************************************************



                                            ***************************
                                            *  C O M P U T A T I O N  *
                                            ***************************
  

 Number of elements of the density matrix on this node (used, total):       190       190



 ===========================================
 Numerical Integration : Fuzzy Cells (Becke)
 ===========================================
  
 Becke grid quality: VERYGOOD       
  
 Lebedev angular grid order:             min:  13 max:  41
 Nr. of radial points:                   min:  68 max:  68

 Total nr. of points:         68
 Nr. of blocks:                1
 Block length:                68
 Nr. of dummy points:          0


 Test of Precision of the Numerical Integration Grid
 ===================================================

 Integral of the Total Core Density:                   1.99999999865610
 Relative Error:                                      -6.720E-10



 ========================
 Density Fitting (zlmFit)
 ========================
  
 ZlmFit Fit Quality: VERYGOOD       
  
 Max L-expansion:                        min:   0 max:   0
 Nr. of radial interpolation points:     min: 140 max: 140



 =====
 S C F  ***  ScaSCF  ***
 =====
  

 CYCLE    1
 SCF Error: norm([F,P])=      0.000000000000, max([F,P])=      0.000000000000
 orbitals (Q,E):
 ---------------
 S :1...3            ( 2.00    -5.3654)  ( 0.00    -2.2073)  ( 0.00    23.6692)
 P :1...3            ( 4.00    -5.0045)  ( 0.00    -2.0150)  ( 0.00    -0.3846)
 D :1...1            ( 0.00    -2.0410)

 CYCLE    2
 SCF Error: norm([F,P])=      4.562993374873, max([F,P])=      2.528971113813
 orbitals (Q,E):
 ---------------
 S :1...2            ( 2.00    -0.1548)  ( 0.00     1.6948)
 P :1...2            ( 4.00     0.1773)  ( 0.00     0.9552)
 D :1...1            ( 0.00     1.4649)

 CYCLE    3
  SDIIS (wt  0.000):  0.3378  0.6622
 A-DIIS (wt  1.000):  0.4814  0.5186
  DIIS coefficients:  0.4814  0.5186
 SCF Error: norm([F,P])=      2.723155250500, max([F,P])=      1.798667049295
 orbitals (Q,E):
 ---------------
 S :1...2            ( 2.00    -1.1093)  ( 0.00     0.7549)
 P :1...2            ( 4.00    -0.5518)  ( 0.00     0.2590)
 D :1...1            ( 0.00     0.8910)

 CYCLE    4
  SDIIS (wt  0.000):  0.0919  0.9081
 A-DIIS (wt  1.000):  0.0000  1.0000
  DIIS coefficients:  0.0000  1.0000
 SCF Error: norm([F,P])=      0.289027138405, max([F,P])=      0.130648623511
 orbitals (Q,E):
 ---------------
 S :1...2            ( 2.00    -0.7707)  ( 0.00     0.9912)
 P :1...2            ( 4.00    -0.2284)  ( 0.00     0.4046)
 D :1...1            ( 0.00     1.1288)

 CYCLE    5
  SDIIS (wt  0.000):  0.0260  0.6740  0.3001
 A-DIIS (wt  1.000):  0.0000  0.5764  0.4236
  DIIS coefficients:  0.0000  0.5764  0.4236
 SCF Error: norm([F,P])=      0.416615089426, max([F,P])=      0.232643669786
 orbitals (Q,E):
 ---------------
 S :1...2            ( 2.00    -0.8764)  ( 0.00     0.9107)
 P :1...2            ( 4.00    -0.3280)  ( 0.00     0.3557)
 D :1...1            ( 0.00     1.0703)

 CYCLE    6
  SDIIS (wt  0.942):  0.0005  0.0237 -0.0203  0.9960
 A-DIIS (wt  0.058):  0.0000  0.0000  0.0000  1.0000
  DIIS coefficients:  0.0005  0.0224 -0.0191  0.9962
 SCF Error: norm([F,P])=      0.013723272809, max([F,P])=      0.006719036732
 orbitals (Q,E):
 ---------------
 S :1...2            ( 2.00    -0.8830)  ( 0.00     0.9058)
 P :1...2            ( 4.00    -0.3343)  ( 0.00     0.3521)
 D :1...1            ( 0.00     1.0657)

 CYCLE    7
  SDIIS (wt  1.000): -0.0000  0.0016  0.0023  0.0424  0.9537
  DIIS coefficients: -0.0000  0.0016  0.0023  0.0424  0.9537
 SCF Error: norm([F,P])=      0.001103645928, max([F,P])=      0.000634039171
 orbitals (Q,E):
 ---------------
 S :1...2            ( 2.00    -0.8827)  ( 0.00     0.9060)
 P :1...2            ( 4.00    -0.3340)  ( 0.00     0.3523)
 D :1...1            ( 0.00     1.0659)

 CYCLE    8
  SDIIS (wt  1.000): -0.0000 -0.0001  0.0000 -0.0032  0.0268  0.9765
  DIIS coefficients: -0.0000 -0.0001  0.0000 -0.0032  0.0268  0.9765
 SCF Error: norm([F,P])=      0.000035919805, max([F,P])=      0.000020263970
 orbitals (Q,E):
 ---------------
 S :1...2            ( 2.00    -0.8827)  ( 0.00     0.9060)
 P :1...2            ( 4.00    -0.3340)  ( 0.00     0.3522)
 D :1...1            ( 0.00     1.0659)

 CYCLE    9
  SDIIS (wt  1.000): -0.0000  0.0008  0.0188  0.9804
  DIIS coefficients: -0.0000  0.0008  0.0188  0.9804
 SCF Error: norm([F,P])=      0.000000326384, max([F,P])=      0.000000183924
 orbitals (Q,E):
 ---------------
 S :1...2            ( 2.00    -0.8827)  ( 0.00     0.9060)
 P :1...2            ( 4.00    -0.3340)  ( 0.00     0.3522)
 D :1...1            ( 0.00     1.0659)

 CYCLE   10
  SDIIS (wt  1.000):  0.0000  0.0003  0.9996
  DIIS coefficients:  0.0000  0.0003  0.9996
 SCF Error: norm([F,P])=      0.000000000559, max([F,P])=      0.000000000306
 orbitals (Q,E):
 ---------------
 S :1...2            ( 2.00    -0.8827)  ( 0.00     0.9060)
 P :1...2            ( 4.00    -0.3340)  ( 0.00     0.3522)
 D :1...1            ( 0.00     1.0659)

 SCF CONVERGED

 CYCLE   11
1
 ***************************************************************************************************



                                                *******************
                                                *  R E S U L T S  *
                                                *******************
  
 *** Using FIT density in Focky
  SDIIS (wt  1.000): -0.0000  0.0143  0.9857
  DIIS coefficients: -0.0000  0.0143  0.9857
 SCF Error: norm([F,P])=      0.000000000010, max([F,P])=      0.000000000006

 Scaled ZORA Orbital Energies, per Irrep and Spin:
 =================================================
                        Occup              E (au)              E (eV)       Diff (eV) with prev. cycle
                        -----      --------------------        ------       --------------------------
 S
               1        2.000     -0.88272313143209E+00       -24.020              -9.28E-11
               2        0.000      0.90601345014671E+00        24.654
               3        0.000      0.29578810816937E+02       804.880
 P
               1        4.000     -0.33400585272070E+00        -9.089              -8.94E-11
               2        0.000      0.35224911365993E+00         9.585
               3        0.000      0.38342927625315E+01       104.336
 D
               1        0.000      0.10658965783141E+01        29.005


 Partially Occupied:
               1 P                -0.33400585272070E+00
  
 HOMO :        1 S                -0.88272313143209E+00
 LUMO :        2 P                 0.35224911365993E+00
  


 Orbital Energies, all Irreps
 ========================================

 Irrep        no.  (spin)   Occup              E (au)                E (eV)
 ---------------------------------------------------------------------------
 S             1             2.00       -0.88272313143209E+00       -24.0201
 P             1             4.00       -0.33400585272070E+00        -9.0888
 P             2             0.00        0.35224911365993E+00         9.5852
 S             2             0.00        0.90601345014671E+00        24.6539
 D             1             0.00        0.10658965783141E+01        29.0045
 P             3             0.00        0.38342927625315E+01       104.3364
 S             3             0.00        0.29578810816937E+02       804.8804


 Scaled ZORA Orbital Energies of the Core Orbitals:
 ==================================================

 (Note that the atoms are grouped by atomtype, see the labels, and may hence NOT be in input order)

 AtomType  Orbital  Atom                   E (au)                        E (eV)
 --------  -------  ----           --------------------        ----------------
 O           1S        1          -0.18925919758629E+02                -515.000



 =======================================
 M U L L I K E N   P O P U L A T I O N S
 =======================================
  
 The survey below gives for each atom:
 a) the total charge (Z minus electrons)
 b) the net spin polarization (nr of electrons spin-A minus spin-B)
 c) for each spin the atomic electron valence density (integrated) per L-value.

 Atom              Charge    Spin density          S         P         D         F
 ----              ------    ------------       ------    ------    ------    ------
 1 O              -0.0000                       2.0000    4.0000    0.0000    0.0000

 Populations of individual BAS functions
 ----------------------------------------
 1 O            0.0005  0.9226  1.0966 -0.0196  0.3346  0.3346  0.3346  0.7512  0.7512  0.7512
                0.2476  0.2476  0.2476  0.0000  0.0000  0.0000  0.0000  0.0000  0.0000

 Gross Charges per Atom (Z minus electrons)
 ==========================================
            -0.0000
 Net Total: -0.00000000



 =======================================================================
 Electrostatic potential at the Nuclei due to electrons and other nuclei
 =======================================================================
  
         Atom                  Potential
         ----                  ---------
     1)   O                  22.20265662
 
 
 ========================
 No memory problems found
 ========================
 
 Maximum number of active allocate calls:         389
 
 *******************************************************************************

                             A D F   E X I T
 NORMAL TERMINATION



 =================
 Timing Statistics
 =================
  
 Total Used :                     CPU=        0.46      System=        0.02     Elapsed=        0.57

 Calls  Section                     ( Mean, Percentage )
 ---------------------------------------------------------------------------------------------------
     3  ><      ................      0.00    0.00             0.00   16.67             0.00    1.22
     1  INIT    ................      0.06   14.04             0.01   33.33             0.09   15.40
     1  GEOMET  ................      0.02    4.39             0.00    0.00             0.03    5.34
     1  INPUTA  ................      0.00    0.88             0.00    0.00             0.00    0.67
     1  MAINSY  ................      0.01    1.75             0.00    0.00             0.02    3.35
     1  SYMFIT  ................      0.00    0.88             0.00    0.00             0.00    0.29
     1  CORORT  ................      0.00    0.00             0.00    0.00             0.00    0.46
     1  SYMORB  ................      0.00    0.00             0.00    0.00             0.00    0.16
     1  CLSMAT  ................      0.01    1.75             0.00    0.00             0.01    1.19
     1  ORTHON  ................      0.00    0.00             0.00   16.67             0.01    1.18
     1  GENPT   ................      0.02    3.51             0.00    0.00             0.02    3.18
     1  PTBAS   ................      0.00    0.88             0.00    0.00             0.01    1.13
    11  FOCKY   ................      0.03   61.40             0.00   16.67             0.03   49.23
    11  FOCKTR  ................      0.00    0.88             0.00    0.00             0.00    1.13
    11  SDIIS   ................      0.00    0.88             0.00   16.67             0.00    8.08
     1  COREPS  ................      0.02    4.39             0.00    0.00             0.02    3.52
     1  POPAN   ................      0.00    0.88             0.00    0.00             0.01    1.09
     1  DEBYE   ................      0.00    0.00             0.00    0.00             0.00    0.60
     1  EXIT PROCEDURE .........      0.02    3.51             0.00    0.00             0.02    2.80


 Currently Open Files (EXIT00)
 ====================

 Unit    Access Format  Status   Type       Ident (file)
 -------------------------------------------------------
   3      SEQ    FORM   TRANSP  NORMAL      LOGFILE
                                          ( logfile )

 ***************************************************************************************************
 (LOGFILE)
 <Jun25-2026> <11:42:28>  DIRAC 2019  RunTime: Jun25-2026 11:42:28  Nodes: 1  Procs: 1
 <Jun25-2026> <11:42:29>  NORMAL TERMINATION
 <Jun25-2026> <11:42:29>  END
 <Jun25-2026> <11:42:29>  ADF 2019  RunTime: Jun25-2026 11:42:29  Nodes: 1  Procs: 1
 <Jun25-2026> <11:42:29>  Hydrogen (TZP)
 <Jun25-2026> <11:42:29>  RunType   : CREATE
 <Jun25-2026> <11:42:29>  Net Charge: 0 (Nuclei minus Electrons)
 <Jun25-2026> <11:42:29>  Symmetry  : ATOM
  Coordinates
    Atom         X           Y           Z   (Angstrom)
    1.H         0.000000    0.000000    0.000000
 <Jun25-2026> <11:42:29>  >>>> CORORT
 <Jun25-2026> <11:42:29>  >>>> CLSMAT
 <Jun25-2026> <11:42:29>  >>>> ORTHON
 <Jun25-2026> <11:42:29>  >>>> GENPT
 <Jun25-2026> <11:42:29>  Block Length=  64
 <Jun25-2026> <11:42:29>  >>>> PTBAS
 <Jun25-2026> <11:42:29>  >>>> CYCLE
 <Jun25-2026> <11:42:29>              |Error|         MaxErr       Wt(A-DIIS)
 <Jun25-2026> <11:42:29>      1      0.00000000      0.00000000
 <Jun25-2026> <11:42:29>      2      0.03153787      0.03011049
 <Jun25-2026> <11:42:29>      3      0.00861799      0.00834303    100.0
 <Jun25-2026> <11:42:29>      4      0.00173235      0.00171862      0.7
 <Jun25-2026> <11:42:29>      5      0.00004367      0.00003977      0.0
 <Jun25-2026> <11:42:29>      6      0.00000238      0.00000216      0.0
 <Jun25-2026> <11:42:29>      7      0.00000001      0.00000001      0.0
 <Jun25-2026> <11:42:29>  SCF converged
 <Jun25-2026> <11:42:29>      8      0.00000000      0.00000000      0.0
 <Jun25-2026> <11:42:29>  >>>> POPAN
 <Jun25-2026> <11:42:29>  >>>> DEBYE
 <Jun25-2026> <11:42:29>  NORMAL TERMINATION
 <Jun25-2026> <11:42:29>  END
 <Jun25-2026> <11:42:29>  DIRAC 2019  RunTime: Jun25-2026 11:42:29  Nodes: 1  Procs: 1
 <Jun25-2026> <11:42:30>  NORMAL TERMINATION
 <Jun25-2026> <11:42:30>  END
 <Jun25-2026> <11:42:30>  ADF 2019  RunTime: Jun25-2026 11:42:30  Nodes: 1  Procs: 1
 <Jun25-2026> <11:42:30>  Arsenic (TZP, 3p frozen)
 <Jun25-2026> <11:42:30>  RunType   : CREATE
 <Jun25-2026> <11:42:30>  Net Charge: 0 (Nuclei minus Electrons)
 <Jun25-2026> <11:42:30>  Symmetry  : ATOM
  Coordinates
    Atom         X           Y           Z   (Angstrom)
    1.As        0.000000    0.000000    0.000000
 <Jun25-2026> <11:42:30>  >>>> CORORT
 <Jun25-2026> <11:42:30>  >>>> CLSMAT
 <Jun25-2026> <11:42:30>  >>>> ORTHON
 <Jun25-2026> <11:42:30>  >>>> GENPT
 <Jun25-2026> <11:42:30>  Block Length=  93
 <Jun25-2026> <11:42:30>  >>>> PTBAS
 <Jun25-2026> <11:42:30>  >>>> CYCLE
 <Jun25-2026> <11:42:30>              |Error|         MaxErr       Wt(A-DIIS)
 <Jun25-2026> <11:42:30>      1      0.00000000      0.00000000
 <Jun25-2026> <11:42:30>      2     19.19959276      5.59805355    100.0
 <Jun25-2026> <11:42:30>      3      8.67465148      2.96233489    100.0
 <Jun25-2026> <11:42:30>      4      5.58997019      1.81448243    100.0
 <Jun25-2026> <11:42:30>      5      1.70654254      0.52892684    100.0
 <Jun25-2026> <11:42:30>      6      1.85023060      0.57109694    100.0
 <Jun25-2026> <11:42:30>      7      0.06833500      0.02025963     19.5
 <Jun25-2026> <11:42:30>      8      0.01714509      0.00517576      4.2
 <Jun25-2026> <11:42:30>      9      0.00095370      0.00028613      0.0
 <Jun25-2026> <11:42:30>     10      0.00000895      0.00000295      0.0
 <Jun25-2026> <11:42:30>     11      0.00000021      0.00000010      0.0
 <Jun25-2026> <11:42:30>     12      0.00000000      0.00000000      0.0
 <Jun25-2026> <11:42:30>  SCF converged
 <Jun25-2026> <11:42:30>     13      0.00000000      0.00000000      0.0
 <Jun25-2026> <11:42:30>  >>>> POPAN
 <Jun25-2026> <11:42:31>  >>>> DEBYE
 <Jun25-2026> <11:42:31>  NORMAL TERMINATION
 <Jun25-2026> <11:42:31>  END
 <Jun25-2026> <11:42:31>  DIRAC 2019  RunTime: Jun25-2026 11:42:31  Nodes: 1  Procs: 1
 <Jun25-2026> <11:42:31>  NORMAL TERMINATION
 <Jun25-2026> <11:42:31>  END
 <Jun25-2026> <11:42:31>  ADF 2019  RunTime: Jun25-2026 11:42:31  Nodes: 1  Procs: 1
 <Jun25-2026> <11:42:31>  Oxygen (TZP, 1s frozen)
 <Jun25-2026> <11:42:31>  RunType   : CREATE
 <Jun25-2026> <11:42:31>  Net Charge: 0 (Nuclei minus Electrons)
 <Jun25-2026> <11:42:31>  Symmetry  : ATOM
  Coordinates
    Atom         X           Y           Z   (Angstrom)
    1.O         0.000000    0.000000    0.000000
 <Jun25-2026> <11:42:31>  >>>> CORORT
 <Jun25-2026> <11:42:31>  >>>> CLSMAT
 <Jun25-2026> <11:42:31>  >>>> ORTHON
 <Jun25-2026> <11:42:31>  >>>> GENPT
 <Jun25-2026> <11:42:31>  Block Length=  68
 <Jun25-2026> <11:42:31>  >>>> PTBAS
 <Jun25-2026> <11:42:31>  >>>> CYCLE
 <Jun25-2026> <11:42:31>              |Error|         MaxErr       Wt(A-DIIS)
 <Jun25-2026> <11:42:31>      1      0.00000000      0.00000000
 <Jun25-2026> <11:42:31>      2      4.56299337      2.52897111
 <Jun25-2026> <11:42:31>      3      2.72315525      1.79866705    100.0
 <Jun25-2026> <11:42:31>      4      0.28902714      0.13064862    100.0
 <Jun25-2026> <11:42:31>      5      0.41661509      0.23264367    100.0
 <Jun25-2026> <11:42:31>      6      0.01372327      0.00671904      5.8
 <Jun25-2026> <11:42:31>      7      0.00110365      0.00063404      0.0
 <Jun25-2026> <11:42:31>      8      0.00003592      0.00002026      0.0
 <Jun25-2026> <11:42:31>      9      0.00000033      0.00000018      0.0
 <Jun25-2026> <11:42:31>     10      0.00000000      0.00000000      0.0
 <Jun25-2026> <11:42:31>  SCF converged
 <Jun25-2026> <11:42:31>     11      0.00000000      0.00000000      0.0
 <Jun25-2026> <11:42:31>  >>>> POPAN
 <Jun25-2026> <11:42:31>  >>>> DEBYE
 <Jun25-2026> <11:42:31>  NORMAL TERMINATION
 <Jun25-2026> <11:42:31>  END


 Parallel Execution: Process Information
 ==============================================================================
 Rank   Node Name                              NodeID   MyNodeRank  NodeMaster
    0   kimik2195                                 0          0          0
    1   kimik2195                                 0          1         -1
    2   kimik2195                                 0          2         -1
    3   kimik2195                                 0          3         -1
    4   kimik2195                                 0          4         -1
    5   kimik2195                                 0          5         -1
    6   kimik2195                                 0          6         -1
    7   kimik2195                                 0          7         -1
    8   kimik2195                                 0          8         -1
    9   kimik2195                                 0          9         -1
   10   kimik2195                                 0         10         -1
   11   kimik2195                                 0         11         -1
   12   kimik2195                                 0         12         -1
   13   kimik2195                                 0         13         -1
   14   kimik2195                                 0         14         -1
   15   kimik2195                                 0         15         -1
   16   kimik2195                                 0         16         -1
   17   kimik2195                                 0         17         -1
   18   kimik2195                                 0         18         -1
   19   kimik2195                                 0         19         -1
   20   kimik2195                                 0         20         -1
   21   kimik2195                                 0         21         -1
   22   kimik2195                                 0         22         -1
   23   kimik2195                                 0         23         -1
 ==============================================================================


May use up to 61492MB of RAM as shared memory on node 0
 
AnalyticalFreq
end

NumericalQuality Good

QTAIM
    Enabled Yes
End

Relativistic Scalar ZORA

SOLVATION
  Surf Delley
  Solv name=Water cav0=0.0 cav1=0.0067639
  Charged method=CONJ
  C-Mat POT
  SCF VAR ALL
  CSMRSP
  Radii
    H=1.30
    O=1.72
    Mo=1.992
    Ta=2.025
    W=1.992
    V=1.908
    Nb=2.025
  P=2.13
    I=2.32
    Si=2.480
    As=1.967
    C=2.00
    Na=2.250
U=2.100
    SubEnd
end

ScanFreq -1000 0

XC
  GGA PBE
end

atoms
      1        As      3.403000     -0.268500      0.000000
      2         O      4.269000      0.231500      0.000000
      3         O      2.536900     -0.768500      0.000000
      4         O      2.903000      0.597600      0.000000
      5         O      3.903000     -1.134500      0.000000
      6         H      4.805900     -0.078500      0.000000
      7         H      2.000000     -0.458500      0.000000
      8         H      3.213000      1.134500      0.000000
end

charge 0

geometry
end

Fragments
H t21.H
As t21.As
O t21.O
End

 *******************************************************************************
 *                                                                             *
 *  -------------------------------------                                      *
 *   Amsterdam Density Functional  (ADF)         2019                          *
 *  -------------------------------------                                      *
 *                                               r74351 2019-04-25             *
 *                                                                             *
 *                                                                             *
 *                              =================                              *
 *                              |               |                              *
 *                              |     A D F     |                              *
 *                              |               |                              *
 *                              =================                              *
 *                                                                             *
 *                                                                             *
 *   Online information and documentation:  https://www.scm.com/support/       *
 *   E-mail:  support@scm.com   info@scm.com                                   *
 *                                                                             *
 *   Scientific publications using ADF results must be properly referenced     *
 *   See the User Manuals (or the web site) for recommended citations          *
 *   The terms and conditions of the End User License Agreement apply to       *
 *   the use of ADF, https://www.scm.com/license-terms/                        *
 *                                                                             *
 **********************  x86_64_linux_intel / intelmpi  ************************
 

  
 ADF 2019  RunTime: Jun25-2026 11:42:32  Nodes: 1  Procs: 24

 Temporary files are created in /scratch/kid_0.1445494786


Communication costs MPI_COMM_WORLD:      3.137 usec per message,   0.0126 usec per 8-byte item
Communication costs for intra-node:      3.071 usec per message,   0.0127 usec per 8-byte item

 *** (NO TITLE) ***



 ===========================
 A T T A C H E D   F I L E S
 ===========================
  



 ===============================
 M O D E L   P A R A M E T E R S
 ===============================
  
 DENSITY FUNCTIONAL POTENTIAL (scf)
    LDA:                               PW92                                    == Not Default ==
    Gradient Corrections:              PBEc PBEx                               == Not Default ==

 SPIN  (restricted / unrestr.)
    Molecule:                          Restricted                               
    Fragments:                         Restricted                               

 OTHER ASPECTS
    Relativistic Corrections:          scalar (ZORA,MAPA)                      == Not Default ==

    Nuclear Charge Density Model:      Point Charge Nuclei                      
    Core Treatment:                    Frozen Orbital(s)                        

    Hyperfine or Zeeman Interaction:   ---                                      

 SOLVATION
-------------------------------------------

  The Delley construction of COSMO surface surface is calculated

       Division Level for Surface Triangles (NDIV)                  3
       Final Division Level for Triangles (NFDIV)                   1
       Radius of the Solvent (RSOL)                           1.93000 angstr
  Dielectric Constant (EPSL)                                 78.39000

       COSMO equation is solved iteratively-               conjugate-gradient

       Maximun of Iterations for Charges (NCIX)                  1000
       Criterion for Charge convergence (CCNV)                1.0E-08

  COSMO charges included variationally in SCF

       COSMO included at every SCF cycle

  Geometry-dependent empirical factor                         0.00000

  C-Matrix calculated in cspmtx

  In cspmtx, C-Matrix calculated using fitted potential

-------------------------------------------



 Fragment File(s)
 ----------------
 As:
         file : t21.As
         jobid: ADF 2019  RunTime: Jun25-2026 11:42:30  Nodes: 1  Procs: 1
         title: Arsenic (TZP, 3p frozen)
 O:
         file : t21.O
         jobid: ADF 2019  RunTime: Jun25-2026 11:42:31  Nodes: 1  Procs: 1
         title: Oxygen (TZP, 1s frozen)
 H:
         file : t21.H
         jobid: ADF 2019  RunTime: Jun25-2026 11:42:29  Nodes: 1  Procs: 1
         title: Hydrogen (TZP)



                                   *********************************************
                                   *  R U N   T Y P E : GEOMETRY OPTIMIZATION  *
                                   *********************************************
  



 ===============
 G E O M E T R Y  ***  Planar Molecule  ***
 ===============
  

 ATOMS
 =====                            X Y Z                    CHARGE                     RADIUS
                                (Angstrom)             Nucl     +Core       At.Mass (Angstrom)
                       --------------------------    ----------------       ------- ----------
    1  As              3.4030   -0.2685    0.0000     33.00     15.00       74.9216    1.9670
    2  O               4.2690    0.2315    0.0000      8.00      6.00       15.9949    1.7200
    3  O               2.5369   -0.7685    0.0000      8.00      6.00       15.9949    1.7200
    4  O               2.9030    0.5976    0.0000      8.00      6.00       15.9949    1.7200
    5  O               3.9030   -1.1345    0.0000      8.00      6.00       15.9949    1.7200
    6  H               4.8059   -0.0785    0.0000      1.00      1.00        1.0078    1.3000
    7  H               2.0000   -0.4585    0.0000      1.00      1.00        1.0078    1.3000
    8  H               3.2130    1.1345    0.0000      1.00      1.00        1.0078    1.3000


 FRAGMENTS
 =========                                     Atoms in this Fragment     Cart. coord.s (Angstrom)
                                               -------------------------------------------------------
    1  As                                                1  As           3.4030   -0.2685    0.0000
    2  O                                                 2  O            4.2690    0.2315    0.0000
    3  O                                                 3  O            2.5369   -0.7685    0.0000
    4  O                                                 4  O            2.9030    0.5976    0.0000
    5  O                                                 5  O            3.9030   -1.1345    0.0000
    6  H                                                 6  H            4.8059   -0.0785    0.0000
    7  H                                                 7  H            2.0000   -0.4585    0.0000
    8  H                                                 8  H            3.2130    1.1345    0.0000


 Interatomic Distance Matrix (Angstrom)
 --------------------------------------

   1)     0.000
   2)     1.000   0.000
   3)     1.000   2.000   0.000
   4)     1.000   1.414   1.414   0.000
   5)     1.000   1.414   1.414   2.000   0.000
   6)     1.416   0.620   2.372   2.019   1.389   0.000
   7)     1.416   2.372   0.620   1.390   2.020   2.832   0.000
   8)     1.416   1.389   2.020   0.620   2.372   2.002   2.002   0.000

 Min. Distance =    0.6200
 Max. Distance =    2.8315



 =====================================
 S Y M M E T R Y ,   E L E C T R O N S
 =====================================
  
 Symmetry: C(S)

 Irreducible Representations, including subspecies
 -------------------------------------------------
 AA
 AAA


 Configuration of Valence Electrons
 ==================================
 ( determined in the SCF procedure )

 Total:   42

 Net Charge: 0 (Nuclei minus Electrons)

 Aufbau principle for MO occupations will be applied through SCF cycle no.     150
 Thereafter, the program will assign electrons to MOs that are spatially
 similar to the occupied MOs in a "reference" cycle ("KeepOrbitals").
 The reference cycle is always the PREVIOUS cycle: it will evolve with
 the SCF procedure.
1
 ***************************************************************************************************



                                      ****************************************
                                      *  B U I L D : (Fragments, Functions)  *
                                      ****************************************
  

 Total nr. of (C)SFOs (summation over all irreps) :   118

 Specify PRINT SFO in the input file to get a full list

 Nr. of SFOs for ir.rep.          AA :    84
 Nr. of SFOs for ir.rep.         AAA :    34



 ================================
 (Slater-type)  F U N C T I O N S  ***  (Basis and Fit)  ***
 ================================
  

 Atom Type    1  (As)
 ==============

 Valence Basis Sets:  15
 -----------------------
   1 S   23.550000
   2 S   12.700000
   3 S    6.550000
   2 P   15.150000
   3 P    6.150000
   3 D    2.850000
   3 D    5.250000
   3 D    9.800000
   4 S    1.500000
   4 S    2.300000
   4 S    3.300000
   4 P    1.000000
   4 P    1.700000
   4 P    2.850000
   4 D    1.600000

 Frozen Core Shells
 ------------------
    S:  3
    P:  2

 Atom Type    2  (O)
 ==============

 Valence Basis Sets:   8
 -----------------------
   1 S    7.360000
   2 S    1.720000
   2 S    2.880000
   2 S    7.580000
   2 P    1.120000
   2 P    2.080000
   2 P    4.080000
   3 D    2.000000

 Frozen Core Shells
 ------------------
    S:  1

 Atom Type    3  (H)
 ==============

 Valence Basis Sets:   4
 -----------------------
   1 S    0.690000
   1 S    0.920000
   1 S    1.580000
   2 P    1.250000


 BAS: List of all Elementary Cartesian Basis Functions
 =====================================================

 The numbering in the list below (to the right of the function characteristics) is referred
 to in print-outs of MO eigenvectors and Mulliken populations in the BAS representation
 (as contrasted to the SFO representation).

 Notes:
 1. The functions are characterized by a polynomial prefactor (powers of x,y,z and r) and
    an exponential decay factor alpha.
 2. Since the basis sets are specific for an atom TYPE, the individual functions occur on
    all atoms of that type.
 3. The word 'Core' in the left margin signals that it is a Core Function (CF) : not a
    degree of freedom in the valence set, but only used to ensure orthogonalization of
    the other valence basis functions on the frozen Core Orbitals.


 (power of) X  Y  Z  R     Alpha  on Atom
            ==========     =====     ==========

 As                                   1
                                  ---------------------------------------------------------------------------
    Core    0  0  0  0    23.550      1
    Core    0  0  0  1    12.700      2
    Core    0  0  0  2     6.550      3
    Core    1  0  0  0    15.150      4
    Core    0  1  0  0    15.150      5
    Core    0  0  1  0    15.150      6
    Core    1  0  0  1     6.150      7
    Core    0  1  0  1     6.150      8
    Core    0  0  1  1     6.150      9
            2  0  0  0     2.850     10
            1  1  0  0     2.850     11
            1  0  1  0     2.850     12
            0  2  0  0     2.850     13
            0  1  1  0     2.850     14
            0  0  2  0     2.850     15
            2  0  0  0     5.250     16
            1  1  0  0     5.250     17
            1  0  1  0     5.250     18
            0  2  0  0     5.250     19
            0  1  1  0     5.250     20
            0  0  2  0     5.250     21
            2  0  0  0     9.800     22
            1  1  0  0     9.800     23
            1  0  1  0     9.800     24
            0  2  0  0     9.800     25
            0  1  1  0     9.800     26
            0  0  2  0     9.800     27
            0  0  0  3     1.500     28
            0  0  0  3     2.300     29
            0  0  0  3     3.300     30
            1  0  0  2     1.000     31
            0  1  0  2     1.000     32
            0  0  1  2     1.000     33
            1  0  0  2     1.700     34
            0  1  0  2     1.700     35
            0  0  1  2     1.700     36
            1  0  0  2     2.850     37
            0  1  0  2     2.850     38
            0  0  1  2     2.850     39
            2  0  0  1     1.600     40
            1  1  0  1     1.600     41
            1  0  1  1     1.600     42
            0  2  0  1     1.600     43
            0  1  1  1     1.600     44
            0  0  2  1     1.600     45

 O                                    2    3    4    5
                                  ---------------------------------------------------------------------------
    Core    0  0  0  0     7.360     46   65   84  103
            0  0  0  1     1.720     47   66   85  104
            0  0  0  1     2.880     48   67   86  105
            0  0  0  1     7.580     49   68   87  106
            1  0  0  0     1.120     50   69   88  107
            0  1  0  0     1.120     51   70   89  108
            0  0  1  0     1.120     52   71   90  109
            1  0  0  0     2.080     53   72   91  110
            0  1  0  0     2.080     54   73   92  111
            0  0  1  0     2.080     55   74   93  112
            1  0  0  0     4.080     56   75   94  113
            0  1  0  0     4.080     57   76   95  114
            0  0  1  0     4.080     58   77   96  115
            2  0  0  0     2.000     59   78   97  116
            1  1  0  0     2.000     60   79   98  117
            1  0  1  0     2.000     61   80   99  118
            0  2  0  0     2.000     62   81  100  119
            0  1  1  0     2.000     63   82  101  120
            0  0  2  0     2.000     64   83  102  121

 H                                    6    7    8
                                  ---------------------------------------------------------------------------
            0  0  0  0     0.690    122  128  134
            0  0  0  0     0.920    123  129  135
            0  0  0  0     1.580    124  130  136
            1  0  0  0     1.250    125  131  137
            0  1  0  0     1.250    126  132  138
            0  0  1  0     1.250    127  133  139

 Total number of charge fitting functions (nprimf)       645
 Total number of Cartesian basis functions (naos)        139
 Total number of Cartesian core functions  (ncos)         13



 Coordinates (Cartesian)
 =======================

     Atom                    bohr                                 angstrom                 Geometric Variables
                   X           Y           Z              X           Y           Z       (0:frozen, *:LT par.)
 --------------------------------------------------------------------------------------------------------------
     1 As      6.430738   -0.507391    0.000000       3.403000   -0.268500    0.000000      1       2       3
     2 O       8.067241    0.437472    0.000000       4.269000    0.231500    0.000000      4       5       6
     3 O       4.794046   -1.452255    0.000000       2.536900   -0.768500    0.000000      7       8       9
     4 O       5.485875    1.129300    0.000000       2.903000    0.597600    0.000000     10      11      12
     5 O       7.375601   -2.143894    0.000000       3.903000   -1.134500    0.000000     13      14      15
     6 H       9.081835   -0.148344    0.000000       4.805900   -0.078500    0.000000     16      17      18
     7 H       3.779452   -0.866439    0.000000       2.000000   -0.458500    0.000000     19      20      21
     8 H       6.071690    2.143894    0.000000       3.213000    1.134500    0.000000     22      23      24
 --------------------------------------------------------------------------------------------------------------
1
 ***************************************************************************************************



                                              ***********************
                                              *  T E C H N I C A L  *
                                              ***********************
  



 =============================================================
 P A R A L L E L I Z A T I O N  and  V E C T O R I Z A T I O N
 =============================================================
  
 Nr of parallel processes:                               24
 Maximum vector length in NumInt loops:                 128



 ===============================
 G E O M E T R Y   U P D A T E S
 ===============================
  
 Optimization coordinates:                       Delocalized
 Optimization code branch:                       NEW
 Hessian update method:                          BFGS (Broyden-Fletcher-Goldfarb-Shanno)

 Iterative Geometry Improvements:
    Max. nr. of iterations:                         48
    Convergence criteria:
         Change in energy (hartree):                 0.0010000000
         Gradients (au/Angstrom):                    0.0010000000
         Cart/bondlength changes (Angstrom):         0.0100000000
    Max. step to take:
         Trust Radius:                               0.2000000000

 GDIIS (Geometry Direct Inversion in Iteration Space):
    First geometry cycle:                            0
    Max. number expansion vectors:                   5



 =====================
 S C F   U P D A T E S
 =====================
  
 Max. nr. of cycles:                               300
 Convergence criterion:                              0.0000010000
   secondary criterion:                              0.0010000000

 Mix parameter (when DIIS does not apply):           0.2000000000
 Mixed ADIIS+SDIIS will be used                  
    Max number of expansion vectors:                10
    Pure ADIIS when Max([F,P]) is above              0.1000000000
    Pure SDIIS when Max([F,P]) is below              0.0010000000



 =================
 P R E C I S I O N  ***  (General: NumInt, NeglectFunctionTails, ...)  ***
 =================
  

 NumInt:           Target precision:                 6.0000000000
 -------           Initial precision:                6.0000000000
                   Min. precision (optimization):    6.0000000000

 Neglect Functions:          Basis functions:        0.1000000000E-07
 ------------------          Fit functions:          0.1000000000E-07



 ===========================
 L I N E A R   S C A L I N G
 ===========================
  

 Cut-off radii density fit:                        0.1000000000E-09
 Overlap cut-off criterion AO matrix elements:     0.1000000000E-07
 Cut-offs for Coulomb potential and fitted density:0.1000000000E-09
 Cut-off criterion for Coulomb multipole terms:    0.1000000000E-09
 Progressive Convergence parameter:                 0.000000000    
1
 ***************************************************************************************************



                                            ***************************
                                            *  C O M P U T A T I O N  *
                                            ***************************
  

 Number of elements of the density matrix on this node (used, total):      1035      9730



 ===========================================
 Numerical Integration : Fuzzy Cells (Becke)
 ===========================================
  
 Becke grid quality: GOOD           
  
 Lebedev angular grid order:             min:  11 max:  35
 Nr. of radial points:                   min:  54 max:  80

 Total nr. of points:     113046
 Nr. of blocks:              884
 Block length:               128
 Nr. of dummy points:        106


 Test of Precision of the Numerical Integration Grid
 ===================================================

 Integral of the Total Core Density:                  26.00028752655562
 Relative Error:                                       1.106E-05


 -------------------------------------------
  COSMO surface
  Area             =          265.434
  Volume           =          383.665
  Number of Points =          727
 -------------------------------------------



 ========================
 Density Fitting (zlmFit)
 ========================
  
 ZlmFit Fit Quality: GOOD           
  
 Max L-expansion:                        min:   7 max:   9
 Nr. of radial interpolation points:     min:  72 max: 132



 =====
 S C F  ***  ScaSCF  ***
 =====
  
 Initial density matrix is calculated as sum of fragments

 CYCLE    1
 SCF Error: norm([F,P])=      4.551396517972, max([F,P])=      0.462113943945
 orbitals (Q,E):
 ---------------
 AA :6...25          ( 2.00    -1.6151)  ( 2.00    -1.3497)  ( 2.00    -1.1628)  ( 2.00    -1.1368)
                     ( 2.00    -1.0089)  ( 2.00    -0.8395)  ( 2.00    -0.7878)  ( 2.00    -0.7456)
                     ( 2.00    -0.6071)  ( 2.00    -0.3681)  ( 0.00    -0.0970)  ( 0.00    -0.0219)
                     ( 0.00    -0.0107)  ( 0.00     0.0117)  ( 0.00     0.0464)  ( 0.00     0.1450)
                     ( 0.00     0.1712)  ( 0.00     0.2226)  ( 0.00     0.2489)  ( 0.00     0.3090)
 AAA :1...16         ( 2.00    -2.0696)  ( 2.00    -2.0636)  ( 2.00    -1.1041)  ( 2.00    -0.8505)
                     ( 2.00    -0.8373)  ( 2.00    -0.7288)  ( 0.00    -0.0408)  ( 0.00     0.0729)
                     ( 0.00     0.2012)  ( 0.00     0.2164)  ( 0.00     0.3177)  ( 0.00     0.3622)
                     ( 0.00     0.4427)  ( 0.00     0.5036)  ( 0.00     0.5121)  ( 0.00     0.8603)

 CYCLE    2
  SDIIS (wt  0.000):  0.4058  0.5942
 A-DIIS (wt  1.000):  0.4111  0.5889
  DIIS coefficients:  0.4111  0.5889
 SCF Error: norm([F,P])=      3.539052682951, max([F,P])=      0.610121792956
 orbitals (Q,E):
 ---------------
 AA :6...16          ( 2.00    -1.0141)  ( 2.00    -0.7530)  ( 2.00    -0.5956)  ( 2.00    -0.5272)
                     ( 2.00    -0.4326)  ( 2.00    -0.2670)  ( 2.00    -0.1887)  ( 2.00    -0.1565)
                     ( 2.00    -0.0033)  ( 2.00     0.0428)  ( 0.00     0.0726)
 AAA :1...7          ( 2.00    -1.4591)  ( 2.00    -1.4514)  ( 2.00    -0.5921)  ( 2.00    -0.2868)
                     ( 2.00    -0.2704)  ( 2.00    -0.1270)  ( 0.00     0.0596)

 CYCLE    3
  SDIIS (wt  0.000):  0.1315  0.4726  0.3959
 A-DIIS (wt  1.000):  0.0000  0.5422  0.4578
  DIIS coefficients:  0.0000  0.5422  0.4578
 SCF Error: norm([F,P])=      3.720523972859, max([F,P])=      0.626597162654
 orbitals (Q,E):
 ---------------
 AA :6...16          ( 2.00    -1.2751)  ( 2.00    -0.9778)  ( 2.00    -0.7460)  ( 2.00    -0.7138)
                     ( 2.00    -0.6755)  ( 2.00    -0.5149)  ( 2.00    -0.3891)  ( 2.00    -0.3673)
                     ( 2.00    -0.2183)  ( 2.00    -0.0433)  ( 0.00    -0.0348)
 AAA :1...7          ( 2.00    -2.0601)  ( 2.00    -2.0582)  ( 2.00    -0.8288)  ( 2.00    -0.4954)
                     ( 2.00    -0.4881)  ( 2.00    -0.3836)  ( 0.00     0.0391)

 CYCLE    4
  SDIIS (wt  0.000):  0.2142  0.2920  0.4939
 A-DIIS (wt  1.000):  0.0000  0.1927  0.8073
  DIIS coefficients:  0.0000  0.1927  0.8073
 SCF Error: norm([F,P])=      1.598423743820, max([F,P])=      0.347458471706
 orbitals (Q,E):
 ---------------
 AA :6...16          ( 2.00    -1.2216)  ( 2.00    -0.9534)  ( 2.00    -0.8214)  ( 2.00    -0.7613)
                     ( 2.00    -0.6506)  ( 2.00    -0.4730)  ( 2.00    -0.4286)  ( 2.00    -0.3514)
                     ( 2.00    -0.1507)  ( 2.00    -0.0216)  ( 0.00     0.0306)
 AAA :1...7          ( 2.00    -1.7058)  ( 2.00    -1.6935)  ( 2.00    -0.7988)  ( 2.00    -0.5047)
                     ( 2.00    -0.4978)  ( 2.00    -0.3035)  ( 0.00     0.0392)

 CYCLE    5
  SDIIS (wt  0.000):  0.0383  0.0201  0.5234  0.4183
 A-DIIS (wt  1.000):  0.0000  0.0000  0.5013  0.4987
  DIIS coefficients:  0.0000  0.0000  0.5013  0.4987
 SCF Error: norm([F,P])=      1.915270170588, max([F,P])=      0.475295327986
 orbitals (Q,E):
 ---------------
 AA :6...16          ( 2.00    -1.2496)  ( 2.00    -0.9747)  ( 2.00    -0.7856)  ( 2.00    -0.7331)
                     ( 2.00    -0.6631)  ( 2.00    -0.4693)  ( 2.00    -0.3883)  ( 2.00    -0.3757)
                     ( 2.00    -0.1880)  ( 2.00    -0.0304)  ( 0.00    -0.0137)
 AAA :1...7          ( 2.00    -1.9198)  ( 2.00    -1.9161)  ( 2.00    -0.7984)  ( 2.00    -0.4981)
                     ( 2.00    -0.4701)  ( 2.00    -0.3615)  ( 0.00     0.0288)

 CYCLE    6
  SDIIS (wt  0.239):  0.0439 -0.0645  0.0547 -0.0020  0.9679
 A-DIIS (wt  0.761):  0.0000  0.0000  0.2006  0.0000  0.7994
  DIIS coefficients:  0.0105 -0.0154  0.1657 -0.0005  0.8397
 SCF Error: norm([F,P])=      0.457649946767, max([F,P])=      0.076327710772
 orbitals (Q,E):
 ---------------
 AA :6...16          ( 2.00    -1.3326)  ( 2.00    -1.0496)  ( 2.00    -0.8721)  ( 2.00    -0.8185)
                     ( 2.00    -0.7369)  ( 2.00    -0.5332)  ( 2.00    -0.4713)  ( 2.00    -0.4513)
                     ( 2.00    -0.2523)  ( 2.00    -0.0942)  ( 0.00    -0.0541)
 AAA :1...7          ( 2.00    -2.0131)  ( 2.00    -2.0087)  ( 2.00    -0.8728)  ( 2.00    -0.5746)
                     ( 2.00    -0.5539)  ( 2.00    -0.4222)  ( 0.00     0.0082)

 CYCLE    7
  SDIIS (wt  0.000):  0.0040 -0.0520 -0.0323 -0.0280  0.9469  0.1615
 A-DIIS (wt  1.000):  0.0000  0.0000  0.0000  0.0000  0.7442  0.2558
  DIIS coefficients:  0.0000  0.0000  0.0000  0.0000  0.7442  0.2558
 SCF Error: norm([F,P])=      1.382767054550, max([F,P])=      0.278634064734
 orbitals (Q,E):
 ---------------
 AA :6...16          ( 2.00    -1.2866)  ( 2.00    -1.0063)  ( 2.00    -0.8157)  ( 2.00    -0.7635)
                     ( 2.00    -0.6928)  ( 2.00    -0.5010)  ( 2.00    -0.4205)  ( 2.00    -0.4098)
                     ( 2.00    -0.2242)  ( 2.00    -0.0453)  ( 0.00    -0.0419)
 AAA :1...7          ( 2.00    -1.9482)  ( 2.00    -1.9455)  ( 2.00    -0.8282)  ( 2.00    -0.5244)
                     ( 2.00    -0.5003)  ( 2.00    -0.3963)  ( 0.00     0.0170)

 CYCLE    8
  SDIIS (wt  0.000): -0.0128 -0.0404 -0.1480 -0.0366  0.8257 -0.1423  0.5544
 A-DIIS (wt  1.000):  0.0000  0.0000  0.0000  0.0000  0.6902  0.0000  0.3098
  DIIS coefficients:  0.0000  0.0000  0.0000  0.0000  0.6902  0.0000  0.3098
 SCF Error: norm([F,P])=      1.024996194705, max([F,P])=      0.216769849542
 orbitals (Q,E):
 ---------------
 AA :6...16          ( 2.00    -1.2815)  ( 2.00    -1.0018)  ( 2.00    -0.8176)  ( 2.00    -0.7642)
                     ( 2.00    -0.6896)  ( 2.00    -0.4944)  ( 2.00    -0.4196)  ( 2.00    -0.4067)
                     ( 2.00    -0.2151)  ( 2.00    -0.0405)  ( 0.00    -0.0389)
 AAA :1...7          ( 2.00    -1.9376)  ( 2.00    -1.9343)  ( 2.00    -0.8264)  ( 2.00    -0.5239)
                     ( 2.00    -0.5011)  ( 2.00    -0.3864)  ( 0.00     0.0186)

 CYCLE    9
  SDIIS (wt  0.129):  0.0041 -0.0069 -0.0966 -0.1525  0.1095 -0.0467  0.2540  0.9350
 A-DIIS (wt  0.871):  0.0000  0.0000  0.0000  0.0000  0.0000  0.0000  0.2178  0.7822
  DIIS coefficients:  0.0005 -0.0009 -0.0125 -0.0197  0.0142 -0.0060  0.2225  0.8020
 SCF Error: norm([F,P])=      0.340304481950, max([F,P])=      0.087183102427
 orbitals (Q,E):
 ---------------
 AA :6...16          ( 2.00    -1.2780)  ( 2.00    -1.0013)  ( 2.00    -0.8082)  ( 2.00    -0.7565)
                     ( 2.00    -0.6876)  ( 2.00    -0.4951)  ( 2.00    -0.4126)  ( 2.00    -0.4005)
                     ( 2.00    -0.2164)  ( 2.00    -0.0425)  ( 0.00    -0.0416)
 AAA :1...7          ( 2.00    -1.9527)  ( 2.00    -1.9495)  ( 2.00    -0.8192)  ( 2.00    -0.5184)
                     ( 2.00    -0.4909)  ( 2.00    -0.3885)  ( 0.00     0.0153)

 CYCLE   10
  SDIIS (wt  0.000):  0.0181 -0.0009 -0.0717 -0.1519 -0.3386 -0.1283 -0.6033  1.4142  0.8625
 A-DIIS (wt  1.000):  0.0000  0.0000  0.0000  0.0000  0.0000  0.0000  0.0000  0.7781  0.2219
  DIIS coefficients:  0.0000  0.0000  0.0000  0.0000  0.0000  0.0000  0.0000  0.7781  0.2219
 SCF Error: norm([F,P])=      1.051407450047, max([F,P])=      0.243214689542
 orbitals (Q,E):
 ---------------
 AA :6...16          ( 2.00    -1.2766)  ( 2.00    -0.9995)  ( 2.00    -0.8062)  ( 2.00    -0.7547)
                     ( 2.00    -0.6859)  ( 2.00    -0.4939)  ( 2.00    -0.4112)  ( 2.00    -0.3998)
                     ( 2.00    -0.2159)  ( 2.00    -0.0410)  ( 0.00    -0.0400)
 AAA :1...7          ( 2.00    -1.9476)  ( 2.00    -1.9443)  ( 2.00    -0.8178)  ( 2.00    -0.5163)
                     ( 2.00    -0.4897)  ( 2.00    -0.3878)  ( 0.00     0.0157)

 CYCLE   11
  SDIIS (wt  0.416):  0.0130  0.0016 -0.0673 -0.1352 -0.5075 -0.0529 -0.7393  1.2764  0.9055  0.3057
 A-DIIS (wt  0.584):  0.0000  0.0000  0.0000  0.0000  0.0000  0.0000  0.0000  0.4749  0.2232  0.3020
  DIIS coefficients:  0.0054  0.0006 -0.0280 -0.0562 -0.2110 -0.0220 -0.3074  0.8082  0.5069  0.3035
 SCF Error: norm([F,P])=      0.299242773517, max([F,P])=      0.058829897882
 orbitals (Q,E):
 ---------------
 AA :6...16          ( 2.00    -1.2891)  ( 2.00    -1.0105)  ( 2.00    -0.8206)  ( 2.00    -0.7685)
                     ( 2.00    -0.6968)  ( 2.00    -0.5008)  ( 2.00    -0.4229)  ( 2.00    -0.4129)
                     ( 2.00    -0.2234)  ( 2.00    -0.0521)  ( 0.00    -0.0452)
 AAA :1...7          ( 2.00    -1.9623)  ( 2.00    -1.9586)  ( 2.00    -0.8285)  ( 2.00    -0.5276)
                     ( 2.00    -0.5033)  ( 2.00    -0.3947)  ( 0.00     0.0112)

 CYCLE   12
  SDIIS (wt  0.000): -0.4990  0.8275  0.6715
 A-DIIS (wt  1.000):  0.0000  0.7794  0.2206
  DIIS coefficients:  0.0000  0.7794  0.2206
 SCF Error: norm([F,P])=      1.107752762527, max([F,P])=      0.249033359627
 orbitals (Q,E):
 ---------------
 AA :6...16          ( 2.00    -1.2829)  ( 2.00    -1.0039)  ( 2.00    -0.8226)  ( 2.00    -0.7680)
                     ( 2.00    -0.6911)  ( 2.00    -0.4921)  ( 2.00    -0.4217)  ( 2.00    -0.4074)
                     ( 2.00    -0.2109)  ( 2.00    -0.0434)  ( 0.00    -0.0415)
 AAA :1...7          ( 2.00    -1.9465)  ( 2.00    -1.9439)  ( 2.00    -0.8270)  ( 2.00    -0.5262)
                     ( 2.00    -0.5044)  ( 2.00    -0.3818)  ( 0.00     0.0144)

 CYCLE   13
  SDIIS (wt  0.748): -0.0155 -0.0080 -0.4051 -0.0659 -0.1525 -0.0734  0.0230  0.9522  0.2190  0.5260
 A-DIIS (wt  0.252):  0.0000  0.0000  0.0000  0.0000  0.0000  0.0000  0.0000  0.5613  0.1236  0.3151
  DIIS coefficients: -0.0116 -0.0060 -0.3028 -0.0493 -0.1140 -0.0548  0.0172  0.8535  0.1949  0.4728
 SCF Error: norm([F,P])=      0.194203656534, max([F,P])=      0.025994467831
 orbitals (Q,E):
 ---------------
 AA :6...16          ( 2.00    -1.2858)  ( 2.00    -1.0068)  ( 2.00    -0.8176)  ( 2.00    -0.7644)
                     ( 2.00    -0.6932)  ( 2.00    -0.4976)  ( 2.00    -0.4204)  ( 2.00    -0.4092)
                     ( 2.00    -0.2207)  ( 2.00    -0.0477)  ( 0.00    -0.0451)
 AAA :1...7          ( 2.00    -1.9549)  ( 2.00    -1.9497)  ( 2.00    -0.8253)  ( 2.00    -0.5233)
                     ( 2.00    -0.5006)  ( 2.00    -0.3920)  ( 0.00     0.0102)

 CYCLE   14
  SDIIS (wt  0.000):  0.0027 -0.4087 -0.0374 -0.1483 -0.1625 -0.0384  1.0115  0.2006  0.5573  0.0232
 A-DIIS (wt  1.000): -0.0000  0.0000  0.0000  0.0000  0.0000  0.0000  0.5624  0.0000  0.2981  0.1395
  DIIS coefficients: -0.0000  0.0000  0.0000  0.0000  0.0000  0.0000  0.5624  0.0000  0.2981  0.1395
 SCF Error: norm([F,P])=      1.000616231783, max([F,P])=      0.222073702851
 orbitals (Q,E):
 ---------------
 AA :6...16          ( 2.00    -1.2823)  ( 2.00    -1.0035)  ( 2.00    -0.8152)  ( 2.00    -0.7621)
                     ( 2.00    -0.6902)  ( 2.00    -0.4951)  ( 2.00    -0.4177)  ( 2.00    -0.4065)
                     ( 2.00    -0.2174)  ( 2.00    -0.0436)  ( 0.00    -0.0424)
 AAA :1...7          ( 2.00    -1.9465)  ( 2.00    -1.9429)  ( 2.00    -0.8236)  ( 2.00    -0.5214)
                     ( 2.00    -0.4984)  ( 2.00    -0.3888)  ( 0.00     0.0131)

 CYCLE   15
  SDIIS (wt  0.703): -0.0707 -0.0582 -0.2001  0.0609 -0.1415  0.2785  0.6123 -0.0332 -0.3020  0.8540
 A-DIIS (wt  0.297):  0.0000  0.0000  0.0000  0.0000  0.0000  0.3257  0.0000  0.0000  0.0000  0.6743
  DIIS coefficients: -0.0496 -0.0409 -0.1406  0.0428 -0.0994  0.2925  0.4302 -0.0233 -0.2122  0.8006
 SCF Error: norm([F,P])=      0.153823239158, max([F,P])=      0.030443059884
 orbitals (Q,E):
 ---------------
 AA :6...16          ( 2.00    -1.2825)  ( 2.00    -1.0037)  ( 2.00    -0.8155)  ( 2.00    -0.7618)
                     ( 2.00    -0.6902)  ( 2.00    -0.4942)  ( 2.00    -0.4175)  ( 2.00    -0.4059)
                     ( 2.00    -0.2167)  ( 2.00    -0.0449)  ( 0.00    -0.0432)
 AAA :1...7          ( 2.00    -1.9506)  ( 2.00    -1.9449)  ( 2.00    -0.8236)  ( 2.00    -0.5212)
                     ( 2.00    -0.4986)  ( 2.00    -0.3884)  ( 0.00     0.0111)

 CYCLE   16
  SDIIS (wt  0.964): -0.0180 -0.0331  0.0035 -0.0774  0.0627  0.2041 -0.0922 -0.1098  0.4301  0.6301
 A-DIIS (wt  0.036):  0.0000  0.0000  0.0000  0.0000  0.0000  0.0000  0.0000  0.0000  0.1097  0.8903
  DIIS coefficients: -0.0174 -0.0319  0.0034 -0.0746  0.0604  0.1968 -0.0888 -0.1059  0.4185  0.6395
 SCF Error: norm([F,P])=      0.026095508566, max([F,P])=      0.004584352670
 orbitals (Q,E):
 ---------------
 AA :6...16          ( 2.00    -1.2824)  ( 2.00    -1.0040)  ( 2.00    -0.8143)  ( 2.00    -0.7615)
                     ( 2.00    -0.6904)  ( 2.00    -0.4951)  ( 2.00    -0.4168)  ( 2.00    -0.4064)
                     ( 2.00    -0.2179)  ( 2.00    -0.0450)  ( 0.00    -0.0432)
 AAA :1...7          ( 2.00    -1.9502)  ( 2.00    -1.9445)  ( 2.00    -0.8234)  ( 2.00    -0.5211)
                     ( 2.00    -0.4977)  ( 2.00    -0.3895)  ( 0.00     0.0112)

 CYCLE   17
  SDIIS (wt  0.000): -0.0021  0.0269 -0.0292  0.0242  0.0591 -0.0473 -0.0422 -0.0077  0.3825  0.6358
 A-DIIS (wt  1.000):  0.0000  0.0000  0.0000  0.0000  0.0000  0.0000  0.0000  0.0000  0.7110  0.2890
  DIIS coefficients:  0.0000  0.0000  0.0000  0.0000  0.0000  0.0000  0.0000  0.0000  0.7110  0.2890
 SCF Error: norm([F,P])=      0.061480859437, max([F,P])=      0.013543564660
 orbitals (Q,E):
 ---------------
 AA :6...16          ( 2.00    -1.2814)  ( 2.00    -1.0032)  ( 2.00    -0.8125)  ( 2.00    -0.7600)
                     ( 2.00    -0.6896)  ( 2.00    -0.4952)  ( 2.00    -0.4159)  ( 2.00    -0.4056)
                     ( 2.00    -0.2183)  ( 2.00    -0.0446)  ( 0.00    -0.0422)
 AAA :1...7          ( 2.00    -1.9478)  ( 2.00    -1.9418)  ( 2.00    -0.8221)  ( 2.00    -0.5197)
                     ( 2.00    -0.4961)  ( 2.00    -0.3899)  ( 0.00     0.0113)

 CYCLE   18
  SDIIS (wt  0.000): -0.0108 -0.0019 -0.0121  0.0097 -0.0080 -0.0128  0.0274  0.3800  0.4213  0.2071
 A-DIIS (wt  1.000):  0.0000  0.0000  0.0000 -0.0000  0.0000  0.0000  0.0000  0.3650  0.4680  0.1670
  DIIS coefficients:  0.0000  0.0000  0.0000 -0.0000  0.0000  0.0000  0.0000  0.3650  0.4680  0.1670
 SCF Error: norm([F,P])=      0.121227459596, max([F,P])=      0.027557910986
 orbitals (Q,E):
 ---------------
 AA :6...16          ( 2.00    -1.2819)  ( 2.00    -1.0033)  ( 2.00    -0.8140)  ( 2.00    -0.7608)
                     ( 2.00    -0.6898)  ( 2.00    -0.4946)  ( 2.00    -0.4166)  ( 2.00    -0.4057)
                     ( 2.00    -0.2174)  ( 2.00    -0.0448)  ( 0.00    -0.0425)
 AAA :1...7          ( 2.00    -1.9491)  ( 2.00    -1.9432)  ( 2.00    -0.8228)  ( 2.00    -0.5204)
                     ( 2.00    -0.4973)  ( 2.00    -0.3890)  ( 0.00     0.0113)

 CYCLE   19
  SDIIS (wt  0.000): -0.0049 -0.0029  0.0036 -0.0105  0.0004  0.0056 -0.0260  0.3405 -0.1758  0.8699
 A-DIIS (wt  1.000):  0.0000  0.0000  0.0000  0.0000  0.0000  0.0000  0.0000  0.4431  0.0000  0.5569
  DIIS coefficients:  0.0000  0.0000  0.0000  0.0000  0.0000  0.0000  0.0000  0.4431  0.0000  0.5569
 SCF Error: norm([F,P])=      0.048500189230, max([F,P])=      0.010832710730
 orbitals (Q,E):
 ---------------
 AA :6...16          ( 2.00    -1.2822)  ( 2.00    -1.0035)  ( 2.00    -0.8146)  ( 2.00    -0.7612)
                     ( 2.00    -0.6901)  ( 2.00    -0.4945)  ( 2.00    -0.4170)  ( 2.00    -0.4058)
                     ( 2.00    -0.2172)  ( 2.00    -0.0449)  ( 0.00    -0.0427)
 AAA :1...7          ( 2.00    -1.9498)  ( 2.00    -1.9440)  ( 2.00    -0.8233)  ( 2.00    -0.5208)
                     ( 2.00    -0.4978)  ( 2.00    -0.3889)  ( 0.00     0.0114)

 CYCLE   20
  SDIIS (wt  0.969): -0.0035  0.0066  0.0062 -0.0099 -0.0198 -0.0657  0.1460  0.1018  0.1309  0.7074
 A-DIIS (wt  0.031):  0.0000  0.0000  0.0000  0.0000  0.0000  0.0000  0.0000 -0.0000  0.2500  0.7500
  DIIS coefficients: -0.0034  0.0064  0.0060 -0.0096 -0.0192 -0.0636  0.1415  0.0986  0.1345  0.7088
 SCF Error: norm([F,P])=      0.017848662417, max([F,P])=      0.004054781291
 orbitals (Q,E):
 ---------------
 AA :6...16          ( 2.00    -1.2821)  ( 2.00    -1.0035)  ( 2.00    -0.8142)  ( 2.00    -0.7611)
                     ( 2.00    -0.6901)  ( 2.00    -0.4947)  ( 2.00    -0.4168)  ( 2.00    -0.4059)
                     ( 2.00    -0.2174)  ( 2.00    -0.0449)  ( 0.00    -0.0427)
 AAA :1...7          ( 2.00    -1.9497)  ( 2.00    -1.9438)  ( 2.00    -0.8232)  ( 2.00    -0.5207)
                     ( 2.00    -0.4976)  ( 2.00    -0.3891)  ( 0.00     0.0114)

 CYCLE   21
  SDIIS (wt  0.000): -0.0024  0.0134  0.0035 -0.0318  0.0089 -0.2063 -0.0445  0.2791 -0.5038  1.4840
 A-DIIS (wt  1.000):  0.0000  0.0000  0.0000  0.0000  0.0000  0.0000  0.0000  0.3005  0.0000  0.6995
  DIIS coefficients:  0.0000  0.0000  0.0000  0.0000  0.0000  0.0000  0.0000  0.3005  0.0000  0.6995
 SCF Error: norm([F,P])=      0.021716504684, max([F,P])=      0.004839826797
 orbitals (Q,E):
 ---------------
 AA :6...16          ( 2.00    -1.2819)  ( 2.00    -1.0033)  ( 2.00    -0.8141)  ( 2.00    -0.7610)
                     ( 2.00    -0.6899)  ( 2.00    -0.4944)  ( 2.00    -0.4166)  ( 2.00    -0.4057)
                     ( 2.00    -0.2171)  ( 2.00    -0.0448)  ( 0.00    -0.0424)
 AAA :1...7          ( 2.00    -1.9493)  ( 2.00    -1.9434)  ( 2.00    -0.8230)  ( 2.00    -0.5206)
                     ( 2.00    -0.4975)  ( 2.00    -0.3888)  ( 0.00     0.0115)

 CYCLE   22
  SDIIS (wt  0.000): -0.0036 -0.0000  0.0107 -0.0458 -0.1350 -0.0128 -0.0422 -0.0921  0.7822  0.5387
 A-DIIS (wt  1.000):  0.0000  0.0000  0.0000  0.0000  0.0000  0.0000  0.0000  0.0000  0.5278  0.4722
  DIIS coefficients:  0.0000  0.0000  0.0000  0.0000  0.0000  0.0000  0.0000  0.0000  0.5278  0.4722
 SCF Error: norm([F,P])=      0.023797904207, max([F,P])=      0.005222340688
 orbitals (Q,E):
 ---------------
 AA :6...16          ( 2.00    -1.2820)  ( 2.00    -1.0034)  ( 2.00    -0.8140)  ( 2.00    -0.7609)
                     ( 2.00    -0.6900)  ( 2.00    -0.4946)  ( 2.00    -0.4166)  ( 2.00    -0.4057)
                     ( 2.00    -0.2174)  ( 2.00    -0.0448)  ( 0.00    -0.0425)
 AAA :1...7          ( 2.00    -1.9493)  ( 2.00    -1.9434)  ( 2.00    -0.8230)  ( 2.00    -0.5205)
                     ( 2.00    -0.4974)  ( 2.00    -0.3891)  ( 0.00     0.0115)

 CYCLE   23
  SDIIS (wt  1.000):  0.0001 -0.0009 -0.0254  0.0269  0.0288 -0.2986  0.2337 -0.2333  0.4175  0.8514
  DIIS coefficients:  0.0001 -0.0009 -0.0254  0.0269  0.0288 -0.2986  0.2337 -0.2333  0.4175  0.8514
 SCF Error: norm([F,P])=      0.003088095814, max([F,P])=      0.000621296583
 orbitals (Q,E):
 ---------------
 AA :6...16          ( 2.00    -1.2819)  ( 2.00    -1.0034)  ( 2.00    -0.8141)  ( 2.00    -0.7609)
                     ( 2.00    -0.6899)  ( 2.00    -0.4946)  ( 2.00    -0.4166)  ( 2.00    -0.4057)
                     ( 2.00    -0.2173)  ( 2.00    -0.0448)  ( 0.00    -0.0425)
 AAA :1...7          ( 2.00    -1.9493)  ( 2.00    -1.9435)  ( 2.00    -0.8231)  ( 2.00    -0.5206)
                     ( 2.00    -0.4975)  ( 2.00    -0.3890)  ( 0.00     0.0116)

 CYCLE   24
  SDIIS (wt  1.000):  0.0010 -0.0008  0.0201  0.0099 -0.0734  0.0560 -0.1488  0.0007  0.1213  1.0141
  DIIS coefficients:  0.0010 -0.0008  0.0201  0.0099 -0.0734  0.0560 -0.1488  0.0007  0.1213  1.0141
 SCF Error: norm([F,P])=      0.001164474162, max([F,P])=      0.000251081549
 orbitals (Q,E):
 ---------------
 AA :6...16          ( 2.00    -1.2819)  ( 2.00    -1.0034)  ( 2.00    -0.8141)  ( 2.00    -0.7609)
                     ( 2.00    -0.6899)  ( 2.00    -0.4946)  ( 2.00    -0.4166)  ( 2.00    -0.4057)
                     ( 2.00    -0.2173)  ( 2.00    -0.0448)  ( 0.00    -0.0425)
 AAA :1...7          ( 2.00    -1.9493)  ( 2.00    -1.9435)  ( 2.00    -0.8231)  ( 2.00    -0.5206)
                     ( 2.00    -0.4975)  ( 2.00    -0.3890)  ( 0.00     0.0116)

 CYCLE   25
  SDIIS (wt  1.000):  0.0027  0.0023 -0.0019  0.0260 -0.0189 -0.0069 -0.0621 -0.1006  0.1349  1.0245
  DIIS coefficients:  0.0027  0.0023 -0.0019  0.0260 -0.0189 -0.0069 -0.0621 -0.1006  0.1349  1.0245
 SCF Error: norm([F,P])=      0.000144911511, max([F,P])=      0.000032409924
 orbitals (Q,E):
 ---------------
 AA :6...16          ( 2.00    -1.2819)  ( 2.00    -1.0034)  ( 2.00    -0.8141)  ( 2.00    -0.7609)
                     ( 2.00    -0.6899)  ( 2.00    -0.4946)  ( 2.00    -0.4166)  ( 2.00    -0.4057)
                     ( 2.00    -0.2173)  ( 2.00    -0.0448)  ( 0.00    -0.0425)
 AAA :1...7          ( 2.00    -1.9493)  ( 2.00    -1.9435)  ( 2.00    -0.8231)  ( 2.00    -0.5206)
                     ( 2.00    -0.4975)  ( 2.00    -0.3890)  ( 0.00     0.0116)

 CYCLE   26
  SDIIS (wt  1.000): -0.0003 -0.0010  0.0101 -0.0061  0.0037 -0.0158 -0.0316  0.0071  0.4038  0.6300
  DIIS coefficients: -0.0003 -0.0010  0.0101 -0.0061  0.0037 -0.0158 -0.0316  0.0071  0.4038  0.6300
 SCF Error: norm([F,P])=      0.000033115327, max([F,P])=      0.000006759660
 orbitals (Q,E):
 ---------------
 AA :6...16          ( 2.00    -1.2819)  ( 2.00    -1.0034)  ( 2.00    -0.8141)  ( 2.00    -0.7609)
                     ( 2.00    -0.6899)  ( 2.00    -0.4946)  ( 2.00    -0.4166)  ( 2.00    -0.4057)
                     ( 2.00    -0.2173)  ( 2.00    -0.0448)  ( 0.00    -0.0425)
 AAA :1...7          ( 2.00    -1.9493)  ( 2.00    -1.9435)  ( 2.00    -0.8231)  ( 2.00    -0.5206)
                     ( 2.00    -0.4975)  ( 2.00    -0.3890)  ( 0.00     0.0116)

 CYCLE   27
  SDIIS (wt  1.000): -0.0007  0.0066 -0.0027  0.0025 -0.0082 -0.0147 -0.0464  0.0884  0.4137  0.5616
  DIIS coefficients: -0.0007  0.0066 -0.0027  0.0025 -0.0082 -0.0147 -0.0464  0.0884  0.4137  0.5616
 SCF Error: norm([F,P])=      0.000111043941, max([F,P])=      0.000024638873
 orbitals (Q,E):
 ---------------
 AA :6...16          ( 2.00    -1.2819)  ( 2.00    -1.0034)  ( 2.00    -0.8141)  ( 2.00    -0.7609)
                     ( 2.00    -0.6899)  ( 2.00    -0.4946)  ( 2.00    -0.4166)  ( 2.00    -0.4057)
                     ( 2.00    -0.2173)  ( 2.00    -0.0448)  ( 0.00    -0.0425)
 AAA :1...7          ( 2.00    -1.9493)  ( 2.00    -1.9435)  ( 2.00    -0.8231)  ( 2.00    -0.5206)
                     ( 2.00    -0.4975)  ( 2.00    -0.3890)  ( 0.00     0.0116)

 CYCLE   28
  SDIIS (wt  1.000): -0.0002  0.0005  0.0024 -0.0005  0.0013 -0.0152 -0.0182  0.0122  0.0162  1.0014
  DIIS coefficients: -0.0002  0.0005  0.0024 -0.0005  0.0013 -0.0152 -0.0182  0.0122  0.0162  1.0014
 SCF Error: norm([F,P])=      0.000098384538, max([F,P])=      0.000021910167
 orbitals (Q,E):
 ---------------
 AA :6...16          ( 2.00    -1.2819)  ( 2.00    -1.0034)  ( 2.00    -0.8141)  ( 2.00    -0.7609)
                     ( 2.00    -0.6899)  ( 2.00    -0.4946)  ( 2.00    -0.4166)  ( 2.00    -0.4057)
                     ( 2.00    -0.2173)  ( 2.00    -0.0448)  ( 0.00    -0.0425)
 AAA :1...7          ( 2.00    -1.9493)  ( 2.00    -1.9435)  ( 2.00    -0.8231)  ( 2.00    -0.5206)
                     ( 2.00    -0.4975)  ( 2.00    -0.3890)  ( 0.00     0.0116)

 CYCLE   29
  SDIIS (wt  1.000):  0.0001  0.0010 -0.0006 -0.0003 -0.0009 -0.0053 -0.0098 -0.0319  0.3323  0.7153
  DIIS coefficients:  0.0001  0.0010 -0.0006 -0.0003 -0.0009 -0.0053 -0.0098 -0.0319  0.3323  0.7153
 SCF Error: norm([F,P])=      0.000016040995, max([F,P])=      0.000003597780
 orbitals (Q,E):
 ---------------
 AA :6...16          ( 2.00    -1.2819)  ( 2.00    -1.0034)  ( 2.00    -0.8141)  ( 2.00    -0.7609)
                     ( 2.00    -0.6899)  ( 2.00    -0.4946)  ( 2.00    -0.4166)  ( 2.00    -0.4057)
                     ( 2.00    -0.2173)  ( 2.00    -0.0448)  ( 0.00    -0.0425)
 AAA :1...7          ( 2.00    -1.9493)  ( 2.00    -1.9435)  ( 2.00    -0.8231)  ( 2.00    -0.5206)
                     ( 2.00    -0.4975)  ( 2.00    -0.3890)  ( 0.00     0.0116)

 CYCLE   30
  SDIIS (wt  1.000): -0.0000 -0.0000 -0.0001  0.0009 -0.0002 -0.0055 -0.0124 -0.0066  0.0938  0.9301
  DIIS coefficients: -0.0000 -0.0000 -0.0001  0.0009 -0.0002 -0.0055 -0.0124 -0.0066  0.0938  0.9301
 SCF Error: norm([F,P])=      0.000000494320, max([F,P])=      0.000000115775
 orbitals (Q,E):
 ---------------
 AA :6...16          ( 2.00    -1.2819)  ( 2.00    -1.0034)  ( 2.00    -0.8141)  ( 2.00    -0.7609)
                     ( 2.00    -0.6899)  ( 2.00    -0.4946)  ( 2.00    -0.4166)  ( 2.00    -0.4057)
                     ( 2.00    -0.2173)  ( 2.00    -0.0448)  ( 0.00    -0.0425)
 AAA :1...7          ( 2.00    -1.9493)  ( 2.00    -1.9435)  ( 2.00    -0.8231)  ( 2.00    -0.5206)
                     ( 2.00    -0.4975)  ( 2.00    -0.3890)  ( 0.00     0.0116)

 SCF CONVERGED
 cosmo_calcen: 0.5 (esolb+esolc) (Hartrees) =   -0.012367

 Solvation energy (screening term,uncorrected) =     -7.760394 kcal/mol

 Solvation energy (dispersion and cavitation terms) =      0.496341 kcal/mol
 Solvation Energy Contributions (Hartrees)
          esola   esolb+esolc
     0.01236697   -0.02473395
 esol last cycle   -0.01236697

 CYCLE   31
 *** Using FIT density in Focky
  SDIIS (wt  1.000): -0.0000 -0.0000  0.0001 -0.0001  0.0000 -0.0006  0.0019  0.0118  0.0151  0.9718
  DIIS coefficients: -0.0000 -0.0000  0.0001 -0.0001  0.0000 -0.0006  0.0019  0.0118  0.0151  0.9718
 SCF Error: norm([F,P])=      0.000000210058, max([F,P])=      0.000000046053
 orbitals (Q,E):
 ---------------
 AA :6...25          ( 2.00    -1.2819)  ( 2.00    -1.0034)  ( 2.00    -0.8141)  ( 2.00    -0.7609)
                     ( 2.00    -0.6899)  ( 2.00    -0.4946)  ( 2.00    -0.4166)  ( 2.00    -0.4057)
                     ( 2.00    -0.2173)  ( 2.00    -0.0448)  ( 0.00    -0.0425)  ( 0.00     0.0186)
                     ( 0.00     0.0412)  ( 0.00     0.0644)  ( 0.00     0.0960)  ( 0.00     0.1796)
                     ( 0.00     0.2508)  ( 0.00     0.3411)  ( 0.00     0.3793)  ( 0.00     0.4153)
 AAA :1...16         ( 2.00    -1.9493)  ( 2.00    -1.9435)  ( 2.00    -0.8231)  ( 2.00    -0.5206)
                     ( 2.00    -0.4975)  ( 2.00    -0.3890)  ( 0.00     0.0116)  ( 0.00     0.1725)
                     ( 0.00     0.3079)  ( 0.00     0.3245)  ( 0.00     0.4538)  ( 0.00     0.4747)
                     ( 0.00     0.5460)  ( 0.00     0.6195)  ( 0.00     0.6246)  ( 0.00     0.9812)
 cosmo_calcen: 0.5 (esolb+esolc) (Hartrees) =   -0.012367

 Solvation energy (screening term,uncorrected) =     -7.760395 kcal/mol

 Solvation energy (dispersion and cavitation terms) =      0.496341 kcal/mol
 Solvation Energy Contributions (Hartrees)
          esola   esolb+esolc
     0.01236698   -0.02473395
 esol last cycle   -0.01236698


 Fit test: (difference of exact and fit density, squared integrated, result summed over spins)
         SCF:                                          0.00034307233715

 Gross Charges per Atom (Z minus electrons)
 ==========================================
             4.1936   -0.8566   -0.7630   -1.0200   -1.5438   -0.0542   -0.2180    0.2619
 Net Total: -0.00000000



 =================================================================
 M U L T I P O L E   D E R I V E D   C H A R G E   A N A L Y S I S
 =================================================================

 See: M. Swart, P.Th. van Duijnen, J.G. Snijders, J.Comput.Chem., (2001), p. 79-88.

 --------------------------------------- 
 Multipole derived atomic charges (a.u.)
 --------------------------------------- 

        Atom    Level:     MDC-m        MDC-d        MDC-q
 ---------------------------------------------------------
     1     As           3.445317     3.323344     1.286056
     2     O           -0.678082    -0.800905    -1.058576
     3     O           -0.737786    -0.833489    -0.341473
     4     O           -0.651922    -0.767354    -1.018311
     5     O           -1.015790    -0.944529    -0.250601
     6     H           -0.111723     0.061588     0.450851
     7     H           -0.178132    -0.184596    -0.032225
     8     H           -0.071882     0.145940     0.964279
 *** Using NEW gradient routines ***


 Geometry CYCLE 1
 ==============

 Energy gradients wrt nuclear displacements
 ==========================================

     Atom      Cartesian (a.u./angstrom)
                 X         Y         Z
 ----------------------------------------
     1 As   -0.167403  0.481278  0.000000
     2 O    -6.221200 -5.808586  0.000000
     3 O     6.263038  5.757725  0.000000
     4 O     5.730063 -6.042212  0.000000
     5 O    -4.577751  7.848433  0.000000
     6 H    -2.242660  1.076405  0.000000
     7 H     2.254551 -1.076219  0.000000
     8 H    -1.038637 -2.236823  0.000000
 ----------------------------------------
 
----------------------------------------------------------------------
Geometry Convergence after Step   1       (Hartree/Angstrom,Angstrom)
----------------------------------------------------------------------
current energy                                6.77269878 Hartree
energy change                       6.77269878     0.00100000    F
constrained gradient max            7.84843254     0.00100000    F
constrained gradient rms            3.62564310     0.00066667    F
gradient max                        7.84843254
gradient rms                        3.62564310
cart. step max                      0.07134506     0.01000000    F
cart. step rms                      0.03652472     0.00666667    F
 


 Coordinates (Cartesian)
 =======================

     Atom                    bohr                                 angstrom                 Geometric Variables
                   X           Y           Z              X           Y           Z       (0:frozen, *:LT par.)
 --------------------------------------------------------------------------------------------------------------
     1 As      6.430251   -0.517050    0.000000       3.402742   -0.273611    0.000000      1       2       3
     2 O       8.157053    0.489553    0.000000       4.316527    0.259060    0.000000      4       5       6
     3 O       4.680216   -1.530065    0.000000       2.476664   -0.809676    0.000000      7       8       9
     4 O       5.419100    1.204781    0.000000       2.867664    0.637543    0.000000     10      11      12
     5 O       7.478714   -2.278717    0.000000       3.957565   -1.205845    0.000000     13      14      15
     6 H       9.209062   -0.152057    0.000000       4.873226   -0.080465    0.000000     16      17      18
     7 H       3.647011   -0.875765    0.000000       1.929915   -0.463435    0.000000     19      20      21
     8 H       6.065070    2.251663    0.000000       3.209497    1.191529    0.000000     22      23      24
 --------------------------------------------------------------------------------------------------------------

 Number of elements of the density matrix on this node (used, total):      1035      9730



 ===========================================
 Numerical Integration : Fuzzy Cells (Becke)
 ===========================================
  
 Becke grid quality: GOOD           
  
 Lebedev angular grid order:             min:  11 max:  35
 Nr. of radial points:                   min:  54 max:  80

 Total nr. of points:     113088
 Nr. of blocks:              884
 Block length:               128
 Nr. of dummy points:         64


 Test of Precision of the Numerical Integration Grid
 ===================================================

 Integral of the Total Core Density:                  26.00022301503817
 Relative Error:                                       8.578E-06


 -------------------------------------------
  COSMO surface
  Area             =          274.303
  Volume           =          400.873
  Number of Points =          748
 -------------------------------------------



 ========================
 Density Fitting (zlmFit)
 ========================
  
 ZlmFit Fit Quality: GOOD           
  
 Max L-expansion:                        min:   7 max:   9
 Nr. of radial interpolation points:     min:  72 max: 132



 =====
 S C F  ***  ScaSCF  ***
 =====
  
 Initial density matrix is taken from previous geometry

 CYCLE    1
 SCF Error: norm([F,P])=      1.090740901757, max([F,P])=      0.132880345902
 orbitals (Q,E):
 ---------------
 AA :6...25          ( 2.00    -0.7396)  ( 2.00    -0.4959)  ( 2.00    -0.3538)  ( 2.00    -0.2699)
                     ( 2.00    -0.1902)  ( 2.00    -0.0436)  ( 2.00     0.0217)  ( 2.00     0.0711)
                     ( 2.00     0.1509)  ( 2.00     0.2030)  ( 0.00     0.2183)  ( 0.00     0.2693)
                     ( 0.00     0.2823)  ( 0.00     0.3420)  ( 0.00     0.3666)  ( 0.00     0.3860)
                     ( 0.00     0.5362)  ( 0.00     0.5917)  ( 0.00     0.6738)  ( 0.00     0.6791)
 AAA :1...16         ( 2.00    -1.1899)  ( 2.00    -1.1852)  ( 2.00    -0.2971)  ( 2.00    -0.0418)
                     ( 2.00    -0.0041)  ( 2.00     0.1237)  ( 0.00     0.2194)  ( 0.00     0.5139)
                     ( 0.00     0.6121)  ( 0.00     0.6218)  ( 0.00     0.7954)  ( 0.00     0.8106)
                     ( 0.00     0.8618)  ( 0.00     0.9402)  ( 0.00     0.9611)  ( 0.00     1.3217)

 CYCLE    2
  SDIIS (wt  0.000):  0.8048  0.1952
 A-DIIS (wt  1.000):  0.9724  0.0276
  DIIS coefficients:  0.9724  0.0276
 SCF Error: norm([F,P])=      3.670098220156, max([F,P])=      0.774095377474
 orbitals (Q,E):
 ---------------
 AA :6...16          ( 2.00    -0.7786)  ( 2.00    -0.5351)  ( 2.00    -0.3839)  ( 2.00    -0.3029)
                     ( 2.00    -0.2275)  ( 2.00    -0.0789)  ( 2.00    -0.0095)  ( 2.00     0.0371)
                     ( 2.00     0.1426)  ( 2.00     0.1943)  ( 0.00     0.2104)
 AAA :1...7          ( 2.00    -1.2456)  ( 2.00    -1.2409)  ( 2.00    -0.3292)  ( 2.00    -0.0724)
                     ( 2.00    -0.0375)  ( 2.00     0.0833)  ( 0.00     0.2127)

 CYCLE    3
  SDIIS (wt  0.000):  0.7751 -0.1362  0.3611
 A-DIIS (wt  1.000):  0.9691  0.0000  0.0309
  DIIS coefficients:  0.9691  0.0000  0.0309
 SCF Error: norm([F,P])=      3.314808302563, max([F,P])=      0.656340285856
 orbitals (Q,E):
 ---------------
 AA :6...16          ( 2.00    -0.7804)  ( 2.00    -0.5368)  ( 2.00    -0.3858)  ( 2.00    -0.3048)
                     ( 2.00    -0.2294)  ( 2.00    -0.0805)  ( 2.00    -0.0112)  ( 2.00     0.0355)
                     ( 2.00     0.1419)  ( 2.00     0.1935)  ( 0.00     0.2097)
 AAA :1...7          ( 2.00    -1.2483)  ( 2.00    -1.2436)  ( 2.00    -0.3310)  ( 2.00    -0.0743)
                     ( 2.00    -0.0392)  ( 2.00     0.0818)  ( 0.00     0.2120)

 CYCLE    4
  SDIIS (wt  0.000): -2.0000  0.0000  3.0000
 A-DIIS (wt  1.000):  0.0000  0.0000  1.0000
  DIIS coefficients:  0.0000  0.0000  1.0000
 SCF Error: norm([F,P])=      3.303780177192, max([F,P])=      0.654190635129
 orbitals (Q,E):
 ---------------
 AA :6...16          ( 2.00    -2.1495)  ( 2.00    -1.7520)  ( 2.00    -1.6454)  ( 2.00    -1.5144)
                     ( 2.00    -1.4802)  ( 2.00    -1.3883)  ( 2.00    -1.3476)  ( 2.00    -1.1769)
                     ( 2.00    -1.0641)  ( 2.00    -0.9494)  ( 0.00    -0.4831)
 AAA :1...7          ( 2.00    -3.1046)  ( 2.00    -3.1006)  ( 2.00    -1.6562)  ( 2.00    -1.3749)
                     ( 2.00    -1.2616)  ( 2.00    -1.0766)  ( 0.00    -0.4940)

 CYCLE    5
  SDIIS (wt  0.000): -0.9185  3.0000 -1.4196  0.3381
 A-DIIS (wt  1.000):  0.0000  0.0000  0.5544  0.4456
  DIIS coefficients:  0.0000  0.0000  0.5544  0.4456
 SCF Error: norm([F,P])=      5.270861912313, max([F,P])=      1.254793837061
 orbitals (Q,E):
 ---------------
 AA :6...16          ( 2.00    -1.3228)  ( 2.00    -1.0647)  ( 2.00    -0.8601)  ( 2.00    -0.8261)
                     ( 2.00    -0.7549)  ( 2.00    -0.5897)  ( 2.00    -0.4957)  ( 2.00    -0.4898)
                     ( 2.00    -0.3397)  ( 2.00    -0.1896)  ( 0.00    -0.0470)
 AAA :1...7          ( 2.00    -1.8279)  ( 2.00    -1.8220)  ( 2.00    -0.8325)  ( 2.00    -0.5737)
                     ( 2.00    -0.5378)  ( 2.00    -0.4583)  ( 0.00     0.0322)

 CYCLE    6
  SDIIS (wt  0.000): -0.0402  1.1283 -0.9211  0.0001  0.8329
 A-DIIS (wt  1.000):  0.0000  0.0000  0.1046  0.0000  0.8954
  DIIS coefficients:  0.0000  0.0000  0.1046  0.0000  0.8954
 SCF Error: norm([F,P])=      0.780559602333, max([F,P])=      0.150029160848
 orbitals (Q,E):
 ---------------
 AA :6...16          ( 2.00    -1.0621)  ( 2.00    -0.8093)  ( 2.00    -0.6530)  ( 2.00    -0.5870)
                     ( 2.00    -0.5110)  ( 2.00    -0.3408)  ( 2.00    -0.2737)  ( 2.00    -0.2519)
                     ( 2.00    -0.0637)  ( 2.00     0.0087)  ( 0.00     0.0441)
 AAA :1...7          ( 2.00    -1.5742)  ( 2.00    -1.5669)  ( 2.00    -0.6108)  ( 2.00    -0.3463)
                     ( 2.00    -0.3311)  ( 2.00    -0.1950)  ( 0.00     0.0653)

 CYCLE    7
  SDIIS (wt  0.000):  0.0517 -1.6480  1.5959  0.0334  0.6247  0.3422
 A-DIIS (wt  1.000):  0.0000  0.0000  0.0000  0.0000  0.7153  0.2847
  DIIS coefficients:  0.0000  0.0000  0.0000  0.0000  0.7153  0.2847
 SCF Error: norm([F,P])=      1.733332198817, max([F,P])=      0.289224308534
 orbitals (Q,E):
 ---------------
 AA :6...16          ( 2.00    -1.1318)  ( 2.00    -0.8741)  ( 2.00    -0.7098)  ( 2.00    -0.6485)
                     ( 2.00    -0.5734)  ( 2.00    -0.3996)  ( 2.00    -0.3301)  ( 2.00    -0.3059)
                     ( 2.00    -0.1228)  ( 2.00    -0.0312)  ( 0.00    -0.0078)
 AAA :1...7          ( 2.00    -1.7061)  ( 2.00    -1.6992)  ( 2.00    -0.6690)  ( 2.00    -0.4095)
                     ( 2.00    -0.3841)  ( 2.00    -0.2578)  ( 0.00     0.0518)

 CYCLE    8
  SDIIS (wt  0.000): -0.0427  2.0309 -2.0000 -0.0021  0.3707  0.1844  0.4587
 A-DIIS (wt  1.000):  0.0000  0.0000  0.0000  0.0000  0.0000  0.0095  0.9905
  DIIS coefficients:  0.0000  0.0000  0.0000  0.0000  0.0000  0.0095  0.9905
 SCF Error: norm([F,P])=      0.433560375606, max([F,P])=      0.119874527994
 orbitals (Q,E):
 ---------------
 AA :6...16          ( 2.00    -1.1267)  ( 2.00    -0.8748)  ( 2.00    -0.6936)  ( 2.00    -0.6442)
                     ( 2.00    -0.5749)  ( 2.00    -0.4162)  ( 2.00    -0.3311)  ( 2.00    -0.3267)
                     ( 2.00    -0.1580)  ( 2.00    -0.0085)  ( 0.00    -0.0019)
 AAA :1...7          ( 2.00    -1.5634)  ( 2.00    -1.5562)  ( 2.00    -0.6593)  ( 2.00    -0.3995)
                     ( 2.00    -0.3769)  ( 2.00    -0.2837)  ( 0.00     0.0512)

 CYCLE    9
  SDIIS (wt  0.000):  0.0479 -1.5100  1.4596 -0.0069  0.2130 -0.0308  0.6440  0.1832
 A-DIIS (wt  1.000):  0.0000  0.0000  0.0000  0.0000  0.0000  0.0000  0.9456  0.0544
  DIIS coefficients:  0.0000  0.0000  0.0000  0.0000  0.0000  0.0000  0.9456  0.0544
 SCF Error: norm([F,P])=      1.701391967271, max([F,P])=      0.447028063003
 orbitals (Q,E):
 ---------------
 AA :6...16          ( 2.00    -1.1436)  ( 2.00    -0.8896)  ( 2.00    -0.7087)  ( 2.00    -0.6593)
                     ( 2.00    -0.5900)  ( 2.00    -0.4279)  ( 2.00    -0.3446)  ( 2.00    -0.3387)
                     ( 2.00    -0.1693)  ( 2.00    -0.0227)  ( 0.00    -0.0115)
 AAA :1...7          ( 2.00    -1.6051)  ( 2.00    -1.5980)  ( 2.00    -0.6740)  ( 2.00    -0.4145)
                     ( 2.00    -0.3918)  ( 2.00    -0.2957)  ( 0.00     0.0488)

 CYCLE   10
  SDIIS (wt  0.059):  0.0575 -1.8605  1.8024 -0.0089 -0.0321  0.0067  0.5047  0.0019  0.5284
 A-DIIS (wt  0.941):  0.0000  0.0000  0.0000  0.0000  0.0000  0.0000  0.5500  0.0084  0.4416
  DIIS coefficients:  0.0034 -0.1100  0.1066 -0.0005 -0.0019  0.0004  0.5473  0.0080  0.4467
 SCF Error: norm([F,P])=      0.416292069741, max([F,P])=      0.094145954456
 orbitals (Q,E):
 ---------------
 AA :6...16          ( 2.00    -1.1183)  ( 2.00    -0.8645)  ( 2.00    -0.6968)  ( 2.00    -0.6403)
                     ( 2.00    -0.5663)  ( 2.00    -0.3982)  ( 2.00    -0.3236)  ( 2.00    -0.3069)
                     ( 2.00    -0.1266)  ( 2.00    -0.0072)  ( 0.00    -0.0063)
 AAA :1...7          ( 2.00    -1.6209)  ( 2.00    -1.6131)  ( 2.00    -0.6578)  ( 2.00    -0.3979)
                     ( 2.00    -0.3764)  ( 2.00    -0.2568)  ( 0.00     0.0533)

 CYCLE   11
  SDIIS (wt  0.000):  0.0437 -1.4577  1.4131 -0.0079 -0.0306 -0.0068  0.4943 -0.0220  0.5248  0.0491
 A-DIIS (wt  1.000):  0.0000  0.0000  0.0000  0.0000  0.0000  0.0000  0.5397  0.0000  0.4361  0.0243
  DIIS coefficients:  0.0000  0.0000  0.0000  0.0000  0.0000  0.0000  0.5397  0.0000  0.4361  0.0243
 SCF Error: norm([F,P])=      1.322078365033, max([F,P])=      0.294753063253
 orbitals (Q,E):
 ---------------
 AA :6...16          ( 2.00    -1.1238)  ( 2.00    -0.8695)  ( 2.00    -0.7009)  ( 2.00    -0.6448)
                     ( 2.00    -0.5712)  ( 2.00    -0.4028)  ( 2.00    -0.3279)  ( 2.00    -0.3116)
                     ( 2.00    -0.1319)  ( 2.00    -0.0122)  ( 0.00    -0.0081)
 AAA :1...7          ( 2.00    -1.6303)  ( 2.00    -1.6225)  ( 2.00    -0.6621)  ( 2.00    -0.4024)
                     ( 2.00    -0.3805)  ( 2.00    -0.2620)  ( 0.00     0.0525)

 CYCLE   12
  SDIIS (wt  0.747):  0.1027 -0.1041  0.0006 -0.0048  0.0053  0.2934  0.0000  0.2647 -0.0063  0.4486
 A-DIIS (wt  0.253):  0.0000  0.0000  0.0000  0.0000  0.0000  0.0000  0.0000  0.0000  0.0000  1.0000
  DIIS coefficients:  0.0767 -0.0778  0.0004 -0.0036  0.0040  0.2191  0.0000  0.1977 -0.0047  0.5882
 SCF Error: norm([F,P])=      0.115205440543, max([F,P])=      0.026071416790
 orbitals (Q,E):
 ---------------
 AA :6...16          ( 2.00    -1.1338)  ( 2.00    -0.8779)  ( 2.00    -0.7052)  ( 2.00    -0.6498)
                     ( 2.00    -0.5793)  ( 2.00    -0.4114)  ( 2.00    -0.3346)  ( 2.00    -0.3184)
                     ( 2.00    -0.1439)  ( 2.00    -0.0244)  ( 0.00    -0.0094)
 AAA :1...7          ( 2.00    -1.6536)  ( 2.00    -1.6462)  ( 2.00    -0.6686)  ( 2.00    -0.4081)
                     ( 2.00    -0.3861)  ( 2.00    -0.2741)  ( 0.00     0.0520)

 CYCLE   13
  SDIIS (wt  0.894): -0.0006  0.0001 -0.0022  0.0026  0.0588  0.0005  0.0431 -0.0038  0.3678  0.5336
 A-DIIS (wt  0.106):  0.0000  0.0000  0.0000  0.0000  0.0000  0.0000  0.0000  0.0000  0.2987  0.7013
  DIIS coefficients: -0.0005  0.0001 -0.0020  0.0023  0.0526  0.0004  0.0386 -0.0034  0.3605  0.5513
 SCF Error: norm([F,P])=      0.059266148368, max([F,P])=      0.011457483761
 orbitals (Q,E):
 ---------------
 AA :6...16          ( 2.00    -1.1297)  ( 2.00    -0.8746)  ( 2.00    -0.7035)  ( 2.00    -0.6479)
                     ( 2.00    -0.5759)  ( 2.00    -0.4075)  ( 2.00    -0.3316)  ( 2.00    -0.3158)
                     ( 2.00    -0.1386)  ( 2.00    -0.0198)  ( 0.00    -0.0088)
 AAA :1...7          ( 2.00    -1.6457)  ( 2.00    -1.6380)  ( 2.00    -0.6660)  ( 2.00    -0.4059)
                     ( 2.00    -0.3838)  ( 2.00    -0.2689)  ( 0.00     0.0525)

 CYCLE   14
  SDIIS (wt  0.995): -0.0000  0.0004 -0.0000  0.0088  0.0002  0.0034 -0.0007  0.1446  0.3041  0.5390
 A-DIIS (wt  0.005):  0.0000  0.0000  0.0000  0.0000  0.0000  0.0000  0.0000  0.0000  0.0000  1.0000
  DIIS coefficients: -0.0000  0.0004 -0.0000  0.0088  0.0002  0.0034 -0.0007  0.1439  0.3026  0.5413
 SCF Error: norm([F,P])=      0.007433704240, max([F,P])=      0.001493795318
 orbitals (Q,E):
 ---------------
 AA :6...16          ( 2.00    -1.1303)  ( 2.00    -0.8751)  ( 2.00    -0.7040)  ( 2.00    -0.6482)
                     ( 2.00    -0.5763)  ( 2.00    -0.4081)  ( 2.00    -0.3321)  ( 2.00    -0.3160)
                     ( 2.00    -0.1393)  ( 2.00    -0.0203)  ( 0.00    -0.0089)
 AAA :1...7          ( 2.00    -1.6463)  ( 2.00    -1.6387)  ( 2.00    -0.6664)  ( 2.00    -0.4063)
                     ( 2.00    -0.3842)  ( 2.00    -0.2696)  ( 0.00     0.0524)

 CYCLE   15
  SDIIS (wt  1.000):  0.0004  0.0000 -0.0015  0.0000 -0.0016  0.0000  0.0061  0.0496  0.1864  0.7606
  DIIS coefficients:  0.0004  0.0000 -0.0015  0.0000 -0.0016  0.0000  0.0061  0.0496  0.1864  0.7606
 SCF Error: norm([F,P])=      0.001341657159, max([F,P])=      0.000240878171
 orbitals (Q,E):
 ---------------
 AA :6...16          ( 2.00    -1.1304)  ( 2.00    -0.8752)  ( 2.00    -0.7040)  ( 2.00    -0.6483)
                     ( 2.00    -0.5764)  ( 2.00    -0.4082)  ( 2.00    -0.3322)  ( 2.00    -0.3161)
                     ( 2.00    -0.1394)  ( 2.00    -0.0205)  ( 0.00    -0.0089)
 AAA :1...7          ( 2.00    -1.6465)  ( 2.00    -1.6389)  ( 2.00    -0.6665)  ( 2.00    -0.4063)
                     ( 2.00    -0.3842)  ( 2.00    -0.2697)  ( 0.00     0.0524)

 CYCLE   16
  SDIIS (wt  1.000): -0.0000 -0.0009 -0.0001 -0.0005  0.0001 -0.0088 -0.0093  0.0035  0.1913  0.8246
  DIIS coefficients: -0.0000 -0.0009 -0.0001 -0.0005  0.0001 -0.0088 -0.0093  0.0035  0.1913  0.8246
 SCF Error: norm([F,P])=      0.000180520700, max([F,P])=      0.000027806180
 orbitals (Q,E):
 ---------------
 AA :6...16          ( 2.00    -1.1304)  ( 2.00    -0.8752)  ( 2.00    -0.7040)  ( 2.00    -0.6483)
                     ( 2.00    -0.5764)  ( 2.00    -0.4082)  ( 2.00    -0.3322)  ( 2.00    -0.3161)
                     ( 2.00    -0.1394)  ( 2.00    -0.0205)  ( 0.00    -0.0089)
 AAA :1...7          ( 2.00    -1.6465)  ( 2.00    -1.6389)  ( 2.00    -0.6665)  ( 2.00    -0.4063)
                     ( 2.00    -0.3843)  ( 2.00    -0.2697)  ( 0.00     0.0524)

 CYCLE   17
  SDIIS (wt  1.000): -0.0004 -0.0000 -0.0002  0.0001 -0.0063 -0.0138 -0.0293 -0.0134  0.3762  0.6871
  DIIS coefficients: -0.0004 -0.0000 -0.0002  0.0001 -0.0063 -0.0138 -0.0293 -0.0134  0.3762  0.6871
 SCF Error: norm([F,P])=      0.000120257216, max([F,P])=      0.000017591210
 orbitals (Q,E):
 ---------------
 AA :6...16          ( 2.00    -1.1304)  ( 2.00    -0.8752)  ( 2.00    -0.7040)  ( 2.00    -0.6483)
                     ( 2.00    -0.5764)  ( 2.00    -0.4082)  ( 2.00    -0.3322)  ( 2.00    -0.3161)
                     ( 2.00    -0.1394)  ( 2.00    -0.0205)  ( 0.00    -0.0089)
 AAA :1...7          ( 2.00    -1.6466)  ( 2.00    -1.6389)  ( 2.00    -0.6665)  ( 2.00    -0.4063)
                     ( 2.00    -0.3843)  ( 2.00    -0.2697)  ( 0.00     0.0524)

 CYCLE   18
  SDIIS (wt  1.000): -0.0000 -0.0001  0.0000 -0.0017 -0.0067 -0.0206 -0.0806 -0.1509  0.3373  0.9232
  DIIS coefficients: -0.0000 -0.0001  0.0000 -0.0017 -0.0067 -0.0206 -0.0806 -0.1509  0.3373  0.9232
 SCF Error: norm([F,P])=      0.000074497514, max([F,P])=      0.000013466381
 orbitals (Q,E):
 ---------------
 AA :6...16          ( 2.00    -1.1304)  ( 2.00    -0.8752)  ( 2.00    -0.7040)  ( 2.00    -0.6483)
                     ( 2.00    -0.5764)  ( 2.00    -0.4083)  ( 2.00    -0.3322)  ( 2.00    -0.3161)
                     ( 2.00    -0.1394)  ( 2.00    -0.0205)  ( 0.00    -0.0089)
 AAA :1...7          ( 2.00    -1.6466)  ( 2.00    -1.6390)  ( 2.00    -0.6665)  ( 2.00    -0.4063)
                     ( 2.00    -0.3843)  ( 2.00    -0.2697)  ( 0.00     0.0524)

 CYCLE   19
  SDIIS (wt  1.000): -0.0000  0.0000 -0.0003 -0.0008 -0.0033 -0.0142 -0.0458  0.0597  0.1373  0.8673
  DIIS coefficients: -0.0000  0.0000 -0.0003 -0.0008 -0.0033 -0.0142 -0.0458  0.0597  0.1373  0.8673
 SCF Error: norm([F,P])=      0.000021599576, max([F,P])=      0.000004207926
 orbitals (Q,E):
 ---------------
 AA :6...16          ( 2.00    -1.1304)  ( 2.00    -0.8752)  ( 2.00    -0.7040)  ( 2.00    -0.6483)
                     ( 2.00    -0.5764)  ( 2.00    -0.4083)  ( 2.00    -0.3322)  ( 2.00    -0.3161)
                     ( 2.00    -0.1394)  ( 2.00    -0.0205)  ( 0.00    -0.0089)
 AAA :1...7          ( 2.00    -1.6466)  ( 2.00    -1.6390)  ( 2.00    -0.6665)  ( 2.00    -0.4063)
                     ( 2.00    -0.3843)  ( 2.00    -0.2697)  ( 0.00     0.0524)

 CYCLE   20
  SDIIS (wt  1.000):  0.0000  0.0000  0.0001  0.0006  0.0013 -0.0018 -0.0000 -0.0223  0.1159  0.9063
  DIIS coefficients:  0.0000  0.0000  0.0001  0.0006  0.0013 -0.0018 -0.0000 -0.0223  0.1159  0.9063
 SCF Error: norm([F,P])=      0.000004348120, max([F,P])=      0.000000800233
 orbitals (Q,E):
 ---------------
 AA :6...16          ( 2.00    -1.1304)  ( 2.00    -0.8752)  ( 2.00    -0.7040)  ( 2.00    -0.6483)
                     ( 2.00    -0.5764)  ( 2.00    -0.4083)  ( 2.00    -0.3322)  ( 2.00    -0.3161)
                     ( 2.00    -0.1394)  ( 2.00    -0.0205)  ( 0.00    -0.0089)
 AAA :1...7          ( 2.00    -1.6466)  ( 2.00    -1.6390)  ( 2.00    -0.6665)  ( 2.00    -0.4063)
                     ( 2.00    -0.3843)  ( 2.00    -0.2697)  ( 0.00     0.0524)

 SCF CONVERGED
 cosmo_calcen: 0.5 (esolb+esolc) (Hartrees) =   -0.040079

 Solvation energy (screening term,uncorrected) =    -25.149919 kcal/mol

 Solvation energy (dispersion and cavitation terms) =      0.512925 kcal/mol
 Solvation Energy Contributions (Hartrees)
          esola   esolb+esolc
     0.04007894   -0.08015789
 esol last cycle   -0.04007894

 CYCLE   21
 *** Using FIT density in Focky
  SDIIS (wt  1.000):  0.0000  0.0001  0.0003  0.0005 -0.0006 -0.0003 -0.0101  0.0453  0.3495  0.6153
  DIIS coefficients:  0.0000  0.0001  0.0003  0.0005 -0.0006 -0.0003 -0.0101  0.0453  0.3495  0.6153
 SCF Error: norm([F,P])=      0.000001332551, max([F,P])=      0.000000231250
 orbitals (Q,E):
 ---------------
 AA :6...25          ( 2.00    -1.1304)  ( 2.00    -0.8752)  ( 2.00    -0.7040)  ( 2.00    -0.6483)
                     ( 2.00    -0.5764)  ( 2.00    -0.4083)  ( 2.00    -0.3322)  ( 2.00    -0.3161)
                     ( 2.00    -0.1394)  ( 2.00    -0.0205)  ( 0.00    -0.0089)  ( 0.00     0.0431)
                     ( 0.00     0.0526)  ( 0.00     0.1043)  ( 0.00     0.1123)  ( 0.00     0.1997)
                     ( 0.00     0.2823)  ( 0.00     0.3714)  ( 0.00     0.4151)  ( 0.00     0.4428)
 AAA :1...16         ( 2.00    -1.6466)  ( 2.00    -1.6390)  ( 2.00    -0.6665)  ( 2.00    -0.4063)
                     ( 2.00    -0.3843)  ( 2.00    -0.2697)  ( 0.00     0.0524)  ( 0.00     0.2102)
                     ( 0.00     0.3579)  ( 0.00     0.3673)  ( 0.00     0.5205)  ( 0.00     0.5333)
                     ( 0.00     0.5834)  ( 0.00     0.6411)  ( 0.00     0.6579)  ( 0.00     1.0257)
 cosmo_calcen: 0.5 (esolb+esolc) (Hartrees) =   -0.040079

 Solvation energy (screening term,uncorrected) =    -25.149924 kcal/mol

 Solvation energy (dispersion and cavitation terms) =      0.512925 kcal/mol
 Solvation Energy Contributions (Hartrees)
          esola   esolb+esolc
     0.04007895   -0.08015790
 esol last cycle   -0.04007895


 Fit test: (difference of exact and fit density, squared integrated, result summed over spins)
         SCF:                                          0.00022611052418

 Gross Charges per Atom (Z minus electrons)
 ==========================================
             3.7569   -0.9858   -0.8236   -1.0017   -1.5423    0.1699    0.2771    0.1495
 Net Total:  0.00000000



 =================================================================
 M U L T I P O L E   D E R I V E D   C H A R G E   A N A L Y S I S
 =================================================================

 See: M. Swart, P.Th. van Duijnen, J.G. Snijders, J.Comput.Chem., (2001), p. 79-88.

 --------------------------------------- 
 Multipole derived atomic charges (a.u.)
 --------------------------------------- 

        Atom    Level:     MDC-m        MDC-d        MDC-q
 ---------------------------------------------------------
     1     As           3.302859     3.097887     3.882141
     2     O           -0.614129    -0.654054    -1.008129
     3     O           -0.632276    -0.946918    -1.127389
     4     O           -0.576843    -0.650459    -0.920314
     5     O           -1.251386    -1.463102    -1.756415
     6     H           -0.076770     0.187993     0.392250
     7     H           -0.080868     0.293277     0.374938
     8     H           -0.070587     0.135376     0.162919
 *** Using NEW gradient routines ***


 Geometry CYCLE 2
 ==============

 Energy gradients wrt nuclear displacements
 ==========================================

     Atom      Cartesian (a.u./angstrom)
                 X         Y         Z
 ----------------------------------------
     1 As   -0.169396  1.327614  0.000000
     2 O    -4.890299 -4.697179  0.000000
     3 O     4.467521  4.459949  0.000000
     4 O     4.653995 -4.933464  0.000000
     5 O    -3.263513  5.671016  0.000000
     6 H    -1.731971  0.863802  0.000000
     7 H     1.799577 -0.925420  0.000000
     8 H    -0.865915 -1.766317  0.000000
 ----------------------------------------
 Rebuilding optimization coordinates (probably due to a linear angle)

 dE(predicted):    -0.26763E+01, dE(actual):    -0.24178E+01, Trust radius:    1.131371, all in a.u.
 
----------------------------------------------------------------------
Geometry Convergence after Step   2       (Hartree/Angstrom,Angstrom)
----------------------------------------------------------------------
current energy                                4.35493334 Hartree
energy change                      -2.41776544     0.00100000    F
constrained gradient max            5.67101601     0.00100000    F
constrained gradient rms            2.79984946     0.00066667    F
gradient max                        5.67101601
gradient rms                        2.79984946
cart. step max                      0.15219289     0.01000000    F
cart. step rms                      0.07734881     0.00666667    F
 


 Coordinates (Cartesian)
 =======================

     Atom                    bohr                                 angstrom                 Geometric Variables
                   X           Y           Z              X           Y           Z       (0:frozen, *:LT par.)
 --------------------------------------------------------------------------------------------------------------
     1 As      6.429479   -0.606886    0.000000       3.402334   -0.321150    0.000000      1       2       3
     2 O       8.389155    0.612988    0.000000       4.439350    0.324379    0.000000      4       5       6
     3 O       4.513917   -1.723082    0.000000       2.388662   -0.911816    0.000000      7       8       9
     4 O       5.241441    1.417456    0.000000       2.773651    0.750085    0.000000     10      11      12
     5 O       7.602325   -2.517811    0.000000       4.022977   -1.332368    0.000000     13      14      15
     6 H       9.496665   -0.182612    0.000000       5.025419   -0.096634    0.000000     16      17      18
     7 H       3.376378   -0.909604    0.000000       1.786702   -0.481341    0.000000     19      20      21
     8 H       6.037118    2.501895    0.000000       3.194705    1.323946    0.000000     22      23      24
 --------------------------------------------------------------------------------------------------------------

 Number of elements of the density matrix on this node (used, total):      1035      9730



 ===========================================
 Numerical Integration : Fuzzy Cells (Becke)
 ===========================================
  
 Becke grid quality: GOOD           
  
 Lebedev angular grid order:             min:  11 max:  35
 Nr. of radial points:                   min:  54 max:  80

 Total nr. of points:     113138
 Nr. of blocks:              884
 Block length:               128
 Nr. of dummy points:         14


 Test of Precision of the Numerical Integration Grid
 ===================================================

 Integral of the Total Core Density:                  26.00009934549552
 Relative Error:                                       3.821E-06


 -------------------------------------------
  COSMO surface
  Area             =          297.292
  Volume           =          444.122
  Number of Points =          786
 -------------------------------------------



 ========================
 Density Fitting (zlmFit)
 ========================
  
 ZlmFit Fit Quality: GOOD           
  
 Max L-expansion:                        min:   7 max:   9
 Nr. of radial interpolation points:     min:  72 max: 132



 =====
 S C F  ***  ScaSCF  ***
 =====
  
 Initial density matrix is taken from previous geometry

 CYCLE    1
 SCF Error: norm([F,P])=      1.787112953875, max([F,P])=      0.211018622715
 orbitals (Q,E):
 ---------------
 AA :6...25          ( 2.00    -0.2047)  ( 2.00    -0.0273)  ( 2.00     0.1534)  ( 2.00     0.2302)
                     ( 2.00     0.2435)  ( 2.00     0.3315)  ( 2.00     0.3495)  ( 2.00     0.3749)
                     ( 2.00     0.4116)  ( 2.00     0.4436)  ( 0.00     0.4760)  ( 0.00     0.5212)
                     ( 0.00     0.5731)  ( 0.00     0.6370)  ( 0.00     0.6512)  ( 0.00     0.6866)
                     ( 0.00     0.8590)  ( 0.00     0.8786)  ( 0.00     0.9466)  ( 0.00     0.9588)
 AAA :1...16         ( 2.00    -0.4462)  ( 2.00    -0.4354)  ( 2.00     0.2120)  ( 2.00     0.4002)
                     ( 2.00     0.4383)  ( 2.00     0.4492)  ( 0.00     0.5362)  ( 0.00     0.8090)
                     ( 0.00     0.9462)  ( 0.00     0.9801)  ( 0.00     1.1241)  ( 0.00     1.1616)
                     ( 0.00     1.2037)  ( 0.00     1.2249)  ( 0.00     1.2591)  ( 0.00     1.5496)

 CYCLE    2
  SDIIS (wt  0.000):  0.8384  0.1616
 A-DIIS (wt  1.000):  0.9057  0.0943
  DIIS coefficients:  0.9057  0.0943
 SCF Error: norm([F,P])=      7.039470718658, max([F,P])=      1.069627621313
 orbitals (Q,E):
 ---------------
 AA :6...16          ( 2.00    -0.4720)  ( 2.00    -0.2842)  ( 2.00    -0.0788)  ( 2.00    -0.0177)
                     ( 2.00     0.0097)  ( 2.00     0.1411)  ( 2.00     0.2164)  ( 2.00     0.2251)
                     ( 2.00     0.3071)  ( 2.00     0.3440)  ( 0.00     0.3694)
 AAA :1...7          ( 2.00    -0.8205)  ( 2.00    -0.8133)  ( 2.00     0.0014)  ( 2.00     0.1924)
                     ( 2.00     0.2204)  ( 2.00     0.2947)  ( 0.00     0.3927)

 CYCLE    3
  SDIIS (wt  0.000):  0.6970 -0.0045  0.3075
 A-DIIS (wt  1.000):  0.7903  0.0000  0.2097
  DIIS coefficients:  0.7903  0.0000  0.2097
 SCF Error: norm([F,P])=      3.677504514558, max([F,P])=      0.607087889904
 orbitals (Q,E):
 ---------------
 AA :6...16          ( 2.00    -0.5778)  ( 2.00    -0.3879)  ( 2.00    -0.1751)  ( 2.00    -0.1240)
                     ( 2.00    -0.0881)  ( 2.00     0.0370)  ( 2.00     0.1242)  ( 2.00     0.1387)
                     ( 2.00     0.2513)  ( 2.00     0.2792)  ( 0.00     0.3033)
 AAA :1...7          ( 2.00    -0.9862)  ( 2.00    -0.9788)  ( 2.00    -0.0934)  ( 2.00     0.0953)
                     ( 2.00     0.1278)  ( 2.00     0.1943)  ( 0.00     0.3456)

 CYCLE    4
  SDIIS (wt  0.000): -0.1221 -0.9559  2.0780
 A-DIIS (wt  1.000):  0.0000  0.0000  1.0000
  DIIS coefficients:  0.0000  0.0000  1.0000
 SCF Error: norm([F,P])=      2.489537025683, max([F,P])=      0.380185661547
 orbitals (Q,E):
 ---------------
 AA :6...16          ( 2.00    -1.7718)  ( 2.00    -1.4871)  ( 2.00    -1.2643)  ( 2.00    -1.2216)
                     ( 2.00    -1.1646)  ( 2.00    -1.0132)  ( 2.00    -0.9277)  ( 2.00    -0.8966)
                     ( 2.00    -0.8207)  ( 2.00    -0.7860)  ( 0.00    -0.3205)
 AAA :1...7          ( 2.00    -2.5960)  ( 2.00    -2.5901)  ( 2.00    -1.1479)  ( 2.00    -0.9870)
                     ( 2.00    -0.9377)  ( 2.00    -0.8523)  ( 0.00    -0.3501)

 CYCLE    5
  SDIIS (wt  0.000): -0.0254 -0.2287  0.9122  0.3419
 A-DIIS (wt  1.000):  0.0000  0.0000  0.5378  0.4622
  DIIS coefficients:  0.0000  0.0000  0.5378  0.4622
 SCF Error: norm([F,P])=      3.723565182855, max([F,P])=      0.687312780621
 orbitals (Q,E):
 ---------------
 AA :6...16          ( 2.00    -1.1684)  ( 2.00    -0.9422)  ( 2.00    -0.7660)  ( 2.00    -0.7072)
                     ( 2.00    -0.6509)  ( 2.00    -0.4856)  ( 2.00    -0.4276)  ( 2.00    -0.4149)
                     ( 2.00    -0.2478)  ( 2.00    -0.2311)  ( 0.00    -0.0310)
 AAA :1...7          ( 2.00    -1.6590)  ( 2.00    -1.6514)  ( 2.00    -0.6497)  ( 2.00    -0.4634)
                     ( 2.00    -0.4381)  ( 2.00    -0.3218)  ( 0.00     0.0428)

 CYCLE    6
  SDIIS (wt  0.496):  0.0026 -0.0557  0.2079  0.0466  0.7985
 A-DIIS (wt  0.504):  0.0000  0.0000  0.0000  0.0000  1.0000
  DIIS coefficients:  0.0013 -0.0276  0.1030  0.0231  0.9002
 SCF Error: norm([F,P])=      0.349971831049, max([F,P])=      0.050942971556
 orbitals (Q,E):
 ---------------
 AA :6...16          ( 2.00    -1.0447)  ( 2.00    -0.8277)  ( 2.00    -0.6355)  ( 2.00    -0.5741)
                     ( 2.00    -0.5392)  ( 2.00    -0.3813)  ( 2.00    -0.3155)  ( 2.00    -0.3086)
                     ( 2.00    -0.1581)  ( 2.00    -0.1312)  ( 0.00    -0.0016)
 AAA :1...7          ( 2.00    -1.4968)  ( 2.00    -1.4910)  ( 2.00    -0.5321)  ( 2.00    -0.3437)
                     ( 2.00    -0.3255)  ( 2.00    -0.2366)  ( 0.00     0.0650)

 CYCLE    7
  SDIIS (wt  0.580):  0.0010  0.0088  0.0038  0.0224  0.3780  0.5859
 A-DIIS (wt  0.420):  0.0000  0.0000  0.0000  0.0000  0.2686  0.7314
  DIIS coefficients:  0.0006  0.0051  0.0022  0.0130  0.3321  0.6470
 SCF Error: norm([F,P])=      0.261577479414, max([F,P])=      0.042580147188
 orbitals (Q,E):
 ---------------
 AA :6...16          ( 2.00    -1.0713)  ( 2.00    -0.8510)  ( 2.00    -0.6701)  ( 2.00    -0.6136)
                     ( 2.00    -0.5667)  ( 2.00    -0.4050)  ( 2.00    -0.3447)  ( 2.00    -0.3353)
                     ( 2.00    -0.1695)  ( 2.00    -0.1513)  ( 0.00    -0.0083)
 AAA :1...7          ( 2.00    -1.5424)  ( 2.00    -1.5346)  ( 2.00    -0.5631)  ( 2.00    -0.3820)
                     ( 2.00    -0.3550)  ( 2.00    -0.2492)  ( 0.00     0.0602)

 CYCLE    8
  SDIIS (wt  0.773):  0.0003 -0.0003  0.0001  0.0103  0.1317  0.4060  0.4519
 A-DIIS (wt  0.227):  0.0000  0.0000  0.0000  0.0000  0.0000  0.1490  0.8510
  DIIS coefficients:  0.0002 -0.0002  0.0001  0.0080  0.1019  0.3478  0.5423
 SCF Error: norm([F,P])=      0.121364815026, max([F,P])=      0.023424707010
 orbitals (Q,E):
 ---------------
 AA :6...16          ( 2.00    -1.0721)  ( 2.00    -0.8510)  ( 2.00    -0.6642)  ( 2.00    -0.6052)
                     ( 2.00    -0.5642)  ( 2.00    -0.4015)  ( 2.00    -0.3412)  ( 2.00    -0.3321)
                     ( 2.00    -0.1760)  ( 2.00    -0.1542)  ( 0.00    -0.0083)
 AAA :1...7          ( 2.00    -1.5404)  ( 2.00    -1.5338)  ( 2.00    -0.5594)  ( 2.00    -0.3727)
                     ( 2.00    -0.3518)  ( 2.00    -0.2545)  ( 0.00     0.0599)

 CYCLE    9
  SDIIS (wt  0.927):  0.0000 -0.0001  0.0000  0.0020  0.0319  0.1204  0.3058  0.5400
 A-DIIS (wt  0.073):  0.0000  0.0000  0.0000  0.0000  0.0000  0.0000  0.0982  0.9018
  DIIS coefficients:  0.0000 -0.0001  0.0000  0.0018  0.0296  0.1116  0.2907  0.5663
 SCF Error: norm([F,P])=      0.039021758784, max([F,P])=      0.008202437155
 orbitals (Q,E):
 ---------------
 AA :6...16          ( 2.00    -1.0707)  ( 2.00    -0.8505)  ( 2.00    -0.6648)  ( 2.00    -0.6067)
                     ( 2.00    -0.5639)  ( 2.00    -0.4018)  ( 2.00    -0.3407)  ( 2.00    -0.3322)
                     ( 2.00    -0.1733)  ( 2.00    -0.1528)  ( 0.00    -0.0084)
 AAA :1...7          ( 2.00    -1.5410)  ( 2.00    -1.5341)  ( 2.00    -0.5595)  ( 2.00    -0.3745)
                     ( 2.00    -0.3511)  ( 2.00    -0.2524)  ( 0.00     0.0599)

 CYCLE   10
  SDIIS (wt  0.994): -0.0000 -0.0001  0.0000  0.0004  0.0063  0.0307  0.1219  0.3283  0.5124
 A-DIIS (wt  0.006):  0.0000  0.0000  0.0000  0.0000  0.0000  0.0000  0.0000  0.0000  1.0000
  DIIS coefficients: -0.0000 -0.0001  0.0000  0.0004  0.0063  0.0306  0.1212  0.3265  0.5152
 SCF Error: norm([F,P])=      0.007184878693, max([F,P])=      0.001559256260
 orbitals (Q,E):
 ---------------
 AA :6...16          ( 2.00    -1.0712)  ( 2.00    -0.8508)  ( 2.00    -0.6652)  ( 2.00    -0.6068)
                     ( 2.00    -0.5642)  ( 2.00    -0.4021)  ( 2.00    -0.3413)  ( 2.00    -0.3325)
                     ( 2.00    -0.1739)  ( 2.00    -0.1532)  ( 0.00    -0.0085)
 AAA :1...7          ( 2.00    -1.5407)  ( 2.00    -1.5339)  ( 2.00    -0.5597)  ( 2.00    -0.3745)
                     ( 2.00    -0.3516)  ( 2.00    -0.2528)  ( 0.00     0.0598)

 CYCLE   11
  SDIIS (wt  1.000): -0.0000  0.0000 -0.0000  0.0001  0.0008  0.0025  0.0189  0.0734  0.1558  0.7486
  DIIS coefficients: -0.0000  0.0000 -0.0000  0.0001  0.0008  0.0025  0.0189  0.0734  0.1558  0.7486
 SCF Error: norm([F,P])=      0.000747600897, max([F,P])=      0.000114406667
 orbitals (Q,E):
 ---------------
 AA :6...16          ( 2.00    -1.0712)  ( 2.00    -0.8508)  ( 2.00    -0.6652)  ( 2.00    -0.6069)
                     ( 2.00    -0.5643)  ( 2.00    -0.4021)  ( 2.00    -0.3413)  ( 2.00    -0.3326)
                     ( 2.00    -0.1740)  ( 2.00    -0.1533)  ( 0.00    -0.0085)
 AAA :1...7          ( 2.00    -1.5408)  ( 2.00    -1.5340)  ( 2.00    -0.5597)  ( 2.00    -0.3746)
                     ( 2.00    -0.3517)  ( 2.00    -0.2529)  ( 0.00     0.0598)

 CYCLE   12
  SDIIS (wt  1.000): -0.0000 -0.0000  0.0000  0.0003  0.0001  0.0048  0.0256  0.0630  0.4314  0.4749
  DIIS coefficients: -0.0000 -0.0000  0.0000  0.0003  0.0001  0.0048  0.0256  0.0630  0.4314  0.4749
 SCF Error: norm([F,P])=      0.000319809470, max([F,P])=      0.000072022188
 orbitals (Q,E):
 ---------------
 AA :6...16          ( 2.00    -1.0712)  ( 2.00    -0.8508)  ( 2.00    -0.6652)  ( 2.00    -0.6069)
                     ( 2.00    -0.5643)  ( 2.00    -0.4022)  ( 2.00    -0.3413)  ( 2.00    -0.3325)
                     ( 2.00    -0.1740)  ( 2.00    -0.1533)  ( 0.00    -0.0085)
 AAA :1...7          ( 2.00    -1.5408)  ( 2.00    -1.5340)  ( 2.00    -0.5597)  ( 2.00    -0.3746)
                     ( 2.00    -0.3517)  ( 2.00    -0.2529)  ( 0.00     0.0598)

 CYCLE   13
  SDIIS (wt  1.000): -0.0000  0.0000  0.0000 -0.0003 -0.0003  0.0024  0.0098  0.0834  0.1490  0.7560
  DIIS coefficients: -0.0000  0.0000  0.0000 -0.0003 -0.0003  0.0024  0.0098  0.0834  0.1490  0.7560
 SCF Error: norm([F,P])=      0.000044442047, max([F,P])=      0.000010002725
 orbitals (Q,E):
 ---------------
 AA :6...16          ( 2.00    -1.0712)  ( 2.00    -0.8509)  ( 2.00    -0.6652)  ( 2.00    -0.6069)
                     ( 2.00    -0.5643)  ( 2.00    -0.4022)  ( 2.00    -0.3413)  ( 2.00    -0.3325)
                     ( 2.00    -0.1740)  ( 2.00    -0.1533)  ( 0.00    -0.0085)
 AAA :1...7          ( 2.00    -1.5408)  ( 2.00    -1.5340)  ( 2.00    -0.5597)  ( 2.00    -0.3746)
                     ( 2.00    -0.3517)  ( 2.00    -0.2529)  ( 0.00     0.0598)

 CYCLE   14
  SDIIS (wt  1.000):  0.0000  0.0000 -0.0001 -0.0002  0.0007  0.0035  0.0294  0.0610  0.3813  0.5245
  DIIS coefficients:  0.0000  0.0000 -0.0001 -0.0002  0.0007  0.0035  0.0294  0.0610  0.3813  0.5245
 SCF Error: norm([F,P])=      0.000014416074, max([F,P])=      0.000002225898
 orbitals (Q,E):
 ---------------
 AA :6...16          ( 2.00    -1.0712)  ( 2.00    -0.8509)  ( 2.00    -0.6652)  ( 2.00    -0.6069)
                     ( 2.00    -0.5643)  ( 2.00    -0.4022)  ( 2.00    -0.3413)  ( 2.00    -0.3325)
                     ( 2.00    -0.1740)  ( 2.00    -0.1533)  ( 0.00    -0.0085)
 AAA :1...7          ( 2.00    -1.5408)  ( 2.00    -1.5340)  ( 2.00    -0.5597)  ( 2.00    -0.3746)
                     ( 2.00    -0.3517)  ( 2.00    -0.2529)  ( 0.00     0.0598)

 CYCLE   15
  SDIIS (wt  1.000): -0.0000 -0.0000 -0.0002 -0.0003 -0.0002 -0.0012  0.0034  0.0668  0.2633  0.6684
  DIIS coefficients: -0.0000 -0.0000 -0.0002 -0.0003 -0.0002 -0.0012  0.0034  0.0668  0.2633  0.6684
 SCF Error: norm([F,P])=      0.000004860200, max([F,P])=      0.000000767019
 orbitals (Q,E):
 ---------------
 AA :6...16          ( 2.00    -1.0712)  ( 2.00    -0.8509)  ( 2.00    -0.6652)  ( 2.00    -0.6069)
                     ( 2.00    -0.5643)  ( 2.00    -0.4022)  ( 2.00    -0.3413)  ( 2.00    -0.3325)
                     ( 2.00    -0.1740)  ( 2.00    -0.1533)  ( 0.00    -0.0085)
 AAA :1...7          ( 2.00    -1.5408)  ( 2.00    -1.5340)  ( 2.00    -0.5597)  ( 2.00    -0.3746)
                     ( 2.00    -0.3517)  ( 2.00    -0.2529)  ( 0.00     0.0598)

 SCF CONVERGED
 cosmo_calcen: 0.5 (esolb+esolc) (Hartrees) =   -0.032769

 Solvation energy (screening term,uncorrected) =    -20.562899 kcal/mol

 Solvation energy (dispersion and cavitation terms) =      0.555913 kcal/mol
 Solvation Energy Contributions (Hartrees)
          esola   esolb+esolc
     0.03276906   -0.06553812
 esol last cycle   -0.03276906

 CYCLE   16
 *** Using FIT density in Focky
  SDIIS (wt  1.000): -0.0000 -0.0000  0.0000  0.0001  0.0002  0.0008  0.0108  0.0543  0.1770  0.7568
  DIIS coefficients: -0.0000 -0.0000  0.0000  0.0001  0.0002  0.0008  0.0108  0.0543  0.1770  0.7568
 SCF Error: norm([F,P])=      0.000000744922, max([F,P])=      0.000000134060
 orbitals (Q,E):
 ---------------
 AA :6...25          ( 2.00    -1.0712)  ( 2.00    -0.8509)  ( 2.00    -0.6652)  ( 2.00    -0.6069)
                     ( 2.00    -0.5643)  ( 2.00    -0.4022)  ( 2.00    -0.3413)  ( 2.00    -0.3325)
                     ( 2.00    -0.1740)  ( 2.00    -0.1533)  ( 0.00    -0.0085)  ( 0.00     0.0473)
                     ( 0.00     0.0592)  ( 0.00     0.1011)  ( 0.00     0.1108)  ( 0.00     0.1963)
                     ( 0.00     0.2860)  ( 0.00     0.3341)  ( 0.00     0.3851)  ( 0.00     0.4334)
 AAA :1...16         ( 2.00    -1.5408)  ( 2.00    -1.5340)  ( 2.00    -0.5597)  ( 2.00    -0.3746)
                     ( 2.00    -0.3517)  ( 2.00    -0.2529)  ( 0.00     0.0598)  ( 0.00     0.1465)
                     ( 0.00     0.3702)  ( 0.00     0.3827)  ( 0.00     0.5224)  ( 0.00     0.5618)
                     ( 0.00     0.5783)  ( 0.00     0.5855)  ( 0.00     0.5966)  ( 0.00     0.9478)
 cosmo_calcen: 0.5 (esolb+esolc) (Hartrees) =   -0.032769

 Solvation energy (screening term,uncorrected) =    -20.562897 kcal/mol

 Solvation energy (dispersion and cavitation terms) =      0.555913 kcal/mol
 Solvation Energy Contributions (Hartrees)
          esola   esolb+esolc
     0.03276906   -0.06553812
 esol last cycle   -0.03276906


 Fit test: (difference of exact and fit density, squared integrated, result summed over spins)
         SCF:                                          0.00012235273589

 Gross Charges per Atom (Z minus electrons)
 ==========================================
             3.3932   -0.8908   -0.9040   -0.8749   -1.3934    0.1876    0.2776    0.2047
 Net Total: -0.00000000



 =================================================================
 M U L T I P O L E   D E R I V E D   C H A R G E   A N A L Y S I S
 =================================================================

 See: M. Swart, P.Th. van Duijnen, J.G. Snijders, J.Comput.Chem., (2001), p. 79-88.

 --------------------------------------- 
 Multipole derived atomic charges (a.u.)
 --------------------------------------- 

        Atom    Level:     MDC-m        MDC-d        MDC-q
 ---------------------------------------------------------
     1     As           3.013042     2.635390     2.840941
     2     O           -0.594157    -0.701136    -0.942461
     3     O           -0.623925    -0.858836    -0.930588
     4     O           -0.540515    -0.677919    -0.953576
     5     O           -1.178660    -1.245357    -1.333828
     6     H           -0.033442     0.259918     0.434570
     7     H           -0.019754     0.333038     0.448576
     8     H           -0.022590     0.254902     0.436366
 *** Using NEW gradient routines ***


 Geometry CYCLE 3
 ==============

 Energy gradients wrt nuclear displacements
 ==========================================

     Atom      Cartesian (a.u./angstrom)
                 X         Y         Z
 ----------------------------------------
     1 As   -0.346119 -0.722194  0.000000
     2 O    -1.878873 -2.376496  0.000000
     3 O     2.803921  2.456569  0.000000
     4 O     2.115674 -1.617220  0.000000
     5 O    -1.957330  3.202126  0.000000
     6 H    -0.971630  0.582627  0.000000
     7 H     0.872211 -0.467029  0.000000
     8 H    -0.637853 -1.058385  0.000000
 ----------------------------------------

 dE(predicted):    -0.32422E+01, dE(actual):    -0.31889E+01, Trust radius:    2.262742, all in a.u.
 
----------------------------------------------------------------------
Geometry Convergence after Step   3       (Hartree/Angstrom,Angstrom)
----------------------------------------------------------------------
current energy                                1.16607965 Hartree
energy change                      -3.18885369     0.00100000    F
constrained gradient max            3.20212613     0.00100000    F
constrained gradient rms            1.42421936     0.00066667    F
gradient max                        3.20212613
gradient rms                        1.42421936
cart. step max                      0.16968256     0.01000000    F
cart. step rms                      0.08409955     0.00666667    F
 


 Coordinates (Cartesian)
 =======================

     Atom                    bohr                                 angstrom                 Geometric Variables
                   X           Y           Z              X           Y           Z       (0:frozen, *:LT par.)
 --------------------------------------------------------------------------------------------------------------
     1 As      6.458173   -0.681155    0.000000       3.417518   -0.360452    0.000000      1       2       3
     2 O       8.465234    0.867795    0.000000       4.479609    0.459217    0.000000      4       5       6
     3 O       4.370804   -2.043736    0.000000       2.312930   -1.081498    0.000000      7       8       9
     4 O       4.979302    1.456481    0.000000       2.634933    0.770737    0.000000     10      11      12
     5 O       7.732932   -2.621632    0.000000       4.092092   -1.387308    0.000000     13      14      15
     6 H       9.781712   -0.328225    0.000000       5.176259   -0.173689    0.000000     16      17      18
     7 H       3.087335   -0.856976    0.000000       1.633747   -0.453492    0.000000     19      20      21
     8 H       6.210985    2.799791    0.000000       3.286712    1.481585    0.000000     22      23      24
 --------------------------------------------------------------------------------------------------------------

 Number of elements of the density matrix on this node (used, total):      1035      9730



 ===========================================
 Numerical Integration : Fuzzy Cells (Becke)
 ===========================================
  
 Becke grid quality: GOOD           
  
 Lebedev angular grid order:             min:  11 max:  35
 Nr. of radial points:                   min:  54 max:  80

 Total nr. of points:     113150
 Nr. of blocks:              884
 Block length:               128
 Nr. of dummy points:          2


 Test of Precision of the Numerical Integration Grid
 ===================================================

 Integral of the Total Core Density:                  26.00007325316075
 Relative Error:                                       2.817E-06


 -------------------------------------------
  COSMO surface
  Area             =          318.510
  Volume           =          484.425
  Number of Points =          853
 -------------------------------------------



 ========================
 Density Fitting (zlmFit)
 ========================
  
 ZlmFit Fit Quality: GOOD           
  
 Max L-expansion:                        min:   7 max:   9
 Nr. of radial interpolation points:     min:  72 max: 132



 =====
 S C F  ***  ScaSCF  ***
 =====
  
 Initial density matrix is taken from previous geometry

 CYCLE    1
 SCF Error: norm([F,P])=      0.987143159566, max([F,P])=      0.118442364224
 orbitals (Q,E):
 ---------------
 AA :6...25          ( 2.00    -0.7890)  ( 2.00    -0.5950)  ( 2.00    -0.4088)  ( 2.00    -0.3761)
                     ( 2.00    -0.3004)  ( 2.00    -0.2141)  ( 2.00    -0.1657)  ( 2.00    -0.0979)
                     ( 2.00     0.0153)  ( 2.00     0.0352)  ( 0.00     0.0556)  ( 0.00     0.1134)
                     ( 0.00     0.1196)  ( 0.00     0.1948)  ( 0.00     0.2103)  ( 0.00     0.2625)
                     ( 0.00     0.2912)  ( 0.00     0.3764)  ( 0.00     0.4203)  ( 0.00     0.4547)
 AAA :1...16         ( 2.00    -1.2308)  ( 2.00    -1.2271)  ( 2.00    -0.3228)  ( 2.00    -0.1680)
                     ( 2.00    -0.1321)  ( 2.00    -0.0296)  ( 0.00     0.1367)  ( 0.00     0.2506)
                     ( 0.00     0.4851)  ( 0.00     0.4967)  ( 0.00     0.5928)  ( 0.00     0.6611)
                     ( 0.00     0.6777)  ( 0.00     0.7193)  ( 0.00     0.7353)  ( 0.00     0.9529)

 CYCLE    2
  SDIIS (wt  0.000):  0.6950  0.3050
 A-DIIS (wt  1.000):  0.9837  0.0163
  DIIS coefficients:  0.9837  0.0163
 SCF Error: norm([F,P])=      1.855223033161, max([F,P])=      0.345101880464
 orbitals (Q,E):
 ---------------
 AA :6...16          ( 2.00    -0.7987)  ( 2.00    -0.6046)  ( 2.00    -0.4146)  ( 2.00    -0.3826)
                     ( 2.00    -0.3091)  ( 2.00    -0.2217)  ( 2.00    -0.1727)  ( 2.00    -0.1071)
                     ( 2.00     0.0052)  ( 2.00     0.0264)  ( 0.00     0.0521)
 AAA :1...7          ( 2.00    -1.2428)  ( 2.00    -1.2391)  ( 2.00    -0.3291)  ( 2.00    -0.1740)
                     ( 2.00    -0.1401)  ( 2.00    -0.0397)  ( 0.00     0.1346)

 CYCLE    3
  SDIIS (wt  0.000):  0.5396 -1.3698  1.8303
 A-DIIS (wt  1.000):  0.9809  0.0000  0.0191
  DIIS coefficients:  0.9809  0.0000  0.0191
 SCF Error: norm([F,P])=      1.622945818519, max([F,P])=      0.277880114642
 orbitals (Q,E):
 ---------------
 AA :6...16          ( 2.00    -0.7993)  ( 2.00    -0.6049)  ( 2.00    -0.4151)  ( 2.00    -0.3832)
                     ( 2.00    -0.3097)  ( 2.00    -0.2221)  ( 2.00    -0.1732)  ( 2.00    -0.1078)
                     ( 2.00     0.0048)  ( 2.00     0.0262)  ( 0.00     0.0519)
 AAA :1...7          ( 2.00    -1.2438)  ( 2.00    -1.2400)  ( 2.00    -0.3295)  ( 2.00    -0.1745)
                     ( 2.00    -0.1408)  ( 2.00    -0.0400)  ( 0.00     0.1344)

 CYCLE    4
  SDIIS (wt  0.000): -2.0000  0.0000  3.0000
 A-DIIS (wt  1.000):  0.0000  0.0000  1.0000
  DIIS coefficients:  0.0000  0.0000  1.0000
 SCF Error: norm([F,P])=      1.618399496767, max([F,P])=      0.278539702151
 orbitals (Q,E):
 ---------------
 AA :6...16          ( 2.00    -1.3089)  ( 2.00    -1.0917)  ( 2.00    -0.8642)  ( 2.00    -0.7800)
                     ( 2.00    -0.7362)  ( 2.00    -0.7095)  ( 2.00    -0.6568)  ( 2.00    -0.6239)
                     ( 2.00    -0.5140)  ( 2.00    -0.4992)  ( 0.00    -0.1162)
 AAA :1...7          ( 2.00    -1.9117)  ( 2.00    -1.9066)  ( 2.00    -0.7781)  ( 2.00    -0.6575)
                     ( 2.00    -0.5792)  ( 2.00    -0.4979)  ( 0.00    -0.1224)

 CYCLE    5
  SDIIS (wt  0.000): -1.2067 -1.1233  3.0000  0.3299
 A-DIIS (wt  1.000):  0.0000  0.0000  0.6240  0.3760
  DIIS coefficients:  0.0000  0.0000  0.6240  0.3760
 SCF Error: norm([F,P])=      2.439707389274, max([F,P])=      0.527128460241
 orbitals (Q,E):
 ---------------
 AA :6...16          ( 2.00    -1.0735)  ( 2.00    -0.8675)  ( 2.00    -0.6198)  ( 2.00    -0.6032)
                     ( 2.00    -0.5706)  ( 2.00    -0.4590)  ( 2.00    -0.3979)  ( 2.00    -0.3828)
                     ( 2.00    -0.2806)  ( 2.00    -0.2586)  ( 0.00    -0.0348)
 AAA :1...7          ( 2.00    -1.6149)  ( 2.00    -1.6132)  ( 2.00    -0.5470)  ( 2.00    -0.3965)
                     ( 2.00    -0.3730)  ( 2.00    -0.3135)  ( 0.00     0.0299)

 CYCLE    6
  SDIIS (wt  0.422): -0.4792 -2.0000  2.7416  0.0368  0.7008
 A-DIIS (wt  0.578):  0.0000  0.0000  0.0000  0.0000  1.0000
  DIIS coefficients: -0.2022 -0.8440  1.1570  0.0155  0.8737
 SCF Error: norm([F,P])=      0.353040723087, max([F,P])=      0.058220319914
 orbitals (Q,E):
 ---------------
 AA :6...16          ( 2.00    -0.9792)  ( 2.00    -0.7787)  ( 2.00    -0.5450)  ( 2.00    -0.5353)
                     ( 2.00    -0.4888)  ( 2.00    -0.3756)  ( 2.00    -0.3223)  ( 2.00    -0.3047)
                     ( 2.00    -0.1862)  ( 2.00    -0.1604)  ( 0.00    -0.0110)
 AAA :1...7          ( 2.00    -1.4608)  ( 2.00    -1.4592)  ( 2.00    -0.4698)  ( 2.00    -0.3157)
                     ( 2.00    -0.3015)  ( 2.00    -0.2264)  ( 0.00     0.0650)

 CYCLE    7
  SDIIS (wt  0.442): -0.0585  1.3651 -1.2806  0.0267  0.4459  0.5014
 A-DIIS (wt  0.558):  0.0000  0.0000  0.0000  0.0000  0.4742  0.5258
  DIIS coefficients: -0.0259  0.6036 -0.5662  0.0118  0.4617  0.5150
 SCF Error: norm([F,P])=      0.354019152675, max([F,P])=      0.056226021018
 orbitals (Q,E):
 ---------------
 AA :6...16          ( 2.00    -1.0173)  ( 2.00    -0.8158)  ( 2.00    -0.5735)  ( 2.00    -0.5631)
                     ( 2.00    -0.5205)  ( 2.00    -0.4115)  ( 2.00    -0.3521)  ( 2.00    -0.3333)
                     ( 2.00    -0.2262)  ( 2.00    -0.2007)  ( 0.00    -0.0188)
 AAA :1...7          ( 2.00    -1.5249)  ( 2.00    -1.5231)  ( 2.00    -0.5002)  ( 2.00    -0.3487)
                     ( 2.00    -0.3304)  ( 2.00    -0.2631)  ( 0.00     0.0548)

 CYCLE    8
  SDIIS (wt  0.933):  0.0113 -0.6014  0.5828  0.0075  0.1704  0.2635  0.5659
 A-DIIS (wt  0.067):  0.0000  0.0000  0.0000  0.0000  0.0000  0.0000  1.0000
  DIIS coefficients:  0.0106 -0.5611  0.5437  0.0070  0.1589  0.2459  0.5950
 SCF Error: norm([F,P])=      0.036595223400, max([F,P])=      0.007633825407
 orbitals (Q,E):
 ---------------
 AA :6...16          ( 2.00    -1.0169)  ( 2.00    -0.8143)  ( 2.00    -0.5723)  ( 2.00    -0.5633)
                     ( 2.00    -0.5202)  ( 2.00    -0.4081)  ( 2.00    -0.3514)  ( 2.00    -0.3342)
                     ( 2.00    -0.2248)  ( 2.00    -0.1981)  ( 0.00    -0.0188)
 AAA :1...7          ( 2.00    -1.5274)  ( 2.00    -1.5257)  ( 2.00    -0.5000)  ( 2.00    -0.3476)
                     ( 2.00    -0.3302)  ( 2.00    -0.2614)  ( 0.00     0.0551)

 CYCLE    9
  SDIIS (wt  0.983):  0.0066 -0.2807  0.2690  0.0031  0.0526  0.0960  0.3315  0.5218
 A-DIIS (wt  0.017):  0.0000  0.0000  0.0000  0.0000  0.0000  0.0000  0.0899  0.9101
  DIIS coefficients:  0.0065 -0.2759  0.2645  0.0030  0.0518  0.0944  0.3275  0.5283
 SCF Error: norm([F,P])=      0.013374600628, max([F,P])=      0.002663482453
 orbitals (Q,E):
 ---------------
 AA :6...16          ( 2.00    -1.0170)  ( 2.00    -0.8148)  ( 2.00    -0.5727)  ( 2.00    -0.5634)
                     ( 2.00    -0.5209)  ( 2.00    -0.4093)  ( 2.00    -0.3518)  ( 2.00    -0.3345)
                     ( 2.00    -0.2254)  ( 2.00    -0.1992)  ( 0.00    -0.0188)
 AAA :1...7          ( 2.00    -1.5262)  ( 2.00    -1.5245)  ( 2.00    -0.5003)  ( 2.00    -0.3484)
                     ( 2.00    -0.3302)  ( 2.00    -0.2622)  ( 0.00     0.0549)

 CYCLE   10
  SDIIS (wt  1.000):  0.0037  0.0187 -0.0249  0.0011  0.0130  0.0274  0.1148  0.2508  0.5955
  DIIS coefficients:  0.0037  0.0187 -0.0249  0.0011  0.0130  0.0274  0.1148  0.2508  0.5955
 SCF Error: norm([F,P])=      0.002771714903, max([F,P])=      0.000461619890
 orbitals (Q,E):
 ---------------
 AA :6...16          ( 2.00    -1.0172)  ( 2.00    -0.8149)  ( 2.00    -0.5728)  ( 2.00    -0.5635)
                     ( 2.00    -0.5208)  ( 2.00    -0.4093)  ( 2.00    -0.3519)  ( 2.00    -0.3346)
                     ( 2.00    -0.2255)  ( 2.00    -0.1993)  ( 0.00    -0.0189)
 AAA :1...7          ( 2.00    -1.5263)  ( 2.00    -1.5246)  ( 2.00    -0.5003)  ( 2.00    -0.3483)
                     ( 2.00    -0.3304)  ( 2.00    -0.2622)  ( 0.00     0.0549)

 CYCLE   11
  SDIIS (wt  1.000):  0.0017  0.0240 -0.0269  0.0005  0.0048  0.0107  0.0513  0.1234  0.3763  0.4343
  DIIS coefficients:  0.0017  0.0240 -0.0269  0.0005  0.0048  0.0107  0.0513  0.1234  0.3763  0.4343
 SCF Error: norm([F,P])=      0.001198745399, max([F,P])=      0.000270267535
 orbitals (Q,E):
 ---------------
 AA :6...16          ( 2.00    -1.0171)  ( 2.00    -0.8149)  ( 2.00    -0.5727)  ( 2.00    -0.5635)
                     ( 2.00    -0.5208)  ( 2.00    -0.4093)  ( 2.00    -0.3519)  ( 2.00    -0.3346)
                     ( 2.00    -0.2255)  ( 2.00    -0.1993)  ( 0.00    -0.0189)
 AAA :1...7          ( 2.00    -1.5263)  ( 2.00    -1.5246)  ( 2.00    -0.5003)  ( 2.00    -0.3483)
                     ( 2.00    -0.3303)  ( 2.00    -0.2622)  ( 0.00     0.0549)

 CYCLE   12
  SDIIS (wt  1.000):  0.0000 -0.0000  0.0000  0.0006  0.0003  0.0056  0.0153  0.0641  0.1811  0.7329
  DIIS coefficients:  0.0000 -0.0000  0.0000  0.0006  0.0003  0.0056  0.0153  0.0641  0.1811  0.7329
 SCF Error: norm([F,P])=      0.000240815355, max([F,P])=      0.000053908959
 orbitals (Q,E):
 ---------------
 AA :6...16          ( 2.00    -1.0172)  ( 2.00    -0.8149)  ( 2.00    -0.5727)  ( 2.00    -0.5635)
                     ( 2.00    -0.5208)  ( 2.00    -0.4093)  ( 2.00    -0.3519)  ( 2.00    -0.3346)
                     ( 2.00    -0.2255)  ( 2.00    -0.1993)  ( 0.00    -0.0189)
 AAA :1...7          ( 2.00    -1.5263)  ( 2.00    -1.5246)  ( 2.00    -0.5003)  ( 2.00    -0.3483)
                     ( 2.00    -0.3303)  ( 2.00    -0.2622)  ( 0.00     0.0549)

 CYCLE   13
  SDIIS (wt  1.000):  0.0000 -0.0000  0.0001 -0.0000  0.0010  0.0025  0.0124  0.0403  0.1659  0.7778
  DIIS coefficients:  0.0000 -0.0000  0.0001 -0.0000  0.0010  0.0025  0.0124  0.0403  0.1659  0.7778
 SCF Error: norm([F,P])=      0.000018704974, max([F,P])=      0.000003017663
 orbitals (Q,E):
 ---------------
 AA :6...16          ( 2.00    -1.0172)  ( 2.00    -0.8149)  ( 2.00    -0.5727)  ( 2.00    -0.5635)
                     ( 2.00    -0.5208)  ( 2.00    -0.4093)  ( 2.00    -0.3519)  ( 2.00    -0.3346)
                     ( 2.00    -0.2255)  ( 2.00    -0.1993)  ( 0.00    -0.0189)
 AAA :1...7          ( 2.00    -1.5263)  ( 2.00    -1.5247)  ( 2.00    -0.5003)  ( 2.00    -0.3483)
                     ( 2.00    -0.3303)  ( 2.00    -0.2622)  ( 0.00     0.0549)

 CYCLE   14
  SDIIS (wt  1.000): -0.0000  0.0000 -0.0000  0.0002  0.0003  0.0021  0.0067  0.0252  0.1889  0.7766
  DIIS coefficients: -0.0000  0.0000 -0.0000  0.0002  0.0003  0.0021  0.0067  0.0252  0.1889  0.7766
 SCF Error: norm([F,P])=      0.000002576163, max([F,P])=      0.000000411203
 orbitals (Q,E):
 ---------------
 AA :6...16          ( 2.00    -1.0172)  ( 2.00    -0.8149)  ( 2.00    -0.5727)  ( 2.00    -0.5635)
                     ( 2.00    -0.5208)  ( 2.00    -0.4093)  ( 2.00    -0.3519)  ( 2.00    -0.3346)
                     ( 2.00    -0.2255)  ( 2.00    -0.1993)  ( 0.00    -0.0189)
 AAA :1...7          ( 2.00    -1.5263)  ( 2.00    -1.5247)  ( 2.00    -0.5003)  ( 2.00    -0.3483)
                     ( 2.00    -0.3303)  ( 2.00    -0.2622)  ( 0.00     0.0549)

 SCF CONVERGED
 cosmo_calcen: 0.5 (esolb+esolc) (Hartrees) =   -0.026879

 Solvation energy (screening term,uncorrected) =    -16.866884 kcal/mol

 Solvation energy (dispersion and cavitation terms) =      0.595589 kcal/mol
 Solvation Energy Contributions (Hartrees)
          esola   esolb+esolc
     0.02687909   -0.05375817
 esol last cycle   -0.02687909

 CYCLE   15
 *** Using FIT density in Focky
  SDIIS (wt  1.000):  0.0000 -0.0000  0.0000 -0.0000  0.0001  0.0004  0.0011  0.0197  0.1612  0.8175
  DIIS coefficients:  0.0000 -0.0000  0.0000 -0.0000  0.0001  0.0004  0.0011  0.0197  0.1612  0.8175
 SCF Error: norm([F,P])=      0.000000318962, max([F,P])=      0.000000067637
 orbitals (Q,E):
 ---------------
 AA :6...25          ( 2.00    -1.0172)  ( 2.00    -0.8149)  ( 2.00    -0.5727)  ( 2.00    -0.5635)
                     ( 2.00    -0.5208)  ( 2.00    -0.4093)  ( 2.00    -0.3519)  ( 2.00    -0.3346)
                     ( 2.00    -0.2255)  ( 2.00    -0.1993)  ( 0.00    -0.0189)  ( 0.00     0.0418)
                     ( 0.00     0.0493)  ( 0.00     0.0788)  ( 0.00     0.1007)  ( 0.00     0.1831)
                     ( 0.00     0.1916)  ( 0.00     0.2671)  ( 0.00     0.2826)  ( 0.00     0.3471)
 AAA :1...16         ( 2.00    -1.5263)  ( 2.00    -1.5247)  ( 2.00    -0.5003)  ( 2.00    -0.3483)
                     ( 2.00    -0.3303)  ( 2.00    -0.2622)  ( 0.00     0.0549)  ( 0.00     0.1001)
                     ( 0.00     0.3653)  ( 0.00     0.3707)  ( 0.00     0.4740)  ( 0.00     0.5203)
                     ( 0.00     0.5390)  ( 0.00     0.5636)  ( 0.00     0.5763)  ( 0.00     0.8307)
 cosmo_calcen: 0.5 (esolb+esolc) (Hartrees) =   -0.026879

 Solvation energy (screening term,uncorrected) =    -16.866883 kcal/mol

 Solvation energy (dispersion and cavitation terms) =      0.595589 kcal/mol
 Solvation Energy Contributions (Hartrees)
          esola   esolb+esolc
     0.02687909   -0.05375817
 esol last cycle   -0.02687909


 Fit test: (difference of exact and fit density, squared integrated, result summed over spins)
         SCF:                                          0.00006584536087

 Gross Charges per Atom (Z minus electrons)
 ==========================================
             3.2059   -0.9233   -0.9251   -0.8957   -1.2798    0.2680    0.2730    0.2771
 Net Total: -0.00000000



 =================================================================
 M U L T I P O L E   D E R I V E D   C H A R G E   A N A L Y S I S
 =================================================================

 See: M. Swart, P.Th. van Duijnen, J.G. Snijders, J.Comput.Chem., (2001), p. 79-88.

 --------------------------------------- 
 Multipole derived atomic charges (a.u.)
 --------------------------------------- 

        Atom    Level:     MDC-m        MDC-d        MDC-q
 ---------------------------------------------------------
     1     As           2.824150     2.431953     2.299907
     2     O           -0.643086    -0.618731    -0.822613
     3     O           -0.669858    -0.799074    -0.800923
     4     O           -0.619869    -0.615068    -0.868298
     5     O           -1.102498    -1.102163    -1.086656
     6     H            0.066473     0.227547     0.405171
     7     H            0.051266     0.264658     0.418615
     8     H            0.093422     0.210878     0.454796
 *** Using NEW gradient routines ***


 Geometry CYCLE 4
 ==============

 Energy gradients wrt nuclear displacements
 ==========================================

     Atom      Cartesian (a.u./angstrom)
                 X         Y         Z
 ----------------------------------------
     1 As    0.463443 -0.973822  0.000000
     2 O    -1.347742 -1.072415  0.000000
     3 O     1.610912  1.011232  0.000000
     4 O     0.788876 -1.206149  0.000000
     5 O    -1.594744  2.321665  0.000000
     6 H    -0.121080  0.010360  0.000000
     7 H     0.163199 -0.006137  0.000000
     8 H     0.037136 -0.084734  0.000000
 ----------------------------------------

 dE(predicted):    -0.11082E+01, dE(actual):    -0.14353E+01, Trust radius:    2.262742, all in a.u.
 
----------------------------------------------------------------------
Geometry Convergence after Step   4       (Hartree/Angstrom,Angstrom)
----------------------------------------------------------------------
current energy                               -0.26925047 Hartree
energy change                      -1.43533012     0.00100000    F
constrained gradient max            2.32166474     0.00100000    F
constrained gradient rms            0.86138633     0.00066667    F
gradient max                        2.32166474
gradient rms                        0.86138633
cart. step max                      0.24753563     0.01000000    F
cart. step rms                      0.08134277     0.00666667    F
 


 Coordinates (Cartesian)
 =======================

     Atom                    bohr                                 angstrom                 Geometric Variables
                   X           Y           Z              X           Y           Z       (0:frozen, *:LT par.)
 --------------------------------------------------------------------------------------------------------------
     1 As      6.377783   -0.645280    0.000000       3.374978   -0.341467    0.000000      1       2       3
     2 O       8.571055    1.040300    0.000000       4.535607    0.550503    0.000000      4       5       6
     3 O       4.272652   -2.187440    0.000000       2.260990   -1.157544    0.000000      7       8       9
     4 O       4.786083    1.692405    0.000000       2.532686    0.895582    0.000000     10      11      12
     5 O       8.111854   -3.089407    0.000000       4.292608   -1.634844    0.000000     13      14      15
     6 H       9.754848   -0.380079    0.000000       5.162043   -0.201129    0.000000     16      17      18
     7 H       3.025253   -0.726547    0.000000       1.600895   -0.384472    0.000000     19      20      21
     8 H       6.186950    2.888391    0.000000       3.273993    1.528471    0.000000     22      23      24
 --------------------------------------------------------------------------------------------------------------

 Number of elements of the density matrix on this node (used, total):      1035      9730



 ===========================================
 Numerical Integration : Fuzzy Cells (Becke)
 ===========================================
  
 Becke grid quality: GOOD           
  
 Lebedev angular grid order:             min:  11 max:  35
 Nr. of radial points:                   min:  54 max:  80

 Total nr. of points:     113180
 Nr. of blocks:              886
 Block length:               128
 Nr. of dummy points:        228


 Test of Precision of the Numerical Integration Grid
 ===================================================

 Integral of the Total Core Density:                  25.99997456008247
 Relative Error:                                      -9.785E-07


 -------------------------------------------
  COSMO surface
  Area             =          339.518
  Volume           =          524.879
  Number of Points =          892
 -------------------------------------------



 ========================
 Density Fitting (zlmFit)
 ========================
  
 ZlmFit Fit Quality: GOOD           
  
 Max L-expansion:                        min:   7 max:   9
 Nr. of radial interpolation points:     min:  72 max: 132



 =====
 S C F  ***  ScaSCF  ***
 =====
  
 Initial density matrix is taken from previous geometry

 CYCLE    1
 SCF Error: norm([F,P])=      0.846991081849, max([F,P])=      0.142265798602
 orbitals (Q,E):
 ---------------
 AA :6...25          ( 2.00    -0.7727)  ( 2.00    -0.5329)  ( 2.00    -0.4131)  ( 2.00    -0.3986)
                     ( 2.00    -0.3184)  ( 2.00    -0.2385)  ( 2.00    -0.1981)  ( 2.00    -0.1726)
                     ( 2.00    -0.0001)  ( 2.00     0.0558)  ( 0.00     0.0754)  ( 0.00     0.1183)
                     ( 0.00     0.1377)  ( 0.00     0.1720)  ( 0.00     0.2258)  ( 0.00     0.2547)
                     ( 0.00     0.2705)  ( 0.00     0.3624)  ( 0.00     0.3981)  ( 0.00     0.4244)
 AAA :1...16         ( 2.00    -1.3325)  ( 2.00    -1.3208)  ( 2.00    -0.3131)  ( 2.00    -0.1764)
                     ( 2.00    -0.1661)  ( 2.00     0.0199)  ( 0.00     0.1460)  ( 0.00     0.1723)
                     ( 0.00     0.4635)  ( 0.00     0.4910)  ( 0.00     0.5843)  ( 0.00     0.5963)
                     ( 0.00     0.6168)  ( 0.00     0.6770)  ( 0.00     0.7647)  ( 0.00     0.9020)

 CYCLE    2
  SDIIS (wt  0.000):  0.8060  0.1940
 A-DIIS (wt  1.000):  0.9931  0.0069
  DIIS coefficients:  0.9931  0.0069
 SCF Error: norm([F,P])=      2.512330444275, max([F,P])=      0.772401424974
 orbitals (Q,E):
 ---------------
 AA :6...16          ( 2.00    -0.7755)  ( 2.00    -0.5402)  ( 2.00    -0.4147)  ( 2.00    -0.4011)
                     ( 2.00    -0.3217)  ( 2.00    -0.2418)  ( 2.00    -0.2003)  ( 2.00    -0.1753)
                     ( 2.00    -0.0060)  ( 2.00     0.0535)  ( 0.00     0.0700)
 AAA :1...7          ( 2.00    -1.3356)  ( 2.00    -1.3240)  ( 2.00    -0.3148)  ( 2.00    -0.1786)
                     ( 2.00    -0.1680)  ( 2.00     0.0144)  ( 0.00     0.1431)

 CYCLE    3
  SDIIS (wt  0.000):  0.7897 -0.6410  0.8513
 A-DIIS (wt  1.000):  0.9927  0.0000  0.0073
  DIIS coefficients:  0.9927  0.0000  0.0073
 SCF Error: norm([F,P])=      2.453204586504, max([F,P])=      0.742561331798
 orbitals (Q,E):
 ---------------
 AA :6...16          ( 2.00    -0.7756)  ( 2.00    -0.5403)  ( 2.00    -0.4148)  ( 2.00    -0.4012)
                     ( 2.00    -0.3218)  ( 2.00    -0.2419)  ( 2.00    -0.2004)  ( 2.00    -0.1754)
                     ( 2.00    -0.0061)  ( 2.00     0.0535)  ( 0.00     0.0699)
 AAA :1...7          ( 2.00    -1.3357)  ( 2.00    -1.3241)  ( 2.00    -0.3149)  ( 2.00    -0.1787)
                     ( 2.00    -0.1681)  ( 2.00     0.0143)  ( 0.00     0.1430)

 CYCLE    4
  SDIIS (wt  0.000): -2.0000  3.0000
 A-DIIS (wt  1.000):  0.0000  1.0000
  DIIS coefficients:  0.0000  1.0000
 SCF Error: norm([F,P])=      2.452482377321, max([F,P])=      0.742190505588
 orbitals (Q,E):
 ---------------
 AA :6...16          ( 2.00    -1.4943)  ( 2.00    -1.2575)  ( 2.00    -1.2407)  ( 2.00    -1.0496)
                     ( 2.00    -0.7268)  ( 2.00    -0.6947)  ( 2.00    -0.6722)  ( 2.00    -0.6053)
                     ( 2.00    -0.4946)  ( 2.00    -0.4336)  ( 0.00    -0.2674)
 AAA :1...7          ( 2.00    -1.7802)  ( 2.00    -1.7721)  ( 2.00    -1.4631)  ( 2.00    -0.5982)
                     ( 2.00    -0.5295)  ( 2.00    -0.3983)  ( 0.00    -0.2166)

 CYCLE    5
  SDIIS (wt  0.000): -2.0000  2.7047  0.2953
 A-DIIS (wt  1.000):  0.0000  0.5982  0.4018
  DIIS coefficients:  0.0000  0.5982  0.4018
 SCF Error: norm([F,P])=      4.626316070381, max([F,P])=      1.897179206353
 orbitals (Q,E):
 ---------------
 AA :6...16          ( 2.00    -1.0661)  ( 2.00    -0.9597)  ( 2.00    -0.6595)  ( 2.00    -0.6244)
                     ( 2.00    -0.6057)  ( 2.00    -0.5421)  ( 2.00    -0.4527)  ( 2.00    -0.4445)
                     ( 2.00    -0.3838)  ( 2.00    -0.3749)  ( 0.00    -0.0857)
 AAA :1...7          ( 2.00    -1.6446)  ( 2.00    -1.6429)  ( 2.00    -0.5340)  ( 2.00    -0.4382)
                     ( 2.00    -0.4045)  ( 2.00    -0.3695)  ( 0.00    -0.0768)

 CYCLE    6
  SDIIS (wt  0.000): -0.3192  0.5219 -0.0015  0.7988
 A-DIIS (wt  1.000):  0.0000  0.0670  0.0000  0.9330
  DIIS coefficients:  0.0000  0.0670  0.0000  0.9330
 SCF Error: norm([F,P])=      0.709787400224, max([F,P])=      0.221158691632
 orbitals (Q,E):
 ---------------
 AA :6...16          ( 2.00    -0.9167)  ( 2.00    -0.7155)  ( 2.00    -0.5486)  ( 2.00    -0.5324)
                     ( 2.00    -0.4639)  ( 2.00    -0.3623)  ( 2.00    -0.3380)  ( 2.00    -0.3252)
                     ( 2.00    -0.1736)  ( 2.00    -0.1042)  ( 0.00    -0.0251)
 AAA :1...7          ( 2.00    -1.5267)  ( 2.00    -1.5215)  ( 2.00    -0.4375)  ( 2.00    -0.3189)
                     ( 2.00    -0.2821)  ( 2.00    -0.1430)  ( 0.00     0.0269)

 CYCLE    7
  SDIIS (wt  0.000):  0.0378 -0.0373  0.0231  0.5591  0.4173
 A-DIIS (wt  1.000):  0.0000  0.0000  0.0000  0.6276  0.3724
  DIIS coefficients:  0.0000  0.0000  0.0000  0.6276  0.3724
 SCF Error: norm([F,P])=      1.092930874467, max([F,P])=      0.311033717088
 orbitals (Q,E):
 ---------------
 AA :6...16          ( 2.00    -0.9510)  ( 2.00    -0.8030)  ( 2.00    -0.5591)  ( 2.00    -0.5556)
                     ( 2.00    -0.4984)  ( 2.00    -0.4208)  ( 2.00    -0.3569)  ( 2.00    -0.3484)
                     ( 2.00    -0.2530)  ( 2.00    -0.1975)  ( 0.00    -0.0364)
 AAA :1...7          ( 2.00    -1.5330)  ( 2.00    -1.5280)  ( 2.00    -0.4525)  ( 2.00    -0.3411)
                     ( 2.00    -0.3137)  ( 2.00    -0.2281)  ( 0.00    -0.0028)

 CYCLE    8
  SDIIS (wt  0.717):  0.0887 -2.0000  1.9098  0.0033  0.3029  0.1695  0.5259
 A-DIIS (wt  0.283):  0.0000  0.0000  0.0000  0.0000  0.0000  0.0000  1.0000
  DIIS coefficients:  0.0636 -1.4344  1.3698  0.0023  0.2172  0.1216  0.6599
 SCF Error: norm([F,P])=      0.176581747575, max([F,P])=      0.028995545051
 orbitals (Q,E):
 ---------------
 AA :6...16          ( 2.00    -0.9754)  ( 2.00    -0.8167)  ( 2.00    -0.5819)  ( 2.00    -0.5772)
                     ( 2.00    -0.5231)  ( 2.00    -0.4448)  ( 2.00    -0.3827)  ( 2.00    -0.3710)
                     ( 2.00    -0.2675)  ( 2.00    -0.2063)  ( 0.00    -0.0447)
 AAA :1...7          ( 2.00    -1.5713)  ( 2.00    -1.5658)  ( 2.00    -0.4742)  ( 2.00    -0.3695)
                     ( 2.00    -0.3374)  ( 2.00    -0.2371)  ( 0.00    -0.0183)

 CYCLE    9
  SDIIS (wt  0.735): -0.0206  2.0144 -2.0000  0.0030  0.0779  0.0343  0.4589  0.4321
 A-DIIS (wt  0.265):  0.0000  0.0000  0.0000  0.0000  0.0000  0.0000  0.4747  0.5253
  DIIS coefficients: -0.0152  1.4803 -1.4697  0.0022  0.0573  0.0252  0.4630  0.4568
 SCF Error: norm([F,P])=      0.156585794833, max([F,P])=      0.027250356502
 orbitals (Q,E):
 ---------------
 AA :6...16          ( 2.00    -0.9692)  ( 2.00    -0.8189)  ( 2.00    -0.5743)  ( 2.00    -0.5696)
                     ( 2.00    -0.5140)  ( 2.00    -0.4356)  ( 2.00    -0.3733)  ( 2.00    -0.3642)
                     ( 2.00    -0.2679)  ( 2.00    -0.2113)  ( 0.00    -0.0428)
 AAA :1...7          ( 2.00    -1.5638)  ( 2.00    -1.5587)  ( 2.00    -0.4667)  ( 2.00    -0.3574)
                     ( 2.00    -0.3297)  ( 2.00    -0.2412)  ( 0.00    -0.0147)

 CYCLE   10
  SDIIS (wt  0.953): -0.0337  2.0331 -2.0000  0.0002  0.0230  0.0000  0.2535  0.2805  0.4432
 A-DIIS (wt  0.047):  0.0000  0.0000  0.0000  0.0000  0.0000  0.0000  0.0000  0.0000  1.0000
  DIIS coefficients: -0.0321  1.9374 -1.9058  0.0002  0.0220  0.0000  0.2416  0.2673  0.4695
 SCF Error: norm([F,P])=      0.034153460739, max([F,P])=      0.005663919884
 orbitals (Q,E):
 ---------------
 AA :6...16          ( 2.00    -0.9671)  ( 2.00    -0.8169)  ( 2.00    -0.5738)  ( 2.00    -0.5681)
                     ( 2.00    -0.5143)  ( 2.00    -0.4362)  ( 2.00    -0.3725)  ( 2.00    -0.3625)
                     ( 2.00    -0.2663)  ( 2.00    -0.2093)  ( 0.00    -0.0423)
 AAA :1...7          ( 2.00    -1.5602)  ( 2.00    -1.5549)  ( 2.00    -0.4660)  ( 2.00    -0.3583)
                     ( 2.00    -0.3277)  ( 2.00    -0.2393)  ( 0.00    -0.0138)

 CYCLE   11
  SDIIS (wt  0.985): -0.0158  0.9340 -0.9182  0.0000  0.0110 -0.0029  0.1425  0.1530  0.3293  0.3671
 A-DIIS (wt  0.015):  0.0000  0.0000  0.0000  0.0000  0.0000  0.0000  0.0000  0.0000  0.1639  0.8361
  DIIS coefficients: -0.0155  0.9203 -0.9047  0.0000  0.0108 -0.0028  0.1404  0.1507  0.3268  0.3740
 SCF Error: norm([F,P])=      0.012326925873, max([F,P])=      0.002454011854
 orbitals (Q,E):
 ---------------
 AA :6...16          ( 2.00    -0.9677)  ( 2.00    -0.8172)  ( 2.00    -0.5739)  ( 2.00    -0.5686)
                     ( 2.00    -0.5142)  ( 2.00    -0.4362)  ( 2.00    -0.3727)  ( 2.00    -0.3631)
                     ( 2.00    -0.2666)  ( 2.00    -0.2097)  ( 0.00    -0.0423)
 AAA :1...7          ( 2.00    -1.5597)  ( 2.00    -1.5545)  ( 2.00    -0.4661)  ( 2.00    -0.3580)
                     ( 2.00    -0.3284)  ( 2.00    -0.2397)  ( 0.00    -0.0138)

 CYCLE   12
  SDIIS (wt  1.000): -0.0107  0.0107 -0.0000  0.0029 -0.0019  0.0446  0.0446  0.1185  0.1689  0.6224
  DIIS coefficients: -0.0107  0.0107 -0.0000  0.0029 -0.0019  0.0446  0.0446  0.1185  0.1689  0.6224
 SCF Error: norm([F,P])=      0.001615057791, max([F,P])=      0.000359115724
 orbitals (Q,E):
 ---------------
 AA :6...16          ( 2.00    -0.9676)  ( 2.00    -0.8173)  ( 2.00    -0.5739)  ( 2.00    -0.5686)
                     ( 2.00    -0.5142)  ( 2.00    -0.4362)  ( 2.00    -0.3727)  ( 2.00    -0.3631)
                     ( 2.00    -0.2667)  ( 2.00    -0.2097)  ( 0.00    -0.0423)
 AAA :1...7          ( 2.00    -1.5599)  ( 2.00    -1.5546)  ( 2.00    -0.4661)  ( 2.00    -0.3580)
                     ( 2.00    -0.3283)  ( 2.00    -0.2397)  ( 0.00    -0.0139)

 CYCLE   13
  SDIIS (wt  1.000): -0.0000  0.0000  0.0003 -0.0004  0.0062  0.0060  0.0198  0.0334  0.1812  0.7535
  DIIS coefficients: -0.0000  0.0000  0.0003 -0.0004  0.0062  0.0060  0.0198  0.0334  0.1812  0.7535
 SCF Error: norm([F,P])=      0.000220661410, max([F,P])=      0.000043778243
 orbitals (Q,E):
 ---------------
 AA :6...16          ( 2.00    -0.9676)  ( 2.00    -0.8173)  ( 2.00    -0.5739)  ( 2.00    -0.5686)
                     ( 2.00    -0.5142)  ( 2.00    -0.4362)  ( 2.00    -0.3727)  ( 2.00    -0.3631)
                     ( 2.00    -0.2667)  ( 2.00    -0.2097)  ( 0.00    -0.0424)
 AAA :1...7          ( 2.00    -1.5599)  ( 2.00    -1.5546)  ( 2.00    -0.4661)  ( 2.00    -0.3580)
                     ( 2.00    -0.3283)  ( 2.00    -0.2397)  ( 0.00    -0.0139)

 CYCLE   14
  SDIIS (wt  1.000):  0.0000  0.0001 -0.0002  0.0015  0.0013  0.0053  0.0099  0.0685  0.4115  0.5021
  DIIS coefficients:  0.0000  0.0001 -0.0002  0.0015  0.0013  0.0053  0.0099  0.0685  0.4115  0.5021
 SCF Error: norm([F,P])=      0.000102369892, max([F,P])=      0.000021483027
 orbitals (Q,E):
 ---------------
 AA :6...16          ( 2.00    -0.9676)  ( 2.00    -0.8173)  ( 2.00    -0.5739)  ( 2.00    -0.5686)
                     ( 2.00    -0.5142)  ( 2.00    -0.4362)  ( 2.00    -0.3727)  ( 2.00    -0.3631)
                     ( 2.00    -0.2667)  ( 2.00    -0.2097)  ( 0.00    -0.0424)
 AAA :1...7          ( 2.00    -1.5599)  ( 2.00    -1.5546)  ( 2.00    -0.4661)  ( 2.00    -0.3580)
                     ( 2.00    -0.3283)  ( 2.00    -0.2397)  ( 0.00    -0.0139)

 CYCLE   15
  SDIIS (wt  1.000):  0.0000 -0.0000 -0.0000 -0.0001  0.0001  0.0005  0.0077  0.0605  0.2715  0.6598
  DIIS coefficients:  0.0000 -0.0000 -0.0000 -0.0001  0.0001  0.0005  0.0077  0.0605  0.2715  0.6598
 SCF Error: norm([F,P])=      0.000038816708, max([F,P])=      0.000009322341
 orbitals (Q,E):
 ---------------
 AA :6...16          ( 2.00    -0.9676)  ( 2.00    -0.8173)  ( 2.00    -0.5739)  ( 2.00    -0.5686)
                     ( 2.00    -0.5142)  ( 2.00    -0.4362)  ( 2.00    -0.3727)  ( 2.00    -0.3631)
                     ( 2.00    -0.2667)  ( 2.00    -0.2097)  ( 0.00    -0.0423)
 AAA :1...7          ( 2.00    -1.5599)  ( 2.00    -1.5546)  ( 2.00    -0.4661)  ( 2.00    -0.3580)
                     ( 2.00    -0.3283)  ( 2.00    -0.2397)  ( 0.00    -0.0139)

 CYCLE   16
  SDIIS (wt  1.000): -0.0000 -0.0000 -0.0001 -0.0001 -0.0002 -0.0008  0.0016  0.0640  0.1964  0.7392
  DIIS coefficients: -0.0000 -0.0000 -0.0001 -0.0001 -0.0002 -0.0008  0.0016  0.0640  0.1964  0.7392
 SCF Error: norm([F,P])=      0.000005078370, max([F,P])=      0.000001073174
 orbitals (Q,E):
 ---------------
 AA :6...16          ( 2.00    -0.9676)  ( 2.00    -0.8173)  ( 2.00    -0.5739)  ( 2.00    -0.5686)
                     ( 2.00    -0.5142)  ( 2.00    -0.4362)  ( 2.00    -0.3727)  ( 2.00    -0.3631)
                     ( 2.00    -0.2667)  ( 2.00    -0.2097)  ( 0.00    -0.0423)
 AAA :1...7          ( 2.00    -1.5599)  ( 2.00    -1.5546)  ( 2.00    -0.4661)  ( 2.00    -0.3580)
                     ( 2.00    -0.3283)  ( 2.00    -0.2397)  ( 0.00    -0.0139)

 CYCLE   17
  SDIIS (wt  1.000): -0.0000 -0.0000 -0.0000 -0.0001 -0.0004 -0.0008  0.0118  0.0403  0.2164  0.7328
  DIIS coefficients: -0.0000 -0.0000 -0.0000 -0.0001 -0.0004 -0.0008  0.0118  0.0403  0.2164  0.7328
 SCF Error: norm([F,P])=      0.000000666700, max([F,P])=      0.000000142997
 orbitals (Q,E):
 ---------------
 AA :6...16          ( 2.00    -0.9676)  ( 2.00    -0.8173)  ( 2.00    -0.5739)  ( 2.00    -0.5686)
                     ( 2.00    -0.5142)  ( 2.00    -0.4362)  ( 2.00    -0.3727)  ( 2.00    -0.3631)
                     ( 2.00    -0.2667)  ( 2.00    -0.2097)  ( 0.00    -0.0423)
 AAA :1...7          ( 2.00    -1.5599)  ( 2.00    -1.5546)  ( 2.00    -0.4661)  ( 2.00    -0.3580)
                     ( 2.00    -0.3283)  ( 2.00    -0.2397)  ( 0.00    -0.0139)

 SCF CONVERGED
 cosmo_calcen: 0.5 (esolb+esolc) (Hartrees) =   -0.035109

 Solvation energy (screening term,uncorrected) =    -22.031160 kcal/mol

 Solvation energy (dispersion and cavitation terms) =      0.634873 kcal/mol
 Solvation Energy Contributions (Hartrees)
          esola   esolb+esolc
     0.03510889   -0.07021777
 esol last cycle   -0.03510889

 CYCLE   18
 *** Using FIT density in Focky
  SDIIS (wt  1.000): -0.0000  0.0000 -0.0000 -0.0000 -0.0001  0.0004  0.0029  0.0214  0.1486  0.8268
  DIIS coefficients: -0.0000  0.0000 -0.0000 -0.0000 -0.0001  0.0004  0.0029  0.0214  0.1486  0.8268
 SCF Error: norm([F,P])=      0.000000098142, max([F,P])=      0.000000018932
 orbitals (Q,E):
 ---------------
 AA :6...25          ( 2.00    -0.9676)  ( 2.00    -0.8173)  ( 2.00    -0.5739)  ( 2.00    -0.5686)
                     ( 2.00    -0.5142)  ( 2.00    -0.4362)  ( 2.00    -0.3727)  ( 2.00    -0.3631)
                     ( 2.00    -0.2667)  ( 2.00    -0.2097)  ( 0.00    -0.0423)  ( 0.00     0.0298)
                     ( 0.00     0.0406)  ( 0.00     0.0523)  ( 0.00     0.1044)  ( 0.00     0.1474)
                     ( 0.00     0.1780)  ( 0.00     0.2334)  ( 0.00     0.2674)  ( 0.00     0.2907)
 AAA :1...16         ( 2.00    -1.5599)  ( 2.00    -1.5546)  ( 2.00    -0.4661)  ( 2.00    -0.3580)
                     ( 2.00    -0.3283)  ( 2.00    -0.2397)  ( 0.00    -0.0139)  ( 0.00     0.0820)
                     ( 0.00     0.3302)  ( 0.00     0.3533)  ( 0.00     0.4564)  ( 0.00     0.4687)
                     ( 0.00     0.4839)  ( 0.00     0.5452)  ( 0.00     0.5584)  ( 0.00     0.7733)
 cosmo_calcen: 0.5 (esolb+esolc) (Hartrees) =   -0.035109

 Solvation energy (screening term,uncorrected) =    -22.031160 kcal/mol

 Solvation energy (dispersion and cavitation terms) =      0.634873 kcal/mol
 Solvation Energy Contributions (Hartrees)
          esola   esolb+esolc
     0.03510888   -0.07021777
 esol last cycle   -0.03510888


 Fit test: (difference of exact and fit density, squared integrated, result summed over spins)
         SCF:                                          0.00004594749716

 Gross Charges per Atom (Z minus electrons)
 ==========================================
             2.6480   -0.8024   -0.8441   -0.8182   -1.0280    0.2527    0.2885    0.3034
 Net Total: -0.00000000



 =================================================================
 M U L T I P O L E   D E R I V E D   C H A R G E   A N A L Y S I S
 =================================================================

 See: M. Swart, P.Th. van Duijnen, J.G. Snijders, J.Comput.Chem., (2001), p. 79-88.

 --------------------------------------- 
 Multipole derived atomic charges (a.u.)
 --------------------------------------- 

        Atom    Level:     MDC-m        MDC-d        MDC-q
 ---------------------------------------------------------
     1     As           2.603457     2.071028     1.617880
     2     O           -0.595914    -0.529313    -0.620042
     3     O           -0.645524    -0.699229    -0.590888
     4     O           -0.575874    -0.569748    -0.707990
     5     O           -1.030950    -1.006357    -0.937831
     6     H            0.050904     0.193705     0.355088
     7     H            0.094917     0.300970     0.424695
     8     H            0.098985     0.238944     0.459088
 *** Using NEW gradient routines ***


 Geometry CYCLE 5
 ==============

 Energy gradients wrt nuclear displacements
 ==========================================

     Atom      Cartesian (a.u./angstrom)
                 X         Y         Z
 ----------------------------------------
     1 As   -0.573182  0.173513  0.000000
     2 O    -0.634476 -0.444719  0.000000
     3 O     1.041385  0.604289  0.000000
     4 O     0.366091 -0.564128  0.000000
     5 O    -0.217950  0.217428  0.000000
     6 H    -0.094677  0.014106  0.000000
     7 H     0.075463  0.082676  0.000000
     8 H     0.037348 -0.083166  0.000000
 ----------------------------------------

 dE(predicted):    -0.76287E+00, dE(actual):    -0.79455E+00, Trust radius:    2.262742, all in a.u.
 
----------------------------------------------------------------------
Geometry Convergence after Step   5       (Hartree/Angstrom,Angstrom)
----------------------------------------------------------------------
current energy                               -1.06380096 Hartree
energy change                      -0.79455049     0.00100000    F
constrained gradient max            1.04138466     0.00100000    F
constrained gradient rms            0.35270799     0.00066667    F
gradient max                        1.04138466
gradient rms                        0.35270799
cart. step max                      0.17908540     0.01000000    F
cart. step rms                      0.05870071     0.00666667    F
 


 Coordinates (Cartesian)
 =======================

     Atom                    bohr                                 angstrom                 Geometric Variables
                   X           Y           Z              X           Y           Z       (0:frozen, *:LT par.)
 --------------------------------------------------------------------------------------------------------------
     1 As      6.443149   -0.695087    0.000000       3.409567   -0.367824    0.000000      1       2       3
     2 O       8.825942    1.202289    0.000000       4.670487    0.636224    0.000000      4       5       6
     3 O       3.934230   -2.382988    0.000000       2.081905   -1.261023    0.000000      7       8       9
     4 O       4.734851    1.826353    0.000000       2.505575    0.966464    0.000000     10      11      12
     5 O       8.145713   -3.132229    0.000000       4.310526   -1.657504    0.000000     13      14      15
     6 H       9.854031   -0.335049    0.000000       5.214528   -0.177300    0.000000     16      17      18
     7 H       2.949711   -0.784077    0.000000       1.560920   -0.414916    0.000000     19      20      21
     8 H       6.198852    2.893131    0.000000       3.280291    1.530979    0.000000     22      23      24
 --------------------------------------------------------------------------------------------------------------

 Number of elements of the density matrix on this node (used, total):      1035      9730



 ===========================================
 Numerical Integration : Fuzzy Cells (Becke)
 ===========================================
  
 Becke grid quality: GOOD           
  
 Lebedev angular grid order:             min:  11 max:  35
 Nr. of radial points:                   min:  54 max:  80

 Total nr. of points:     113180
 Nr. of blocks:              886
 Block length:               128
 Nr. of dummy points:        228


 Test of Precision of the Numerical Integration Grid
 ===================================================

 Integral of the Total Core Density:                  25.99997301475543
 Relative Error:                                      -1.038E-06


 -------------------------------------------
  COSMO surface
  Area             =          354.427
  Volume           =          552.415
  Number of Points =          915
 -------------------------------------------



 ========================
 Density Fitting (zlmFit)
 ========================
  
 ZlmFit Fit Quality: GOOD           
  
 Max L-expansion:                        min:   7 max:   9
 Nr. of radial interpolation points:     min:  72 max: 132



 =====
 S C F  ***  ScaSCF  ***
 =====
  
 Initial density matrix is taken from previous geometry

 CYCLE    1
 SCF Error: norm([F,P])=      0.461774120601, max([F,P])=      0.058706290058
 orbitals (Q,E):
 ---------------
 AA :6...25          ( 2.00    -0.8779)  ( 2.00    -0.7462)  ( 2.00    -0.5101)  ( 2.00    -0.4844)
                     ( 2.00    -0.3948)  ( 2.00    -0.3672)  ( 2.00    -0.3066)  ( 2.00    -0.2749)
                     ( 2.00    -0.1915)  ( 2.00    -0.1281)  ( 0.00    -0.0330)  ( 0.00     0.0472)
                     ( 0.00     0.0705)  ( 0.00     0.0885)  ( 0.00     0.1605)  ( 0.00     0.1950)
                     ( 0.00     0.2061)  ( 0.00     0.2624)  ( 0.00     0.2828)  ( 0.00     0.3180)
 AAA :1...16         ( 2.00    -1.5153)  ( 2.00    -1.5134)  ( 2.00    -0.3764)  ( 2.00    -0.2667)
                     ( 2.00    -0.2416)  ( 2.00    -0.1594)  ( 0.00    -0.0080)  ( 0.00     0.1060)
                     ( 0.00     0.3577)  ( 0.00     0.3768)  ( 0.00     0.4849)  ( 0.00     0.5053)
                     ( 0.00     0.5173)  ( 0.00     0.5923)  ( 0.00     0.6273)  ( 0.00     0.7917)

 CYCLE    2
   MIX coefficients:  0.8000  0.2000
 SCF Error: norm([F,P])=      0.777348182544, max([F,P])=      0.159016649556
 orbitals (Q,E):
 ---------------
 AA :6...16          ( 2.00    -0.9120)  ( 2.00    -0.7948)  ( 2.00    -0.5279)  ( 2.00    -0.5014)
                     ( 2.00    -0.4294)  ( 2.00    -0.3913)  ( 2.00    -0.3277)  ( 2.00    -0.3166)
                     ( 2.00    -0.2373)  ( 2.00    -0.1813)  ( 0.00    -0.0463)
 AAA :1...7          ( 2.00    -1.5182)  ( 2.00    -1.5167)  ( 2.00    -0.3894)  ( 2.00    -0.2843)
                     ( 2.00    -0.2756)  ( 2.00    -0.2077)  ( 0.00    -0.0290)

 CYCLE    3
  SDIIS (wt  0.000): -0.3093  1.3093
 A-DIIS (wt  1.000):  0.0000  1.0000
  DIIS coefficients:  0.0000  1.0000
 SCF Error: norm([F,P])=      0.305322144336, max([F,P])=      0.060464244085
 orbitals (Q,E):
 ---------------
 AA :6...16          ( 2.00    -0.9917)  ( 2.00    -0.8813)  ( 2.00    -0.5912)  ( 2.00    -0.5698)
                     ( 2.00    -0.5207)  ( 2.00    -0.4709)  ( 2.00    -0.4203)  ( 2.00    -0.3980)
                     ( 2.00    -0.3304)  ( 2.00    -0.2692)  ( 0.00    -0.0871)
 AAA :1...7          ( 2.00    -1.5727)  ( 2.00    -1.5707)  ( 2.00    -0.4462)  ( 2.00    -0.3739)
                     ( 2.00    -0.3496)  ( 2.00    -0.2947)  ( 0.00    -0.0740)

 CYCLE    4
  SDIIS (wt  0.000):  0.0715  0.5430  0.3855
 A-DIIS (wt  1.000):  0.0000  0.6933  0.3067
  DIIS coefficients:  0.0000  0.6933  0.3067
 SCF Error: norm([F,P])=      0.542968804873, max([F,P])=      0.126806065550
 orbitals (Q,E):
 ---------------
 AA :6...16          ( 2.00    -0.9694)  ( 2.00    -0.8595)  ( 2.00    -0.5728)  ( 2.00    -0.5486)
                     ( 2.00    -0.4881)  ( 2.00    -0.4458)  ( 2.00    -0.3815)  ( 2.00    -0.3782)
                     ( 2.00    -0.3032)  ( 2.00    -0.2477)  ( 0.00    -0.0779)
 AAA :1...7          ( 2.00    -1.5806)  ( 2.00    -1.5786)  ( 2.00    -0.4282)  ( 2.00    -0.3357)
                     ( 2.00    -0.3279)  ( 2.00    -0.2714)  ( 0.00    -0.0642)

 CYCLE    5
  SDIIS (wt  0.811):  0.0273  0.2770  0.1123  0.5834
 A-DIIS (wt  0.189):  0.0000  0.0000  0.0000  1.0000
  DIIS coefficients:  0.0221  0.2246  0.0910  0.6622
 SCF Error: norm([F,P])=      0.092183455433, max([F,P])=      0.019730639189
 orbitals (Q,E):
 ---------------
 AA :6...16          ( 2.00    -0.9609)  ( 2.00    -0.8529)  ( 2.00    -0.5668)  ( 2.00    -0.5417)
                     ( 2.00    -0.4836)  ( 2.00    -0.4400)  ( 2.00    -0.3761)  ( 2.00    -0.3688)
                     ( 2.00    -0.2963)  ( 2.00    -0.2413)  ( 0.00    -0.0747)
 AAA :1...7          ( 2.00    -1.5695)  ( 2.00    -1.5675)  ( 2.00    -0.4233)  ( 2.00    -0.3313)
                     ( 2.00    -0.3183)  ( 2.00    -0.2654)  ( 0.00    -0.0609)

 CYCLE    6
  SDIIS (wt  0.872):  0.0153  0.1081  0.0324  0.4265  0.4178
 A-DIIS (wt  0.128):  0.0000  0.0000  0.0000  0.2723  0.7277
  DIIS coefficients:  0.0133  0.0942  0.0282  0.4067  0.4576
 SCF Error: norm([F,P])=      0.050885570722, max([F,P])=      0.013716977730
 orbitals (Q,E):
 ---------------
 AA :6...16          ( 2.00    -0.9646)  ( 2.00    -0.8536)  ( 2.00    -0.5699)  ( 2.00    -0.5451)
                     ( 2.00    -0.4835)  ( 2.00    -0.4416)  ( 2.00    -0.3766)  ( 2.00    -0.3739)
                     ( 2.00    -0.2976)  ( 2.00    -0.2419)  ( 0.00    -0.0757)
 AAA :1...7          ( 2.00    -1.5709)  ( 2.00    -1.5689)  ( 2.00    -0.4255)  ( 2.00    -0.3311)
                     ( 2.00    -0.3235)  ( 2.00    -0.2657)  ( 0.00    -0.0621)

 CYCLE    7
  SDIIS (wt  0.953):  0.0065  0.0151  0.0037  0.1612  0.3370  0.4764
 A-DIIS (wt  0.047):  0.0000  0.0000  0.0000  0.0000  0.2134  0.7866
  DIIS coefficients:  0.0062  0.0144  0.0035  0.1537  0.3312  0.4910
 SCF Error: norm([F,P])=      0.022903519780, max([F,P])=      0.005643579551
 orbitals (Q,E):
 ---------------
 AA :6...16          ( 2.00    -0.9638)  ( 2.00    -0.8536)  ( 2.00    -0.5694)  ( 2.00    -0.5445)
                     ( 2.00    -0.4839)  ( 2.00    -0.4417)  ( 2.00    -0.3766)  ( 2.00    -0.3728)
                     ( 2.00    -0.2976)  ( 2.00    -0.2418)  ( 0.00    -0.0757)
 AAA :1...7          ( 2.00    -1.5729)  ( 2.00    -1.5709)  ( 2.00    -0.4253)  ( 2.00    -0.3317)
                     ( 2.00    -0.3223)  ( 2.00    -0.2658)  ( 0.00    -0.0622)

 CYCLE    8
  SDIIS (wt  1.000): -0.0020  0.0075 -0.0008  0.0339  0.1004  0.1951  0.6659
  DIIS coefficients: -0.0020  0.0075 -0.0008  0.0339  0.1004  0.1951  0.6659
 SCF Error: norm([F,P])=      0.003717134159, max([F,P])=      0.000777035171
 orbitals (Q,E):
 ---------------
 AA :6...16          ( 2.00    -0.9637)  ( 2.00    -0.8534)  ( 2.00    -0.5692)  ( 2.00    -0.5443)
                     ( 2.00    -0.4837)  ( 2.00    -0.4413)  ( 2.00    -0.3766)  ( 2.00    -0.3727)
                     ( 2.00    -0.2974)  ( 2.00    -0.2417)  ( 0.00    -0.0755)
 AAA :1...7          ( 2.00    -1.5722)  ( 2.00    -1.5702)  ( 2.00    -0.4251)  ( 2.00    -0.3314)
                     ( 2.00    -0.3222)  ( 2.00    -0.2656)  ( 0.00    -0.0620)

 CYCLE    9
  SDIIS (wt  1.000): -0.0026  0.0050 -0.0009  0.0059  0.0290  0.0744  0.4774  0.4118
  DIIS coefficients: -0.0026  0.0050 -0.0009  0.0059  0.0290  0.0744  0.4774  0.4118
 SCF Error: norm([F,P])=      0.002218342156, max([F,P])=      0.000499304773
 orbitals (Q,E):
 ---------------
 AA :6...16          ( 2.00    -0.9636)  ( 2.00    -0.8535)  ( 2.00    -0.5692)  ( 2.00    -0.5443)
                     ( 2.00    -0.4837)  ( 2.00    -0.4414)  ( 2.00    -0.3765)  ( 2.00    -0.3727)
                     ( 2.00    -0.2974)  ( 2.00    -0.2418)  ( 0.00    -0.0755)
 AAA :1...7          ( 2.00    -1.5721)  ( 2.00    -1.5701)  ( 2.00    -0.4251)  ( 2.00    -0.3315)
                     ( 2.00    -0.3222)  ( 2.00    -0.2657)  ( 0.00    -0.0620)

 CYCLE   10
  SDIIS (wt  1.000): -0.0011  0.0017 -0.0004  0.0003  0.0041  0.0149  0.1770  0.2216  0.5820
  DIIS coefficients: -0.0011  0.0017 -0.0004  0.0003  0.0041  0.0149  0.1770  0.2216  0.5820
 SCF Error: norm([F,P])=      0.000424536659, max([F,P])=      0.000071462089
 orbitals (Q,E):
 ---------------
 AA :6...16          ( 2.00    -0.9637)  ( 2.00    -0.8536)  ( 2.00    -0.5692)  ( 2.00    -0.5443)
                     ( 2.00    -0.4838)  ( 2.00    -0.4414)  ( 2.00    -0.3766)  ( 2.00    -0.3727)
                     ( 2.00    -0.2975)  ( 2.00    -0.2419)  ( 0.00    -0.0756)
 AAA :1...7          ( 2.00    -1.5722)  ( 2.00    -1.5702)  ( 2.00    -0.4251)  ( 2.00    -0.3315)
                     ( 2.00    -0.3222)  ( 2.00    -0.2658)  ( 0.00    -0.0620)

 CYCLE   11
  SDIIS (wt  1.000): -0.0001  0.0002 -0.0000 -0.0002  0.0001  0.0018  0.0327  0.0483  0.1775  0.7397
  DIIS coefficients: -0.0001  0.0002 -0.0000 -0.0002  0.0001  0.0018  0.0327  0.0483  0.1775  0.7397
 SCF Error: norm([F,P])=      0.000069315246, max([F,P])=      0.000013478085
 orbitals (Q,E):
 ---------------
 AA :6...16          ( 2.00    -0.9637)  ( 2.00    -0.8536)  ( 2.00    -0.5692)  ( 2.00    -0.5443)
                     ( 2.00    -0.4838)  ( 2.00    -0.4414)  ( 2.00    -0.3766)  ( 2.00    -0.3727)
                     ( 2.00    -0.2975)  ( 2.00    -0.2418)  ( 0.00    -0.0756)
 AAA :1...7          ( 2.00    -1.5722)  ( 2.00    -1.5702)  ( 2.00    -0.4251)  ( 2.00    -0.3315)
                     ( 2.00    -0.3222)  ( 2.00    -0.2658)  ( 0.00    -0.0620)

 CYCLE   12
  SDIIS (wt  1.000): -0.0000  0.0000 -0.0001 -0.0000  0.0003  0.0054  0.0075  0.0315  0.1921  0.7632
  DIIS coefficients: -0.0000  0.0000 -0.0001 -0.0000  0.0003  0.0054  0.0075  0.0315  0.1921  0.7632
 SCF Error: norm([F,P])=      0.000011976959, max([F,P])=      0.000002634310
 orbitals (Q,E):
 ---------------
 AA :6...16          ( 2.00    -0.9637)  ( 2.00    -0.8536)  ( 2.00    -0.5692)  ( 2.00    -0.5443)
                     ( 2.00    -0.4838)  ( 2.00    -0.4414)  ( 2.00    -0.3766)  ( 2.00    -0.3727)
                     ( 2.00    -0.2975)  ( 2.00    -0.2418)  ( 0.00    -0.0756)
 AAA :1...7          ( 2.00    -1.5722)  ( 2.00    -1.5702)  ( 2.00    -0.4251)  ( 2.00    -0.3315)
                     ( 2.00    -0.3222)  ( 2.00    -0.2658)  ( 0.00    -0.0620)

 CYCLE   13
  SDIIS (wt  1.000):  0.0000 -0.0000  0.0000  0.0001  0.0008  0.0010  0.0034  0.0207  0.1171  0.8570
  DIIS coefficients:  0.0000 -0.0000  0.0000  0.0001  0.0008  0.0010  0.0034  0.0207  0.1171  0.8570
 SCF Error: norm([F,P])=      0.000001079526, max([F,P])=      0.000000241103
 orbitals (Q,E):
 ---------------
 AA :6...16          ( 2.00    -0.9637)  ( 2.00    -0.8536)  ( 2.00    -0.5692)  ( 2.00    -0.5443)
                     ( 2.00    -0.4838)  ( 2.00    -0.4414)  ( 2.00    -0.3766)  ( 2.00    -0.3727)
                     ( 2.00    -0.2975)  ( 2.00    -0.2418)  ( 0.00    -0.0756)
 AAA :1...7          ( 2.00    -1.5722)  ( 2.00    -1.5702)  ( 2.00    -0.4251)  ( 2.00    -0.3315)
                     ( 2.00    -0.3222)  ( 2.00    -0.2658)  ( 0.00    -0.0620)

 SCF CONVERGED
 cosmo_calcen: 0.5 (esolb+esolc) (Hartrees) =   -0.026623

 Solvation energy (screening term,uncorrected) =    -16.705995 kcal/mol

 Solvation energy (dispersion and cavitation terms) =      0.662752 kcal/mol
 Solvation Energy Contributions (Hartrees)
          esola   esolb+esolc
     0.02662270   -0.05324539
 esol last cycle   -0.02662270

 CYCLE   14
 *** Using FIT density in Focky
  SDIIS (wt  1.000): -0.0000 -0.0000  0.0000  0.0002  0.0002  0.0006  0.0044  0.0202  0.2337  0.7407
  DIIS coefficients: -0.0000 -0.0000  0.0000  0.0002  0.0002  0.0006  0.0044  0.0202  0.2337  0.7407
 SCF Error: norm([F,P])=      0.000000294564, max([F,P])=      0.000000053841
 orbitals (Q,E):
 ---------------
 AA :6...25          ( 2.00    -0.9637)  ( 2.00    -0.8536)  ( 2.00    -0.5692)  ( 2.00    -0.5443)
                     ( 2.00    -0.4838)  ( 2.00    -0.4414)  ( 2.00    -0.3766)  ( 2.00    -0.3727)
                     ( 2.00    -0.2975)  ( 2.00    -0.2418)  ( 0.00    -0.0756)  ( 0.00     0.0148)
                     ( 0.00     0.0374)  ( 0.00     0.0545)  ( 0.00     0.1065)  ( 0.00     0.1544)
                     ( 0.00     0.1735)  ( 0.00     0.2265)  ( 0.00     0.2339)  ( 0.00     0.2709)
 AAA :1...16         ( 2.00    -1.5722)  ( 2.00    -1.5702)  ( 2.00    -0.4251)  ( 2.00    -0.3315)
                     ( 2.00    -0.3222)  ( 2.00    -0.2658)  ( 0.00    -0.0620)  ( 0.00     0.0854)
                     ( 0.00     0.3090)  ( 0.00     0.3310)  ( 0.00     0.4450)  ( 0.00     0.4624)
                     ( 0.00     0.4717)  ( 0.00     0.5304)  ( 0.00     0.5470)  ( 0.00     0.7437)
 cosmo_calcen: 0.5 (esolb+esolc) (Hartrees) =   -0.026623

 Solvation energy (screening term,uncorrected) =    -16.705995 kcal/mol

 Solvation energy (dispersion and cavitation terms) =      0.662752 kcal/mol
 Solvation Energy Contributions (Hartrees)
          esola   esolb+esolc
     0.02662269   -0.05324539
 esol last cycle   -0.02662269


 Fit test: (difference of exact and fit density, squared integrated, result summed over spins)
         SCF:                                          0.00004435013116

 Gross Charges per Atom (Z minus electrons)
 ==========================================
             2.2567   -0.7476   -0.7328   -0.7365   -0.9308    0.2753    0.2942    0.3214
 Net Total:  0.00000000



 =================================================================
 M U L T I P O L E   D E R I V E D   C H A R G E   A N A L Y S I S
 =================================================================

 See: M. Swart, P.Th. van Duijnen, J.G. Snijders, J.Comput.Chem., (2001), p. 79-88.

 --------------------------------------- 
 Multipole derived atomic charges (a.u.)
 --------------------------------------- 

        Atom    Level:     MDC-m        MDC-d        MDC-q
 ---------------------------------------------------------
     1     As           2.449132     1.806261     1.273321
     2     O           -0.563018    -0.521998    -0.532095
     3     O           -0.592697    -0.671514    -0.549596
     4     O           -0.531309    -0.537431    -0.565727
     5     O           -0.948107    -0.849493    -0.729462
     6     H            0.041407     0.217487     0.322250
     7     H            0.062637     0.307236     0.376551
     8     H            0.081954     0.249453     0.404759
 *** Using NEW gradient routines ***


 Geometry CYCLE 6
 ==============

 Energy gradients wrt nuclear displacements
 ==========================================

     Atom      Cartesian (a.u./angstrom)
                 X         Y         Z
 ----------------------------------------
     1 As   -0.044400  0.144058  0.000000
     2 O    -0.232721 -0.162354  0.000000
     3 O     0.274281  0.085282  0.000000
     4 O     0.174331 -0.205458  0.000000
     5 O    -0.164920  0.176861  0.000000
     6 H    -0.098657  0.004352  0.000000
     7 H     0.089635  0.053639  0.000000
     8 H     0.002453 -0.096378  0.000000
 ----------------------------------------

 dE(predicted):    -0.23567E+00, dE(actual):    -0.28167E+00, Trust radius:    2.262742, all in a.u.
 
----------------------------------------------------------------------
Geometry Convergence after Step   6       (Hartree/Angstrom,Angstrom)
----------------------------------------------------------------------
current energy                               -1.34546721 Hartree
energy change                      -0.28166625     0.00100000    F
constrained gradient max            0.27428059     0.00100000    F
constrained gradient rms            0.12020569     0.00066667    F
gradient max                        0.27428059
gradient rms                        0.12020569
cart. step max                      0.07706692     0.01000000    F
cart. step rms                      0.03197720     0.00666667    F
 


 Coordinates (Cartesian)
 =======================

     Atom                    bohr                                 angstrom                 Geometric Variables
                   X           Y           Z              X           Y           Z       (0:frozen, *:LT par.)
 --------------------------------------------------------------------------------------------------------------
     1 As      6.453958   -0.747686    0.000000       3.415287   -0.395658    0.000000      1       2       3
     2 O       8.958164    1.274298    0.000000       4.740456    0.674329    0.000000      4       5       6
     3 O       3.788594   -2.437325    0.000000       2.004838   -1.289777    0.000000      7       8       9
     4 O       4.677135    1.922335    0.000000       2.475033    1.017256    0.000000     10      11      12
     5 O       8.211398   -3.197337    0.000000       4.345285   -1.691958    0.000000     13      14      15
     6 H       9.936944   -0.329188    0.000000       5.258404   -0.174199    0.000000     16      17      18
     7 H       2.870803   -0.827415    0.000000       1.519163   -0.437849    0.000000     19      20      21
     8 H       6.189481    2.934662    0.000000       3.275332    1.552956    0.000000     22      23      24
 --------------------------------------------------------------------------------------------------------------

 Number of elements of the density matrix on this node (used, total):      1035      9730



 ===========================================
 Numerical Integration : Fuzzy Cells (Becke)
 ===========================================
  
 Becke grid quality: GOOD           
  
 Lebedev angular grid order:             min:  11 max:  35
 Nr. of radial points:                   min:  54 max:  80

 Total nr. of points:     113174
 Nr. of blocks:              886
 Block length:               128
 Nr. of dummy points:        234


 Test of Precision of the Numerical Integration Grid
 ===================================================

 Integral of the Total Core Density:                  25.99995772290740
 Relative Error:                                      -1.626E-06


 -------------------------------------------
  COSMO surface
  Area             =          363.409
  Volume           =          569.426
  Number of Points =          936
 -------------------------------------------



 ========================
 Density Fitting (zlmFit)
 ========================
  
 ZlmFit Fit Quality: GOOD           
  
 Max L-expansion:                        min:   7 max:   9
 Nr. of radial interpolation points:     min:  72 max: 132



 =====
 S C F  ***  ScaSCF  ***
 =====
  
 Initial density matrix is taken from previous geometry

 CYCLE    1
 SCF Error: norm([F,P])=      0.205370654269, max([F,P])=      0.039308067859
 orbitals (Q,E):
 ---------------
 AA :6...25          ( 2.00    -0.9563)  ( 2.00    -0.8380)  ( 2.00    -0.5795)  ( 2.00    -0.5384)
                     ( 2.00    -0.4715)  ( 2.00    -0.4389)  ( 2.00    -0.3769)  ( 2.00    -0.3655)
                     ( 2.00    -0.2847)  ( 2.00    -0.2171)  ( 0.00    -0.1152)  ( 0.00    -0.0099)
                     ( 0.00     0.0271)  ( 0.00     0.0444)  ( 0.00     0.1131)  ( 0.00     0.1430)
                     ( 0.00     0.1533)  ( 0.00     0.1850)  ( 0.00     0.2183)  ( 0.00     0.2455)
 AAA :1...16         ( 2.00    -1.6070)  ( 2.00    -1.6053)  ( 2.00    -0.4245)  ( 2.00    -0.3282)
                     ( 2.00    -0.3188)  ( 2.00    -0.2474)  ( 0.00    -0.0975)  ( 0.00     0.0699)
                     ( 0.00     0.2763)  ( 0.00     0.2986)  ( 0.00     0.4228)  ( 0.00     0.4503)
                     ( 0.00     0.4698)  ( 0.00     0.5235)  ( 0.00     0.5606)  ( 0.00     0.7164)

 CYCLE    2
   MIX coefficients:  0.8000  0.2000
 SCF Error: norm([F,P])=      0.497393375764, max([F,P])=      0.141505466219
 orbitals (Q,E):
 ---------------
 AA :6...16          ( 2.00    -0.9584)  ( 2.00    -0.8614)  ( 2.00    -0.5756)  ( 2.00    -0.5341)
                     ( 2.00    -0.4760)  ( 2.00    -0.4408)  ( 2.00    -0.3771)  ( 2.00    -0.3741)
                     ( 2.00    -0.3020)  ( 2.00    -0.2474)  ( 0.00    -0.1136)
 AAA :1...7          ( 2.00    -1.5847)  ( 2.00    -1.5834)  ( 2.00    -0.4184)  ( 2.00    -0.3253)
                     ( 2.00    -0.3228)  ( 2.00    -0.2697)  ( 0.00    -0.0980)

 CYCLE    3
  SDIIS (wt  0.000): -0.0333  1.0333
 A-DIIS (wt  1.000):  0.0000  1.0000
  DIIS coefficients:  0.0000  1.0000
 SCF Error: norm([F,P])=      0.160518460228, max([F,P])=      0.025544549382
 orbitals (Q,E):
 ---------------
 AA :6...16          ( 2.00    -0.9567)  ( 2.00    -0.8660)  ( 2.00    -0.5680)  ( 2.00    -0.5313)
                     ( 2.00    -0.4879)  ( 2.00    -0.4506)  ( 2.00    -0.3927)  ( 2.00    -0.3761)
                     ( 2.00    -0.3157)  ( 2.00    -0.2570)  ( 0.00    -0.1005)
 AAA :1...7          ( 2.00    -1.5567)  ( 2.00    -1.5550)  ( 2.00    -0.4086)  ( 2.00    -0.3404)
                     ( 2.00    -0.3204)  ( 2.00    -0.2797)  ( 0.00    -0.0806)

 CYCLE    4
  SDIIS (wt  0.000):  0.0164  0.6490  0.3346
 A-DIIS (wt  1.000):  0.0000  0.6853  0.3147
  DIIS coefficients:  0.0000  0.6853  0.3147
 SCF Error: norm([F,P])=      0.304592839789, max([F,P])=      0.065441423615
 orbitals (Q,E):
 ---------------
 AA :6...16          ( 2.00    -0.9528)  ( 2.00    -0.8642)  ( 2.00    -0.5658)  ( 2.00    -0.5244)
                     ( 2.00    -0.4742)  ( 2.00    -0.4387)  ( 2.00    -0.3780)  ( 2.00    -0.3718)
                     ( 2.00    -0.3062)  ( 2.00    -0.2555)  ( 0.00    -0.1006)
 AAA :1...7          ( 2.00    -1.5784)  ( 2.00    -1.5768)  ( 2.00    -0.4046)  ( 2.00    -0.3205)
                     ( 2.00    -0.3165)  ( 2.00    -0.2737)  ( 0.00    -0.0824)

 CYCLE    5
  SDIIS (wt  0.891):  0.0516  0.2347  0.1677  0.5459
 A-DIIS (wt  0.109):  0.0000  0.0000  0.0000  1.0000
  DIIS coefficients:  0.0460  0.2090  0.1494  0.5956
 SCF Error: norm([F,P])=      0.064103684294, max([F,P])=      0.011824750872
 orbitals (Q,E):
 ---------------
 AA :6...16          ( 2.00    -0.9520)  ( 2.00    -0.8647)  ( 2.00    -0.5673)  ( 2.00    -0.5248)
                     ( 2.00    -0.4773)  ( 2.00    -0.4413)  ( 2.00    -0.3795)  ( 2.00    -0.3704)
                     ( 2.00    -0.3070)  ( 2.00    -0.2547)  ( 0.00    -0.1024)
 AAA :1...7          ( 2.00    -1.5811)  ( 2.00    -1.5793)  ( 2.00    -0.4064)  ( 2.00    -0.3249)
                     ( 2.00    -0.3138)  ( 2.00    -0.2743)  ( 0.00    -0.0846)

 CYCLE    6
  SDIIS (wt  0.891):  0.0364  0.0892  0.0713  0.4350  0.3680
 A-DIIS (wt  0.109):  0.0000  0.0000  0.0000  0.3424  0.6576
  DIIS coefficients:  0.0324  0.0795  0.0635  0.4249  0.3997
 SCF Error: norm([F,P])=      0.044709261264, max([F,P])=      0.012380266279
 orbitals (Q,E):
 ---------------
 AA :6...16          ( 2.00    -0.9547)  ( 2.00    -0.8640)  ( 2.00    -0.5686)  ( 2.00    -0.5269)
                     ( 2.00    -0.4768)  ( 2.00    -0.4411)  ( 2.00    -0.3796)  ( 2.00    -0.3733)
                     ( 2.00    -0.3071)  ( 2.00    -0.2540)  ( 0.00    -0.1028)
 AAA :1...7          ( 2.00    -1.5803)  ( 2.00    -1.5786)  ( 2.00    -0.4073)  ( 2.00    -0.3237)
                     ( 2.00    -0.3175)  ( 2.00    -0.2734)  ( 0.00    -0.0849)

 CYCLE    7
  SDIIS (wt  0.971):  0.0058  0.0076  0.0037  0.1164  0.2700  0.5964
 A-DIIS (wt  0.029):  0.0000  0.0000  0.0000  0.0000  0.1195  0.8805
  DIIS coefficients:  0.0057  0.0074  0.0036  0.1130  0.2656  0.6047
 SCF Error: norm([F,P])=      0.014252421431, max([F,P])=      0.003906408137
 orbitals (Q,E):
 ---------------
 AA :6...16          ( 2.00    -0.9538)  ( 2.00    -0.8638)  ( 2.00    -0.5682)  ( 2.00    -0.5263)
                     ( 2.00    -0.4766)  ( 2.00    -0.4410)  ( 2.00    -0.3793)  ( 2.00    -0.3726)
                     ( 2.00    -0.3069)  ( 2.00    -0.2539)  ( 0.00    -0.1025)
 AAA :1...7          ( 2.00    -1.5807)  ( 2.00    -1.5790)  ( 2.00    -0.4069)  ( 2.00    -0.3237)
                     ( 2.00    -0.3165)  ( 2.00    -0.2733)  ( 0.00    -0.0846)

 CYCLE    8
  SDIIS (wt  1.000): -0.0020  0.0051 -0.0014  0.0186  0.0694  0.1699  0.7404
  DIIS coefficients: -0.0020  0.0051 -0.0014  0.0186  0.0694  0.1699  0.7404
 SCF Error: norm([F,P])=      0.002091552109, max([F,P])=      0.000417335998
 orbitals (Q,E):
 ---------------
 AA :6...16          ( 2.00    -0.9538)  ( 2.00    -0.8639)  ( 2.00    -0.5681)  ( 2.00    -0.5263)
                     ( 2.00    -0.4766)  ( 2.00    -0.4409)  ( 2.00    -0.3794)  ( 2.00    -0.3725)
                     ( 2.00    -0.3069)  ( 2.00    -0.2540)  ( 0.00    -0.1025)
 AAA :1...7          ( 2.00    -1.5806)  ( 2.00    -1.5789)  ( 2.00    -0.4069)  ( 2.00    -0.3236)
                     ( 2.00    -0.3165)  ( 2.00    -0.2734)  ( 0.00    -0.0846)

 CYCLE    9
  SDIIS (wt  1.000): -0.0023  0.0033 -0.0016  0.0027  0.0261  0.0680  0.5649  0.3390
  DIIS coefficients: -0.0023  0.0033 -0.0016  0.0027  0.0261  0.0680  0.5649  0.3390
 SCF Error: norm([F,P])=      0.001822249578, max([F,P])=      0.000409825599
 orbitals (Q,E):
 ---------------
 AA :6...16          ( 2.00    -0.9538)  ( 2.00    -0.8639)  ( 2.00    -0.5681)  ( 2.00    -0.5262)
                     ( 2.00    -0.4766)  ( 2.00    -0.4409)  ( 2.00    -0.3793)  ( 2.00    -0.3725)
                     ( 2.00    -0.3069)  ( 2.00    -0.2540)  ( 0.00    -0.1025)
 AAA :1...7          ( 2.00    -1.5806)  ( 2.00    -1.5789)  ( 2.00    -0.4069)  ( 2.00    -0.3236)
                     ( 2.00    -0.3165)  ( 2.00    -0.2734)  ( 0.00    -0.0846)

 CYCLE   10
  SDIIS (wt  1.000): -0.0006  0.0008 -0.0004  0.0002  0.0035  0.0096  0.1453  0.1130  0.7288
  DIIS coefficients: -0.0006  0.0008 -0.0004  0.0002  0.0035  0.0096  0.1453  0.1130  0.7288
 SCF Error: norm([F,P])=      0.000128112442, max([F,P])=      0.000023814369
 orbitals (Q,E):
 ---------------
 AA :6...16          ( 2.00    -0.9538)  ( 2.00    -0.8639)  ( 2.00    -0.5681)  ( 2.00    -0.5263)
                     ( 2.00    -0.4766)  ( 2.00    -0.4410)  ( 2.00    -0.3793)  ( 2.00    -0.3725)
                     ( 2.00    -0.3069)  ( 2.00    -0.2540)  ( 0.00    -0.1025)
 AAA :1...7          ( 2.00    -1.5806)  ( 2.00    -1.5789)  ( 2.00    -0.4069)  ( 2.00    -0.3236)
                     ( 2.00    -0.3165)  ( 2.00    -0.2734)  ( 0.00    -0.0846)

 CYCLE   11
  SDIIS (wt  1.000): -0.0001  0.0001 -0.0001  0.0000  0.0006  0.0022  0.0344  0.0271  0.2534  0.6824
  DIIS coefficients: -0.0001  0.0001 -0.0001  0.0000  0.0006  0.0022  0.0344  0.0271  0.2534  0.6824
 SCF Error: norm([F,P])=      0.000037731958, max([F,P])=      0.000009750035
 orbitals (Q,E):
 ---------------
 AA :6...16          ( 2.00    -0.9538)  ( 2.00    -0.8639)  ( 2.00    -0.5681)  ( 2.00    -0.5262)
                     ( 2.00    -0.4766)  ( 2.00    -0.4409)  ( 2.00    -0.3793)  ( 2.00    -0.3725)
                     ( 2.00    -0.3069)  ( 2.00    -0.2540)  ( 0.00    -0.1025)
 AAA :1...7          ( 2.00    -1.5806)  ( 2.00    -1.5789)  ( 2.00    -0.4069)  ( 2.00    -0.3236)
                     ( 2.00    -0.3165)  ( 2.00    -0.2734)  ( 0.00    -0.0846)

 CYCLE   12
  SDIIS (wt  1.000): -0.0000 -0.0000 -0.0000 -0.0000  0.0001  0.0053  0.0045  0.0678  0.3150  0.6074
  DIIS coefficients: -0.0000 -0.0000 -0.0000 -0.0000  0.0001  0.0053  0.0045  0.0678  0.3150  0.6074
 SCF Error: norm([F,P])=      0.000010852261, max([F,P])=      0.000002076616
 orbitals (Q,E):
 ---------------
 AA :6...16          ( 2.00    -0.9538)  ( 2.00    -0.8639)  ( 2.00    -0.5681)  ( 2.00    -0.5263)
                     ( 2.00    -0.4766)  ( 2.00    -0.4410)  ( 2.00    -0.3793)  ( 2.00    -0.3725)
                     ( 2.00    -0.3069)  ( 2.00    -0.2540)  ( 0.00    -0.1025)
 AAA :1...7          ( 2.00    -1.5806)  ( 2.00    -1.5789)  ( 2.00    -0.4069)  ( 2.00    -0.3236)
                     ( 2.00    -0.3165)  ( 2.00    -0.2734)  ( 0.00    -0.0846)

 CYCLE   13
  SDIIS (wt  1.000): -0.0000  0.0000  0.0000  0.0001  0.0015  0.0013  0.0136  0.0571  0.1551  0.7712
  DIIS coefficients: -0.0000  0.0000  0.0000  0.0001  0.0015  0.0013  0.0136  0.0571  0.1551  0.7712
 SCF Error: norm([F,P])=      0.000001719199, max([F,P])=      0.000000467567
 orbitals (Q,E):
 ---------------
 AA :6...16          ( 2.00    -0.9538)  ( 2.00    -0.8639)  ( 2.00    -0.5681)  ( 2.00    -0.5263)
                     ( 2.00    -0.4766)  ( 2.00    -0.4410)  ( 2.00    -0.3793)  ( 2.00    -0.3725)
                     ( 2.00    -0.3069)  ( 2.00    -0.2540)  ( 0.00    -0.1025)
 AAA :1...7          ( 2.00    -1.5806)  ( 2.00    -1.5789)  ( 2.00    -0.4069)  ( 2.00    -0.3236)
                     ( 2.00    -0.3165)  ( 2.00    -0.2734)  ( 0.00    -0.0846)

 SCF CONVERGED
 cosmo_calcen: 0.5 (esolb+esolc) (Hartrees) =   -0.023798

 Solvation energy (screening term,uncorrected) =    -14.933609 kcal/mol

 Solvation energy (dispersion and cavitation terms) =      0.679546 kcal/mol
 Solvation Energy Contributions (Hartrees)
          esola   esolb+esolc
     0.02379822   -0.04759644
 esol last cycle   -0.02379822

 CYCLE   14
 *** Using FIT density in Focky
  SDIIS (wt  1.000): -0.0000 -0.0000 -0.0000 -0.0000 -0.0000 -0.0015 -0.0089 -0.0175  0.1437  0.8842
  DIIS coefficients: -0.0000 -0.0000 -0.0000 -0.0000 -0.0000 -0.0015 -0.0089 -0.0175  0.1437  0.8842
 SCF Error: norm([F,P])=      0.000000358406, max([F,P])=      0.000000071371
 orbitals (Q,E):
 ---------------
 AA :6...25          ( 2.00    -0.9538)  ( 2.00    -0.8639)  ( 2.00    -0.5681)  ( 2.00    -0.5263)
                     ( 2.00    -0.4766)  ( 2.00    -0.4410)  ( 2.00    -0.3793)  ( 2.00    -0.3725)
                     ( 2.00    -0.3069)  ( 2.00    -0.2540)  ( 0.00    -0.1025)  ( 0.00     0.0066)
                     ( 0.00     0.0346)  ( 0.00     0.0534)  ( 0.00     0.1057)  ( 0.00     0.1543)
                     ( 0.00     0.1648)  ( 0.00     0.2147)  ( 0.00     0.2211)  ( 0.00     0.2496)
 AAA :1...16         ( 2.00    -1.5806)  ( 2.00    -1.5789)  ( 2.00    -0.4069)  ( 2.00    -0.3236)
                     ( 2.00    -0.3165)  ( 2.00    -0.2734)  ( 0.00    -0.0846)  ( 0.00     0.0878)
                     ( 0.00     0.2934)  ( 0.00     0.3140)  ( 0.00     0.4382)  ( 0.00     0.4593)
                     ( 0.00     0.4787)  ( 0.00     0.5217)  ( 0.00     0.5412)  ( 0.00     0.7253)
 cosmo_calcen: 0.5 (esolb+esolc) (Hartrees) =   -0.023798

 Solvation energy (screening term,uncorrected) =    -14.933602 kcal/mol

 Solvation energy (dispersion and cavitation terms) =      0.679546 kcal/mol
 Solvation Energy Contributions (Hartrees)
          esola   esolb+esolc
     0.02379821   -0.04759641
 esol last cycle   -0.02379821


 Fit test: (difference of exact and fit density, squared integrated, result summed over spins)
         SCF:                                          0.00004127794567

 Gross Charges per Atom (Z minus electrons)
 ==========================================
             2.0740   -0.7161   -0.7027   -0.7028   -0.8807    0.2862    0.3092    0.3328
 Net Total:  0.00000000



 =================================================================
 M U L T I P O L E   D E R I V E D   C H A R G E   A N A L Y S I S
 =================================================================

 See: M. Swart, P.Th. van Duijnen, J.G. Snijders, J.Comput.Chem., (2001), p. 79-88.

 --------------------------------------- 
 Multipole derived atomic charges (a.u.)
 --------------------------------------- 

        Atom    Level:     MDC-m        MDC-d        MDC-q
 ---------------------------------------------------------
     1     As           2.367058     1.741515     1.132585
     2     O           -0.553166    -0.526538    -0.502082
     3     O           -0.566425    -0.665314    -0.521144
     4     O           -0.517080    -0.538645    -0.521174
     5     O           -0.910885    -0.796676    -0.646545
     6     H            0.042931     0.220239     0.309821
     7     H            0.060075     0.320259     0.372498
     8     H            0.077492     0.245161     0.376040
 *** Using NEW gradient routines ***


 Geometry CYCLE 7
 ==============

 Energy gradients wrt nuclear displacements
 ==========================================

     Atom      Cartesian (a.u./angstrom)
                 X         Y         Z
 ----------------------------------------
     1 As   -0.005142  0.049091  0.000000
     2 O    -0.110257 -0.050702  0.000000
     3 O     0.134131  0.031681  0.000000
     4 O     0.081844 -0.079235  0.000000
     5 O    -0.110222  0.117390  0.000000
     6 H    -0.077857 -0.015500  0.000000
     7 H     0.087439  0.028925  0.000000
     8 H     0.000065 -0.081649  0.000000
 ----------------------------------------

 dE(predicted):    -0.44926E-01, dE(actual):    -0.66418E-01, Trust radius:    2.262742, all in a.u.
 
----------------------------------------------------------------------
Geometry Convergence after Step   7       (Hartree/Angstrom,Angstrom)
----------------------------------------------------------------------
current energy                               -1.41188488 Hartree
energy change                      -0.06641767     0.00100000    F
constrained gradient max            0.13413070     0.00100000    F
constrained gradient rms            0.06341503     0.00066667    F
gradient max                        0.13413070
gradient rms                        0.06341503
cart. step max                      0.08456823     0.01000000    F
cart. step rms                      0.03737929     0.00666667    F
 


 Coordinates (Cartesian)
 =======================

     Atom                    bohr                                 angstrom                 Geometric Variables
                   X           Y           Z              X           Y           Z       (0:frozen, *:LT par.)
 --------------------------------------------------------------------------------------------------------------
     1 As      6.462614   -0.800393    0.000000       3.419868   -0.423550    0.000000      1       2       3
     2 O       9.104952    1.328469    0.000000       4.818133    0.702995    0.000000      4       5       6
     3 O       3.628784   -2.488574    0.000000       1.920270   -1.316897    0.000000      7       8       9
     4 O       4.619463    2.019510    0.000000       2.444515    1.068679    0.000000     10      11      12
     5 O       8.297351   -3.282536    0.000000       4.390769   -1.737043    0.000000     13      14      15
     6 H      10.051381   -0.304092    0.000000       5.318962   -0.160918    0.000000     16      17      18
     7 H       2.745616   -0.880985    0.000000       1.452918   -0.466197    0.000000     19      20      21
     8 H       6.176318    3.000944    0.000000       3.268367    1.588031    0.000000     22      23      24
 --------------------------------------------------------------------------------------------------------------

 Number of elements of the density matrix on this node (used, total):      1035      9730



 ===========================================
 Numerical Integration : Fuzzy Cells (Becke)
 ===========================================
  
 Becke grid quality: GOOD           
  
 Lebedev angular grid order:             min:  11 max:  35
 Nr. of radial points:                   min:  54 max:  80

 Total nr. of points:     113180
 Nr. of blocks:              886
 Block length:               128
 Nr. of dummy points:        228


 Test of Precision of the Numerical Integration Grid
 ===================================================

 Integral of the Total Core Density:                  25.99994090669776
 Relative Error:                                      -2.273E-06


 -------------------------------------------
  COSMO surface
  Area             =          373.290
  Volume           =          587.776
  Number of Points =          948
 -------------------------------------------



 ========================
 Density Fitting (zlmFit)
 ========================
  
 ZlmFit Fit Quality: GOOD           
  
 Max L-expansion:                        min:   7 max:   9
 Nr. of radial interpolation points:     min:  72 max: 132



 =====
 S C F  ***  ScaSCF  ***
 =====
  
 Initial density matrix is taken from previous geometry

 CYCLE    1
 SCF Error: norm([F,P])=      0.190989720410, max([F,P])=      0.040351321503
 orbitals (Q,E):
 ---------------
 AA :6...25          ( 2.00    -0.9584)  ( 2.00    -0.8572)  ( 2.00    -0.5942)  ( 2.00    -0.5313)
                     ( 2.00    -0.4788)  ( 2.00    -0.4470)  ( 2.00    -0.3871)  ( 2.00    -0.3805)
                     ( 2.00    -0.3071)  ( 2.00    -0.2394)  ( 0.00    -0.1544)  ( 0.00    -0.0229)
                     ( 0.00     0.0164)  ( 0.00     0.0348)  ( 0.00     0.0969)  ( 0.00     0.1249)
                     ( 0.00     0.1321)  ( 0.00     0.1628)  ( 0.00     0.1906)  ( 0.00     0.2069)
 AAA :1...16         ( 2.00    -1.6328)  ( 2.00    -1.6312)  ( 2.00    -0.4181)  ( 2.00    -0.3308)
                     ( 2.00    -0.3251)  ( 2.00    -0.2669)  ( 0.00    -0.1312)  ( 0.00     0.0648)
                     ( 0.00     0.2476)  ( 0.00     0.2688)  ( 0.00     0.4122)  ( 0.00     0.4388)
                     ( 0.00     0.4667)  ( 0.00     0.5058)  ( 0.00     0.5435)  ( 0.00     0.6881)

 CYCLE    2
   MIX coefficients:  0.8000  0.2000
 SCF Error: norm([F,P])=      0.525488987356, max([F,P])=      0.157249958627
 orbitals (Q,E):
 ---------------
 AA :6...16          ( 2.00    -0.9560)  ( 2.00    -0.8781)  ( 2.00    -0.5868)  ( 2.00    -0.5239)
                     ( 2.00    -0.4784)  ( 2.00    -0.4464)  ( 2.00    -0.3867)  ( 2.00    -0.3840)
                     ( 2.00    -0.3184)  ( 2.00    -0.2677)  ( 0.00    -0.1507)
 AAA :1...7          ( 2.00    -1.6021)  ( 2.00    -1.6009)  ( 2.00    -0.4093)  ( 2.00    -0.3276)
                     ( 2.00    -0.3242)  ( 2.00    -0.2852)  ( 0.00    -0.1284)

 CYCLE    3
  SDIIS (wt  0.000):  0.0376  0.9624
 A-DIIS (wt  1.000):  0.0000  1.0000
  DIIS coefficients:  0.0000  1.0000
 SCF Error: norm([F,P])=      0.168218944175, max([F,P])=      0.026203177550
 orbitals (Q,E):
 ---------------
 AA :6...16          ( 2.00    -0.9432)  ( 2.00    -0.8604)  ( 2.00    -0.5662)  ( 2.00    -0.5130)
                     ( 2.00    -0.4802)  ( 2.00    -0.4465)  ( 2.00    -0.3914)  ( 2.00    -0.3730)
                     ( 2.00    -0.3182)  ( 2.00    -0.2540)  ( 0.00    -0.1281)
 AAA :1...7          ( 2.00    -1.5580)  ( 2.00    -1.5564)  ( 2.00    -0.3903)  ( 2.00    -0.3346)
                     ( 2.00    -0.3127)  ( 2.00    -0.2765)  ( 0.00    -0.0972)

 CYCLE    4
  SDIIS (wt  0.000): -0.0148  0.7222  0.2927
 A-DIIS (wt  1.000):  0.0000  0.7574  0.2426
  DIIS coefficients:  0.0000  0.7574  0.2426
 SCF Error: norm([F,P])=      0.385795702540, max([F,P])=      0.075072536030
 orbitals (Q,E):
 ---------------
 AA :6...16          ( 2.00    -0.9409)  ( 2.00    -0.8691)  ( 2.00    -0.5672)  ( 2.00    -0.5066)
                     ( 2.00    -0.4678)  ( 2.00    -0.4365)  ( 2.00    -0.3800)  ( 2.00    -0.3731)
                     ( 2.00    -0.3122)  ( 2.00    -0.2638)  ( 0.00    -0.1299)
 AAA :1...7          ( 2.00    -1.5782)  ( 2.00    -1.5769)  ( 2.00    -0.3871)  ( 2.00    -0.3155)
                     ( 2.00    -0.3111)  ( 2.00    -0.2783)  ( 0.00    -0.1019)

 CYCLE    5
  SDIIS (wt  0.841):  0.0707  0.2529  0.0853  0.5911
 A-DIIS (wt  0.159):  0.0000  0.0159  0.0000  0.9841
  DIIS coefficients:  0.0595  0.2152  0.0717  0.6536
 SCF Error: norm([F,P])=      0.083922522301, max([F,P])=      0.016731896866
 orbitals (Q,E):
 ---------------
 AA :6...16          ( 2.00    -0.9395)  ( 2.00    -0.8692)  ( 2.00    -0.5705)  ( 2.00    -0.5061)
                     ( 2.00    -0.4695)  ( 2.00    -0.4380)  ( 2.00    -0.3793)  ( 2.00    -0.3711)
                     ( 2.00    -0.3115)  ( 2.00    -0.2620)  ( 0.00    -0.1328)
 AAA :1...7          ( 2.00    -1.5914)  ( 2.00    -1.5900)  ( 2.00    -0.3894)  ( 2.00    -0.3170)
                     ( 2.00    -0.3076)  ( 2.00    -0.2775)  ( 0.00    -0.1060)

 CYCLE    6
  SDIIS (wt  0.841):  0.0512  0.1056  0.0252  0.4938  0.3242
 A-DIIS (wt  0.159):  0.0000  0.0000  0.0000  0.2941  0.7059
  DIIS coefficients:  0.0431  0.0888  0.0212  0.4621  0.3848
 SCF Error: norm([F,P])=      0.058061805182, max([F,P])=      0.017137792044
 orbitals (Q,E):
 ---------------
 AA :6...16          ( 2.00    -0.9434)  ( 2.00    -0.8690)  ( 2.00    -0.5715)  ( 2.00    -0.5092)
                     ( 2.00    -0.4696)  ( 2.00    -0.4381)  ( 2.00    -0.3805)  ( 2.00    -0.3745)
                     ( 2.00    -0.3127)  ( 2.00    -0.2621)  ( 0.00    -0.1336)
 AAA :1...7          ( 2.00    -1.5881)  ( 2.00    -1.5867)  ( 2.00    -0.3905)  ( 2.00    -0.3165)
                     ( 2.00    -0.3124)  ( 2.00    -0.2774)  ( 0.00    -0.1063)

 CYCLE    7
  SDIIS (wt  0.947):  0.0018  0.0165  0.0105  0.0856  0.2772  0.6084
 A-DIIS (wt  0.053):  0.0000  0.0000  0.0000  0.0000  0.1856  0.8144
  DIIS coefficients:  0.0017  0.0156  0.0100  0.0810  0.2723  0.6193
 SCF Error: norm([F,P])=      0.022173832072, max([F,P])=      0.006218674535
 orbitals (Q,E):
 ---------------
 AA :6...16          ( 2.00    -0.9421)  ( 2.00    -0.8687)  ( 2.00    -0.5709)  ( 2.00    -0.5083)
                     ( 2.00    -0.4695)  ( 2.00    -0.4381)  ( 2.00    -0.3801)  ( 2.00    -0.3735)
                     ( 2.00    -0.3123)  ( 2.00    -0.2618)  ( 0.00    -0.1331)
 AAA :1...7          ( 2.00    -1.5878)  ( 2.00    -1.5864)  ( 2.00    -0.3899)  ( 2.00    -0.3166)
                     ( 2.00    -0.3110)  ( 2.00    -0.2773)  ( 0.00    -0.1058)

 CYCLE    8
  SDIIS (wt  1.000): -0.0015  0.0080  0.0016  0.0301  0.1112  0.2598  0.5907
  DIIS coefficients: -0.0015  0.0080  0.0016  0.0301  0.1112  0.2598  0.5907
 SCF Error: norm([F,P])=      0.003404355546, max([F,P])=      0.000808368665
 orbitals (Q,E):
 ---------------
 AA :6...16          ( 2.00    -0.9422)  ( 2.00    -0.8688)  ( 2.00    -0.5710)  ( 2.00    -0.5084)
                     ( 2.00    -0.4696)  ( 2.00    -0.4380)  ( 2.00    -0.3803)  ( 2.00    -0.3736)
                     ( 2.00    -0.3123)  ( 2.00    -0.2619)  ( 0.00    -0.1332)
 AAA :1...7          ( 2.00    -1.5882)  ( 2.00    -1.5867)  ( 2.00    -0.3900)  ( 2.00    -0.3167)
                     ( 2.00    -0.3111)  ( 2.00    -0.2773)  ( 0.00    -0.1059)

 CYCLE    9
  SDIIS (wt  1.000): -0.0021  0.0036 -0.0013  0.0054  0.0301  0.0747  0.4899  0.3998
  DIIS coefficients: -0.0021  0.0036 -0.0013  0.0054  0.0301  0.0747  0.4899  0.3998
 SCF Error: norm([F,P])=      0.002523438049, max([F,P])=      0.000566121396
 orbitals (Q,E):
 ---------------
 AA :6...16          ( 2.00    -0.9422)  ( 2.00    -0.8689)  ( 2.00    -0.5710)  ( 2.00    -0.5084)
                     ( 2.00    -0.4696)  ( 2.00    -0.4381)  ( 2.00    -0.3802)  ( 2.00    -0.3736)
                     ( 2.00    -0.3124)  ( 2.00    -0.2620)  ( 0.00    -0.1332)
 AAA :1...7          ( 2.00    -1.5881)  ( 2.00    -1.5867)  ( 2.00    -0.3900)  ( 2.00    -0.3167)
                     ( 2.00    -0.3111)  ( 2.00    -0.2774)  ( 0.00    -0.1059)

 CYCLE   10
  SDIIS (wt  1.000): -0.0011  0.0015 -0.0007  0.0007  0.0089  0.0236  0.2145  0.2141  0.5386
  DIIS coefficients: -0.0011  0.0015 -0.0007  0.0007  0.0089  0.0236  0.2145  0.2141  0.5386
 SCF Error: norm([F,P])=      0.000366546948, max([F,P])=      0.000081041519
 orbitals (Q,E):
 ---------------
 AA :6...16          ( 2.00    -0.9422)  ( 2.00    -0.8688)  ( 2.00    -0.5710)  ( 2.00    -0.5083)
                     ( 2.00    -0.4696)  ( 2.00    -0.4381)  ( 2.00    -0.3802)  ( 2.00    -0.3736)
                     ( 2.00    -0.3123)  ( 2.00    -0.2620)  ( 0.00    -0.1332)
 AAA :1...7          ( 2.00    -1.5880)  ( 2.00    -1.5866)  ( 2.00    -0.3900)  ( 2.00    -0.3166)
                     ( 2.00    -0.3111)  ( 2.00    -0.2774)  ( 0.00    -0.1059)

 CYCLE   11
  SDIIS (wt  1.000): -0.0002  0.0002 -0.0002  0.0002  0.0009  0.0028  0.0464  0.0547  0.2244  0.6708
  DIIS coefficients: -0.0002  0.0002 -0.0002  0.0002  0.0009  0.0028  0.0464  0.0547  0.2244  0.6708
 SCF Error: norm([F,P])=      0.000080133643, max([F,P])=      0.000020657050
 orbitals (Q,E):
 ---------------
 AA :6...16          ( 2.00    -0.9422)  ( 2.00    -0.8689)  ( 2.00    -0.5710)  ( 2.00    -0.5083)
                     ( 2.00    -0.4696)  ( 2.00    -0.4381)  ( 2.00    -0.3802)  ( 2.00    -0.3736)
                     ( 2.00    -0.3123)  ( 2.00    -0.2620)  ( 0.00    -0.1332)
 AAA :1...7          ( 2.00    -1.5881)  ( 2.00    -1.5866)  ( 2.00    -0.3900)  ( 2.00    -0.3166)
                     ( 2.00    -0.3111)  ( 2.00    -0.2774)  ( 0.00    -0.1059)

 CYCLE   12
  SDIIS (wt  1.000): -0.0000 -0.0000  0.0000  0.0001  0.0004  0.0076  0.0096  0.0513  0.1883  0.7429
  DIIS coefficients: -0.0000 -0.0000  0.0000  0.0001  0.0004  0.0076  0.0096  0.0513  0.1883  0.7429
 SCF Error: norm([F,P])=      0.000018740420, max([F,P])=      0.000005473230
 orbitals (Q,E):
 ---------------
 AA :6...16          ( 2.00    -0.9422)  ( 2.00    -0.8688)  ( 2.00    -0.5710)  ( 2.00    -0.5083)
                     ( 2.00    -0.4696)  ( 2.00    -0.4381)  ( 2.00    -0.3802)  ( 2.00    -0.3736)
                     ( 2.00    -0.3123)  ( 2.00    -0.2620)  ( 0.00    -0.1332)
 AAA :1...7          ( 2.00    -1.5881)  ( 2.00    -1.5866)  ( 2.00    -0.3900)  ( 2.00    -0.3166)
                     ( 2.00    -0.3111)  ( 2.00    -0.2774)  ( 0.00    -0.1059)

 CYCLE   13
  SDIIS (wt  1.000): -0.0000  0.0000  0.0000  0.0001  0.0012  0.0016  0.0069  0.0235  0.1171  0.8496
  DIIS coefficients: -0.0000  0.0000  0.0000  0.0001  0.0012  0.0016  0.0069  0.0235  0.1171  0.8496
 SCF Error: norm([F,P])=      0.000001490069, max([F,P])=      0.000000342986
 orbitals (Q,E):
 ---------------
 AA :6...16          ( 2.00    -0.9422)  ( 2.00    -0.8688)  ( 2.00    -0.5710)  ( 2.00    -0.5083)
                     ( 2.00    -0.4696)  ( 2.00    -0.4381)  ( 2.00    -0.3802)  ( 2.00    -0.3736)
                     ( 2.00    -0.3123)  ( 2.00    -0.2620)  ( 0.00    -0.1332)
 AAA :1...7          ( 2.00    -1.5881)  ( 2.00    -1.5866)  ( 2.00    -0.3900)  ( 2.00    -0.3166)
                     ( 2.00    -0.3111)  ( 2.00    -0.2774)  ( 0.00    -0.1059)

 SCF CONVERGED
 cosmo_calcen: 0.5 (esolb+esolc) (Hartrees) =   -0.022271

 Solvation energy (screening term,uncorrected) =    -13.975082 kcal/mol

 Solvation energy (dispersion and cavitation terms) =      0.698023 kcal/mol
 Solvation Energy Contributions (Hartrees)
          esola   esolb+esolc
     0.02227071   -0.04454142
 esol last cycle   -0.02227071

 CYCLE   14
 *** Using FIT density in Focky
  SDIIS (wt  1.000): -0.0000  0.0000  0.0000  0.0000  0.0001  0.0002 -0.0011  0.0035  0.2398  0.7575
  DIIS coefficients: -0.0000  0.0000  0.0000  0.0000  0.0001  0.0002 -0.0011  0.0035  0.2398  0.7575
 SCF Error: norm([F,P])=      0.000000388755, max([F,P])=      0.000000064285
 orbitals (Q,E):
 ---------------
 AA :6...25          ( 2.00    -0.9422)  ( 2.00    -0.8688)  ( 2.00    -0.5710)  ( 2.00    -0.5083)
                     ( 2.00    -0.4696)  ( 2.00    -0.4381)  ( 2.00    -0.3802)  ( 2.00    -0.3736)
                     ( 2.00    -0.3123)  ( 2.00    -0.2620)  ( 0.00    -0.1332)  ( 0.00     0.0005)
                     ( 0.00     0.0305)  ( 0.00     0.0499)  ( 0.00     0.1028)  ( 0.00     0.1453)
                     ( 0.00     0.1539)  ( 0.00     0.1981)  ( 0.00     0.2095)  ( 0.00     0.2181)
 AAA :1...16         ( 2.00    -1.5881)  ( 2.00    -1.5866)  ( 2.00    -0.3900)  ( 2.00    -0.3166)
                     ( 2.00    -0.3111)  ( 2.00    -0.2774)  ( 0.00    -0.1059)  ( 0.00     0.0904)
                     ( 0.00     0.2774)  ( 0.00     0.2960)  ( 0.00     0.4363)  ( 0.00     0.4561)
                     ( 0.00     0.4847)  ( 0.00     0.5124)  ( 0.00     0.5366)  ( 0.00     0.7057)
 cosmo_calcen: 0.5 (esolb+esolc) (Hartrees) =   -0.022271

 Solvation energy (screening term,uncorrected) =    -13.975077 kcal/mol

 Solvation energy (dispersion and cavitation terms) =      0.698023 kcal/mol
 Solvation Energy Contributions (Hartrees)
          esola   esolb+esolc
     0.02227070   -0.04454140
 esol last cycle   -0.02227070


 Fit test: (difference of exact and fit density, squared integrated, result summed over spins)
         SCF:                                          0.00003724798137

 Gross Charges per Atom (Z minus electrons)
 ==========================================
             1.8957   -0.6923   -0.6767   -0.6747   -0.8282    0.3029    0.3280    0.3452
 Net Total:  0.00000000



 =================================================================
 M U L T I P O L E   D E R I V E D   C H A R G E   A N A L Y S I S
 =================================================================

 See: M. Swart, P.Th. van Duijnen, J.G. Snijders, J.Comput.Chem., (2001), p. 79-88.

 --------------------------------------- 
 Multipole derived atomic charges (a.u.)
 --------------------------------------- 

        Atom    Level:     MDC-m        MDC-d        MDC-q
 ---------------------------------------------------------
     1     As           2.278330     1.663443     1.009665
     2     O           -0.540599    -0.530621    -0.474125
     3     O           -0.542040    -0.661307    -0.501776
     4     O           -0.504705    -0.536704    -0.481782
     5     O           -0.877124    -0.749303    -0.575446
     6     H            0.044887     0.229805     0.299066
     7     H            0.062265     0.338744     0.374746
     8     H            0.078987     0.245942     0.349653
 *** Using NEW gradient routines ***


 Geometry CYCLE 8
 ==============

 Energy gradients wrt nuclear displacements
 ==========================================

     Atom      Cartesian (a.u./angstrom)
                 X         Y         Z
 ----------------------------------------
     1 As    0.008682  0.017982  0.000000
     2 O    -0.027546  0.011359  0.000000
     3 O     0.028666  0.004238  0.000000
     4 O     0.011983 -0.006110  0.000000
     5 O    -0.046035  0.049337  0.000000
     6 H    -0.061464 -0.022674  0.000000
     7 H     0.077961  0.005890  0.000000
     8 H     0.007753 -0.060022  0.000000
 ----------------------------------------

 dE(predicted):    -0.27489E-01, dE(actual):    -0.37062E-01, Trust radius:    2.262742, all in a.u.
 
----------------------------------------------------------------------
Geometry Convergence after Step   8       (Hartree/Angstrom,Angstrom)
----------------------------------------------------------------------
current energy                               -1.44894738 Hartree
energy change                      -0.03706250     0.00100000    F
constrained gradient max            0.07796106     0.00100000    F
constrained gradient rms            0.02952956     0.00066667    F
gradient max                        0.07796106
gradient rms                        0.02952956
cart. step max                      0.05907561     0.01000000    F
cart. step rms                      0.02658870     0.00666667    F
 


 Coordinates (Cartesian)
 =======================

     Atom                    bohr                                 angstrom                 Geometric Variables
                   X           Y           Z              X           Y           Z       (0:frozen, *:LT par.)
 --------------------------------------------------------------------------------------------------------------
     1 As      6.466905   -0.835823    0.000000       3.422139   -0.442298    0.000000      1       2       3
     2 O       9.202129    1.347086    0.000000       4.869557    0.712847    0.000000      4       5       6
     3 O       3.528988   -2.518367    0.000000       1.867460   -1.332663    0.000000      7       8       9
     4 O       4.589446    2.075135    0.000000       2.428630    1.098114    0.000000     10      11      12
     5 O       8.357003   -3.342346    0.000000       4.422335   -1.768693    0.000000     13      14      15
     6 H      10.149455   -0.275864    0.000000       5.370861   -0.145981    0.000000     16      17      18
     7 H       2.633980   -0.914988    0.000000       1.393842   -0.484191    0.000000     19      20      21
     8 H       6.158573    3.057510    0.000000       3.258977    1.617965    0.000000     22      23      24
 --------------------------------------------------------------------------------------------------------------

 Number of elements of the density matrix on this node (used, total):      1035      9730



 ===========================================
 Numerical Integration : Fuzzy Cells (Becke)
 ===========================================
  
 Becke grid quality: GOOD           
  
 Lebedev angular grid order:             min:  11 max:  35
 Nr. of radial points:                   min:  54 max:  80

 Total nr. of points:     113178
 Nr. of blocks:              886
 Block length:               128
 Nr. of dummy points:        230


 Test of Precision of the Numerical Integration Grid
 ===================================================

 Integral of the Total Core Density:                  25.99993601189094
 Relative Error:                                      -2.461E-06


 -------------------------------------------
  COSMO surface
  Area             =          379.637
  Volume           =          599.702
  Number of Points =          956
 -------------------------------------------



 ========================
 Density Fitting (zlmFit)
 ========================
  
 ZlmFit Fit Quality: GOOD           
  
 Max L-expansion:                        min:   7 max:   9
 Nr. of radial interpolation points:     min:  72 max: 132



 =====
 S C F  ***  ScaSCF  ***
 =====
  
 Initial density matrix is taken from previous geometry

 CYCLE    1
 SCF Error: norm([F,P])=      0.130329653139, max([F,P])=      0.034362007921
 orbitals (Q,E):
 ---------------
 AA :6...25          ( 2.00    -0.9588)  ( 2.00    -0.8673)  ( 2.00    -0.6017)  ( 2.00    -0.5269)
                     ( 2.00    -0.4833)  ( 2.00    -0.4498)  ( 2.00    -0.3943)  ( 2.00    -0.3891)
                     ( 2.00    -0.3201)  ( 2.00    -0.2529)  ( 0.00    -0.1756)  ( 0.00    -0.0292)
                     ( 0.00     0.0081)  ( 0.00     0.0284)  ( 0.00     0.0824)  ( 0.00     0.1072)
                     ( 0.00     0.1245)  ( 0.00     0.1544)  ( 0.00     0.1725)  ( 0.00     0.1990)
 AAA :1...16         ( 2.00    -1.6356)  ( 2.00    -1.6342)  ( 2.00    -0.4114)  ( 2.00    -0.3332)
                     ( 2.00    -0.3283)  ( 2.00    -0.2779)  ( 0.00    -0.1467)  ( 0.00     0.0648)
                     ( 0.00     0.2349)  ( 0.00     0.2555)  ( 0.00     0.4095)  ( 0.00     0.4334)
                     ( 0.00     0.4652)  ( 0.00     0.4962)  ( 0.00     0.5351)  ( 0.00     0.6715)

 CYCLE    2
  SDIIS (wt  0.000):  0.8181  0.1819
 A-DIIS (wt  1.000):  0.9423  0.0577
  DIIS coefficients:  0.9423  0.0577
 SCF Error: norm([F,P])=      0.436674457640, max([F,P])=      0.136423202677
 orbitals (Q,E):
 ---------------
 AA :6...16          ( 2.00    -0.9570)  ( 2.00    -0.8722)  ( 2.00    -0.5991)  ( 2.00    -0.5240)
                     ( 2.00    -0.4821)  ( 2.00    -0.4488)  ( 2.00    -0.3927)  ( 2.00    -0.3895)
                     ( 2.00    -0.3220)  ( 2.00    -0.2594)  ( 0.00    -0.1743)
 AAA :1...7          ( 2.00    -1.6276)  ( 2.00    -1.6262)  ( 2.00    -0.4085)  ( 2.00    -0.3315)
                     ( 2.00    -0.3271)  ( 2.00    -0.2817)  ( 0.00    -0.1457)

 CYCLE    3
  SDIIS (wt  0.000):  0.5531 -0.6386  1.0855
 A-DIIS (wt  1.000):  0.9152  0.0000  0.0848
  DIIS coefficients:  0.9152  0.0000  0.0848
 SCF Error: norm([F,P])=      0.305459726837, max([F,P])=      0.093677606352
 orbitals (Q,E):
 ---------------
 AA :6...16          ( 2.00    -0.9563)  ( 2.00    -0.8719)  ( 2.00    -0.5981)  ( 2.00    -0.5232)
                     ( 2.00    -0.4818)  ( 2.00    -0.4485)  ( 2.00    -0.3922)  ( 2.00    -0.3893)
                     ( 2.00    -0.3219)  ( 2.00    -0.2594)  ( 0.00    -0.1735)
 AAA :1...7          ( 2.00    -1.6256)  ( 2.00    -1.6242)  ( 2.00    -0.4075)  ( 2.00    -0.3308)
                     ( 2.00    -0.3270)  ( 2.00    -0.2817)  ( 0.00    -0.1447)

 CYCLE    4
  SDIIS (wt  0.096): -1.7391 -0.2609  3.0000
 A-DIIS (wt  0.904):  0.0000  0.0000  1.0000
  DIIS coefficients: -0.1678 -0.0252  1.1930
 SCF Error: norm([F,P])=      0.292777612947, max([F,P])=      0.090447685038
 orbitals (Q,E):
 ---------------
 AA :6...16          ( 2.00    -0.9401)  ( 2.00    -0.8986)  ( 2.00    -0.5681)  ( 2.00    -0.4913)
                     ( 2.00    -0.4623)  ( 2.00    -0.4446)  ( 2.00    -0.3987)  ( 2.00    -0.3744)
                     ( 2.00    -0.3249)  ( 2.00    -0.3137)  ( 0.00    -0.1457)
 AAA :1...7          ( 2.00    -1.5258)  ( 2.00    -1.5255)  ( 2.00    -0.3879)  ( 2.00    -0.3340)
                     ( 2.00    -0.3125)  ( 2.00    -0.2859)  ( 0.00    -0.1082)

 CYCLE    5
  SDIIS (wt  0.000): -0.5110 -1.6567  3.0000  0.1677
 A-DIIS (wt  1.000):  0.0000  0.0000  0.7786  0.2214
  DIIS coefficients:  0.0000  0.0000  0.7786  0.2214
 SCF Error: norm([F,P])=      0.820609809750, max([F,P])=      0.255086860118
 orbitals (Q,E):
 ---------------
 AA :6...16          ( 2.00    -0.9314)  ( 2.00    -0.8748)  ( 2.00    -0.5670)  ( 2.00    -0.4939)
                     ( 2.00    -0.4643)  ( 2.00    -0.4347)  ( 2.00    -0.3808)  ( 2.00    -0.3730)
                     ( 2.00    -0.3150)  ( 2.00    -0.2729)  ( 0.00    -0.1457)
 AAA :1...7          ( 2.00    -1.5660)  ( 2.00    -1.5651)  ( 2.00    -0.3761)  ( 2.00    -0.3142)
                     ( 2.00    -0.3063)  ( 2.00    -0.2835)  ( 0.00    -0.1106)

 CYCLE    6
  SDIIS (wt  0.539): -0.4507  2.7973 -2.0000 -0.0897  0.7432
 A-DIIS (wt  0.461):  0.0000  0.0000  0.2998  0.0000  0.7002
  DIIS coefficients: -0.2430  1.5084 -0.9403 -0.0484  0.7233
 SCF Error: norm([F,P])=      0.195200407979, max([F,P])=      0.046616743401
 orbitals (Q,E):
 ---------------
 AA :6...16          ( 2.00    -0.9340)  ( 2.00    -0.8671)  ( 2.00    -0.5743)  ( 2.00    -0.4971)
                     ( 2.00    -0.4631)  ( 2.00    -0.4312)  ( 2.00    -0.3782)  ( 2.00    -0.3730)
                     ( 2.00    -0.3115)  ( 2.00    -0.2622)  ( 0.00    -0.1506)
 AAA :1...7          ( 2.00    -1.5984)  ( 2.00    -1.5972)  ( 2.00    -0.3798)  ( 2.00    -0.3103)
                     ( 2.00    -0.3068)  ( 2.00    -0.2749)  ( 0.00    -0.1175)

 CYCLE    7
  SDIIS (wt  0.810): -0.1926  0.2389  0.1837 -0.0420  0.4636  0.3484
 A-DIIS (wt  0.190):  0.0000  0.0000  0.0000  0.0000  0.1028  0.8972
  DIIS coefficients: -0.1561  0.1936  0.1489 -0.0340  0.3951  0.4525
 SCF Error: norm([F,P])=      0.077488245757, max([F,P])=      0.019780589822
 orbitals (Q,E):
 ---------------
 AA :6...16          ( 2.00    -0.9348)  ( 2.00    -0.8705)  ( 2.00    -0.5741)  ( 2.00    -0.4974)
                     ( 2.00    -0.4664)  ( 2.00    -0.4361)  ( 2.00    -0.3796)  ( 2.00    -0.3742)
                     ( 2.00    -0.3148)  ( 2.00    -0.2655)  ( 0.00    -0.1512)
 AAA :1...7          ( 2.00    -1.5907)  ( 2.00    -1.5894)  ( 2.00    -0.3804)  ( 2.00    -0.3141)
                     ( 2.00    -0.3070)  ( 2.00    -0.2796)  ( 0.00    -0.1175)

 CYCLE    8
  SDIIS (wt  0.878): -0.0308 -0.3513  0.4587 -0.0024  0.1443  0.3951  0.3864
 A-DIIS (wt  0.122):  0.0000  0.0000  0.0000  0.0000  0.0000  0.3459  0.6541
  DIIS coefficients: -0.0270 -0.3084  0.4027 -0.0021  0.1267  0.3891  0.4190
 SCF Error: norm([F,P])=      0.047838286525, max([F,P])=      0.013070583013
 orbitals (Q,E):
 ---------------
 AA :6...16          ( 2.00    -0.9359)  ( 2.00    -0.8693)  ( 2.00    -0.5743)  ( 2.00    -0.4984)
                     ( 2.00    -0.4654)  ( 2.00    -0.4344)  ( 2.00    -0.3797)  ( 2.00    -0.3749)
                     ( 2.00    -0.3141)  ( 2.00    -0.2645)  ( 0.00    -0.1512)
 AAA :1...7          ( 2.00    -1.5906)  ( 2.00    -1.5893)  ( 2.00    -0.3805)  ( 2.00    -0.3125)
                     ( 2.00    -0.3088)  ( 2.00    -0.2781)  ( 0.00    -0.1174)

 CYCLE    9
  SDIIS (wt  0.963): -0.0255 -0.8062  0.8681  0.0092 -0.0224  0.2495  0.3435  0.3838
 A-DIIS (wt  0.037):  0.0000  0.0000  0.0000  0.0000  0.0000  0.0000  0.1144  0.8856
  DIIS coefficients: -0.0246 -0.7760  0.8357  0.0089 -0.0216  0.2402  0.3350  0.4025
 SCF Error: norm([F,P])=      0.016015994522, max([F,P])=      0.004699729174
 orbitals (Q,E):
 ---------------
 AA :6...16          ( 2.00    -0.9350)  ( 2.00    -0.8691)  ( 2.00    -0.5740)  ( 2.00    -0.4977)
                     ( 2.00    -0.4652)  ( 2.00    -0.4342)  ( 2.00    -0.3793)  ( 2.00    -0.3742)
                     ( 2.00    -0.3137)  ( 2.00    -0.2643)  ( 0.00    -0.1509)
 AAA :1...7          ( 2.00    -1.5913)  ( 2.00    -1.5900)  ( 2.00    -0.3801)  ( 2.00    -0.3124)
                     ( 2.00    -0.3078)  ( 2.00    -0.2779)  ( 0.00    -0.1172)

 CYCLE   10
  SDIIS (wt  1.000): -0.0064 -0.2658  0.2815  0.0048 -0.0122  0.0978  0.1464  0.1948  0.5592
  DIIS coefficients: -0.0064 -0.2658  0.2815  0.0048 -0.0122  0.0978  0.1464  0.1948  0.5592
 SCF Error: norm([F,P])=      0.002470418934, max([F,P])=      0.000616225154
 orbitals (Q,E):
 ---------------
 AA :6...16          ( 2.00    -0.9352)  ( 2.00    -0.8693)  ( 2.00    -0.5742)  ( 2.00    -0.4979)
                     ( 2.00    -0.4654)  ( 2.00    -0.4344)  ( 2.00    -0.3795)  ( 2.00    -0.3744)
                     ( 2.00    -0.3139)  ( 2.00    -0.2645)  ( 0.00    -0.1511)
 AAA :1...7          ( 2.00    -1.5917)  ( 2.00    -1.5904)  ( 2.00    -0.3803)  ( 2.00    -0.3125)
                     ( 2.00    -0.3080)  ( 2.00    -0.2781)  ( 0.00    -0.1174)

 CYCLE   11
  SDIIS (wt  1.000): -0.0043 -0.0311  0.0363  0.0013 -0.0041  0.0137  0.0236  0.0267  0.2497  0.6880
  DIIS coefficients: -0.0043 -0.0311  0.0363  0.0013 -0.0041  0.0137  0.0236  0.0267  0.2497  0.6880
 SCF Error: norm([F,P])=      0.000853265782, max([F,P])=      0.000186567369
 orbitals (Q,E):
 ---------------
 AA :6...16          ( 2.00    -0.9351)  ( 2.00    -0.8693)  ( 2.00    -0.5742)  ( 2.00    -0.4978)
                     ( 2.00    -0.4653)  ( 2.00    -0.4344)  ( 2.00    -0.3795)  ( 2.00    -0.3743)
                     ( 2.00    -0.3139)  ( 2.00    -0.2645)  ( 0.00    -0.1510)
 AAA :1...7          ( 2.00    -1.5916)  ( 2.00    -1.5903)  ( 2.00    -0.3803)  ( 2.00    -0.3125)
                     ( 2.00    -0.3079)  ( 2.00    -0.2781)  ( 0.00    -0.1174)

 CYCLE   12
  SDIIS (wt  1.000):  0.0183 -0.0192  0.0001  0.0003 -0.0000  0.0017  0.0022  0.0420  0.1694  0.7852
  DIIS coefficients:  0.0183 -0.0192  0.0001  0.0003 -0.0000  0.0017  0.0022  0.0420  0.1694  0.7852
 SCF Error: norm([F,P])=      0.000129150758, max([F,P])=      0.000025385899
 orbitals (Q,E):
 ---------------
 AA :6...16          ( 2.00    -0.9351)  ( 2.00    -0.8693)  ( 2.00    -0.5742)  ( 2.00    -0.4978)
                     ( 2.00    -0.4653)  ( 2.00    -0.4344)  ( 2.00    -0.3795)  ( 2.00    -0.3743)
                     ( 2.00    -0.3139)  ( 2.00    -0.2645)  ( 0.00    -0.1510)
 AAA :1...7          ( 2.00    -1.5916)  ( 2.00    -1.5903)  ( 2.00    -0.3803)  ( 2.00    -0.3125)
                     ( 2.00    -0.3079)  ( 2.00    -0.2781)  ( 0.00    -0.1174)

 CYCLE   13
  SDIIS (wt  1.000): -0.0000  0.0000 -0.0000  0.0008  0.0012  0.0018  0.0010  0.0018  0.0630  0.9304
  DIIS coefficients: -0.0000  0.0000 -0.0000  0.0008  0.0012  0.0018  0.0010  0.0018  0.0630  0.9304
 SCF Error: norm([F,P])=      0.000017047313, max([F,P])=      0.000003162703
 orbitals (Q,E):
 ---------------
 AA :6...16          ( 2.00    -0.9351)  ( 2.00    -0.8693)  ( 2.00    -0.5742)  ( 2.00    -0.4978)
                     ( 2.00    -0.4653)  ( 2.00    -0.4344)  ( 2.00    -0.3795)  ( 2.00    -0.3743)
                     ( 2.00    -0.3139)  ( 2.00    -0.2645)  ( 0.00    -0.1510)
 AAA :1...7          ( 2.00    -1.5916)  ( 2.00    -1.5903)  ( 2.00    -0.3803)  ( 2.00    -0.3125)
                     ( 2.00    -0.3079)  ( 2.00    -0.2781)  ( 0.00    -0.1174)

 CYCLE   14
  SDIIS (wt  1.000):  0.0000  0.0000  0.0000 -0.0001 -0.0001 -0.0018 -0.0027  0.0316  0.3585  0.6146
  DIIS coefficients:  0.0000  0.0000  0.0000 -0.0001 -0.0001 -0.0018 -0.0027  0.0316  0.3585  0.6146
 SCF Error: norm([F,P])=      0.000012832115, max([F,P])=      0.000003462000
 orbitals (Q,E):
 ---------------
 AA :6...16          ( 2.00    -0.9351)  ( 2.00    -0.8693)  ( 2.00    -0.5742)  ( 2.00    -0.4978)
                     ( 2.00    -0.4653)  ( 2.00    -0.4344)  ( 2.00    -0.3795)  ( 2.00    -0.3743)
                     ( 2.00    -0.3139)  ( 2.00    -0.2645)  ( 0.00    -0.1510)
 AAA :1...7          ( 2.00    -1.5916)  ( 2.00    -1.5903)  ( 2.00    -0.3803)  ( 2.00    -0.3125)
                     ( 2.00    -0.3079)  ( 2.00    -0.2781)  ( 0.00    -0.1174)

 CYCLE   15
  SDIIS (wt  1.000):  0.0000 -0.0000 -0.0000 -0.0000 -0.0003 -0.0003  0.0092  0.0707  0.1089  0.8118
  DIIS coefficients:  0.0000 -0.0000 -0.0000 -0.0000 -0.0003 -0.0003  0.0092  0.0707  0.1089  0.8118
 SCF Error: norm([F,P])=      0.000001095902, max([F,P])=      0.000000297326
 orbitals (Q,E):
 ---------------
 AA :6...16          ( 2.00    -0.9351)  ( 2.00    -0.8693)  ( 2.00    -0.5742)  ( 2.00    -0.4978)
                     ( 2.00    -0.4653)  ( 2.00    -0.4344)  ( 2.00    -0.3795)  ( 2.00    -0.3743)
                     ( 2.00    -0.3139)  ( 2.00    -0.2645)  ( 0.00    -0.1510)
 AAA :1...7          ( 2.00    -1.5916)  ( 2.00    -1.5903)  ( 2.00    -0.3803)  ( 2.00    -0.3125)
                     ( 2.00    -0.3079)  ( 2.00    -0.2781)  ( 0.00    -0.1174)

 SCF CONVERGED
 cosmo_calcen: 0.5 (esolb+esolc) (Hartrees) =   -0.021876

 Solvation energy (screening term,uncorrected) =    -13.727359 kcal/mol

 Solvation energy (dispersion and cavitation terms) =      0.709893 kcal/mol
 Solvation Energy Contributions (Hartrees)
          esola   esolb+esolc
     0.02187594   -0.04375187
 esol last cycle   -0.02187594

 CYCLE   16
 *** Using FIT density in Focky
  SDIIS (wt  1.000): -0.0000  0.0000  0.0000  0.0001  0.0000 -0.0003 -0.0070 -0.0142  0.1323  0.8891
  DIIS coefficients: -0.0000  0.0000  0.0000  0.0001  0.0000 -0.0003 -0.0070 -0.0142  0.1323  0.8891
 SCF Error: norm([F,P])=      0.000000138366, max([F,P])=      0.000000028833
 orbitals (Q,E):
 ---------------
 AA :6...25          ( 2.00    -0.9351)  ( 2.00    -0.8693)  ( 2.00    -0.5742)  ( 2.00    -0.4978)
                     ( 2.00    -0.4653)  ( 2.00    -0.4344)  ( 2.00    -0.3795)  ( 2.00    -0.3743)
                     ( 2.00    -0.3139)  ( 2.00    -0.2645)  ( 0.00    -0.1510)  ( 0.00    -0.0022)
                     ( 0.00     0.0268)  ( 0.00     0.0460)  ( 0.00     0.0984)  ( 0.00     0.1283)
                     ( 0.00     0.1522)  ( 0.00     0.1789)  ( 0.00     0.2040)  ( 0.00     0.2162)
 AAA :1...16         ( 2.00    -1.5916)  ( 2.00    -1.5903)  ( 2.00    -0.3803)  ( 2.00    -0.3125)
                     ( 2.00    -0.3079)  ( 2.00    -0.2781)  ( 0.00    -0.1174)  ( 0.00     0.0919)
                     ( 0.00     0.2685)  ( 0.00     0.2866)  ( 0.00     0.4364)  ( 0.00     0.4540)
                     ( 0.00     0.4869)  ( 0.00     0.5073)  ( 0.00     0.5358)  ( 0.00     0.6931)
 cosmo_calcen: 0.5 (esolb+esolc) (Hartrees) =   -0.021876

 Solvation energy (screening term,uncorrected) =    -13.727362 kcal/mol

 Solvation energy (dispersion and cavitation terms) =      0.709893 kcal/mol
 Solvation Energy Contributions (Hartrees)
          esola   esolb+esolc
     0.02187594   -0.04375188
 esol last cycle   -0.02187594


 Fit test: (difference of exact and fit density, squared integrated, result summed over spins)
         SCF:                                          0.00003454306784

 Gross Charges per Atom (Z minus electrons)
 ==========================================
             1.7952   -0.6848   -0.6635   -0.6611   -0.7975    0.3179    0.3398    0.3540
 Net Total: -0.00000000



 =================================================================
 M U L T I P O L E   D E R I V E D   C H A R G E   A N A L Y S I S
 =================================================================

 See: M. Swart, P.Th. van Duijnen, J.G. Snijders, J.Comput.Chem., (2001), p. 79-88.

 --------------------------------------- 
 Multipole derived atomic charges (a.u.)
 --------------------------------------- 

        Atom    Level:     MDC-m        MDC-d        MDC-q
 ---------------------------------------------------------
     1     As           2.223320     1.615478     0.950475
     2     O           -0.533215    -0.538381    -0.464886
     3     O           -0.531472    -0.660355    -0.497117
     4     O           -0.497878    -0.536936    -0.466966
     5     O           -0.859767    -0.725153    -0.540248
     6     H            0.047079     0.241427     0.296263
     7     H            0.069633     0.352432     0.382209
     8     H            0.082302     0.251487     0.340271
 *** Using NEW gradient routines ***


 Geometry CYCLE 9
 ==============

 Energy gradients wrt nuclear displacements
 ==========================================

     Atom      Cartesian (a.u./angstrom)
                 X         Y         Z
 ----------------------------------------
     1 As    0.006529  0.012427  0.000000
     2 O     0.009955  0.027567  0.000000
     3 O    -0.012640 -0.010823  0.000000
     4 O    -0.017309  0.022311  0.000000
     5 O    -0.008706  0.012356  0.000000
     6 H    -0.052793 -0.018971  0.000000
     7 H     0.063438  0.002246  0.000000
     8 H     0.011525 -0.047112  0.000000
 ----------------------------------------

 dE(predicted):    -0.83973E-02, dE(actual):    -0.11538E-01, Trust radius:    2.262742, all in a.u.
 
----------------------------------------------------------------------
Geometry Convergence after Step   9       (Hartree/Angstrom,Angstrom)
----------------------------------------------------------------------
current energy                               -1.46048552 Hartree
energy change                      -0.01153815     0.00100000    F
constrained gradient max            0.06343777     0.00100000    F
constrained gradient rms            0.02225571     0.00066667    F
gradient max                        0.06343777
gradient rms                        0.02225571
cart. step max                      0.05329636     0.01000000    F
cart. step rms                      0.02045846     0.00666667    F
 


 Coordinates (Cartesian)
 =======================

     Atom                    bohr                                 angstrom                 Geometric Variables
                   X           Y           Z              X           Y           Z       (0:frozen, *:LT par.)
 --------------------------------------------------------------------------------------------------------------
     1 As      6.469963   -0.860592    0.000000       3.423757   -0.455406    0.000000      1       2       3
     2 O       9.267534    1.348180    0.000000       4.904168    0.713426    0.000000      4       5       6
     3 O       3.466334   -2.533478    0.000000       1.834305   -1.340659    0.000000      7       8       9
     4 O       4.576908    2.104550    0.000000       2.421995    1.113680    0.000000     10      11      12
     5 O       8.395712   -3.383182    0.000000       4.442820   -1.790303    0.000000     13      14      15
     6 H      10.239145   -0.251132    0.000000       5.418322   -0.132893    0.000000     16      17      18
     7 H       2.533264   -0.941396    0.000000       1.340546   -0.498165    0.000000     19      20      21
     8 H       6.137618    3.109393    0.000000       3.247888    1.645420    0.000000     22      23      24
 --------------------------------------------------------------------------------------------------------------

 Number of elements of the density matrix on this node (used, total):      1035      9730



 ===========================================
 Numerical Integration : Fuzzy Cells (Becke)
 ===========================================
  
 Becke grid quality: GOOD           
  
 Lebedev angular grid order:             min:  11 max:  35
 Nr. of radial points:                   min:  54 max:  80

 Total nr. of points:     113182
 Nr. of blocks:              886
 Block length:               128
 Nr. of dummy points:        226


 Test of Precision of the Numerical Integration Grid
 ===================================================

 Integral of the Total Core Density:                  25.99993807692585
 Relative Error:                                      -2.382E-06


 -------------------------------------------
  COSMO surface
  Area             =          383.959
  Volume           =          607.784
  Number of Points =          971
 -------------------------------------------



 ========================
 Density Fitting (zlmFit)
 ========================
  
 ZlmFit Fit Quality: GOOD           
  
 Max L-expansion:                        min:   7 max:   9
 Nr. of radial interpolation points:     min:  72 max: 132



 =====
 S C F  ***  ScaSCF  ***
 =====
  
 Initial density matrix is taken from previous geometry

 CYCLE    1
 SCF Error: norm([F,P])=      0.103206657608, max([F,P])=      0.030728168290
 orbitals (Q,E):
 ---------------
 AA :6...25          ( 2.00    -0.9543)  ( 2.00    -0.8679)  ( 2.00    -0.6029)  ( 2.00    -0.5203)
                     ( 2.00    -0.4823)  ( 2.00    -0.4460)  ( 2.00    -0.3946)  ( 2.00    -0.3895)
                     ( 2.00    -0.3230)  ( 2.00    -0.2558)  ( 0.00    -0.1840)  ( 0.00    -0.0307)
                     ( 0.00     0.0042)  ( 0.00     0.0257)  ( 0.00     0.0733)  ( 0.00     0.1000)
                     ( 0.00     0.1234)  ( 0.00     0.1503)  ( 0.00     0.1699)  ( 0.00     0.1965)
 AAA :1...16         ( 2.00    -1.6315)  ( 2.00    -1.6301)  ( 2.00    -0.4036)  ( 2.00    -0.3314)
                     ( 2.00    -0.3257)  ( 2.00    -0.2797)  ( 0.00    -0.1513)  ( 0.00     0.0671)
                     ( 0.00     0.2320)  ( 0.00     0.2523)  ( 0.00     0.4108)  ( 0.00     0.4321)
                     ( 0.00     0.4661)  ( 0.00     0.4945)  ( 0.00     0.5345)  ( 0.00     0.6638)

 CYCLE    2
  SDIIS (wt  0.000):  0.8309  0.1691
 A-DIIS (wt  1.000):  0.8554  0.1446
  DIIS coefficients:  0.8554  0.1446
 SCF Error: norm([F,P])=      0.384855180742, max([F,P])=      0.123374787601
 orbitals (Q,E):
 ---------------
 AA :6...16          ( 2.00    -0.9494)  ( 2.00    -0.8790)  ( 2.00    -0.5968)  ( 2.00    -0.5130)
                     ( 2.00    -0.4785)  ( 2.00    -0.4439)  ( 2.00    -0.3913)  ( 2.00    -0.3888)
                     ( 2.00    -0.3256)  ( 2.00    -0.2705)  ( 0.00    -0.1806)
 AAA :1...7          ( 2.00    -1.6140)  ( 2.00    -1.6128)  ( 2.00    -0.3970)  ( 2.00    -0.3270)
                     ( 2.00    -0.3223)  ( 2.00    -0.2876)  ( 0.00    -0.1482)

 CYCLE    3
  SDIIS (wt  0.000):  0.5721  0.0131  0.4148
 A-DIIS (wt  1.000):  0.5597  0.0000  0.4403
  DIIS coefficients:  0.5597  0.0000  0.4403
 SCF Error: norm([F,P])=      0.129334164522, max([F,P])=      0.032435207049
 orbitals (Q,E):
 ---------------
 AA :6...16          ( 2.00    -0.9424)  ( 2.00    -0.8720)  ( 2.00    -0.5870)  ( 2.00    -0.5049)
                     ( 2.00    -0.4750)  ( 2.00    -0.4404)  ( 2.00    -0.3872)  ( 2.00    -0.3839)
                     ( 2.00    -0.3224)  ( 2.00    -0.2653)  ( 0.00    -0.1718)
 AAA :1...7          ( 2.00    -1.5981)  ( 2.00    -1.5969)  ( 2.00    -0.3876)  ( 2.00    -0.3227)
                     ( 2.00    -0.3174)  ( 2.00    -0.2838)  ( 0.00    -0.1368)

 CYCLE    4
  SDIIS (wt  0.725): -0.2208  0.4890  0.7317
 A-DIIS (wt  0.275):  0.0000  0.0000  1.0000
  DIIS coefficients: -0.1600  0.3544  0.8056
 SCF Error: norm([F,P])=      0.102132818855, max([F,P])=      0.028263971247
 orbitals (Q,E):
 ---------------
 AA :6...16          ( 2.00    -0.9288)  ( 2.00    -0.8719)  ( 2.00    -0.5731)  ( 2.00    -0.4880)
                     ( 2.00    -0.4570)  ( 2.00    -0.4271)  ( 2.00    -0.3779)  ( 2.00    -0.3700)
                     ( 2.00    -0.3119)  ( 2.00    -0.2709)  ( 0.00    -0.1578)
 AAA :1...7          ( 2.00    -1.5857)  ( 2.00    -1.5848)  ( 2.00    -0.3715)  ( 2.00    -0.3084)
                     ( 2.00    -0.3024)  ( 2.00    -0.2770)  ( 0.00    -0.1208)

 CYCLE    5
  SDIIS (wt  0.000):  0.0383 -0.1324  0.6906  0.4035
 A-DIIS (wt  1.000): -0.0000  0.0000  0.6434  0.3566
  DIIS coefficients: -0.0000  0.0000  0.6434  0.3566
 SCF Error: norm([F,P])=      0.190117365412, max([F,P])=      0.046874663233
 orbitals (Q,E):
 ---------------
 AA :6...16          ( 2.00    -0.9278)  ( 2.00    -0.8691)  ( 2.00    -0.5752)  ( 2.00    -0.4885)
                     ( 2.00    -0.4624)  ( 2.00    -0.4304)  ( 2.00    -0.3772)  ( 2.00    -0.3720)
                     ( 2.00    -0.3131)  ( 2.00    -0.2656)  ( 0.00    -0.1595)
 AAA :1...7          ( 2.00    -1.5923)  ( 2.00    -1.5912)  ( 2.00    -0.3730)  ( 2.00    -0.3097)
                     ( 2.00    -0.3029)  ( 2.00    -0.2781)  ( 0.00    -0.1225)

 CYCLE    6
  SDIIS (wt  0.868):  0.0960 -0.1644  0.3205  0.3140  0.4340
 A-DIIS (wt  0.132):  0.0000  0.0000  0.0000  0.0017  0.9983
  DIIS coefficients:  0.0834 -0.1428  0.2783  0.2728  0.5083
 SCF Error: norm([F,P])=      0.047039314751, max([F,P])=      0.014041871670
 orbitals (Q,E):
 ---------------
 AA :6...16          ( 2.00    -0.9318)  ( 2.00    -0.8687)  ( 2.00    -0.5773)  ( 2.00    -0.4923)
                     ( 2.00    -0.4632)  ( 2.00    -0.4307)  ( 2.00    -0.3786)  ( 2.00    -0.3751)
                     ( 2.00    -0.3146)  ( 2.00    -0.2650)  ( 0.00    -0.1614)
 AAA :1...7          ( 2.00    -1.5934)  ( 2.00    -1.5923)  ( 2.00    -0.3749)  ( 2.00    -0.3100)
                     ( 2.00    -0.3071)  ( 2.00    -0.2776)  ( 0.00    -0.1239)

 CYCLE    7
  SDIIS (wt  0.928):  0.0057  0.0023  0.0171 -0.0004  0.3617  0.6136
 A-DIIS (wt  0.072):  0.0000  0.0000  0.0000  0.0000  0.3129  0.6871
  DIIS coefficients:  0.0053  0.0021  0.0159 -0.0004  0.3582  0.6189
 SCF Error: norm([F,P])=      0.027749797772, max([F,P])=      0.008126906458
 orbitals (Q,E):
 ---------------
 AA :6...16          ( 2.00    -0.9305)  ( 2.00    -0.8682)  ( 2.00    -0.5765)  ( 2.00    -0.4911)
                     ( 2.00    -0.4629)  ( 2.00    -0.4307)  ( 2.00    -0.3778)  ( 2.00    -0.3741)
                     ( 2.00    -0.3140)  ( 2.00    -0.2646)  ( 0.00    -0.1606)
 AAA :1...7          ( 2.00    -1.5926)  ( 2.00    -1.5914)  ( 2.00    -0.3741)  ( 2.00    -0.3096)
                     ( 2.00    -0.3057)  ( 2.00    -0.2775)  ( 0.00    -0.1233)

 CYCLE    8
  SDIIS (wt  0.996): -0.0029  0.0140 -0.0015 -0.0077  0.2176  0.3883  0.3923
 A-DIIS (wt  0.004):  0.0000  0.0000  0.0000  0.0000  0.0000  0.0000  1.0000
  DIIS coefficients: -0.0029  0.0139 -0.0015 -0.0076  0.2167  0.3866  0.3948
 SCF Error: norm([F,P])=      0.006240563794, max([F,P])=      0.001417370858
 orbitals (Q,E):
 ---------------
 AA :6...16          ( 2.00    -0.9305)  ( 2.00    -0.8683)  ( 2.00    -0.5767)  ( 2.00    -0.4912)
                     ( 2.00    -0.4630)  ( 2.00    -0.4306)  ( 2.00    -0.3780)  ( 2.00    -0.3741)
                     ( 2.00    -0.3140)  ( 2.00    -0.2647)  ( 0.00    -0.1607)
 AAA :1...7          ( 2.00    -1.5930)  ( 2.00    -1.5918)  ( 2.00    -0.3742)  ( 2.00    -0.3098)
                     ( 2.00    -0.3058)  ( 2.00    -0.2775)  ( 0.00    -0.1234)

 CYCLE    9
  SDIIS (wt  1.000): -0.0053  0.0145 -0.0083 -0.0041  0.0655  0.1111  0.3202  0.5065
  DIIS coefficients: -0.0053  0.0145 -0.0083 -0.0041  0.0655  0.1111  0.3202  0.5065
 SCF Error: norm([F,P])=      0.002949600848, max([F,P])=      0.000625449749
 orbitals (Q,E):
 ---------------
 AA :6...16          ( 2.00    -0.9306)  ( 2.00    -0.8685)  ( 2.00    -0.5767)  ( 2.00    -0.4912)
                     ( 2.00    -0.4630)  ( 2.00    -0.4307)  ( 2.00    -0.3781)  ( 2.00    -0.3742)
                     ( 2.00    -0.3141)  ( 2.00    -0.2649)  ( 0.00    -0.1608)
 AAA :1...7          ( 2.00    -1.5931)  ( 2.00    -1.5920)  ( 2.00    -0.3743)  ( 2.00    -0.3098)
                     ( 2.00    -0.3058)  ( 2.00    -0.2777)  ( 0.00    -0.1235)

 CYCLE   10
  SDIIS (wt  1.000): -0.0026  0.0071 -0.0054 -0.0015  0.0149  0.0226  0.1300  0.2817  0.5534
  DIIS coefficients: -0.0026  0.0071 -0.0054 -0.0015  0.0149  0.0226  0.1300  0.2817  0.5534
 SCF Error: norm([F,P])=      0.000643095195, max([F,P])=      0.000168106333
 orbitals (Q,E):
 ---------------
 AA :6...16          ( 2.00    -0.9306)  ( 2.00    -0.8685)  ( 2.00    -0.5767)  ( 2.00    -0.4911)
                     ( 2.00    -0.4630)  ( 2.00    -0.4307)  ( 2.00    -0.3780)  ( 2.00    -0.3741)
                     ( 2.00    -0.3141)  ( 2.00    -0.2649)  ( 0.00    -0.1608)
 AAA :1...7          ( 2.00    -1.5930)  ( 2.00    -1.5918)  ( 2.00    -0.3743)  ( 2.00    -0.3097)
                     ( 2.00    -0.3058)  ( 2.00    -0.2776)  ( 0.00    -0.1234)

 CYCLE   11
  SDIIS (wt  1.000): -0.0003  0.0010 -0.0011  0.0001  0.0017  0.0020  0.0271  0.0683  0.1926  0.7086
  DIIS coefficients: -0.0003  0.0010 -0.0011  0.0001  0.0017  0.0020  0.0271  0.0683  0.1926  0.7086
 SCF Error: norm([F,P])=      0.000118874158, max([F,P])=      0.000025949079
 orbitals (Q,E):
 ---------------
 AA :6...16          ( 2.00    -0.9306)  ( 2.00    -0.8685)  ( 2.00    -0.5767)  ( 2.00    -0.4911)
                     ( 2.00    -0.4630)  ( 2.00    -0.4307)  ( 2.00    -0.3780)  ( 2.00    -0.3741)
                     ( 2.00    -0.3141)  ( 2.00    -0.2649)  ( 0.00    -0.1608)
 AAA :1...7          ( 2.00    -1.5930)  ( 2.00    -1.5918)  ( 2.00    -0.3743)  ( 2.00    -0.3097)
                     ( 2.00    -0.3058)  ( 2.00    -0.2776)  ( 0.00    -0.1234)

 CYCLE   12
  SDIIS (wt  1.000):  0.0002 -0.0003 -0.0000  0.0004  0.0006  0.0065  0.0167  0.0507  0.1959  0.7294
  DIIS coefficients:  0.0002 -0.0003 -0.0000  0.0004  0.0006  0.0065  0.0167  0.0507  0.1959  0.7294
 SCF Error: norm([F,P])=      0.000031195177, max([F,P])=      0.000009139780
 orbitals (Q,E):
 ---------------
 AA :6...16          ( 2.00    -0.9306)  ( 2.00    -0.8685)  ( 2.00    -0.5767)  ( 2.00    -0.4911)
                     ( 2.00    -0.4630)  ( 2.00    -0.4307)  ( 2.00    -0.3780)  ( 2.00    -0.3741)
                     ( 2.00    -0.3141)  ( 2.00    -0.2649)  ( 0.00    -0.1608)
 AAA :1...7          ( 2.00    -1.5930)  ( 2.00    -1.5918)  ( 2.00    -0.3743)  ( 2.00    -0.3097)
                     ( 2.00    -0.3058)  ( 2.00    -0.2776)  ( 0.00    -0.1234)

 CYCLE   13
  SDIIS (wt  1.000): -0.0000 -0.0000  0.0000  0.0000  0.0001  0.0007  0.0022  0.0042  0.0870  0.9057
  DIIS coefficients: -0.0000 -0.0000  0.0000  0.0000  0.0001  0.0007  0.0022  0.0042  0.0870  0.9057
 SCF Error: norm([F,P])=      0.000003259231, max([F,P])=      0.000000703227
 orbitals (Q,E):
 ---------------
 AA :6...16          ( 2.00    -0.9306)  ( 2.00    -0.8685)  ( 2.00    -0.5767)  ( 2.00    -0.4911)
                     ( 2.00    -0.4630)  ( 2.00    -0.4307)  ( 2.00    -0.3780)  ( 2.00    -0.3741)
                     ( 2.00    -0.3141)  ( 2.00    -0.2649)  ( 0.00    -0.1608)
 AAA :1...7          ( 2.00    -1.5930)  ( 2.00    -1.5918)  ( 2.00    -0.3743)  ( 2.00    -0.3097)
                     ( 2.00    -0.3058)  ( 2.00    -0.2776)  ( 0.00    -0.1234)

 SCF CONVERGED
 cosmo_calcen: 0.5 (esolb+esolc) (Hartrees) =   -0.021877

 Solvation energy (screening term,uncorrected) =    -13.727879 kcal/mol

 Solvation energy (dispersion and cavitation terms) =      0.717973 kcal/mol
 Solvation Energy Contributions (Hartrees)
          esola   esolb+esolc
     0.02187677   -0.04375353
 esol last cycle   -0.02187677

 CYCLE   14
 *** Using FIT density in Focky
  SDIIS (wt  1.000): -0.0000  0.0000  0.0000  0.0000  0.0002  0.0008  0.0016  0.0274  0.3122  0.6577
  DIIS coefficients: -0.0000  0.0000  0.0000  0.0000  0.0002  0.0008  0.0016  0.0274  0.3122  0.6577
 SCF Error: norm([F,P])=      0.000000633186, max([F,P])=      0.000000134585
 orbitals (Q,E):
 ---------------
 AA :6...25          ( 2.00    -0.9306)  ( 2.00    -0.8685)  ( 2.00    -0.5767)  ( 2.00    -0.4911)
                     ( 2.00    -0.4630)  ( 2.00    -0.4307)  ( 2.00    -0.3780)  ( 2.00    -0.3741)
                     ( 2.00    -0.3141)  ( 2.00    -0.2649)  ( 0.00    -0.1608)  ( 0.00    -0.0037)
                     ( 0.00     0.0237)  ( 0.00     0.0427)  ( 0.00     0.0932)  ( 0.00     0.1178)
                     ( 0.00     0.1510)  ( 0.00     0.1692)  ( 0.00     0.2024)  ( 0.00     0.2150)
 AAA :1...16         ( 2.00    -1.5930)  ( 2.00    -1.5918)  ( 2.00    -0.3743)  ( 2.00    -0.3097)
                     ( 2.00    -0.3058)  ( 2.00    -0.2776)  ( 0.00    -0.1234)  ( 0.00     0.0929)
                     ( 0.00     0.2639)  ( 0.00     0.2821)  ( 0.00     0.4366)  ( 0.00     0.4522)
                     ( 0.00     0.4870)  ( 0.00     0.5052)  ( 0.00     0.5370)  ( 0.00     0.6847)
 cosmo_calcen: 0.5 (esolb+esolc) (Hartrees) =   -0.021877

 Solvation energy (screening term,uncorrected) =    -13.727884 kcal/mol

 Solvation energy (dispersion and cavitation terms) =      0.717973 kcal/mol
 Solvation Energy Contributions (Hartrees)
          esola   esolb+esolc
     0.02187677   -0.04375355
 esol last cycle   -0.02187677


 Fit test: (difference of exact and fit density, squared integrated, result summed over spins)
         SCF:                                          0.00003267641806

 Gross Charges per Atom (Z minus electrons)
 ==========================================
             1.7380   -0.6842   -0.6570   -0.6550   -0.7798    0.3301    0.3473    0.3606
 Net Total: -0.00000000



 =================================================================
 M U L T I P O L E   D E R I V E D   C H A R G E   A N A L Y S I S
 =================================================================

 See: M. Swart, P.Th. van Duijnen, J.G. Snijders, J.Comput.Chem., (2001), p. 79-88.

 --------------------------------------- 
 Multipole derived atomic charges (a.u.)
 --------------------------------------- 

        Atom    Level:     MDC-m        MDC-d        MDC-q
 ---------------------------------------------------------
     1     As           2.189867     1.588264     0.927216
     2     O           -0.530971    -0.549655    -0.471025
     3     O           -0.528321    -0.662595    -0.502961
     4     O           -0.495223    -0.540948    -0.472512
     5     O           -0.851449    -0.713317    -0.523764
     6     H            0.050866     0.253939     0.300886
     7     H            0.078909     0.364075     0.395637
     8     H            0.086322     0.260237     0.346523
 *** Using NEW gradient routines ***


 Geometry CYCLE 10
 ==============

 Energy gradients wrt nuclear displacements
 ==========================================

     Atom      Cartesian (a.u./angstrom)
                 X         Y         Z
 ----------------------------------------
     1 As    0.001636  0.009370  0.000000
     2 O     0.028636  0.030834  0.000000
     3 O    -0.028491 -0.021234  0.000000
     4 O    -0.030044  0.034870  0.000000
     5 O     0.013201 -0.006886  0.000000
     6 H    -0.045421 -0.014427  0.000000
     7 H     0.048037  0.005779  0.000000
     8 H     0.012445 -0.038307  0.000000
 ----------------------------------------

 dE(predicted):    -0.35378E-02, dE(actual):    -0.49411E-02, Trust radius:    2.262742, all in a.u.
 
----------------------------------------------------------------------
Geometry Convergence after Step  10       (Hartree/Angstrom,Angstrom)
----------------------------------------------------------------------
current energy                               -1.46542658 Hartree
energy change                      -0.00494106     0.00100000    F
constrained gradient max            0.04803704     0.00100000    F
constrained gradient rms            0.02207807     0.00066667    F
gradient max                        0.04803704
gradient rms                        0.02207807
cart. step max                      0.08766137     0.01000000    F
cart. step rms                      0.03054394     0.00666667    F
 


 Coordinates (Cartesian)
 =======================

     Atom                    bohr                                 angstrom                 Geometric Variables
                   X           Y           Z              X           Y           Z       (0:frozen, *:LT par.)
 --------------------------------------------------------------------------------------------------------------
     1 As      6.475181   -0.889335    0.000000       3.426518   -0.470616    0.000000      1       2       3
     2 O       9.344481    1.331518    0.000000       4.944887    0.704609    0.000000      4       5       6
     3 O       3.400292   -2.540449    0.000000       1.799357   -1.344348    0.000000      7       8       9
     4 O       4.576128    2.125144    0.000000       2.421583    1.124578    0.000000     10      11      12
     5 O       8.434637   -3.432762    0.000000       4.463418   -1.816539    0.000000     13      14      15
     6 H      10.391455   -0.215652    0.000000       5.498921   -0.114118    0.000000     16      17      18
     7 H       2.367608   -0.987270    0.000000       1.252884   -0.522441    0.000000     19      20      21
     8 H       6.096696    3.201148    0.000000       3.226232    1.693975    0.000000     22      23      24
 --------------------------------------------------------------------------------------------------------------

 Number of elements of the density matrix on this node (used, total):      1035      9730



 ===========================================
 Numerical Integration : Fuzzy Cells (Becke)
 ===========================================
  
 Becke grid quality: GOOD           
  
 Lebedev angular grid order:             min:  11 max:  35
 Nr. of radial points:                   min:  54 max:  80

 Total nr. of points:     113182
 Nr. of blocks:              886
 Block length:               128
 Nr. of dummy points:        226


 Test of Precision of the Numerical Integration Grid
 ===================================================

 Integral of the Total Core Density:                  25.99994471542062
 Relative Error:                                      -2.126E-06


 -------------------------------------------
  COSMO surface
  Area             =          388.903
  Volume           =          617.157
  Number of Points =          991
 -------------------------------------------



 ========================
 Density Fitting (zlmFit)
 ========================
  
 ZlmFit Fit Quality: GOOD           
  
 Max L-expansion:                        min:   7 max:   9
 Nr. of radial interpolation points:     min:  72 max: 132



 =====
 S C F  ***  ScaSCF  ***
 =====
  
 Initial density matrix is taken from previous geometry

 CYCLE    1
 SCF Error: norm([F,P])=      0.107205236137, max([F,P])=      0.030373675280
 orbitals (Q,E):
 ---------------
 AA :6...25          ( 2.00    -0.9480)  ( 2.00    -0.8664)  ( 2.00    -0.6074)  ( 2.00    -0.5138)
                     ( 2.00    -0.4833)  ( 2.00    -0.4401)  ( 2.00    -0.3942)  ( 2.00    -0.3878)
                     ( 2.00    -0.3244)  ( 2.00    -0.2557)  ( 0.00    -0.1921)  ( 0.00    -0.0343)
                     ( 0.00    -0.0030)  ( 0.00     0.0203)  ( 0.00     0.0608)  ( 0.00     0.0917)
                     ( 0.00     0.1206)  ( 0.00     0.1439)  ( 0.00     0.1670)  ( 0.00     0.1912)
 AAA :1...16         ( 2.00    -1.6317)  ( 2.00    -1.6304)  ( 2.00    -0.3977)  ( 2.00    -0.3300)
                     ( 2.00    -0.3226)  ( 2.00    -0.2798)  ( 0.00    -0.1567)  ( 0.00     0.0677)
                     ( 0.00     0.2284)  ( 0.00     0.2492)  ( 0.00     0.4095)  ( 0.00     0.4268)
                     ( 0.00     0.4638)  ( 0.00     0.4947)  ( 0.00     0.5356)  ( 0.00     0.6543)

 CYCLE    2
  SDIIS (wt  0.000):  0.8350  0.1650
 A-DIIS (wt  1.000):  0.7586  0.2414
  DIIS coefficients:  0.7586  0.2414
 SCF Error: norm([F,P])=      0.387820604979, max([F,P])=      0.127418387780
 orbitals (Q,E):
 ---------------
 AA :6...16          ( 2.00    -0.9409)  ( 2.00    -0.8853)  ( 2.00    -0.5972)  ( 2.00    -0.5014)
                     ( 2.00    -0.4752)  ( 2.00    -0.4381)  ( 2.00    -0.3905)  ( 2.00    -0.3839)
                     ( 2.00    -0.3271)  ( 2.00    -0.2806)  ( 0.00    -0.1867)
 AAA :1...7          ( 2.00    -1.6027)  ( 2.00    -1.6018)  ( 2.00    -0.3873)  ( 2.00    -0.3231)
                     ( 2.00    -0.3182)  ( 2.00    -0.2910)  ( 0.00    -0.1509)

 CYCLE    3
  SDIIS (wt  0.000):  0.5548  0.1774  0.2678
 A-DIIS (wt  1.000):  0.0351  0.1514  0.8135
  DIIS coefficients:  0.0351  0.1514  0.8135
 SCF Error: norm([F,P])=      0.197711708813, max([F,P])=      0.060958726224
 orbitals (Q,E):
 ---------------
 AA :6...16          ( 2.00    -0.9250)  ( 2.00    -0.8480)  ( 2.00    -0.5735)  ( 2.00    -0.4850)
                     ( 2.00    -0.4689)  ( 2.00    -0.4280)  ( 2.00    -0.3801)  ( 2.00    -0.3670)
                     ( 2.00    -0.3151)  ( 2.00    -0.2457)  ( 0.00    -0.1631)
 AAA :1...7          ( 2.00    -1.5762)  ( 2.00    -1.5748)  ( 2.00    -0.3669)  ( 2.00    -0.3185)
                     ( 2.00    -0.3007)  ( 2.00    -0.2690)  ( 0.00    -0.1200)

 CYCLE    4
  SDIIS (wt  0.000):  0.0838  0.6609  0.2553
 A-DIIS (wt  1.000):  0.0000  0.7442  0.2558
  DIIS coefficients:  0.0000  0.7442  0.2558
 SCF Error: norm([F,P])=      0.420208588603, max([F,P])=      0.093372749070
 orbitals (Q,E):
 ---------------
 AA :6...16          ( 2.00    -0.9230)  ( 2.00    -0.8569)  ( 2.00    -0.5768)  ( 2.00    -0.4827)
                     ( 2.00    -0.4586)  ( 2.00    -0.4209)  ( 2.00    -0.3719)  ( 2.00    -0.3696)
                     ( 2.00    -0.3098)  ( 2.00    -0.2538)  ( 0.00    -0.1653)
 AAA :1...7          ( 2.00    -1.5934)  ( 2.00    -1.5922)  ( 2.00    -0.3654)  ( 2.00    -0.3044)
                     ( 2.00    -0.3008)  ( 2.00    -0.2696)  ( 0.00    -0.1246)

 CYCLE    5
  SDIIS (wt  0.618): -0.0612  0.4562  0.1447  0.4603
 A-DIIS (wt  0.382):  0.0000  0.3098  0.0000  0.6902
  DIIS coefficients: -0.0378  0.4003  0.0894  0.5481
 SCF Error: norm([F,P])=      0.133639307099, max([F,P])=      0.038813948593
 orbitals (Q,E):
 ---------------
 AA :6...16          ( 2.00    -0.9218)  ( 2.00    -0.8705)  ( 2.00    -0.5799)  ( 2.00    -0.4807)
                     ( 2.00    -0.4624)  ( 2.00    -0.4263)  ( 2.00    -0.3755)  ( 2.00    -0.3701)
                     ( 2.00    -0.3140)  ( 2.00    -0.2680)  ( 0.00    -0.1688)
 AAA :1...7          ( 2.00    -1.5923)  ( 2.00    -1.5912)  ( 2.00    -0.3677)  ( 2.00    -0.3086)
                     ( 2.00    -0.2997)  ( 2.00    -0.2791)  ( 0.00    -0.1287)

 CYCLE    6
  SDIIS (wt  0.736): -0.0349  0.2337  0.0337  0.4802  0.2873
 A-DIIS (wt  0.264):  0.0000  0.0000  0.0000  0.4438  0.5562
  DIIS coefficients: -0.0257  0.1720  0.0248  0.4706  0.3582
 SCF Error: norm([F,P])=      0.107372424295, max([F,P])=      0.027128690501
 orbitals (Q,E):
 ---------------
 AA :6...16          ( 2.00    -0.9258)  ( 2.00    -0.8677)  ( 2.00    -0.5809)  ( 2.00    -0.4845)
                     ( 2.00    -0.4612)  ( 2.00    -0.4249)  ( 2.00    -0.3761)  ( 2.00    -0.3718)
                     ( 2.00    -0.3142)  ( 2.00    -0.2651)  ( 0.00    -0.1698)
 AAA :1...7          ( 2.00    -1.5936)  ( 2.00    -1.5925)  ( 2.00    -0.3685)  ( 2.00    -0.3066)
                     ( 2.00    -0.3043)  ( 2.00    -0.2765)  ( 0.00    -0.1292)

 CYCLE    7
  SDIIS (wt  0.918):  0.0238 -0.0188  0.0113  0.1347  0.2784  0.5706
 A-DIIS (wt  0.082):  0.0000  0.0000  0.0000  0.1304  0.1908  0.6788
  DIIS coefficients:  0.0219 -0.0172  0.0104  0.1344  0.2712  0.5795
 SCF Error: norm([F,P])=      0.046821178446, max([F,P])=      0.009147646826
 orbitals (Q,E):
 ---------------
 AA :6...16          ( 2.00    -0.9245)  ( 2.00    -0.8657)  ( 2.00    -0.5799)  ( 2.00    -0.4832)
                     ( 2.00    -0.4614)  ( 2.00    -0.4247)  ( 2.00    -0.3746)  ( 2.00    -0.3714)
                     ( 2.00    -0.3134)  ( 2.00    -0.2629)  ( 0.00    -0.1686)
 AAA :1...7          ( 2.00    -1.5929)  ( 2.00    -1.5918)  ( 2.00    -0.3676)  ( 2.00    -0.3062)
                     ( 2.00    -0.3028)  ( 2.00    -0.2758)  ( 0.00    -0.1281)

 CYCLE    8
  SDIIS (wt  0.986):  0.0112 -0.0134  0.0017  0.0665  0.1498  0.3485  0.4356
 A-DIIS (wt  0.014):  0.0000  0.0000  0.0000  0.0000  0.0000  0.0822  0.9178
  DIIS coefficients:  0.0111 -0.0132  0.0017  0.0656  0.1477  0.3448  0.4424
 SCF Error: norm([F,P])=      0.009752897529, max([F,P])=      0.002386399113
 orbitals (Q,E):
 ---------------
 AA :6...16          ( 2.00    -0.9245)  ( 2.00    -0.8660)  ( 2.00    -0.5801)  ( 2.00    -0.4834)
                     ( 2.00    -0.4614)  ( 2.00    -0.4246)  ( 2.00    -0.3748)  ( 2.00    -0.3716)
                     ( 2.00    -0.3135)  ( 2.00    -0.2632)  ( 0.00    -0.1688)
 AAA :1...7          ( 2.00    -1.5934)  ( 2.00    -1.5923)  ( 2.00    -0.3677)  ( 2.00    -0.3063)
                     ( 2.00    -0.3030)  ( 2.00    -0.2758)  ( 0.00    -0.1283)

 CYCLE    9
  SDIIS (wt  1.000):  0.0034 -0.0052 -0.0015  0.0249  0.0619  0.1517  0.3606  0.4041
  DIIS coefficients:  0.0034 -0.0052 -0.0015  0.0249  0.0619  0.1517  0.3606  0.4041
 SCF Error: norm([F,P])=      0.002992566896, max([F,P])=      0.000684844815
 orbitals (Q,E):
 ---------------
 AA :6...16          ( 2.00    -0.9246)  ( 2.00    -0.8661)  ( 2.00    -0.5801)  ( 2.00    -0.4834)
                     ( 2.00    -0.4615)  ( 2.00    -0.4247)  ( 2.00    -0.3748)  ( 2.00    -0.3716)
                     ( 2.00    -0.3136)  ( 2.00    -0.2634)  ( 0.00    -0.1689)
 AAA :1...7          ( 2.00    -1.5935)  ( 2.00    -1.5924)  ( 2.00    -0.3678)  ( 2.00    -0.3062)
                     ( 2.00    -0.3031)  ( 2.00    -0.2760)  ( 0.00    -0.1284)

 CYCLE   10
  SDIIS (wt  1.000):  0.0002 -0.0009 -0.0013  0.0036  0.0138  0.0339  0.1370  0.2536  0.5601
  DIIS coefficients:  0.0002 -0.0009 -0.0013  0.0036  0.0138  0.0339  0.1370  0.2536  0.5601
 SCF Error: norm([F,P])=      0.000824684075, max([F,P])=      0.000187421097
 orbitals (Q,E):
 ---------------
 AA :6...16          ( 2.00    -0.9246)  ( 2.00    -0.8661)  ( 2.00    -0.5801)  ( 2.00    -0.4833)
                     ( 2.00    -0.4614)  ( 2.00    -0.4247)  ( 2.00    -0.3748)  ( 2.00    -0.3715)
                     ( 2.00    -0.3135)  ( 2.00    -0.2634)  ( 0.00    -0.1689)
 AAA :1...7          ( 2.00    -1.5934)  ( 2.00    -1.5923)  ( 2.00    -0.3677)  ( 2.00    -0.3062)
                     ( 2.00    -0.3031)  ( 2.00    -0.2759)  ( 0.00    -0.1283)

 CYCLE   11
  SDIIS (wt  1.000): -0.0001  0.0001 -0.0002  0.0007  0.0026  0.0072  0.0333  0.0749  0.1948  0.6869
  DIIS coefficients: -0.0001  0.0001 -0.0002  0.0007  0.0026  0.0072  0.0333  0.0749  0.1948  0.6869
 SCF Error: norm([F,P])=      0.000091820709, max([F,P])=      0.000019886634
 orbitals (Q,E):
 ---------------
 AA :6...16          ( 2.00    -0.9246)  ( 2.00    -0.8661)  ( 2.00    -0.5801)  ( 2.00    -0.4833)
                     ( 2.00    -0.4614)  ( 2.00    -0.4247)  ( 2.00    -0.3748)  ( 2.00    -0.3715)
                     ( 2.00    -0.3135)  ( 2.00    -0.2634)  ( 0.00    -0.1689)
 AAA :1...7          ( 2.00    -1.5934)  ( 2.00    -1.5923)  ( 2.00    -0.3677)  ( 2.00    -0.3062)
                     ( 2.00    -0.3031)  ( 2.00    -0.2759)  ( 0.00    -0.1283)

 CYCLE   12
  SDIIS (wt  1.000): -0.0000 -0.0000  0.0001  0.0002  0.0009  0.0019  0.0057  0.0209  0.0954  0.8750
  DIIS coefficients: -0.0000 -0.0000  0.0001  0.0002  0.0009  0.0019  0.0057  0.0209  0.0954  0.8750
 SCF Error: norm([F,P])=      0.000017107754, max([F,P])=      0.000004657197
 orbitals (Q,E):
 ---------------
 AA :6...16          ( 2.00    -0.9246)  ( 2.00    -0.8661)  ( 2.00    -0.5801)  ( 2.00    -0.4833)
                     ( 2.00    -0.4614)  ( 2.00    -0.4247)  ( 2.00    -0.3748)  ( 2.00    -0.3715)
                     ( 2.00    -0.3135)  ( 2.00    -0.2634)  ( 0.00    -0.1689)
 AAA :1...7          ( 2.00    -1.5934)  ( 2.00    -1.5923)  ( 2.00    -0.3677)  ( 2.00    -0.3062)
                     ( 2.00    -0.3031)  ( 2.00    -0.2759)  ( 0.00    -0.1283)

 CYCLE   13
  SDIIS (wt  1.000): -0.0000  0.0000  0.0000  0.0001  0.0001  0.0011  0.0052  0.0293  0.2968  0.6675
  DIIS coefficients: -0.0000  0.0000  0.0000  0.0001  0.0001  0.0011  0.0052  0.0293  0.2968  0.6675
 SCF Error: norm([F,P])=      0.000002792708, max([F,P])=      0.000000652081
 orbitals (Q,E):
 ---------------
 AA :6...16          ( 2.00    -0.9246)  ( 2.00    -0.8661)  ( 2.00    -0.5801)  ( 2.00    -0.4833)
                     ( 2.00    -0.4614)  ( 2.00    -0.4247)  ( 2.00    -0.3748)  ( 2.00    -0.3715)
                     ( 2.00    -0.3135)  ( 2.00    -0.2634)  ( 0.00    -0.1689)
 AAA :1...7          ( 2.00    -1.5934)  ( 2.00    -1.5923)  ( 2.00    -0.3677)  ( 2.00    -0.3062)
                     ( 2.00    -0.3031)  ( 2.00    -0.2759)  ( 0.00    -0.1283)

 SCF CONVERGED
 cosmo_calcen: 0.5 (esolb+esolc) (Hartrees) =   -0.022234

 Solvation energy (screening term,uncorrected) =    -13.952280 kcal/mol

 Solvation energy (dispersion and cavitation terms) =      0.727218 kcal/mol
 Solvation Energy Contributions (Hartrees)
          esola   esolb+esolc
     0.02223437   -0.04446874
 esol last cycle   -0.02223437

 CYCLE   14
 *** Using FIT density in Focky
  SDIIS (wt  1.000): -0.0000 -0.0000 -0.0000 -0.0000  0.0000  0.0003  0.0045  0.0350  0.1036  0.8566
  DIIS coefficients: -0.0000 -0.0000 -0.0000 -0.0000  0.0000  0.0003  0.0045  0.0350  0.1036  0.8566
 SCF Error: norm([F,P])=      0.000000767370, max([F,P])=      0.000000251925
 orbitals (Q,E):
 ---------------
 AA :6...25          ( 2.00    -0.9246)  ( 2.00    -0.8661)  ( 2.00    -0.5801)  ( 2.00    -0.4833)
                     ( 2.00    -0.4614)  ( 2.00    -0.4247)  ( 2.00    -0.3748)  ( 2.00    -0.3715)
                     ( 2.00    -0.3135)  ( 2.00    -0.2634)  ( 0.00    -0.1689)  ( 0.00    -0.0053)
                     ( 0.00     0.0189)  ( 0.00     0.0381)  ( 0.00     0.0851)  ( 0.00     0.1092)
                     ( 0.00     0.1479)  ( 0.00     0.1629)  ( 0.00     0.2010)  ( 0.00     0.2124)
 AAA :1...16         ( 2.00    -1.5934)  ( 2.00    -1.5923)  ( 2.00    -0.3677)  ( 2.00    -0.3062)
                     ( 2.00    -0.3031)  ( 2.00    -0.2759)  ( 0.00    -0.1283)  ( 0.00     0.0939)
                     ( 0.00     0.2608)  ( 0.00     0.2798)  ( 0.00     0.4364)  ( 0.00     0.4490)
                     ( 0.00     0.4847)  ( 0.00     0.5054)  ( 0.00     0.5414)  ( 0.00     0.6755)
 cosmo_calcen: 0.5 (esolb+esolc) (Hartrees) =   -0.022234

 Solvation energy (screening term,uncorrected) =    -13.952269 kcal/mol

 Solvation energy (dispersion and cavitation terms) =      0.727218 kcal/mol
 Solvation Energy Contributions (Hartrees)
          esola   esolb+esolc
     0.02223435   -0.04446871
 esol last cycle   -0.02223435


 Fit test: (difference of exact and fit density, squared integrated, result summed over spins)
         SCF:                                          0.00003040712801

 Gross Charges per Atom (Z minus electrons)
 ==========================================
             1.6847   -0.6876   -0.6519   -0.6510   -0.7630    0.3456    0.3550    0.3683
 Net Total: -0.00000000



 =================================================================
 M U L T I P O L E   D E R I V E D   C H A R G E   A N A L Y S I S
 =================================================================

 See: M. Swart, P.Th. van Duijnen, J.G. Snijders, J.Comput.Chem., (2001), p. 79-88.

 --------------------------------------- 
 Multipole derived atomic charges (a.u.)
 --------------------------------------- 

        Atom    Level:     MDC-m        MDC-d        MDC-q
 ---------------------------------------------------------
     1     As           2.157032     1.565285     0.934100
     2     O           -0.534816    -0.573632    -0.507029
     3     O           -0.530948    -0.671737    -0.530628
     4     O           -0.496717    -0.553845    -0.516790
     5     O           -0.846680    -0.705559    -0.516550
     6     H            0.061125     0.276606     0.321880
     7     H            0.096021     0.382828     0.430271
     8     H            0.094982     0.280054     0.384747
 *** Using NEW gradient routines ***


 Geometry CYCLE 11
 ==============

 Energy gradients wrt nuclear displacements
 ==========================================

     Atom      Cartesian (a.u./angstrom)
                 X         Y         Z
 ----------------------------------------
     1 As   -0.007135  0.003840  0.000000
     2 O     0.041090  0.032420  0.000000
     3 O    -0.034418 -0.032276  0.000000
     4 O    -0.039798  0.041207  0.000000
     5 O     0.035422 -0.023120  0.000000
     6 H    -0.030114 -0.012144  0.000000
     7 H     0.021769  0.014850  0.000000
     8 H     0.013185 -0.024776  0.000000
 ----------------------------------------

 dE(predicted):    -0.17562E-02, dE(actual):    -0.48689E-02, Trust radius:    2.262742, all in a.u.
 
----------------------------------------------------------------------
Geometry Convergence after Step  11       (Hartree/Angstrom,Angstrom)
----------------------------------------------------------------------
current energy                               -1.47029548 Hartree
energy change                      -0.00486890     0.00100000    F
constrained gradient max            0.04120701     0.00100000    F
constrained gradient rms            0.02294830     0.00066667    F
gradient max                        0.04120701
gradient rms                        0.02294830
cart. step max                      0.07270982     0.01000000    F
cart. step rms                      0.02506167     0.00666667    F
 


 Coordinates (Cartesian)
 =======================

     Atom                    bohr                                 angstrom                 Geometric Variables
                   X           Y           Z              X           Y           Z       (0:frozen, *:LT par.)
 --------------------------------------------------------------------------------------------------------------
     1 As      6.481286   -0.897117    0.000000       3.429749   -0.474734    0.000000      1       2       3
     2 O       9.373312    1.294192    0.000000       4.960143    0.684857    0.000000      4       5       6
     3 O       3.386893   -2.522106    0.000000       1.792267   -1.334641    0.000000      7       8       9
     4 O       4.601983    2.109630    0.000000       2.435264    1.116368    0.000000     10      11      12
     5 O       8.431594   -3.453359    0.000000       4.461808   -1.827439    0.000000     13      14      15
     6 H      10.526247   -0.189047    0.000000       5.570250   -0.100039    0.000000     16      17      18
     7 H       2.230206   -1.038031    0.000000       1.180174   -0.549302    0.000000     19      20      21
     8 H       6.054956    3.288182    0.000000       3.204145    1.740031    0.000000     22      23      24
 --------------------------------------------------------------------------------------------------------------

 Number of elements of the density matrix on this node (used, total):      1035      9730



 ===========================================
 Numerical Integration : Fuzzy Cells (Becke)
 ===========================================
  
 Becke grid quality: GOOD           
  
 Lebedev angular grid order:             min:  11 max:  35
 Nr. of radial points:                   min:  54 max:  80

 Total nr. of points:     113176
 Nr. of blocks:              886
 Block length:               128
 Nr. of dummy points:        232


 Test of Precision of the Numerical Integration Grid
 ===================================================

 Integral of the Total Core Density:                  25.99994452777798
 Relative Error:                                      -2.134E-06


 -------------------------------------------
  COSMO surface
  Area             =          391.043
  Volume           =          620.670
  Number of Points =          998
 -------------------------------------------



 ========================
 Density Fitting (zlmFit)
 ========================
  
 ZlmFit Fit Quality: GOOD           
  
 Max L-expansion:                        min:   7 max:   9
 Nr. of radial interpolation points:     min:  72 max: 132



 =====
 S C F  ***  ScaSCF  ***
 =====
  
 Initial density matrix is taken from previous geometry

 CYCLE    1
 SCF Error: norm([F,P])=      0.096821716033, max([F,P])=      0.025315986014
 orbitals (Q,E):
 ---------------
 AA :6...25          ( 2.00    -0.9405)  ( 2.00    -0.8609)  ( 2.00    -0.6041)  ( 2.00    -0.5074)
                     ( 2.00    -0.4830)  ( 2.00    -0.4309)  ( 2.00    -0.3893)  ( 2.00    -0.3800)
                     ( 2.00    -0.3214)  ( 2.00    -0.2506)  ( 0.00    -0.1853)  ( 0.00    -0.0335)
                     ( 0.00    -0.0052)  ( 0.00     0.0190)  ( 0.00     0.0652)  ( 0.00     0.0966)
                     ( 0.00     0.1234)  ( 0.00     0.1492)  ( 0.00     0.1717)  ( 0.00     0.1903)
 AAA :1...16         ( 2.00    -1.6160)  ( 2.00    -1.6148)  ( 2.00    -0.3903)  ( 2.00    -0.3258)
                     ( 2.00    -0.3175)  ( 2.00    -0.2751)  ( 0.00    -0.1486)  ( 0.00     0.0725)
                     ( 0.00     0.2378)  ( 0.00     0.2590)  ( 0.00     0.4119)  ( 0.00     0.4265)
                     ( 0.00     0.4639)  ( 0.00     0.5034)  ( 0.00     0.5419)  ( 0.00     0.6558)

 CYCLE    2
  SDIIS (wt  0.000):  0.8253  0.1747
 A-DIIS (wt  1.000):  0.6368  0.3632
  DIIS coefficients:  0.6368  0.3632
 SCF Error: norm([F,P])=      0.314830348220, max([F,P])=      0.103841271204
 orbitals (Q,E):
 ---------------
 AA :6...16          ( 2.00    -0.9319)  ( 2.00    -0.8852)  ( 2.00    -0.5924)  ( 2.00    -0.4902)
                     ( 2.00    -0.4705)  ( 2.00    -0.4308)  ( 2.00    -0.3832)  ( 2.00    -0.3727)
                     ( 2.00    -0.3232)  ( 2.00    -0.2830)  ( 0.00    -0.1787)
 AAA :1...7          ( 2.00    -1.5871)  ( 2.00    -1.5864)  ( 2.00    -0.3783)  ( 2.00    -0.3177)
                     ( 2.00    -0.3113)  ( 2.00    -0.2867)  ( 0.00    -0.1416)

 CYCLE    3
  SDIIS (wt  0.000):  0.5153  0.2803  0.2044
 A-DIIS (wt  1.000):  0.0000  0.4547  0.5453
  DIIS coefficients:  0.0000  0.4547  0.5453
 SCF Error: norm([F,P])=      0.347963077415, max([F,P])=      0.110264263053
 orbitals (Q,E):
 ---------------
 AA :6...16          ( 2.00    -0.9181)  ( 2.00    -0.8562)  ( 2.00    -0.5768)  ( 2.00    -0.4777)
                     ( 2.00    -0.4665)  ( 2.00    -0.4206)  ( 2.00    -0.3711)  ( 2.00    -0.3646)
                     ( 2.00    -0.3132)  ( 2.00    -0.2531)  ( 0.00    -0.1622)
 AAA :1...7          ( 2.00    -1.5771)  ( 2.00    -1.5758)  ( 2.00    -0.3633)  ( 2.00    -0.3108)
                     ( 2.00    -0.2963)  ( 2.00    -0.2733)  ( 0.00    -0.1207)

 CYCLE    4
  SDIIS (wt  0.523):  0.3230  0.3956  0.2815
 A-DIIS (wt  0.477):  0.1333  0.3845  0.4822
  DIIS coefficients:  0.2325  0.3903  0.3772
 SCF Error: norm([F,P])=      0.242860816829, max([F,P])=      0.048210151909
 orbitals (Q,E):
 ---------------
 AA :6...16          ( 2.00    -0.9180)  ( 2.00    -0.8610)  ( 2.00    -0.5817)  ( 2.00    -0.4801)
                     ( 2.00    -0.4580)  ( 2.00    -0.4154)  ( 2.00    -0.3713)  ( 2.00    -0.3608)
                     ( 2.00    -0.3093)  ( 2.00    -0.2581)  ( 0.00    -0.1652)
 AAA :1...7          ( 2.00    -1.5948)  ( 2.00    -1.5938)  ( 2.00    -0.3649)  ( 2.00    -0.3053)
                     ( 2.00    -0.2954)  ( 2.00    -0.2691)  ( 0.00    -0.1258)

 CYCLE    5
  SDIIS (wt  0.684):  0.0995  0.1971  0.3472  0.3562
 A-DIIS (wt  0.316):  0.0000  0.0000  0.3656  0.6344
  DIIS coefficients:  0.0680  0.1348  0.3530  0.4442
 SCF Error: norm([F,P])=      0.163494146205, max([F,P])=      0.032297296865
 orbitals (Q,E):
 ---------------
 AA :6...16          ( 2.00    -0.9193)  ( 2.00    -0.8670)  ( 2.00    -0.5834)  ( 2.00    -0.4778)
                     ( 2.00    -0.4640)  ( 2.00    -0.4207)  ( 2.00    -0.3704)  ( 2.00    -0.3651)
                     ( 2.00    -0.3128)  ( 2.00    -0.2635)  ( 0.00    -0.1674)
 AAA :1...7          ( 2.00    -1.5942)  ( 2.00    -1.5931)  ( 2.00    -0.3659)  ( 2.00    -0.3047)
                     ( 2.00    -0.2994)  ( 2.00    -0.2758)  ( 0.00    -0.1280)

 CYCLE    6
  SDIIS (wt  0.794):  0.0517  0.0810  0.2394  0.3345  0.2933
 A-DIIS (wt  0.206):  0.0000  0.0000  0.0502  0.2364  0.7134
  DIIS coefficients:  0.0411  0.0644  0.2005  0.3143  0.3798
 SCF Error: norm([F,P])=      0.075895574849, max([F,P])=      0.021382169134
 orbitals (Q,E):
 ---------------
 AA :6...16          ( 2.00    -0.9221)  ( 2.00    -0.8624)  ( 2.00    -0.5832)  ( 2.00    -0.4815)
                     ( 2.00    -0.4645)  ( 2.00    -0.4198)  ( 2.00    -0.3717)  ( 2.00    -0.3673)
                     ( 2.00    -0.3133)  ( 2.00    -0.2587)  ( 0.00    -0.1674)
 AAA :1...7          ( 2.00    -1.5906)  ( 2.00    -1.5895)  ( 2.00    -0.3665)  ( 2.00    -0.3056)
                     ( 2.00    -0.3024)  ( 2.00    -0.2736)  ( 0.00    -0.1268)

 CYCLE    7
  SDIIS (wt  0.930): -0.0002  0.0111  0.0346  0.1186  0.3107  0.5251
 A-DIIS (wt  0.070):  0.0000  0.0000  0.0000  0.0000  0.2496  0.7504
  DIIS coefficients: -0.0001  0.0104  0.0322  0.1103  0.3064  0.5409
 SCF Error: norm([F,P])=      0.036380481326, max([F,P])=      0.007926535289
 orbitals (Q,E):
 ---------------
 AA :6...16          ( 2.00    -0.9206)  ( 2.00    -0.8632)  ( 2.00    -0.5825)  ( 2.00    -0.4798)
                     ( 2.00    -0.4632)  ( 2.00    -0.4192)  ( 2.00    -0.3707)  ( 2.00    -0.3658)
                     ( 2.00    -0.3124)  ( 2.00    -0.2598)  ( 0.00    -0.1667)
 AAA :1...7          ( 2.00    -1.5910)  ( 2.00    -1.5899)  ( 2.00    -0.3656)  ( 2.00    -0.3039)
                     ( 2.00    -0.3013)  ( 2.00    -0.2736)  ( 0.00    -0.1266)

 CYCLE    8
  SDIIS (wt  0.999): -0.0008  0.0023  0.0094  0.0351  0.1386  0.2503  0.5650
 A-DIIS (wt  0.001):  0.0000  0.0000  0.0000  0.0000  0.0000  0.0000  1.0000
  DIIS coefficients: -0.0008  0.0023  0.0094  0.0351  0.1385  0.2502  0.5653
 SCF Error: norm([F,P])=      0.004116183296, max([F,P])=      0.001053389223
 orbitals (Q,E):
 ---------------
 AA :6...16          ( 2.00    -0.9208)  ( 2.00    -0.8634)  ( 2.00    -0.5828)  ( 2.00    -0.4799)
                     ( 2.00    -0.4635)  ( 2.00    -0.4194)  ( 2.00    -0.3708)  ( 2.00    -0.3661)
                     ( 2.00    -0.3126)  ( 2.00    -0.2599)  ( 0.00    -0.1669)
 AAA :1...7          ( 2.00    -1.5916)  ( 2.00    -1.5904)  ( 2.00    -0.3658)  ( 2.00    -0.3042)
                     ( 2.00    -0.3015)  ( 2.00    -0.2737)  ( 0.00    -0.1268)

 CYCLE    9
  SDIIS (wt  1.000): -0.0008  0.0005  0.0020  0.0112  0.0673  0.1238  0.4074  0.3886
  DIIS coefficients: -0.0008  0.0005  0.0020  0.0112  0.0673  0.1238  0.4074  0.3886
 SCF Error: norm([F,P])=      0.001737481371, max([F,P])=      0.000396830325
 orbitals (Q,E):
 ---------------
 AA :6...16          ( 2.00    -0.9208)  ( 2.00    -0.8635)  ( 2.00    -0.5828)  ( 2.00    -0.4799)
                     ( 2.00    -0.4635)  ( 2.00    -0.4195)  ( 2.00    -0.3708)  ( 2.00    -0.3661)
                     ( 2.00    -0.3126)  ( 2.00    -0.2600)  ( 0.00    -0.1669)
 AAA :1...7          ( 2.00    -1.5915)  ( 2.00    -1.5904)  ( 2.00    -0.3658)  ( 2.00    -0.3041)
                     ( 2.00    -0.3015)  ( 2.00    -0.2738)  ( 0.00    -0.1268)

 CYCLE   10
  SDIIS (wt  1.000): -0.0005 -0.0000 -0.0001  0.0024  0.0270  0.0502  0.1993  0.3054  0.4165
  DIIS coefficients: -0.0005 -0.0000 -0.0001  0.0024  0.0270  0.0502  0.1993  0.3054  0.4165
 SCF Error: norm([F,P])=      0.000721770681, max([F,P])=      0.000168862929
 orbitals (Q,E):
 ---------------
 AA :6...16          ( 2.00    -0.9208)  ( 2.00    -0.8635)  ( 2.00    -0.5828)  ( 2.00    -0.4799)
                     ( 2.00    -0.4635)  ( 2.00    -0.4194)  ( 2.00    -0.3708)  ( 2.00    -0.3661)
                     ( 2.00    -0.3126)  ( 2.00    -0.2600)  ( 0.00    -0.1669)
 AAA :1...7          ( 2.00    -1.5914)  ( 2.00    -1.5903)  ( 2.00    -0.3657)  ( 2.00    -0.3041)
                     ( 2.00    -0.3015)  ( 2.00    -0.2738)  ( 0.00    -0.1268)

 CYCLE   11
  SDIIS (wt  1.000): -0.0001  0.0000 -0.0000  0.0001  0.0051  0.0102  0.0461  0.0927  0.1554  0.6905
  DIIS coefficients: -0.0001  0.0000 -0.0000  0.0001  0.0051  0.0102  0.0461  0.0927  0.1554  0.6905
 SCF Error: norm([F,P])=      0.000080964646, max([F,P])=      0.000015900318
 orbitals (Q,E):
 ---------------
 AA :6...16          ( 2.00    -0.9208)  ( 2.00    -0.8635)  ( 2.00    -0.5828)  ( 2.00    -0.4799)
                     ( 2.00    -0.4635)  ( 2.00    -0.4194)  ( 2.00    -0.3708)  ( 2.00    -0.3661)
                     ( 2.00    -0.3126)  ( 2.00    -0.2600)  ( 0.00    -0.1669)
 AAA :1...7          ( 2.00    -1.5914)  ( 2.00    -1.5903)  ( 2.00    -0.3657)  ( 2.00    -0.3042)
                     ( 2.00    -0.3015)  ( 2.00    -0.2738)  ( 0.00    -0.1268)

 CYCLE   12
  SDIIS (wt  1.000): -0.0000  0.0000 -0.0000  0.0001  0.0005  0.0028  0.0113  0.0258  0.1704  0.7891
  DIIS coefficients: -0.0000  0.0000 -0.0000  0.0001  0.0005  0.0028  0.0113  0.0258  0.1704  0.7891
 SCF Error: norm([F,P])=      0.000018281236, max([F,P])=      0.000004531905
 orbitals (Q,E):
 ---------------
 AA :6...16          ( 2.00    -0.9208)  ( 2.00    -0.8635)  ( 2.00    -0.5828)  ( 2.00    -0.4799)
                     ( 2.00    -0.4635)  ( 2.00    -0.4194)  ( 2.00    -0.3708)  ( 2.00    -0.3661)
                     ( 2.00    -0.3126)  ( 2.00    -0.2600)  ( 0.00    -0.1669)
 AAA :1...7          ( 2.00    -1.5914)  ( 2.00    -1.5903)  ( 2.00    -0.3657)  ( 2.00    -0.3042)
                     ( 2.00    -0.3015)  ( 2.00    -0.2738)  ( 0.00    -0.1268)

 CYCLE   13
  SDIIS (wt  1.000):  0.0000  0.0000  0.0002  0.0004  0.0015  0.0039  0.0083  0.0539  0.2115  0.7202
  DIIS coefficients:  0.0000  0.0000  0.0002  0.0004  0.0015  0.0039  0.0083  0.0539  0.2115  0.7202
 SCF Error: norm([F,P])=      0.000001960270, max([F,P])=      0.000000396682
 orbitals (Q,E):
 ---------------
 AA :6...16          ( 2.00    -0.9208)  ( 2.00    -0.8635)  ( 2.00    -0.5828)  ( 2.00    -0.4799)
                     ( 2.00    -0.4635)  ( 2.00    -0.4194)  ( 2.00    -0.3708)  ( 2.00    -0.3661)
                     ( 2.00    -0.3126)  ( 2.00    -0.2600)  ( 0.00    -0.1669)
 AAA :1...7          ( 2.00    -1.5914)  ( 2.00    -1.5903)  ( 2.00    -0.3657)  ( 2.00    -0.3042)
                     ( 2.00    -0.3015)  ( 2.00    -0.2738)  ( 0.00    -0.1268)

 SCF CONVERGED
 cosmo_calcen: 0.5 (esolb+esolc) (Hartrees) =   -0.022947

 Solvation energy (screening term,uncorrected) =    -14.399267 kcal/mol

 Solvation energy (dispersion and cavitation terms) =      0.731220 kcal/mol
 Solvation Energy Contributions (Hartrees)
          esola   esolb+esolc
     0.02294669   -0.04589338
 esol last cycle   -0.02294669

 CYCLE   14
 *** Using FIT density in Focky
  SDIIS (wt  1.000):  0.0000 -0.0000  0.0000  0.0000  0.0003  0.0010  0.0104  0.0427  0.2446  0.7009
  DIIS coefficients:  0.0000 -0.0000  0.0000  0.0000  0.0003  0.0010  0.0104  0.0427  0.2446  0.7009
 SCF Error: norm([F,P])=      0.000000692175, max([F,P])=      0.000000153842
 orbitals (Q,E):
 ---------------
 AA :6...25          ( 2.00    -0.9208)  ( 2.00    -0.8635)  ( 2.00    -0.5828)  ( 2.00    -0.4799)
                     ( 2.00    -0.4635)  ( 2.00    -0.4194)  ( 2.00    -0.3708)  ( 2.00    -0.3661)
                     ( 2.00    -0.3126)  ( 2.00    -0.2600)  ( 0.00    -0.1669)  ( 0.00    -0.0056)
                     ( 0.00     0.0161)  ( 0.00     0.0358)  ( 0.00     0.0831)  ( 0.00     0.1099)
                     ( 0.00     0.1468)  ( 0.00     0.1644)  ( 0.00     0.2008)  ( 0.00     0.2102)
 AAA :1...16         ( 2.00    -1.5914)  ( 2.00    -1.5903)  ( 2.00    -0.3657)  ( 2.00    -0.3042)
                     ( 2.00    -0.3015)  ( 2.00    -0.2738)  ( 0.00    -0.1268)  ( 0.00     0.0940)
                     ( 0.00     0.2634)  ( 0.00     0.2834)  ( 0.00     0.4356)  ( 0.00     0.4459)
                     ( 0.00     0.4819)  ( 0.00     0.5095)  ( 0.00     0.5472)  ( 0.00     0.6737)
 cosmo_calcen: 0.5 (esolb+esolc) (Hartrees) =   -0.022947

 Solvation energy (screening term,uncorrected) =    -14.399270 kcal/mol

 Solvation energy (dispersion and cavitation terms) =      0.731220 kcal/mol
 Solvation Energy Contributions (Hartrees)
          esola   esolb+esolc
     0.02294670   -0.04589339
 esol last cycle   -0.02294670


 Fit test: (difference of exact and fit density, squared integrated, result summed over spins)
         SCF:                                          0.00002925399329

 Gross Charges per Atom (Z minus electrons)
 ==========================================
             1.6823   -0.6925   -0.6534   -0.6516   -0.7632    0.3528    0.3558    0.3697
 Net Total:  0.00000000



 =================================================================
 M U L T I P O L E   D E R I V E D   C H A R G E   A N A L Y S I S
 =================================================================

 See: M. Swart, P.Th. van Duijnen, J.G. Snijders, J.Comput.Chem., (2001), p. 79-88.

 --------------------------------------- 
 Multipole derived atomic charges (a.u.)
 --------------------------------------- 

        Atom    Level:     MDC-m        MDC-d        MDC-q
 ---------------------------------------------------------
     1     As           2.156464     1.572918     1.005163
     2     O           -0.547279    -0.599994    -0.572592
     3     O           -0.541570    -0.688582    -0.580104
     4     O           -0.505575    -0.572040    -0.599300
     5     O           -0.853726    -0.712590    -0.535919
     6     H            0.075058     0.298018     0.357887
     7     H            0.111071     0.399420     0.474362
     8     H            0.105557     0.302849     0.450504
 *** Using NEW gradient routines ***


 Geometry CYCLE 12
 ==============

 Energy gradients wrt nuclear displacements
 ==========================================

     Atom      Cartesian (a.u./angstrom)
                 X         Y         Z
 ----------------------------------------
     1 As   -0.013686 -0.002019  0.000000
     2 O     0.033178  0.032714  0.000000
     3 O    -0.024158 -0.031890  0.000000
     4 O    -0.040248  0.031273  0.000000
     5 O     0.041263 -0.021649  0.000000
     6 H    -0.010719 -0.017538  0.000000
     7 H    -0.000478  0.020234  0.000000
     8 H     0.014848 -0.011124  0.000000
 ----------------------------------------

 dE(predicted):    -0.13479E-02, dE(actual):    -0.50028E-02, Trust radius:    2.262742, all in a.u.
 
----------------------------------------------------------------------
Geometry Convergence after Step  12       (Hartree/Angstrom,Angstrom)
----------------------------------------------------------------------
current energy                               -1.47529824 Hartree
energy change                      -0.00500275     0.00100000    F
constrained gradient max            0.04126345     0.00100000    F
constrained gradient rms            0.02031880     0.00066667    F
gradient max                        0.04126345
gradient rms                        0.02031880
cart. step max                      0.07165985     0.01000000    F
cart. step rms                      0.02907682     0.00666667    F
 


 Coordinates (Cartesian)
 =======================

     Atom                    bohr                                 angstrom                 Geometric Variables
                   X           Y           Z              X           Y           Z       (0:frozen, *:LT par.)
 --------------------------------------------------------------------------------------------------------------
     1 As      6.491784   -0.881698    0.000000       3.435304   -0.466575    0.000000      1       2       3
     2 O       9.356281    1.223650    0.000000       4.951131    0.647528    0.000000      4       5       6
     3 O       3.426038   -2.470420    0.000000       1.812981   -1.307290    0.000000      7       8       9
     4 O       4.667719    2.053992    0.000000       2.470050    1.086926    0.000000     10      11      12
     5 O       8.372601   -3.448039    0.000000       4.430589   -1.824624    0.000000     13      14      15
     6 H      10.661665   -0.158297    0.000000       5.641910   -0.083767    0.000000     16      17      18
     7 H       2.106937   -1.111149    0.000000       1.114943   -0.587995    0.000000     19      20      21
     8 H       6.003454    3.384306    0.000000       3.176891    1.790897    0.000000     22      23      24
 --------------------------------------------------------------------------------------------------------------

 Number of elements of the density matrix on this node (used, total):      1035      9730



 ===========================================
 Numerical Integration : Fuzzy Cells (Becke)
 ===========================================
  
 Becke grid quality: GOOD           
  
 Lebedev angular grid order:             min:  11 max:  35
 Nr. of radial points:                   min:  54 max:  80

 Total nr. of points:     113172
 Nr. of blocks:              886
 Block length:               128
 Nr. of dummy points:        236


 Test of Precision of the Numerical Integration Grid
 ===================================================

 Integral of the Total Core Density:                  25.99995908858642
 Relative Error:                                      -1.574E-06


 -------------------------------------------
  COSMO surface
  Area             =          390.379
  Volume           =          618.627
  Number of Points =         1007
 -------------------------------------------



 ========================
 Density Fitting (zlmFit)
 ========================
  
 ZlmFit Fit Quality: GOOD           
  
 Max L-expansion:                        min:   7 max:   9
 Nr. of radial interpolation points:     min:  72 max: 132



 =====
 S C F  ***  ScaSCF  ***
 =====
  
 Initial density matrix is taken from previous geometry

 CYCLE    1
 SCF Error: norm([F,P])=      0.124086627810, max([F,P])=      0.019965278981
 orbitals (Q,E):
 ---------------
 AA :6...25          ( 2.00    -0.9369)  ( 2.00    -0.8548)  ( 2.00    -0.6029)  ( 2.00    -0.5055)
                     ( 2.00    -0.4883)  ( 2.00    -0.4212)  ( 2.00    -0.3845)  ( 2.00    -0.3691)
                     ( 2.00    -0.3175)  ( 2.00    -0.2423)  ( 0.00    -0.1675)  ( 0.00    -0.0321)
                     ( 0.00    -0.0081)  ( 0.00     0.0148)  ( 0.00     0.0808)  ( 0.00     0.1106)
                     ( 0.00     0.1269)  ( 0.00     0.1607)  ( 0.00     0.1783)  ( 0.00     0.1915)
 AAA :1...16         ( 2.00    -1.5955)  ( 2.00    -1.5945)  ( 2.00    -0.3888)  ( 2.00    -0.3232)
                     ( 2.00    -0.3150)  ( 2.00    -0.2689)  ( 0.00    -0.1322)  ( 0.00     0.0765)
                     ( 0.00     0.2544)  ( 0.00     0.2762)  ( 0.00     0.4120)  ( 0.00     0.4252)
                     ( 0.00     0.4623)  ( 0.00     0.5181)  ( 0.00     0.5500)  ( 0.00     0.6654)

 CYCLE    2
  SDIIS (wt  0.000):  0.7397  0.2603
 A-DIIS (wt  1.000):  0.2985  0.7015
  DIIS coefficients:  0.2985  0.7015
 SCF Error: norm([F,P])=      0.250431003573, max([F,P])=      0.076520822854
 orbitals (Q,E):
 ---------------
 AA :6...16          ( 2.00    -0.9210)  ( 2.00    -0.8820)  ( 2.00    -0.5871)  ( 2.00    -0.4763)
                     ( 2.00    -0.4633)  ( 2.00    -0.4282)  ( 2.00    -0.3701)  ( 2.00    -0.3502)
                     ( 2.00    -0.3171)  ( 2.00    -0.2897)  ( 0.00    -0.1573)
 AAA :1...7          ( 2.00    -1.5733)  ( 2.00    -1.5727)  ( 2.00    -0.3759)  ( 2.00    -0.3180)
                     ( 2.00    -0.2967)  ( 2.00    -0.2741)  ( 0.00    -0.1231)

 CYCLE    3
  SDIIS (wt  0.000):  0.3963  0.4527  0.1510
 A-DIIS (wt  1.000):  0.0000  0.7362  0.2638
  DIIS coefficients:  0.0000  0.7362  0.2638
 SCF Error: norm([F,P])=      0.648925269246, max([F,P])=      0.204322690494
 orbitals (Q,E):
 ---------------
 AA :6...16          ( 2.00    -0.9146)  ( 2.00    -0.8665)  ( 2.00    -0.5824)  ( 2.00    -0.4752)
                     ( 2.00    -0.4683)  ( 2.00    -0.4158)  ( 2.00    -0.3629)  ( 2.00    -0.3534)
                     ( 2.00    -0.3115)  ( 2.00    -0.2616)  ( 0.00    -0.1515)
 AAA :1...7          ( 2.00    -1.5786)  ( 2.00    -1.5775)  ( 2.00    -0.3661)  ( 2.00    -0.3031)
                     ( 2.00    -0.2973)  ( 2.00    -0.2751)  ( 0.00    -0.1159)

 CYCLE    4
  SDIIS (wt  0.647):  0.4454  0.0854  0.4692
 A-DIIS (wt  0.353):  0.2261  0.0000  0.7739
  DIIS coefficients:  0.3680  0.0552  0.5767
 SCF Error: norm([F,P])=      0.143375441665, max([F,P])=      0.035933393813
 orbitals (Q,E):
 ---------------
 AA :6...16          ( 2.00    -0.9169)  ( 2.00    -0.8580)  ( 2.00    -0.5867)  ( 2.00    -0.4825)
                     ( 2.00    -0.4668)  ( 2.00    -0.4104)  ( 2.00    -0.3667)  ( 2.00    -0.3528)
                     ( 2.00    -0.3091)  ( 2.00    -0.2520)  ( 0.00    -0.1532)
 AAA :1...7          ( 2.00    -1.5893)  ( 2.00    -1.5882)  ( 2.00    -0.3694)  ( 2.00    -0.3068)
                     ( 2.00    -0.2954)  ( 2.00    -0.2669)  ( 0.00    -0.1175)

 CYCLE    5
  SDIIS (wt  0.686):  0.1757 -0.0314  0.5391  0.3167
 A-DIIS (wt  0.314):  0.0481  0.0000  0.4909  0.4611
  DIIS coefficients:  0.1356 -0.0215  0.5239  0.3620
 SCF Error: norm([F,P])=      0.153380772869, max([F,P])=      0.032097779022
 orbitals (Q,E):
 ---------------
 AA :6...16          ( 2.00    -0.9195)  ( 2.00    -0.8576)  ( 2.00    -0.5866)  ( 2.00    -0.4802)
                     ( 2.00    -0.4727)  ( 2.00    -0.4135)  ( 2.00    -0.3636)  ( 2.00    -0.3573)
                     ( 2.00    -0.3113)  ( 2.00    -0.2505)  ( 0.00    -0.1535)
 AAA :1...7          ( 2.00    -1.5886)  ( 2.00    -1.5874)  ( 2.00    -0.3687)  ( 2.00    -0.3043)
                     ( 2.00    -0.3005)  ( 2.00    -0.2698)  ( 0.00    -0.1175)

 CYCLE    6
  SDIIS (wt  0.795):  0.0381  0.0288  0.2026  0.2412  0.4894
 A-DIIS (wt  0.205):  0.0000  0.0000  0.1744  0.2401  0.5854
  DIIS coefficients:  0.0303  0.0229  0.1968  0.2409  0.5091
 SCF Error: norm([F,P])=      0.081625173950, max([F,P])=      0.021272700234
 orbitals (Q,E):
 ---------------
 AA :6...16          ( 2.00    -0.9198)  ( 2.00    -0.8611)  ( 2.00    -0.5864)  ( 2.00    -0.4805)
                     ( 2.00    -0.4710)  ( 2.00    -0.4140)  ( 2.00    -0.3650)  ( 2.00    -0.3564)
                     ( 2.00    -0.3119)  ( 2.00    -0.2549)  ( 0.00    -0.1538)
 AAA :1...7          ( 2.00    -1.5853)  ( 2.00    -1.5842)  ( 2.00    -0.3687)  ( 2.00    -0.3035)
                     ( 2.00    -0.3013)  ( 2.00    -0.2715)  ( 0.00    -0.1177)

 CYCLE    7
  SDIIS (wt  0.962): -0.0142  0.0240  0.0286  0.1072  0.4099  0.4446
 A-DIIS (wt  0.038):  0.0000  0.0000  0.0000  0.0000  0.0821  0.9179
  DIIS coefficients: -0.0137  0.0231  0.0275  0.1031  0.3974  0.4626
 SCF Error: norm([F,P])=      0.018298717164, max([F,P])=      0.004768046439
 orbitals (Q,E):
 ---------------
 AA :6...16          ( 2.00    -0.9190)  ( 2.00    -0.8599)  ( 2.00    -0.5862)  ( 2.00    -0.4802)
                     ( 2.00    -0.4709)  ( 2.00    -0.4133)  ( 2.00    -0.3642)  ( 2.00    -0.3564)
                     ( 2.00    -0.3113)  ( 2.00    -0.2536)  ( 0.00    -0.1535)
 AAA :1...7          ( 2.00    -1.5866)  ( 2.00    -1.5854)  ( 2.00    -0.3685)  ( 2.00    -0.3032)
                     ( 2.00    -0.3007)  ( 2.00    -0.2706)  ( 0.00    -0.1175)

 CYCLE    8
  SDIIS (wt  0.995): -0.0104  0.0125  0.0063  0.0448  0.1936  0.2903  0.4630
 A-DIIS (wt  0.005):  0.0000  0.0000  0.0000  0.0000  0.0000  0.1227  0.8773
  DIIS coefficients: -0.0103  0.0124  0.0062  0.0446  0.1927  0.2895  0.4649
 SCF Error: norm([F,P])=      0.005156409059, max([F,P])=      0.001455150722
 orbitals (Q,E):
 ---------------
 AA :6...16          ( 2.00    -0.9192)  ( 2.00    -0.8602)  ( 2.00    -0.5862)  ( 2.00    -0.4801)
                     ( 2.00    -0.4709)  ( 2.00    -0.4135)  ( 2.00    -0.3643)  ( 2.00    -0.3562)
                     ( 2.00    -0.3114)  ( 2.00    -0.2539)  ( 0.00    -0.1536)
 AAA :1...7          ( 2.00    -1.5867)  ( 2.00    -1.5855)  ( 2.00    -0.3685)  ( 2.00    -0.3030)
                     ( 2.00    -0.3009)  ( 2.00    -0.2708)  ( 0.00    -0.1176)

 CYCLE    9
  SDIIS (wt  1.000): -0.0030  0.0030  0.0027  0.0074  0.0343  0.1151  0.4040  0.4365
  DIIS coefficients: -0.0030  0.0030  0.0027  0.0074  0.0343  0.1151  0.4040  0.4365
 SCF Error: norm([F,P])=      0.002523518066, max([F,P])=      0.000584495226
 orbitals (Q,E):
 ---------------
 AA :6...16          ( 2.00    -0.9192)  ( 2.00    -0.8603)  ( 2.00    -0.5863)  ( 2.00    -0.4801)
                     ( 2.00    -0.4709)  ( 2.00    -0.4135)  ( 2.00    -0.3643)  ( 2.00    -0.3563)
                     ( 2.00    -0.3114)  ( 2.00    -0.2540)  ( 0.00    -0.1536)
 AAA :1...7          ( 2.00    -1.5866)  ( 2.00    -1.5855)  ( 2.00    -0.3685)  ( 2.00    -0.3031)
                     ( 2.00    -0.3009)  ( 2.00    -0.2709)  ( 0.00    -0.1176)

 CYCLE   10
  SDIIS (wt  1.000): -0.0009  0.0006  0.0021  0.0016  0.0062  0.0489  0.1760  0.2156  0.5500
  DIIS coefficients: -0.0009  0.0006  0.0021  0.0016  0.0062  0.0489  0.1760  0.2156  0.5500
 SCF Error: norm([F,P])=      0.000384036743, max([F,P])=      0.000058297484
 orbitals (Q,E):
 ---------------
 AA :6...16          ( 2.00    -0.9192)  ( 2.00    -0.8603)  ( 2.00    -0.5862)  ( 2.00    -0.4801)
                     ( 2.00    -0.4709)  ( 2.00    -0.4135)  ( 2.00    -0.3643)  ( 2.00    -0.3563)
                     ( 2.00    -0.3114)  ( 2.00    -0.2539)  ( 0.00    -0.1536)
 AAA :1...7          ( 2.00    -1.5865)  ( 2.00    -1.5854)  ( 2.00    -0.3685)  ( 2.00    -0.3031)
                     ( 2.00    -0.3009)  ( 2.00    -0.2708)  ( 0.00    -0.1176)

 CYCLE   11
  SDIIS (wt  1.000): -0.0001  0.0000  0.0013  0.0003 -0.0000  0.0184  0.0622  0.0824  0.2671  0.5683
  DIIS coefficients: -0.0001  0.0000  0.0013  0.0003 -0.0000  0.0184  0.0622  0.0824  0.2671  0.5683
 SCF Error: norm([F,P])=      0.000102309337, max([F,P])=      0.000023551573
 orbitals (Q,E):
 ---------------
 AA :6...16          ( 2.00    -0.9192)  ( 2.00    -0.8603)  ( 2.00    -0.5862)  ( 2.00    -0.4801)
                     ( 2.00    -0.4709)  ( 2.00    -0.4135)  ( 2.00    -0.3643)  ( 2.00    -0.3563)
                     ( 2.00    -0.3114)  ( 2.00    -0.2539)  ( 0.00    -0.1536)
 AAA :1...7          ( 2.00    -1.5865)  ( 2.00    -1.5854)  ( 2.00    -0.3685)  ( 2.00    -0.3031)
                     ( 2.00    -0.3009)  ( 2.00    -0.2708)  ( 0.00    -0.1176)

 CYCLE   12
  SDIIS (wt  1.000): -0.0000  0.0003  0.0001 -0.0001  0.0039  0.0108  0.0180  0.0611  0.1611  0.7448
  DIIS coefficients: -0.0000  0.0003  0.0001 -0.0001  0.0039  0.0108  0.0180  0.0611  0.1611  0.7448
 SCF Error: norm([F,P])=      0.000013652561, max([F,P])=      0.000003075544
 orbitals (Q,E):
 ---------------
 AA :6...16          ( 2.00    -0.9192)  ( 2.00    -0.8603)  ( 2.00    -0.5862)  ( 2.00    -0.4801)
                     ( 2.00    -0.4709)  ( 2.00    -0.4135)  ( 2.00    -0.3643)  ( 2.00    -0.3563)
                     ( 2.00    -0.3114)  ( 2.00    -0.2539)  ( 0.00    -0.1536)
 AAA :1...7          ( 2.00    -1.5865)  ( 2.00    -1.5854)  ( 2.00    -0.3685)  ( 2.00    -0.3031)
                     ( 2.00    -0.3009)  ( 2.00    -0.2708)  ( 0.00    -0.1176)

 CYCLE   13
  SDIIS (wt  1.000):  0.0000  0.0000 -0.0000  0.0005  0.0010  0.0025  0.0078  0.0247  0.1967  0.7668
  DIIS coefficients:  0.0000  0.0000 -0.0000  0.0005  0.0010  0.0025  0.0078  0.0247  0.1967  0.7668
 SCF Error: norm([F,P])=      0.000001947485, max([F,P])=      0.000000476183
 orbitals (Q,E):
 ---------------
 AA :6...16          ( 2.00    -0.9192)  ( 2.00    -0.8603)  ( 2.00    -0.5862)  ( 2.00    -0.4801)
                     ( 2.00    -0.4709)  ( 2.00    -0.4135)  ( 2.00    -0.3643)  ( 2.00    -0.3563)
                     ( 2.00    -0.3114)  ( 2.00    -0.2539)  ( 0.00    -0.1536)
 AAA :1...7          ( 2.00    -1.5865)  ( 2.00    -1.5854)  ( 2.00    -0.3685)  ( 2.00    -0.3031)
                     ( 2.00    -0.3009)  ( 2.00    -0.2708)  ( 0.00    -0.1176)

 SCF CONVERGED
 cosmo_calcen: 0.5 (esolb+esolc) (Hartrees) =   -0.024336

 Solvation energy (screening term,uncorrected) =    -15.271148 kcal/mol

 Solvation energy (dispersion and cavitation terms) =      0.729978 kcal/mol
 Solvation Energy Contributions (Hartrees)
          esola   esolb+esolc
     0.02433612   -0.04867224
 esol last cycle   -0.02433612

 CYCLE   14
 *** Using FIT density in Focky
  SDIIS (wt  1.000): -0.0000 -0.0000  0.0000 -0.0000  0.0001  0.0006  0.0027  0.0356  0.2224  0.7385
  DIIS coefficients: -0.0000 -0.0000  0.0000 -0.0000  0.0001  0.0006  0.0027  0.0356  0.2224  0.7385
 SCF Error: norm([F,P])=      0.000000434262, max([F,P])=      0.000000071489
 orbitals (Q,E):
 ---------------
 AA :6...25          ( 2.00    -0.9192)  ( 2.00    -0.8603)  ( 2.00    -0.5862)  ( 2.00    -0.4801)
                     ( 2.00    -0.4709)  ( 2.00    -0.4135)  ( 2.00    -0.3643)  ( 2.00    -0.3563)
                     ( 2.00    -0.3114)  ( 2.00    -0.2539)  ( 0.00    -0.1536)  ( 0.00    -0.0038)
                     ( 0.00     0.0145)  ( 0.00     0.0341)  ( 0.00     0.0873)  ( 0.00     0.1216)
                     ( 0.00     0.1491)  ( 0.00     0.1722)  ( 0.00     0.2025)  ( 0.00     0.2100)
 AAA :1...16         ( 2.00    -1.5865)  ( 2.00    -1.5854)  ( 2.00    -0.3685)  ( 2.00    -0.3031)
                     ( 2.00    -0.3009)  ( 2.00    -0.2708)  ( 0.00    -0.1176)  ( 0.00     0.0932)
                     ( 0.00     0.2729)  ( 0.00     0.2943)  ( 0.00     0.4336)  ( 0.00     0.4424)
                     ( 0.00     0.4794)  ( 0.00     0.5181)  ( 0.00     0.5560)  ( 0.00     0.6810)
 cosmo_calcen: 0.5 (esolb+esolc) (Hartrees) =   -0.024336

 Solvation energy (screening term,uncorrected) =    -15.271145 kcal/mol

 Solvation energy (dispersion and cavitation terms) =      0.729978 kcal/mol
 Solvation Energy Contributions (Hartrees)
          esola   esolb+esolc
     0.02433612   -0.04867223
 esol last cycle   -0.02433612


 Fit test: (difference of exact and fit density, squared integrated, result summed over spins)
         SCF:                                          0.00002884378983

 Gross Charges per Atom (Z minus electrons)
 ==========================================
             1.7343   -0.6981   -0.6598   -0.6544   -0.7826    0.3514    0.3474    0.3618
 Net Total:  0.00000000



 =================================================================
 M U L T I P O L E   D E R I V E D   C H A R G E   A N A L Y S I S
 =================================================================

 See: M. Swart, P.Th. van Duijnen, J.G. Snijders, J.Comput.Chem., (2001), p. 79-88.

 --------------------------------------- 
 Multipole derived atomic charges (a.u.)
 --------------------------------------- 

        Atom    Level:     MDC-m        MDC-d        MDC-q
 ---------------------------------------------------------
     1     As           2.192623     1.618664     1.170580
     2     O           -0.570419    -0.632646    -0.672512
     3     O           -0.562371    -0.718979    -0.658552
     4     O           -0.524239    -0.596969    -0.717344
     5     O           -0.876014    -0.737727    -0.590228
     6     H            0.094612     0.320952     0.409990
     7     H            0.124970     0.415767     0.522726
     8     H            0.120839     0.330938     0.535340
 *** Using NEW gradient routines ***


 Geometry CYCLE 13
 ==============

 Energy gradients wrt nuclear displacements
 ==========================================

     Atom      Cartesian (a.u./angstrom)
                 X         Y         Z
 ----------------------------------------
     1 As   -0.018333 -0.005101  0.000000
     2 O     0.001938  0.024399  0.000000
     3 O     0.002292 -0.017403  0.000000
     4 O    -0.028794 -0.003379  0.000000
     5 O     0.030775  0.000140  0.000000
     6 H     0.016315 -0.026539  0.000000
     7 H    -0.021609  0.019864  0.000000
     8 H     0.017417  0.008019  0.000000
 ----------------------------------------

 dE(predicted):    -0.42299E-02, dE(actual):    -0.59371E-02, Trust radius:    2.262742, all in a.u.
 
----------------------------------------------------------------------
Geometry Convergence after Step  13       (Hartree/Angstrom,Angstrom)
----------------------------------------------------------------------
current energy                               -1.48123530 Hartree
energy change                      -0.00593707     0.00100000    F
constrained gradient max            0.03077468     0.00100000    F
constrained gradient rms            0.01479951     0.00066667    F
gradient max                        0.03077468
gradient rms                        0.01479951
cart. step max                      0.02567238     0.01000000    F
cart. step rms                      0.01039450     0.00666667    F
 


 Coordinates (Cartesian)
 =======================

     Atom                    bohr                                 angstrom                 Geometric Variables
                   X           Y           Z              X           Y           Z       (0:frozen, *:LT par.)
 --------------------------------------------------------------------------------------------------------------
     1 As      6.498761   -0.867277    0.000000       3.438996   -0.458943    0.000000      1       2       3
     2 O       9.328067    1.194815    0.000000       4.936201    0.632269    0.000000      4       5       6
     3 O       3.459744   -2.444454    0.000000       1.830818   -1.293549    0.000000      7       8       9
     4 O       4.702962    2.026581    0.000000       2.488700    1.072420    0.000000     10      11      12
     5 O       8.324087   -3.436519    0.000000       4.404917   -1.818528    0.000000     13      14      15
     6 H      10.667490   -0.142532    0.000000       5.644993   -0.075425    0.000000     16      17      18
     7 H       2.113502   -1.133607    0.000000       1.118417   -0.599879    0.000000     19      20      21
     8 H       5.991865    3.395338    0.000000       3.170758    1.796735    0.000000     22      23      24
 --------------------------------------------------------------------------------------------------------------

 Number of elements of the density matrix on this node (used, total):      1035      9730



 ===========================================
 Numerical Integration : Fuzzy Cells (Becke)
 ===========================================
  
 Becke grid quality: GOOD           
  
 Lebedev angular grid order:             min:  11 max:  35
 Nr. of radial points:                   min:  54 max:  80

 Total nr. of points:     113178
 Nr. of blocks:              886
 Block length:               128
 Nr. of dummy points:        230


 Test of Precision of the Numerical Integration Grid
 ===================================================

 Integral of the Total Core Density:                  25.99996520289295
 Relative Error:                                      -1.338E-06


 -------------------------------------------
  COSMO surface
  Area             =          388.193
  Volume           =          614.332
  Number of Points =          998
 -------------------------------------------



 ========================
 Density Fitting (zlmFit)
 ========================
  
 ZlmFit Fit Quality: GOOD           
  
 Max L-expansion:                        min:   7 max:   9
 Nr. of radial interpolation points:     min:  72 max: 132



 =====
 S C F  ***  ScaSCF  ***
 =====
  
 Initial density matrix is taken from previous geometry

 CYCLE    1
 SCF Error: norm([F,P])=      0.087935122067, max([F,P])=      0.021677587209
 orbitals (Q,E):
 ---------------
 AA :6...25          ( 2.00    -0.9345)  ( 2.00    -0.8481)  ( 2.00    -0.6009)  ( 2.00    -0.5023)
                     ( 2.00    -0.4868)  ( 2.00    -0.4136)  ( 2.00    -0.3783)  ( 2.00    -0.3580)
                     ( 2.00    -0.3092)  ( 2.00    -0.2325)  ( 0.00    -0.1543)  ( 0.00    -0.0251)
                     ( 0.00    -0.0017)  ( 0.00     0.0189)  ( 0.00     0.0923)  ( 0.00     0.1214)
                     ( 0.00     0.1354)  ( 0.00     0.1709)  ( 0.00     0.1850)  ( 0.00     0.2008)
 AAA :1...16         ( 2.00    -1.5919)  ( 2.00    -1.5908)  ( 2.00    -0.3877)  ( 2.00    -0.3179)
                     ( 2.00    -0.3094)  ( 2.00    -0.2608)  ( 0.00    -0.1217)  ( 0.00     0.0800)
                     ( 0.00     0.2647)  ( 0.00     0.2868)  ( 0.00     0.4174)  ( 0.00     0.4303)
                     ( 0.00     0.4687)  ( 0.00     0.5292)  ( 0.00     0.5568)  ( 0.00     0.6782)

 CYCLE    2
  SDIIS (wt  0.000):  0.8051  0.1949
 A-DIIS (wt  1.000):  0.8716  0.1284
  DIIS coefficients:  0.8716  0.1284
 SCF Error: norm([F,P])=      0.267454837999, max([F,P])=      0.083680909342
 orbitals (Q,E):
 ---------------
 AA :6...16          ( 2.00    -0.9311)  ( 2.00    -0.8577)  ( 2.00    -0.5976)  ( 2.00    -0.4970)
                     ( 2.00    -0.4840)  ( 2.00    -0.4142)  ( 2.00    -0.3738)  ( 2.00    -0.3572)
                     ( 2.00    -0.3124)  ( 2.00    -0.2441)  ( 0.00    -0.1534)
 AAA :1...7          ( 2.00    -1.5867)  ( 2.00    -1.5858)  ( 2.00    -0.3835)  ( 2.00    -0.3146)
                     ( 2.00    -0.3070)  ( 2.00    -0.2680)  ( 0.00    -0.1215)

 CYCLE    3
  SDIIS (wt  0.000):  0.4895 -0.0664  0.5769
 A-DIIS (wt  1.000):  0.6705  0.0000  0.3295
  DIIS coefficients:  0.6705  0.0000  0.3295
 SCF Error: norm([F,P])=      0.096455051607, max([F,P])=      0.028846157918
 orbitals (Q,E):
 ---------------
 AA :6...16          ( 2.00    -0.9287)  ( 2.00    -0.8576)  ( 2.00    -0.5944)  ( 2.00    -0.4925)
                     ( 2.00    -0.4829)  ( 2.00    -0.4139)  ( 2.00    -0.3695)  ( 2.00    -0.3577)
                     ( 2.00    -0.3124)  ( 2.00    -0.2452)  ( 0.00    -0.1508)
 AAA :1...7          ( 2.00    -1.5847)  ( 2.00    -1.5837)  ( 2.00    -0.3799)  ( 2.00    -0.3111)
                     ( 2.00    -0.3070)  ( 2.00    -0.2686)  ( 0.00    -0.1187)

 CYCLE    4
  SDIIS (wt  0.764): -0.2822 -0.0421  1.3243
 A-DIIS (wt  0.236):  0.0000  0.0000  1.0000
  DIIS coefficients: -0.2156 -0.0321  1.2477
 SCF Error: norm([F,P])=      0.075580099402, max([F,P])=      0.024381149196
 orbitals (Q,E):
 ---------------
 AA :6...16          ( 2.00    -0.9205)  ( 2.00    -0.8643)  ( 2.00    -0.5860)  ( 2.00    -0.4803)
                     ( 2.00    -0.4719)  ( 2.00    -0.4127)  ( 2.00    -0.3619)  ( 2.00    -0.3501)
                     ( 2.00    -0.3105)  ( 2.00    -0.2575)  ( 0.00    -0.1439)
 AAA :1...7          ( 2.00    -1.5808)  ( 2.00    -1.5797)  ( 2.00    -0.3705)  ( 2.00    -0.3039)
                     ( 2.00    -0.2981)  ( 2.00    -0.2715)  ( 0.00    -0.1112)

 CYCLE    5
  SDIIS (wt  0.000):  0.1788 -0.9275  1.1793  0.5694
 A-DIIS (wt  1.000):  0.0000  0.0000  0.5302  0.4698
  DIIS coefficients:  0.0000  0.0000  0.5302  0.4698
 SCF Error: norm([F,P])=      0.125984540494, max([F,P])=      0.034515079386
 orbitals (Q,E):
 ---------------
 AA :6...16          ( 2.00    -0.9202)  ( 2.00    -0.8581)  ( 2.00    -0.5868)  ( 2.00    -0.4816)
                     ( 2.00    -0.4782)  ( 2.00    -0.4131)  ( 2.00    -0.3611)  ( 2.00    -0.3546)
                     ( 2.00    -0.3114)  ( 2.00    -0.2488)  ( 0.00    -0.1439)
 AAA :1...7          ( 2.00    -1.5829)  ( 2.00    -1.5816)  ( 2.00    -0.3712)  ( 2.00    -0.3071)
                     ( 2.00    -0.2991)  ( 2.00    -0.2702)  ( 0.00    -0.1107)

 CYCLE    6
  SDIIS (wt  0.000):  0.1115  0.5234 -0.7525  0.5205  0.5971
 A-DIIS (wt  1.000):  0.0000  0.0000  0.0000  0.4769  0.5231
  DIIS coefficients:  0.0000  0.0000  0.0000  0.4769  0.5231
 SCF Error: norm([F,P])=      0.123761711276, max([F,P])=      0.021990936319
 orbitals (Q,E):
 ---------------
 AA :6...16          ( 2.00    -0.9234)  ( 2.00    -0.8569)  ( 2.00    -0.5894)  ( 2.00    -0.4852)
                     ( 2.00    -0.4755)  ( 2.00    -0.4110)  ( 2.00    -0.3651)  ( 2.00    -0.3522)
                     ( 2.00    -0.3095)  ( 2.00    -0.2477)  ( 0.00    -0.1453)
 AAA :1...7          ( 2.00    -1.5876)  ( 2.00    -1.5865)  ( 2.00    -0.3733)  ( 2.00    -0.3063)
                     ( 2.00    -0.2999)  ( 2.00    -0.2670)  ( 0.00    -0.1120)

 CYCLE    7
  SDIIS (wt  0.000): -0.1559  0.5803 -0.4590  0.1974  0.5269  0.3104
 A-DIIS (wt  1.000):  0.0000  0.0000  0.0000  0.3390  0.3765  0.2845
  DIIS coefficients:  0.0000  0.0000  0.0000  0.3390  0.3765  0.2845
 SCF Error: norm([F,P])=      0.096165310069, max([F,P])=      0.021047793927
 orbitals (Q,E):
 ---------------
 AA :6...16          ( 2.00    -0.9219)  ( 2.00    -0.8619)  ( 2.00    -0.5882)  ( 2.00    -0.4821)
                     ( 2.00    -0.4765)  ( 2.00    -0.4133)  ( 2.00    -0.3623)  ( 2.00    -0.3534)
                     ( 2.00    -0.3115)  ( 2.00    -0.2534)  ( 0.00    -0.1452)
 AAA :1...7          ( 2.00    -1.5842)  ( 2.00    -1.5831)  ( 2.00    -0.3719)  ( 2.00    -0.3035)
                     ( 2.00    -0.3020)  ( 2.00    -0.2712)  ( 0.00    -0.1122)

 CYCLE    8
  SDIIS (wt  0.955): -0.0082 -0.2609  0.3544  0.0550  0.0087  0.2139  0.6371
 A-DIIS (wt  0.045):  0.0000  0.0000  0.0000  0.0000  0.0000  0.0657  0.9343
  DIIS coefficients: -0.0078 -0.2492  0.3385  0.0525  0.0083  0.2072  0.6505
 SCF Error: norm([F,P])=      0.021889001650, max([F,P])=      0.005447257994
 orbitals (Q,E):
 ---------------
 AA :6...16          ( 2.00    -0.9220)  ( 2.00    -0.8604)  ( 2.00    -0.5879)  ( 2.00    -0.4824)
                     ( 2.00    -0.4762)  ( 2.00    -0.4127)  ( 2.00    -0.3625)  ( 2.00    -0.3534)
                     ( 2.00    -0.3110)  ( 2.00    -0.2518)  ( 0.00    -0.1448)
 AAA :1...7          ( 2.00    -1.5839)  ( 2.00    -1.5827)  ( 2.00    -0.3718)  ( 2.00    -0.3036)
                     ( 2.00    -0.3019)  ( 2.00    -0.2702)  ( 0.00    -0.1117)

 CYCLE    9
  SDIIS (wt  1.000):  0.0013 -0.1975  0.2535  0.0253 -0.0253  0.1174  0.4376  0.3877
  DIIS coefficients:  0.0013 -0.1975  0.2535  0.0253 -0.0253  0.1174  0.4376  0.3877
 SCF Error: norm([F,P])=      0.004007005670, max([F,P])=      0.000956948423
 orbitals (Q,E):
 ---------------
 AA :6...16          ( 2.00    -0.9219)  ( 2.00    -0.8605)  ( 2.00    -0.5879)  ( 2.00    -0.4823)
                     ( 2.00    -0.4762)  ( 2.00    -0.4127)  ( 2.00    -0.3624)  ( 2.00    -0.3534)
                     ( 2.00    -0.3110)  ( 2.00    -0.2519)  ( 0.00    -0.1449)
 AAA :1...7          ( 2.00    -1.5841)  ( 2.00    -1.5830)  ( 2.00    -0.3718)  ( 2.00    -0.3035)
                     ( 2.00    -0.3018)  ( 2.00    -0.2703)  ( 0.00    -0.1118)

 CYCLE   10
  SDIIS (wt  1.000): -0.0023 -0.0638  0.0863  0.0037 -0.0142  0.0335  0.1465  0.2674  0.5428
  DIIS coefficients: -0.0023 -0.0638  0.0863  0.0037 -0.0142  0.0335  0.1465  0.2674  0.5428
 SCF Error: norm([F,P])=      0.000936812698, max([F,P])=      0.000230571801
 orbitals (Q,E):
 ---------------
 AA :6...16          ( 2.00    -0.9219)  ( 2.00    -0.8606)  ( 2.00    -0.5880)  ( 2.00    -0.4824)
                     ( 2.00    -0.4762)  ( 2.00    -0.4127)  ( 2.00    -0.3624)  ( 2.00    -0.3534)
                     ( 2.00    -0.3111)  ( 2.00    -0.2520)  ( 0.00    -0.1449)
 AAA :1...7          ( 2.00    -1.5841)  ( 2.00    -1.5830)  ( 2.00    -0.3718)  ( 2.00    -0.3036)
                     ( 2.00    -0.3019)  ( 2.00    -0.2704)  ( 0.00    -0.1118)

 CYCLE   11
  SDIIS (wt  1.000): -0.0011 -0.0246  0.0335  0.0004 -0.0069  0.0114  0.0542  0.1143  0.2702  0.5485
  DIIS coefficients: -0.0011 -0.0246  0.0335  0.0004 -0.0069  0.0114  0.0542  0.1143  0.2702  0.5485
 SCF Error: norm([F,P])=      0.000171724753, max([F,P])=      0.000030867043
 orbitals (Q,E):
 ---------------
 AA :6...16          ( 2.00    -0.9219)  ( 2.00    -0.8606)  ( 2.00    -0.5880)  ( 2.00    -0.4824)
                     ( 2.00    -0.4762)  ( 2.00    -0.4127)  ( 2.00    -0.3624)  ( 2.00    -0.3534)
                     ( 2.00    -0.3111)  ( 2.00    -0.2520)  ( 0.00    -0.1449)
 AAA :1...7          ( 2.00    -1.5841)  ( 2.00    -1.5830)  ( 2.00    -0.3718)  ( 2.00    -0.3036)
                     ( 2.00    -0.3018)  ( 2.00    -0.2704)  ( 0.00    -0.1118)

 CYCLE   12
  SDIIS (wt  1.000): -0.0026  0.0034  0.0001 -0.0010  0.0007  0.0062  0.0217  0.0532  0.2244  0.6940
  DIIS coefficients: -0.0026  0.0034  0.0001 -0.0010  0.0007  0.0062  0.0217  0.0532  0.2244  0.6940
 SCF Error: norm([F,P])=      0.000041374730, max([F,P])=      0.000011081890
 orbitals (Q,E):
 ---------------
 AA :6...16          ( 2.00    -0.9219)  ( 2.00    -0.8606)  ( 2.00    -0.5880)  ( 2.00    -0.4824)
                     ( 2.00    -0.4762)  ( 2.00    -0.4127)  ( 2.00    -0.3624)  ( 2.00    -0.3534)
                     ( 2.00    -0.3111)  ( 2.00    -0.2520)  ( 0.00    -0.1449)
 AAA :1...7          ( 2.00    -1.5841)  ( 2.00    -1.5830)  ( 2.00    -0.3718)  ( 2.00    -0.3036)
                     ( 2.00    -0.3018)  ( 2.00    -0.2704)  ( 0.00    -0.1118)

 CYCLE   13
  SDIIS (wt  1.000): -0.0000  0.0001  0.0001  0.0002  0.0013  0.0052  0.0155  0.0712  0.2482  0.6584
  DIIS coefficients: -0.0000  0.0001  0.0001  0.0002  0.0013  0.0052  0.0155  0.0712  0.2482  0.6584
 SCF Error: norm([F,P])=      0.000012686806, max([F,P])=      0.000002805691
 orbitals (Q,E):
 ---------------
 AA :6...16          ( 2.00    -0.9219)  ( 2.00    -0.8606)  ( 2.00    -0.5880)  ( 2.00    -0.4824)
                     ( 2.00    -0.4762)  ( 2.00    -0.4127)  ( 2.00    -0.3624)  ( 2.00    -0.3534)
                     ( 2.00    -0.3111)  ( 2.00    -0.2520)  ( 0.00    -0.1449)
 AAA :1...7          ( 2.00    -1.5841)  ( 2.00    -1.5830)  ( 2.00    -0.3718)  ( 2.00    -0.3036)
                     ( 2.00    -0.3018)  ( 2.00    -0.2704)  ( 0.00    -0.1118)

 CYCLE   14
  SDIIS (wt  1.000):  0.0000  0.0000  0.0000  0.0003  0.0007  0.0024  0.0071  0.0325  0.1111  0.8458
  DIIS coefficients:  0.0000  0.0000  0.0000  0.0003  0.0007  0.0024  0.0071  0.0325  0.1111  0.8458
 SCF Error: norm([F,P])=      0.000001210655, max([F,P])=      0.000000289362
 orbitals (Q,E):
 ---------------
 AA :6...16          ( 2.00    -0.9219)  ( 2.00    -0.8606)  ( 2.00    -0.5880)  ( 2.00    -0.4824)
                     ( 2.00    -0.4762)  ( 2.00    -0.4127)  ( 2.00    -0.3624)  ( 2.00    -0.3534)
                     ( 2.00    -0.3111)  ( 2.00    -0.2520)  ( 0.00    -0.1449)
 AAA :1...7          ( 2.00    -1.5841)  ( 2.00    -1.5830)  ( 2.00    -0.3718)  ( 2.00    -0.3036)
                     ( 2.00    -0.3018)  ( 2.00    -0.2704)  ( 0.00    -0.1118)

 SCF CONVERGED
 cosmo_calcen: 0.5 (esolb+esolc) (Hartrees) =   -0.024850

 Solvation energy (screening term,uncorrected) =    -15.593298 kcal/mol

 Solvation energy (dispersion and cavitation terms) =      0.725892 kcal/mol
 Solvation Energy Contributions (Hartrees)
          esola   esolb+esolc
     0.02484950   -0.04969900
 esol last cycle   -0.02484950

 CYCLE   15
 *** Using FIT density in Focky
  SDIIS (wt  1.000): -0.0000  0.0000  0.0000  0.0000  0.0003  0.0006  0.0040  0.0171  0.2694  0.7085
  DIIS coefficients: -0.0000  0.0000  0.0000  0.0000  0.0003  0.0006  0.0040  0.0171  0.2694  0.7085
 SCF Error: norm([F,P])=      0.000000405777, max([F,P])=      0.000000081093
 orbitals (Q,E):
 ---------------
 AA :6...25          ( 2.00    -0.9219)  ( 2.00    -0.8606)  ( 2.00    -0.5880)  ( 2.00    -0.4824)
                     ( 2.00    -0.4762)  ( 2.00    -0.4127)  ( 2.00    -0.3624)  ( 2.00    -0.3534)
                     ( 2.00    -0.3111)  ( 2.00    -0.2520)  ( 0.00    -0.1449)  ( 0.00    -0.0012)
                     ( 0.00     0.0160)  ( 0.00     0.0347)  ( 0.00     0.0907)  ( 0.00     0.1299)
                     ( 0.00     0.1528)  ( 0.00     0.1795)  ( 0.00     0.2040)  ( 0.00     0.2135)
 AAA :1...16         ( 2.00    -1.5841)  ( 2.00    -1.5830)  ( 2.00    -0.3718)  ( 2.00    -0.3036)
                     ( 2.00    -0.3018)  ( 2.00    -0.2704)  ( 0.00    -0.1118)  ( 0.00     0.0926)
                     ( 0.00     0.2784)  ( 0.00     0.3000)  ( 0.00     0.4338)  ( 0.00     0.4427)
                     ( 0.00     0.4807)  ( 0.00     0.5223)  ( 0.00     0.5580)  ( 0.00     0.6875)
 cosmo_calcen: 0.5 (esolb+esolc) (Hartrees) =   -0.024849

 Solvation energy (screening term,uncorrected) =    -15.593294 kcal/mol

 Solvation energy (dispersion and cavitation terms) =      0.725892 kcal/mol
 Solvation Energy Contributions (Hartrees)
          esola   esolb+esolc
     0.02484949   -0.04969899
 esol last cycle   -0.02484949


 Fit test: (difference of exact and fit density, squared integrated, result summed over spins)
         SCF:                                          0.00002951256120

 Gross Charges per Atom (Z minus electrons)
 ==========================================
             1.7737   -0.7017   -0.6658   -0.6583   -0.7976    0.3492    0.3434    0.3571
 Net Total:  0.00000000



 =================================================================
 M U L T I P O L E   D E R I V E D   C H A R G E   A N A L Y S I S
 =================================================================

 See: M. Swart, P.Th. van Duijnen, J.G. Snijders, J.Comput.Chem., (2001), p. 79-88.

 --------------------------------------- 
 Multipole derived atomic charges (a.u.)
 --------------------------------------- 

        Atom    Level:     MDC-m        MDC-d        MDC-q
 ---------------------------------------------------------
     1     As           2.219126     1.647466     1.233955
     2     O           -0.575593    -0.640665    -0.694579
     3     O           -0.567982    -0.731656    -0.683538
     4     O           -0.530348    -0.605737    -0.746458
     5     O           -0.888391    -0.751777    -0.613501
     6     H            0.097128     0.325599     0.420834
     7     H            0.122594     0.418001     0.530893
     8     H            0.123466     0.338769     0.552394
 *** Using NEW gradient routines ***


 Geometry CYCLE 14
 ==============

 Energy gradients wrt nuclear displacements
 ==========================================

     Atom      Cartesian (a.u./angstrom)
                 X         Y         Z
 ----------------------------------------
     1 As   -0.014204 -0.004057  0.000000
     2 O    -0.008871  0.009370  0.000000
     3 O     0.007403 -0.001913  0.000000
     4 O    -0.013884 -0.017638  0.000000
     5 O     0.017032  0.017271  0.000000
     6 H     0.014950 -0.021367  0.000000
     7 H    -0.015557  0.010343  0.000000
     8 H     0.013130  0.007992  0.000000
 ----------------------------------------

 dE(predicted):    -0.12494E-02, dE(actual):    -0.16168E-02, Trust radius:    2.262742, all in a.u.
 
----------------------------------------------------------------------
Geometry Convergence after Step  14       (Hartree/Angstrom,Angstrom)
----------------------------------------------------------------------
current energy                               -1.48285210 Hartree
energy change                      -0.00161680     0.00100000    F
constrained gradient max            0.02136725     0.00100000    F
constrained gradient rms            0.01080257     0.00066667    F
gradient max                        0.02136725
gradient rms                        0.01080257
cart. step max                      0.01405486     0.01000000    F
cart. step rms                      0.00514830     0.00666667    T
 


 Coordinates (Cartesian)
 =======================

     Atom                    bohr                                 angstrom                 Geometric Variables
                   X           Y           Z              X           Y           Z       (0:frozen, *:LT par.)
 --------------------------------------------------------------------------------------------------------------
     1 As      6.505136   -0.863238    0.000000       3.442370   -0.456806    0.000000      1       2       3
     2 O       9.319086    1.186834    0.000000       4.931448    0.628046    0.000000      4       5       6
     3 O       3.470151   -2.437381    0.000000       1.836325   -1.289806    0.000000      7       8       9
     4 O       4.717130    2.023732    0.000000       2.496198    1.070913    0.000000     10      11      12
     5 O       8.297527   -3.441488    0.000000       4.390862   -1.821157    0.000000     13      14      15
     6 H      10.653285   -0.127438    0.000000       5.637476   -0.067437    0.000000     16      17      18
     7 H       2.135337   -1.140069    0.000000       1.129972   -0.603299    0.000000     19      20      21
     8 H       5.988824    3.391390    0.000000       3.169149    1.794647    0.000000     22      23      24
 --------------------------------------------------------------------------------------------------------------

 Number of elements of the density matrix on this node (used, total):      1035      9730



 ===========================================
 Numerical Integration : Fuzzy Cells (Becke)
 ===========================================
  
 Becke grid quality: GOOD           
  
 Lebedev angular grid order:             min:  11 max:  35
 Nr. of radial points:                   min:  54 max:  80

 Total nr. of points:     113186
 Nr. of blocks:              886
 Block length:               128
 Nr. of dummy points:        222


 Test of Precision of the Numerical Integration Grid
 ===================================================

 Integral of the Total Core Density:                  25.99996917801196
 Relative Error:                                      -1.185E-06


 -------------------------------------------
  COSMO surface
  Area             =          387.465
  Volume           =          612.979
  Number of Points =          994
 -------------------------------------------



 ========================
 Density Fitting (zlmFit)
 ========================
  
 ZlmFit Fit Quality: GOOD           
  
 Max L-expansion:                        min:   7 max:   9
 Nr. of radial interpolation points:     min:  72 max: 132



 =====
 S C F  ***  ScaSCF  ***
 =====
  
 Initial density matrix is taken from previous geometry

 CYCLE    1
 SCF Error: norm([F,P])=      0.085166312229, max([F,P])=      0.024811046060
 orbitals (Q,E):
 ---------------
 AA :6...25          ( 2.00    -0.9377)  ( 2.00    -0.8484)  ( 2.00    -0.6037)  ( 2.00    -0.5040)
                     ( 2.00    -0.4889)  ( 2.00    -0.4142)  ( 2.00    -0.3781)  ( 2.00    -0.3565)
                     ( 2.00    -0.3079)  ( 2.00    -0.2310)  ( 0.00    -0.1532)  ( 0.00    -0.0232)
                     ( 0.00     0.0006)  ( 0.00     0.0200)  ( 0.00     0.0940)  ( 0.00     0.1225)
                     ( 0.00     0.1379)  ( 0.00     0.1715)  ( 0.00     0.1858)  ( 0.00     0.2042)
 AAA :1...16         ( 2.00    -1.5975)  ( 2.00    -1.5964)  ( 2.00    -0.3902)  ( 2.00    -0.3185)
                     ( 2.00    -0.3097)  ( 2.00    -0.2602)  ( 0.00    -0.1219)  ( 0.00     0.0788)
                     ( 0.00     0.2645)  ( 0.00     0.2870)  ( 0.00     0.4179)  ( 0.00     0.4308)
                     ( 0.00     0.4703)  ( 0.00     0.5312)  ( 0.00     0.5567)  ( 0.00     0.6816)

 CYCLE    2
  SDIIS (wt  0.000):  0.8234  0.1766
 A-DIIS (wt  1.000):  0.9956  0.0044
  DIIS coefficients:  0.9956  0.0044
 SCF Error: norm([F,P])=      0.305469620905, max([F,P])=      0.097489806862
 orbitals (Q,E):
 ---------------
 AA :6...16          ( 2.00    -0.9376)  ( 2.00    -0.8488)  ( 2.00    -0.6036)  ( 2.00    -0.5038)
                     ( 2.00    -0.4888)  ( 2.00    -0.4142)  ( 2.00    -0.3779)  ( 2.00    -0.3565)
                     ( 2.00    -0.3081)  ( 2.00    -0.2314)  ( 0.00    -0.1532)
 AAA :1...7          ( 2.00    -1.5972)  ( 2.00    -1.5961)  ( 2.00    -0.3901)  ( 2.00    -0.3184)
                     ( 2.00    -0.3097)  ( 2.00    -0.2605)  ( 0.00    -0.1219)

 CYCLE    3
  SDIIS (wt  0.000):  0.7767 -2.0000  2.2233
 A-DIIS (wt  1.000):  0.9954  0.0000  0.0046
  DIIS coefficients:  0.9954  0.0000  0.0046
 SCF Error: norm([F,P])=      0.297534304171, max([F,P])=      0.095035461463
 orbitals (Q,E):
 ---------------
 AA :6...16          ( 2.00    -0.9376)  ( 2.00    -0.8488)  ( 2.00    -0.6036)  ( 2.00    -0.5038)
                     ( 2.00    -0.4888)  ( 2.00    -0.4142)  ( 2.00    -0.3779)  ( 2.00    -0.3565)
                     ( 2.00    -0.3081)  ( 2.00    -0.2314)  ( 0.00    -0.1532)
 AAA :1...7          ( 2.00    -1.5972)  ( 2.00    -1.5961)  ( 2.00    -0.3901)  ( 2.00    -0.3184)
                     ( 2.00    -0.3097)  ( 2.00    -0.2605)  ( 0.00    -0.1219)

 CYCLE    4
  SDIIS (wt  0.050): -2.0000  3.0000
 A-DIIS (wt  0.950):  0.0000  1.0000
  DIIS coefficients: -0.1004  1.1004
 SCF Error: norm([F,P])=      0.297523524933, max([F,P])=      0.095029104322
 orbitals (Q,E):
 ---------------
 AA :6...16          ( 2.00    -0.9182)  ( 2.00    -0.8819)  ( 2.00    -0.5845)  ( 2.00    -0.4756)
                     ( 2.00    -0.4626)  ( 2.00    -0.4412)  ( 2.00    -0.3793)  ( 2.00    -0.3429)
                     ( 2.00    -0.3242)  ( 2.00    -0.2977)  ( 0.00    -0.1402)
 AAA :1...7          ( 2.00    -1.5381)  ( 2.00    -1.5374)  ( 2.00    -0.3957)  ( 2.00    -0.3275)
                     ( 2.00    -0.2935)  ( 2.00    -0.2658)  ( 0.00    -0.1063)

 CYCLE    5
  SDIIS (wt  0.000): -2.0000  2.7963  0.2037
 A-DIIS (wt  1.000):  0.0000  0.8182  0.1818
  DIIS coefficients:  0.0000  0.8182  0.1818
 SCF Error: norm([F,P])=      1.003620838340, max([F,P])=      0.320181687799
 orbitals (Q,E):
 ---------------
 AA :6...16          ( 2.00    -0.9205)  ( 2.00    -0.8762)  ( 2.00    -0.5831)  ( 2.00    -0.4790)
                     ( 2.00    -0.4736)  ( 2.00    -0.4195)  ( 2.00    -0.3630)  ( 2.00    -0.3500)
                     ( 2.00    -0.3140)  ( 2.00    -0.2711)  ( 0.00    -0.1398)
 AAA :1...7          ( 2.00    -1.5622)  ( 2.00    -1.5614)  ( 2.00    -0.3703)  ( 2.00    -0.3052)
                     ( 2.00    -0.3019)  ( 2.00    -0.2786)  ( 0.00    -0.1071)

 CYCLE    6
  SDIIS (wt  0.090): -2.0000  2.4509 -0.0637  0.6128
 A-DIIS (wt  0.910): -0.0000  0.4328  0.0000  0.5672
  DIIS coefficients: -0.1809  0.6153 -0.0058  0.5714
 SCF Error: norm([F,P])=      0.290825683279, max([F,P])=      0.091044320811
 orbitals (Q,E):
 ---------------
 AA :6...16          ( 2.00    -0.9226)  ( 2.00    -0.8565)  ( 2.00    -0.5885)  ( 2.00    -0.4837)
                     ( 2.00    -0.4763)  ( 2.00    -0.4096)  ( 2.00    -0.3614)  ( 2.00    -0.3516)
                     ( 2.00    -0.3078)  ( 2.00    -0.2461)  ( 0.00    -0.1413)
 AAA :1...7          ( 2.00    -1.5883)  ( 2.00    -1.5873)  ( 2.00    -0.3725)  ( 2.00    -0.3040)
                     ( 2.00    -0.2990)  ( 2.00    -0.2658)  ( 0.00    -0.1091)

 CYCLE    7
  SDIIS (wt  0.765): -2.0000  2.2076 -0.0514  0.4355  0.4084
 A-DIIS (wt  0.235):  0.0000  0.0000  0.0000  0.1300  0.8700
  DIIS coefficients: -1.5299  1.6887 -0.0393  0.3637  0.5169
 SCF Error: norm([F,P])=      0.101682258387, max([F,P])=      0.024269169130
 orbitals (Q,E):
 ---------------
 AA :6...16          ( 2.00    -0.9238)  ( 2.00    -0.8643)  ( 2.00    -0.5891)  ( 2.00    -0.4823)
                     ( 2.00    -0.4804)  ( 2.00    -0.4154)  ( 2.00    -0.3618)  ( 2.00    -0.3532)
                     ( 2.00    -0.3123)  ( 2.00    -0.2545)  ( 0.00    -0.1431)
 AAA :1...7          ( 2.00    -1.5838)  ( 2.00    -1.5827)  ( 2.00    -0.3730)  ( 2.00    -0.3049)
                     ( 2.00    -0.3017)  ( 2.00    -0.2731)  ( 0.00    -0.1109)

 CYCLE    8
  SDIIS (wt  0.881): -1.3428  1.4304 -0.0150  0.1784  0.3876  0.3614
 A-DIIS (wt  0.119):  0.0000  0.0000  0.0000  0.0000  0.2978  0.7022
  DIIS coefficients: -1.1828  1.2600 -0.0132  0.1571  0.3769  0.4020
 SCF Error: norm([F,P])=      0.054274946792, max([F,P])=      0.012798108221
 orbitals (Q,E):
 ---------------
 AA :6...16          ( 2.00    -0.9251)  ( 2.00    -0.8620)  ( 2.00    -0.5894)  ( 2.00    -0.4844)
                     ( 2.00    -0.4791)  ( 2.00    -0.4135)  ( 2.00    -0.3629)  ( 2.00    -0.3539)
                     ( 2.00    -0.3116)  ( 2.00    -0.2523)  ( 0.00    -0.1429)
 AAA :1...7          ( 2.00    -1.5826)  ( 2.00    -1.5815)  ( 2.00    -0.3734)  ( 2.00    -0.3048)
                     ( 2.00    -0.3029)  ( 2.00    -0.2710)  ( 0.00    -0.1103)

 CYCLE    9
  SDIIS (wt  0.959): -0.3809  0.3866  0.0051 -0.0034  0.1710  0.3388  0.4828
 A-DIIS (wt  0.041):  0.0000  0.0000  0.0000  0.0000  0.0000  0.1070  0.8930
  DIIS coefficients: -0.3654  0.3708  0.0049 -0.0032  0.1640  0.3294  0.4996
 SCF Error: norm([F,P])=      0.017157474646, max([F,P])=      0.005034583819
 orbitals (Q,E):
 ---------------
 AA :6...16          ( 2.00    -0.9241)  ( 2.00    -0.8615)  ( 2.00    -0.5889)  ( 2.00    -0.4834)
                     ( 2.00    -0.4789)  ( 2.00    -0.4133)  ( 2.00    -0.3619)  ( 2.00    -0.3533)
                     ( 2.00    -0.3110)  ( 2.00    -0.2518)  ( 0.00    -0.1424)
 AAA :1...7          ( 2.00    -1.5833)  ( 2.00    -1.5822)  ( 2.00    -0.3728)  ( 2.00    -0.3037)
                     ( 2.00    -0.3025)  ( 2.00    -0.2706)  ( 0.00    -0.1101)

 CYCLE   10
  SDIIS (wt  0.998): -0.5065  0.5108  0.0037 -0.0117  0.0726  0.1642  0.2712  0.4956
 A-DIIS (wt  0.002):  0.0000  0.0000  0.0000  0.0000  0.0000  0.0000  0.0000  1.0000
  DIIS coefficients: -0.5055  0.5097  0.0037 -0.0116  0.0725  0.1639  0.2707  0.4966
 SCF Error: norm([F,P])=      0.004093091928, max([F,P])=      0.001197801891
 orbitals (Q,E):
 ---------------
 AA :6...16          ( 2.00    -0.9243)  ( 2.00    -0.8619)  ( 2.00    -0.5890)  ( 2.00    -0.4835)
                     ( 2.00    -0.4790)  ( 2.00    -0.4135)  ( 2.00    -0.3622)  ( 2.00    -0.3533)
                     ( 2.00    -0.3112)  ( 2.00    -0.2521)  ( 0.00    -0.1426)
 AAA :1...7          ( 2.00    -1.5836)  ( 2.00    -1.5825)  ( 2.00    -0.3730)  ( 2.00    -0.3038)
                     ( 2.00    -0.3026)  ( 2.00    -0.2708)  ( 0.00    -0.1102)

 CYCLE   11
  SDIIS (wt  1.000): -0.2412 -2.0000  2.2425  0.0026 -0.0075  0.0292  0.0684  0.1169  0.3529  0.4363
  DIIS coefficients: -0.2412 -2.0000  2.2425  0.0026 -0.0075  0.0292  0.0684  0.1169  0.3529  0.4363
 SCF Error: norm([F,P])=      0.001562472477, max([F,P])=      0.000319837517
 orbitals (Q,E):
 ---------------
 AA :6...16          ( 2.00    -0.9243)  ( 2.00    -0.8619)  ( 2.00    -0.5891)  ( 2.00    -0.4835)
                     ( 2.00    -0.4790)  ( 2.00    -0.4135)  ( 2.00    -0.3621)  ( 2.00    -0.3534)
                     ( 2.00    -0.3112)  ( 2.00    -0.2522)  ( 0.00    -0.1426)
 AAA :1...7          ( 2.00    -1.5836)  ( 2.00    -1.5825)  ( 2.00    -0.3730)  ( 2.00    -0.3038)
                     ( 2.00    -0.3026)  ( 2.00    -0.2708)  ( 0.00    -0.1103)

 CYCLE   12
  SDIIS (wt  1.000):  1.9985 -2.0000  0.0010 -0.0029  0.0021  0.0073  0.0149  0.0893  0.2574  0.6324
  DIIS coefficients:  1.9985 -2.0000  0.0010 -0.0029  0.0021  0.0073  0.0149  0.0893  0.2574  0.6324
 SCF Error: norm([F,P])=      0.000463739488, max([F,P])=      0.000111346802
 orbitals (Q,E):
 ---------------
 AA :6...16          ( 2.00    -0.9243)  ( 2.00    -0.8619)  ( 2.00    -0.5890)  ( 2.00    -0.4835)
                     ( 2.00    -0.4790)  ( 2.00    -0.4135)  ( 2.00    -0.3621)  ( 2.00    -0.3533)
                     ( 2.00    -0.3112)  ( 2.00    -0.2522)  ( 0.00    -0.1426)
 AAA :1...7          ( 2.00    -1.5836)  ( 2.00    -1.5825)  ( 2.00    -0.3730)  ( 2.00    -0.3038)
                     ( 2.00    -0.3026)  ( 2.00    -0.2708)  ( 0.00    -0.1103)

 CYCLE   13
  SDIIS (wt  1.000): -0.0001  0.0000  0.0006 -0.0006 -0.0008  0.0010  0.0186  0.0733  0.3553  0.5527
  DIIS coefficients: -0.0001  0.0000  0.0006 -0.0006 -0.0008  0.0010  0.0186  0.0733  0.3553  0.5527
 SCF Error: norm([F,P])=      0.000275230081, max([F,P])=      0.000066837288
 orbitals (Q,E):
 ---------------
 AA :6...16          ( 2.00    -0.9243)  ( 2.00    -0.8619)  ( 2.00    -0.5890)  ( 2.00    -0.4835)
                     ( 2.00    -0.4790)  ( 2.00    -0.4135)  ( 2.00    -0.3621)  ( 2.00    -0.3534)
                     ( 2.00    -0.3112)  ( 2.00    -0.2522)  ( 0.00    -0.1426)
 AAA :1...7          ( 2.00    -1.5836)  ( 2.00    -1.5825)  ( 2.00    -0.3730)  ( 2.00    -0.3038)
                     ( 2.00    -0.3026)  ( 2.00    -0.2708)  ( 0.00    -0.1103)

 CYCLE   14
  SDIIS (wt  1.000): -0.0000  0.0003 -0.0001 -0.0002  0.0003  0.0020  0.0199  0.0881  0.1693  0.7204
  DIIS coefficients: -0.0000  0.0003 -0.0001 -0.0002  0.0003  0.0020  0.0199  0.0881  0.1693  0.7204
 SCF Error: norm([F,P])=      0.000020297517, max([F,P])=      0.000004460260
 orbitals (Q,E):
 ---------------
 AA :6...16          ( 2.00    -0.9243)  ( 2.00    -0.8619)  ( 2.00    -0.5890)  ( 2.00    -0.4835)
                     ( 2.00    -0.4790)  ( 2.00    -0.4135)  ( 2.00    -0.3621)  ( 2.00    -0.3534)
                     ( 2.00    -0.3112)  ( 2.00    -0.2522)  ( 0.00    -0.1426)
 AAA :1...7          ( 2.00    -1.5836)  ( 2.00    -1.5825)  ( 2.00    -0.3730)  ( 2.00    -0.3038)
                     ( 2.00    -0.3026)  ( 2.00    -0.2708)  ( 0.00    -0.1103)

 CYCLE   15
  SDIIS (wt  1.000):  0.0000 -0.0000 -0.0000  0.0000 -0.0003  0.0028  0.0083  0.0224  0.1667  0.8000
  DIIS coefficients:  0.0000 -0.0000 -0.0000  0.0000 -0.0003  0.0028  0.0083  0.0224  0.1667  0.8000
 SCF Error: norm([F,P])=      0.000003656566, max([F,P])=      0.000000880999
 orbitals (Q,E):
 ---------------
 AA :6...16          ( 2.00    -0.9243)  ( 2.00    -0.8619)  ( 2.00    -0.5890)  ( 2.00    -0.4835)
                     ( 2.00    -0.4790)  ( 2.00    -0.4135)  ( 2.00    -0.3621)  ( 2.00    -0.3534)
                     ( 2.00    -0.3112)  ( 2.00    -0.2522)  ( 0.00    -0.1426)
 AAA :1...7          ( 2.00    -1.5836)  ( 2.00    -1.5825)  ( 2.00    -0.3730)  ( 2.00    -0.3038)
                     ( 2.00    -0.3026)  ( 2.00    -0.2708)  ( 0.00    -0.1103)

 SCF CONVERGED
 cosmo_calcen: 0.5 (esolb+esolc) (Hartrees) =   -0.024911

 Solvation energy (screening term,uncorrected) =    -15.632156 kcal/mol

 Solvation energy (dispersion and cavitation terms) =      0.724529 kcal/mol
 Solvation Energy Contributions (Hartrees)
          esola   esolb+esolc
     0.02491142   -0.04982285
 esol last cycle   -0.02491142

 CYCLE   16
 *** Using FIT density in Focky
  SDIIS (wt  1.000): -0.0000 -0.0000 -0.0000 -0.0002  0.0001 -0.0001  0.0010  0.0255  0.2119  0.7618
  DIIS coefficients: -0.0000 -0.0000 -0.0000 -0.0002  0.0001 -0.0001  0.0010  0.0255  0.2119  0.7618
 SCF Error: norm([F,P])=      0.000000506433, max([F,P])=      0.000000084629
 orbitals (Q,E):
 ---------------
 AA :6...25          ( 2.00    -0.9243)  ( 2.00    -0.8619)  ( 2.00    -0.5890)  ( 2.00    -0.4835)
                     ( 2.00    -0.4790)  ( 2.00    -0.4135)  ( 2.00    -0.3621)  ( 2.00    -0.3534)
                     ( 2.00    -0.3112)  ( 2.00    -0.2522)  ( 0.00    -0.1426)  ( 0.00     0.0005)
                     ( 0.00     0.0174)  ( 0.00     0.0359)  ( 0.00     0.0922)  ( 0.00     0.1327)
                     ( 0.00     0.1557)  ( 0.00     0.1829)  ( 0.00     0.2050)  ( 0.00     0.2165)
 AAA :1...16         ( 2.00    -1.5836)  ( 2.00    -1.5825)  ( 2.00    -0.3730)  ( 2.00    -0.3038)
                     ( 2.00    -0.3026)  ( 2.00    -0.2708)  ( 0.00    -0.1103)  ( 0.00     0.0924)
                     ( 0.00     0.2799)  ( 0.00     0.3015)  ( 0.00     0.4346)  ( 0.00     0.4438)
                     ( 0.00     0.4825)  ( 0.00     0.5237)  ( 0.00     0.5577)  ( 0.00     0.6908)
 cosmo_calcen: 0.5 (esolb+esolc) (Hartrees) =   -0.024911

 Solvation energy (screening term,uncorrected) =    -15.632152 kcal/mol

 Solvation energy (dispersion and cavitation terms) =      0.724529 kcal/mol
 Solvation Energy Contributions (Hartrees)
          esola   esolb+esolc
     0.02491142   -0.04982283
 esol last cycle   -0.02491142


 Fit test: (difference of exact and fit density, squared integrated, result summed over spins)
         SCF:                                          0.00003008156602

 Gross Charges per Atom (Z minus electrons)
 ==========================================
             1.7839   -0.7034   -0.6688   -0.6608   -0.8023    0.3504    0.3438    0.3572
 Net Total:  0.00000000



 =================================================================
 M U L T I P O L E   D E R I V E D   C H A R G E   A N A L Y S I S
 =================================================================

 See: M. Swart, P.Th. van Duijnen, J.G. Snijders, J.Comput.Chem., (2001), p. 79-88.

 --------------------------------------- 
 Multipole derived atomic charges (a.u.)
 --------------------------------------- 

        Atom    Level:     MDC-m        MDC-d        MDC-q
 ---------------------------------------------------------
     1     As           2.227374     1.655751     1.243467
     2     O           -0.572090    -0.641538    -0.690885
     3     O           -0.566542    -0.735029    -0.688729
     4     O           -0.529635    -0.609920    -0.750651
     5     O           -0.891869    -0.755016    -0.616704
     6     H            0.093838     0.326519     0.419276
     7     H            0.117526     0.417525     0.530963
     8     H            0.121398     0.341708     0.553263
 *** Using NEW gradient routines ***


 Geometry CYCLE 15
 ==============

 Energy gradients wrt nuclear displacements
 ==========================================

     Atom      Cartesian (a.u./angstrom)
                 X         Y         Z
 ----------------------------------------
     1 As   -0.008579 -0.004105  0.000000
     2 O    -0.003238 -0.003142  0.000000
     3 O     0.000477  0.007831  0.000000
     4 O    -0.003671 -0.013610  0.000000
     5 O     0.010336  0.022201  0.000000
     6 H     0.003329 -0.010678  0.000000
     7 H    -0.004646  0.000480  0.000000
     8 H     0.005993  0.001024  0.000000
 ----------------------------------------

 dE(predicted):    -0.47303E-03, dE(actual):    -0.64772E-03, Trust radius:    2.262742, all in a.u.
 
----------------------------------------------------------------------
Geometry Convergence after Step  15       (Hartree/Angstrom,Angstrom)
----------------------------------------------------------------------
current energy                               -1.48349982 Hartree
energy change                      -0.00064772     0.00100000    T
constrained gradient max            0.02220061     0.00100000    F
constrained gradient rms            0.00693619     0.00066667    F
gradient max                        0.02220061
gradient rms                        0.00693619
cart. step max                      0.01160466     0.01000000    F
cart. step rms                      0.00445879     0.00666667    T
 


 Coordinates (Cartesian)
 =======================

     Atom                    bohr                                 angstrom                 Geometric Variables
                   X           Y           Z              X           Y           Z       (0:frozen, *:LT par.)
 --------------------------------------------------------------------------------------------------------------
     1 As      6.513464   -0.863525    0.000000       3.446777   -0.456958    0.000000      1       2       3
     2 O       9.320791    1.182060    0.000000       4.932350    0.625519    0.000000      4       5       6
     3 O       3.472185   -2.436212    0.000000       1.837401   -1.289188    0.000000      7       8       9
     4 O       4.726909    2.029370    0.000000       2.501373    1.073896    0.000000     10      11      12
     5 O       8.275597   -3.461265    0.000000       4.379258   -1.831622    0.000000     13      14      15
     6 H      10.653978   -0.108059    0.000000       5.637842   -0.057182    0.000000     16      17      18
     7 H       2.142676   -1.148155    0.000000       1.133855   -0.607578    0.000000     19      20      21
     8 H       5.980878    3.398129    0.000000       3.164944    1.798212    0.000000     22      23      24
 --------------------------------------------------------------------------------------------------------------

 Number of elements of the density matrix on this node (used, total):      1035      9730



 ===========================================
 Numerical Integration : Fuzzy Cells (Becke)
 ===========================================
  
 Becke grid quality: GOOD           
  
 Lebedev angular grid order:             min:  11 max:  35
 Nr. of radial points:                   min:  54 max:  80

 Total nr. of points:     113186
 Nr. of blocks:              886
 Block length:               128
 Nr. of dummy points:        222


 Test of Precision of the Numerical Integration Grid
 ===================================================

 Integral of the Total Core Density:                  25.99997204655909
 Relative Error:                                      -1.075E-06


 -------------------------------------------
  COSMO surface
  Area             =          387.343
  Volume           =          612.651
  Number of Points =          998
 -------------------------------------------



 ========================
 Density Fitting (zlmFit)
 ========================
  
 ZlmFit Fit Quality: GOOD           
  
 Max L-expansion:                        min:   7 max:   9
 Nr. of radial interpolation points:     min:  72 max: 132



 =====
 S C F  ***  ScaSCF  ***
 =====
  
 Initial density matrix is taken from previous geometry

 CYCLE    1
 SCF Error: norm([F,P])=      0.087299848424, max([F,P])=      0.026231131688
 orbitals (Q,E):
 ---------------
 AA :6...25          ( 2.00    -0.9405)  ( 2.00    -0.8500)  ( 2.00    -0.6067)  ( 2.00    -0.5061)
                     ( 2.00    -0.4912)  ( 2.00    -0.4164)  ( 2.00    -0.3788)  ( 2.00    -0.3571)
                     ( 2.00    -0.3088)  ( 2.00    -0.2317)  ( 0.00    -0.1549)  ( 0.00    -0.0232)
                     ( 0.00     0.0006)  ( 0.00     0.0191)  ( 0.00     0.0937)  ( 0.00     0.1211)
                     ( 0.00     0.1385)  ( 0.00     0.1702)  ( 0.00     0.1854)  ( 0.00     0.2051)
 AAA :1...16         ( 2.00    -1.6010)  ( 2.00    -1.5999)  ( 2.00    -0.3918)  ( 2.00    -0.3200)
                     ( 2.00    -0.3111)  ( 2.00    -0.2613)  ( 0.00    -0.1237)  ( 0.00     0.0775)
                     ( 0.00     0.2629)  ( 0.00     0.2853)  ( 0.00     0.4172)  ( 0.00     0.4299)
                     ( 0.00     0.4698)  ( 0.00     0.5317)  ( 0.00     0.5553)  ( 0.00     0.6823)

 CYCLE    2
  SDIIS (wt  0.000):  0.8282  0.1718
 A-DIIS (wt  1.000):  0.9586  0.0414
  DIIS coefficients:  0.9586  0.0414
 SCF Error: norm([F,P])=      0.325455060142, max([F,P])=      0.104371742520
 orbitals (Q,E):
 ---------------
 AA :6...16          ( 2.00    -0.9395)  ( 2.00    -0.8536)  ( 2.00    -0.6054)  ( 2.00    -0.5042)
                     ( 2.00    -0.4904)  ( 2.00    -0.4164)  ( 2.00    -0.3773)  ( 2.00    -0.3571)
                     ( 2.00    -0.3103)  ( 2.00    -0.2361)  ( 0.00    -0.1546)
 AAA :1...7          ( 2.00    -1.5981)  ( 2.00    -1.5970)  ( 2.00    -0.3902)  ( 2.00    -0.3187)
                     ( 2.00    -0.3105)  ( 2.00    -0.2641)  ( 0.00    -0.1237)

 CYCLE    3
  SDIIS (wt  0.000):  0.5414 -1.0526  1.5112
 A-DIIS (wt  1.000):  0.9450  0.0000  0.0550
  DIIS coefficients:  0.9450  0.0000  0.0550
 SCF Error: norm([F,P])=      0.248630051918, max([F,P])=      0.080441455318
 orbitals (Q,E):
 ---------------
 AA :6...16          ( 2.00    -0.9393)  ( 2.00    -0.8538)  ( 2.00    -0.6050)  ( 2.00    -0.5038)
                     ( 2.00    -0.4904)  ( 2.00    -0.4164)  ( 2.00    -0.3769)  ( 2.00    -0.3572)
                     ( 2.00    -0.3104)  ( 2.00    -0.2364)  ( 0.00    -0.1544)
 AAA :1...7          ( 2.00    -1.5977)  ( 2.00    -1.5966)  ( 2.00    -0.3899)  ( 2.00    -0.3184)
                     ( 2.00    -0.3105)  ( 2.00    -0.2642)  ( 0.00    -0.1235)

 CYCLE    4
  SDIIS (wt  0.215): -2.0000  0.0000  3.0000
 A-DIIS (wt  0.785):  0.0000  0.0000  1.0000
  DIIS coefficients: -0.4304  0.0000  1.4304
 SCF Error: norm([F,P])=      0.243181906311, max([F,P])=      0.078696480470
 orbitals (Q,E):
 ---------------
 AA :6...16          ( 2.00    -0.9249)  ( 2.00    -0.8878)  ( 2.00    -0.5839)  ( 2.00    -0.4784)
                     ( 2.00    -0.4671)  ( 2.00    -0.4326)  ( 2.00    -0.3685)  ( 2.00    -0.3468)
                     ( 2.00    -0.3183)  ( 2.00    -0.2953)  ( 0.00    -0.1405)
 AAA :1...7          ( 2.00    -1.5462)  ( 2.00    -1.5456)  ( 2.00    -0.3788)  ( 2.00    -0.3206)
                     ( 2.00    -0.2992)  ( 2.00    -0.2742)  ( 0.00    -0.1070)

 CYCLE    5
  SDIIS (wt  0.000): -1.4561 -0.6517  3.0000  0.1078
 A-DIIS (wt  1.000):  0.0000  0.0000  0.7794  0.2206
  DIIS coefficients:  0.0000  0.0000  0.7794  0.2206
 SCF Error: norm([F,P])=      0.719729613656, max([F,P])=      0.230407730254
 orbitals (Q,E):
 ---------------
 AA :6...16          ( 2.00    -0.9220)  ( 2.00    -0.8703)  ( 2.00    -0.5850)  ( 2.00    -0.4802)
                     ( 2.00    -0.4775)  ( 2.00    -0.4167)  ( 2.00    -0.3611)  ( 2.00    -0.3516)
                     ( 2.00    -0.3131)  ( 2.00    -0.2624)  ( 0.00    -0.1399)
 AAA :1...7          ( 2.00    -1.5679)  ( 2.00    -1.5670)  ( 2.00    -0.3700)  ( 2.00    -0.3040)
                     ( 2.00    -0.3013)  ( 2.00    -0.2768)  ( 0.00    -0.1071)

 CYCLE    6
  SDIIS (wt  0.514): -0.8908  3.0000 -1.6979 -0.1056  0.6944
 A-DIIS (wt  0.486):  0.0000  0.0000  0.2928  0.0000  0.7072
  DIIS coefficients: -0.4575  1.5405 -0.7295 -0.0542  0.7006
 SCF Error: norm([F,P])=      0.166213706984, max([F,P])=      0.049162838919
 orbitals (Q,E):
 ---------------
 AA :6...16          ( 2.00    -0.9243)  ( 2.00    -0.8592)  ( 2.00    -0.5902)  ( 2.00    -0.4835)
                     ( 2.00    -0.4788)  ( 2.00    -0.4112)  ( 2.00    -0.3605)  ( 2.00    -0.3520)
                     ( 2.00    -0.3089)  ( 2.00    -0.2484)  ( 0.00    -0.1423)
 AAA :1...7          ( 2.00    -1.5895)  ( 2.00    -1.5884)  ( 2.00    -0.3726)  ( 2.00    -0.3034)
                     ( 2.00    -0.3002)  ( 2.00    -0.2676)  ( 0.00    -0.1102)

 CYCLE    7
  SDIIS (wt  0.853): -0.2112  0.3427  0.0481 -0.0429  0.4749  0.3884
 A-DIIS (wt  0.147):  0.0000  0.0000  0.0000  0.0000  0.1815  0.8185
  DIIS coefficients: -0.1802  0.2924  0.0410 -0.0366  0.4318  0.4515
 SCF Error: norm([F,P])=      0.074264524579, max([F,P])=      0.015532672194
 orbitals (Q,E):
 ---------------
 AA :6...16          ( 2.00    -0.9255)  ( 2.00    -0.8639)  ( 2.00    -0.5902)  ( 2.00    -0.4835)
                     ( 2.00    -0.4813)  ( 2.00    -0.4153)  ( 2.00    -0.3616)  ( 2.00    -0.3532)
                     ( 2.00    -0.3121)  ( 2.00    -0.2537)  ( 0.00    -0.1431)
 AAA :1...7          ( 2.00    -1.5835)  ( 2.00    -1.5824)  ( 2.00    -0.3730)  ( 2.00    -0.3043)
                     ( 2.00    -0.3028)  ( 2.00    -0.2725)  ( 0.00    -0.1107)

 CYCLE    8
  SDIIS (wt  0.933): -0.0512 -0.9331  1.0556 -0.0046  0.1595  0.3395  0.4343
 A-DIIS (wt  0.067):  0.0000  0.0000  0.0000  0.0000  0.0000  0.1705  0.8295
  DIIS coefficients: -0.0478 -0.8709  0.9852 -0.0043  0.1489  0.3282  0.4607
 SCF Error: norm([F,P])=      0.028249566932, max([F,P])=      0.007602564815
 orbitals (Q,E):
 ---------------
 AA :6...16          ( 2.00    -0.9260)  ( 2.00    -0.8626)  ( 2.00    -0.5903)  ( 2.00    -0.4843)
                     ( 2.00    -0.4808)  ( 2.00    -0.4139)  ( 2.00    -0.3620)  ( 2.00    -0.3537)
                     ( 2.00    -0.3116)  ( 2.00    -0.2523)  ( 0.00    -0.1429)
 AAA :1...7          ( 2.00    -1.5828)  ( 2.00    -1.5817)  ( 2.00    -0.3731)  ( 2.00    -0.3043)
                     ( 2.00    -0.3031)  ( 2.00    -0.2712)  ( 0.00    -0.1103)

 CYCLE    9
  SDIIS (wt  0.972): -0.0136 -1.7661  1.8128  0.0106 -0.0180  0.1766  0.3843  0.4134
 A-DIIS (wt  0.028):  0.0000  0.0000  0.0000  0.0000  0.0000  0.0000  0.2176  0.7824
  DIIS coefficients: -0.0132 -1.7166  1.7620  0.0103 -0.0175  0.1717  0.3796  0.4237
 SCF Error: norm([F,P])=      0.013172733016, max([F,P])=      0.003774190317
 orbitals (Q,E):
 ---------------
 AA :6...16          ( 2.00    -0.9254)  ( 2.00    -0.8625)  ( 2.00    -0.5900)  ( 2.00    -0.4835)
                     ( 2.00    -0.4806)  ( 2.00    -0.4139)  ( 2.00    -0.3614)  ( 2.00    -0.3532)
                     ( 2.00    -0.3113)  ( 2.00    -0.2523)  ( 0.00    -0.1426)
 AAA :1...7          ( 2.00    -1.5833)  ( 2.00    -1.5823)  ( 2.00    -0.3727)  ( 2.00    -0.3035)
                     ( 2.00    -0.3028)  ( 2.00    -0.2711)  ( 0.00    -0.1102)

 CYCLE   10
  SDIIS (wt  1.000): -0.0098 -0.7904  0.8134  0.0063 -0.0176  0.0640  0.1493  0.1853  0.5995
  DIIS coefficients: -0.0098 -0.7904  0.8134  0.0063 -0.0176  0.0640  0.1493  0.1853  0.5995
 SCF Error: norm([F,P])=      0.002059488907, max([F,P])=      0.000602478828
 orbitals (Q,E):
 ---------------
 AA :6...16          ( 2.00    -0.9255)  ( 2.00    -0.8627)  ( 2.00    -0.5901)  ( 2.00    -0.4837)
                     ( 2.00    -0.4807)  ( 2.00    -0.4141)  ( 2.00    -0.3615)  ( 2.00    -0.3533)
                     ( 2.00    -0.3114)  ( 2.00    -0.2525)  ( 0.00    -0.1428)
 AAA :1...7          ( 2.00    -1.5837)  ( 2.00    -1.5826)  ( 2.00    -0.3729)  ( 2.00    -0.3036)
                     ( 2.00    -0.3030)  ( 2.00    -0.2713)  ( 0.00    -0.1103)

 CYCLE   11
  SDIIS (wt  1.000): -0.0065 -0.2770  0.2879  0.0025 -0.0088  0.0164  0.0400  0.0514  0.2826  0.6115
  DIIS coefficients: -0.0065 -0.2770  0.2879  0.0025 -0.0088  0.0164  0.0400  0.0514  0.2826  0.6115
 SCF Error: norm([F,P])=      0.000649716787, max([F,P])=      0.000123097091
 orbitals (Q,E):
 ---------------
 AA :6...16          ( 2.00    -0.9255)  ( 2.00    -0.8627)  ( 2.00    -0.5901)  ( 2.00    -0.4836)
                     ( 2.00    -0.4807)  ( 2.00    -0.4141)  ( 2.00    -0.3615)  ( 2.00    -0.3533)
                     ( 2.00    -0.3114)  ( 2.00    -0.2525)  ( 0.00    -0.1428)
 AAA :1...7          ( 2.00    -1.5836)  ( 2.00    -1.5825)  ( 2.00    -0.3729)  ( 2.00    -0.3036)
                     ( 2.00    -0.3029)  ( 2.00    -0.2713)  ( 0.00    -0.1103)

 CYCLE   12
  SDIIS (wt  1.000):  0.0363 -0.0371  0.0002  0.0003 -0.0010 -0.0005  0.0014  0.0366  0.1920  0.7720
  DIIS coefficients:  0.0363 -0.0371  0.0002  0.0003 -0.0010 -0.0005  0.0014  0.0366  0.1920  0.7720
 SCF Error: norm([F,P])=      0.000164702733, max([F,P])=      0.000039964484
 orbitals (Q,E):
 ---------------
 AA :6...16          ( 2.00    -0.9255)  ( 2.00    -0.8627)  ( 2.00    -0.5901)  ( 2.00    -0.4836)
                     ( 2.00    -0.4807)  ( 2.00    -0.4141)  ( 2.00    -0.3615)  ( 2.00    -0.3533)
                     ( 2.00    -0.3114)  ( 2.00    -0.2525)  ( 0.00    -0.1428)
 AAA :1...7          ( 2.00    -1.5836)  ( 2.00    -1.5825)  ( 2.00    -0.3729)  ( 2.00    -0.3036)
                     ( 2.00    -0.3029)  ( 2.00    -0.2713)  ( 0.00    -0.1103)

 CYCLE   13
  SDIIS (wt  1.000): -0.0001  0.0001 -0.0000  0.0005  0.0016  0.0020  0.0095  0.0388  0.1696  0.7780
  DIIS coefficients: -0.0001  0.0001 -0.0000  0.0005  0.0016  0.0020  0.0095  0.0388  0.1696  0.7780
 SCF Error: norm([F,P])=      0.000019058084, max([F,P])=      0.000004213478
 orbitals (Q,E):
 ---------------
 AA :6...16          ( 2.00    -0.9255)  ( 2.00    -0.8627)  ( 2.00    -0.5901)  ( 2.00    -0.4836)
                     ( 2.00    -0.4807)  ( 2.00    -0.4141)  ( 2.00    -0.3615)  ( 2.00    -0.3533)
                     ( 2.00    -0.3114)  ( 2.00    -0.2525)  ( 0.00    -0.1428)
 AAA :1...7          ( 2.00    -1.5836)  ( 2.00    -1.5825)  ( 2.00    -0.3729)  ( 2.00    -0.3036)
                     ( 2.00    -0.3029)  ( 2.00    -0.2713)  ( 0.00    -0.1103)

 CYCLE   14
  SDIIS (wt  1.000):  0.0000  0.0001 -0.0000 -0.0001 -0.0002 -0.0006  0.0060  0.0457  0.2851  0.6642
  DIIS coefficients:  0.0000  0.0001 -0.0000 -0.0001 -0.0002 -0.0006  0.0060  0.0457  0.2851  0.6642
 SCF Error: norm([F,P])=      0.000013351017, max([F,P])=      0.000002830896
 orbitals (Q,E):
 ---------------
 AA :6...16          ( 2.00    -0.9255)  ( 2.00    -0.8627)  ( 2.00    -0.5901)  ( 2.00    -0.4836)
                     ( 2.00    -0.4807)  ( 2.00    -0.4141)  ( 2.00    -0.3615)  ( 2.00    -0.3533)
                     ( 2.00    -0.3114)  ( 2.00    -0.2525)  ( 0.00    -0.1428)
 AAA :1...7          ( 2.00    -1.5836)  ( 2.00    -1.5825)  ( 2.00    -0.3729)  ( 2.00    -0.3036)
                     ( 2.00    -0.3029)  ( 2.00    -0.2713)  ( 0.00    -0.1103)

 CYCLE   15
  SDIIS (wt  1.000):  0.0000 -0.0000 -0.0000 -0.0001 -0.0005  0.0003  0.0062  0.0602  0.1740  0.7598
  DIIS coefficients:  0.0000 -0.0000 -0.0000 -0.0001 -0.0005  0.0003  0.0062  0.0602  0.1740  0.7598
 SCF Error: norm([F,P])=      0.000001213051, max([F,P])=      0.000000328681
 orbitals (Q,E):
 ---------------
 AA :6...16          ( 2.00    -0.9255)  ( 2.00    -0.8627)  ( 2.00    -0.5901)  ( 2.00    -0.4836)
                     ( 2.00    -0.4807)  ( 2.00    -0.4141)  ( 2.00    -0.3615)  ( 2.00    -0.3533)
                     ( 2.00    -0.3114)  ( 2.00    -0.2525)  ( 0.00    -0.1428)
 AAA :1...7          ( 2.00    -1.5836)  ( 2.00    -1.5825)  ( 2.00    -0.3729)  ( 2.00    -0.3036)
                     ( 2.00    -0.3029)  ( 2.00    -0.2713)  ( 0.00    -0.1103)

 SCF CONVERGED
 cosmo_calcen: 0.5 (esolb+esolc) (Hartrees) =   -0.024991

 Solvation energy (screening term,uncorrected) =    -15.682285 kcal/mol

 Solvation energy (dispersion and cavitation terms) =      0.724302 kcal/mol
 Solvation Energy Contributions (Hartrees)
          esola   esolb+esolc
     0.02499131   -0.04998262
 esol last cycle   -0.02499131

 CYCLE   16
 *** Using FIT density in Focky
  SDIIS (wt  1.000): -0.0000 -0.0000 -0.0000 -0.0001 -0.0002 -0.0007  0.0001  0.0068  0.1565  0.8377
  DIIS coefficients: -0.0000 -0.0000 -0.0000 -0.0001 -0.0002 -0.0007  0.0001  0.0068  0.1565  0.8377
 SCF Error: norm([F,P])=      0.000000104329, max([F,P])=      0.000000022334
 orbitals (Q,E):
 ---------------
 AA :6...25          ( 2.00    -0.9255)  ( 2.00    -0.8627)  ( 2.00    -0.5901)  ( 2.00    -0.4836)
                     ( 2.00    -0.4807)  ( 2.00    -0.4141)  ( 2.00    -0.3615)  ( 2.00    -0.3533)
                     ( 2.00    -0.3114)  ( 2.00    -0.2525)  ( 0.00    -0.1428)  ( 0.00     0.0016)
                     ( 0.00     0.0180)  ( 0.00     0.0365)  ( 0.00     0.0928)  ( 0.00     0.1331)
                     ( 0.00     0.1576)  ( 0.00     0.1841)  ( 0.00     0.2057)  ( 0.00     0.2184)
 AAA :1...16         ( 2.00    -1.5836)  ( 2.00    -1.5825)  ( 2.00    -0.3729)  ( 2.00    -0.3036)
                     ( 2.00    -0.3029)  ( 2.00    -0.2713)  ( 0.00    -0.1103)  ( 0.00     0.0924)
                     ( 0.00     0.2803)  ( 0.00     0.3016)  ( 0.00     0.4350)  ( 0.00     0.4445)
                     ( 0.00     0.4836)  ( 0.00     0.5246)  ( 0.00     0.5578)  ( 0.00     0.6929)
 cosmo_calcen: 0.5 (esolb+esolc) (Hartrees) =   -0.024991

 Solvation energy (screening term,uncorrected) =    -15.682287 kcal/mol

 Solvation energy (dispersion and cavitation terms) =      0.724302 kcal/mol
 Solvation Energy Contributions (Hartrees)
          esola   esolb+esolc
     0.02499131   -0.04998262
 esol last cycle   -0.02499131


 Fit test: (difference of exact and fit density, squared integrated, result summed over spins)
         SCF:                                          0.00003038117708

 Gross Charges per Atom (Z minus electrons)
 ==========================================
             1.7811   -0.7030   -0.6694   -0.6616   -0.8023    0.3523    0.3445    0.3584
 Net Total: -0.00000000



 =================================================================
 M U L T I P O L E   D E R I V E D   C H A R G E   A N A L Y S I S
 =================================================================

 See: M. Swart, P.Th. van Duijnen, J.G. Snijders, J.Comput.Chem., (2001), p. 79-88.

 --------------------------------------- 
 Multipole derived atomic charges (a.u.)
 --------------------------------------- 

        Atom    Level:     MDC-m        MDC-d        MDC-q
 ---------------------------------------------------------
     1     As           2.228012     1.656240     1.244752
     2     O           -0.567458    -0.641773    -0.684894
     3     O           -0.564914    -0.735873    -0.691840
     4     O           -0.528123    -0.614516    -0.755506
     5     O           -0.892793    -0.754820    -0.615740
     6     H            0.091311     0.328156     0.417172
     7     H            0.114402     0.416994     0.531185
     8     H            0.119563     0.345592     0.554871
 *** Using NEW gradient routines ***


 Geometry CYCLE 16
 ==============

 Energy gradients wrt nuclear displacements
 ==========================================

     Atom      Cartesian (a.u./angstrom)
                 X         Y         Z
 ----------------------------------------
     1 As   -0.004108 -0.003459  0.000000
     2 O     0.005466 -0.012451  0.000000
     3 O    -0.006035  0.012109  0.000000
     4 O     0.003514 -0.004876  0.000000
     5 O     0.007863  0.019941  0.000000
     6 H    -0.007394 -0.000275  0.000000
     7 H     0.001808 -0.005936  0.000000
     8 H    -0.001113 -0.005053  0.000000
 ----------------------------------------

 dE(predicted):    -0.30773E-03, dE(actual):    -0.44224E-03, Trust radius:    2.262742, all in a.u.
 
----------------------------------------------------------------------
Geometry Convergence after Step  16       (Hartree/Angstrom,Angstrom)
----------------------------------------------------------------------
current energy                               -1.48394206 Hartree
energy change                      -0.00044224     0.00100000    T
constrained gradient max            0.01994138     0.00100000    F
constrained gradient rms            0.00649505     0.00066667    F
gradient max                        0.01994138
gradient rms                        0.00649505
cart. step max                      0.02057526     0.01000000    F
cart. step rms                      0.00766444     0.00666667    F
 


 Coordinates (Cartesian)
 =======================

     Atom                    bohr                                 angstrom                 Geometric Variables
                   X           Y           Z              X           Y           Z       (0:frozen, *:LT par.)
 --------------------------------------------------------------------------------------------------------------
     1 As      6.526519   -0.864605    0.000000       3.453685   -0.457529    0.000000      1       2       3
     2 O       9.325323    1.178567    0.000000       4.934748    0.623671    0.000000      4       5       6
     3 O       3.475569   -2.439498    0.000000       1.839192   -1.290927    0.000000      7       8       9
     4 O       4.736151    2.038886    0.000000       2.506263    1.078932    0.000000     10      11      12
     5 O       8.245458   -3.500146    0.000000       4.363309   -1.852198    0.000000     13      14      15
     6 H      10.676324   -0.083297    0.000000       5.649667   -0.044079    0.000000     16      17      18
     7 H       2.136200   -1.160972    0.000000       1.130428   -0.614360    0.000000     19      20      21
     8 H       5.964933    3.423408    0.000000       3.156507    1.811590    0.000000     22      23      24
 --------------------------------------------------------------------------------------------------------------

 Number of elements of the density matrix on this node (used, total):      1035      9730



 ===========================================
 Numerical Integration : Fuzzy Cells (Becke)
 ===========================================
  
 Becke grid quality: GOOD           
  
 Lebedev angular grid order:             min:  11 max:  35
 Nr. of radial points:                   min:  54 max:  80

 Total nr. of points:     113184
 Nr. of blocks:              886
 Block length:               128
 Nr. of dummy points:        224


 Test of Precision of the Numerical Integration Grid
 ===================================================

 Integral of the Total Core Density:                  25.99997006056259
 Relative Error:                                      -1.152E-06


 -------------------------------------------
  COSMO surface
  Area             =          387.974
  Volume           =          613.619
  Number of Points =         1000
 -------------------------------------------



 ========================
 Density Fitting (zlmFit)
 ========================
  
 ZlmFit Fit Quality: GOOD           
  
 Max L-expansion:                        min:   7 max:   9
 Nr. of radial interpolation points:     min:  72 max: 132



 =====
 S C F  ***  ScaSCF  ***
 =====
  
 Initial density matrix is taken from previous geometry

 CYCLE    1
 SCF Error: norm([F,P])=      0.090756718541, max([F,P])=      0.027135679108
 orbitals (Q,E):
 ---------------
 AA :6...25          ( 2.00    -0.9415)  ( 2.00    -0.8509)  ( 2.00    -0.6098)  ( 2.00    -0.5082)
                     ( 2.00    -0.4931)  ( 2.00    -0.4190)  ( 2.00    -0.3795)  ( 2.00    -0.3577)
                     ( 2.00    -0.3102)  ( 2.00    -0.2328)  ( 0.00    -0.1579)  ( 0.00    -0.0247)
                     ( 0.00    -0.0013)  ( 0.00     0.0160)  ( 0.00     0.0929)  ( 0.00     0.1173)
                     ( 0.00     0.1375)  ( 0.00     0.1683)  ( 0.00     0.1841)  ( 0.00     0.2038)
 AAA :1...16         ( 2.00    -1.6039)  ( 2.00    -1.6027)  ( 2.00    -0.3929)  ( 2.00    -0.3221)
                     ( 2.00    -0.3127)  ( 2.00    -0.2625)  ( 0.00    -0.1263)  ( 0.00     0.0760)
                     ( 0.00     0.2610)  ( 0.00     0.2828)  ( 0.00     0.4153)  ( 0.00     0.4278)
                     ( 0.00     0.4671)  ( 0.00     0.5327)  ( 0.00     0.5528)  ( 0.00     0.6817)

 CYCLE    2
  SDIIS (wt  0.000):  0.8307  0.1693
 A-DIIS (wt  1.000):  0.8678  0.1322
  DIIS coefficients:  0.8678  0.1322
 SCF Error: norm([F,P])=      0.341607878083, max([F,P])=      0.109840775961
 orbitals (Q,E):
 ---------------
 AA :6...16          ( 2.00    -0.9386)  ( 2.00    -0.8628)  ( 2.00    -0.6053)  ( 2.00    -0.5015)
                     ( 2.00    -0.4907)  ( 2.00    -0.4192)  ( 2.00    -0.3743)  ( 2.00    -0.3576)
                     ( 2.00    -0.3146)  ( 2.00    -0.2474)  ( 0.00    -0.1565)
 AAA :1...7          ( 2.00    -1.5938)  ( 2.00    -1.5929)  ( 2.00    -0.3877)  ( 2.00    -0.3175)
                     ( 2.00    -0.3104)  ( 2.00    -0.2716)  ( 0.00    -0.1257)

 CYCLE    3
  SDIIS (wt  0.000):  0.5434 -0.0298  0.4864
 A-DIIS (wt  1.000):  0.6243  0.0000  0.3757
  DIIS coefficients:  0.6243  0.0000  0.3757
 SCF Error: norm([F,P])=      0.115435039855, max([F,P])=      0.034702388310
 orbitals (Q,E):
 ---------------
 AA :6...16          ( 2.00    -0.9346)  ( 2.00    -0.8617)  ( 2.00    -0.5997)  ( 2.00    -0.4953)
                     ( 2.00    -0.4892)  ( 2.00    -0.4181)  ( 2.00    -0.3683)  ( 2.00    -0.3586)
                     ( 2.00    -0.3146)  ( 2.00    -0.2481)  ( 0.00    -0.1520)
 AAA :1...7          ( 2.00    -1.5868)  ( 2.00    -1.5858)  ( 2.00    -0.3821)  ( 2.00    -0.3122)
                     ( 2.00    -0.3108)  ( 2.00    -0.2719)  ( 0.00    -0.1204)

 CYCLE    4
  SDIIS (wt  0.757): -0.2122  0.1809  1.0312
 A-DIIS (wt  0.243):  0.0000  0.0000  1.0000
  DIIS coefficients: -0.1606  0.1369  1.0236
 SCF Error: norm([F,P])=      0.077338669741, max([F,P])=      0.025079445735
 orbitals (Q,E):
 ---------------
 AA :6...16          ( 2.00    -0.9231)  ( 2.00    -0.8664)  ( 2.00    -0.5882)  ( 2.00    -0.4805)
                     ( 2.00    -0.4768)  ( 2.00    -0.4139)  ( 2.00    -0.3592)  ( 2.00    -0.3490)
                     ( 2.00    -0.3104)  ( 2.00    -0.2584)  ( 0.00    -0.1422)
 AAA :1...7          ( 2.00    -1.5783)  ( 2.00    -1.5773)  ( 2.00    -0.3700)  ( 2.00    -0.3034)
                     ( 2.00    -0.2981)  ( 2.00    -0.2728)  ( 0.00    -0.1095)

 CYCLE    5
  SDIIS (wt  0.000):  0.1489 -0.5334  0.8449  0.5396
 A-DIIS (wt  1.000):  0.0000  0.0000  0.5657  0.4343
  DIIS coefficients:  0.0000  0.0000  0.5657  0.4343
 SCF Error: norm([F,P])=      0.135850513984, max([F,P])=      0.037190849038
 orbitals (Q,E):
 ---------------
 AA :6...16          ( 2.00    -0.9232)  ( 2.00    -0.8600)  ( 2.00    -0.5897)  ( 2.00    -0.4840)
                     ( 2.00    -0.4809)  ( 2.00    -0.4144)  ( 2.00    -0.3588)  ( 2.00    -0.3529)
                     ( 2.00    -0.3115)  ( 2.00    -0.2497)  ( 0.00    -0.1428)
 AAA :1...7          ( 2.00    -1.5824)  ( 2.00    -1.5812)  ( 2.00    -0.3712)  ( 2.00    -0.3067)
                     ( 2.00    -0.2994)  ( 2.00    -0.2709)  ( 0.00    -0.1097)

 CYCLE    6
  SDIIS (wt  0.000):  0.0677  0.0876 -0.0842  0.4291  0.4998
 A-DIIS (wt  1.000):  0.0000  0.0000  0.0000  0.3643  0.6357
  DIIS coefficients:  0.0000  0.0000  0.0000  0.3643  0.6357
 SCF Error: norm([F,P])=      0.095443594975, max([F,P])=      0.017476255661
 orbitals (Q,E):
 ---------------
 AA :6...16          ( 2.00    -0.9268)  ( 2.00    -0.8603)  ( 2.00    -0.5927)  ( 2.00    -0.4859)
                     ( 2.00    -0.4797)  ( 2.00    -0.4129)  ( 2.00    -0.3624)  ( 2.00    -0.3509)
                     ( 2.00    -0.3099)  ( 2.00    -0.2500)  ( 0.00    -0.1447)
 AAA :1...7          ( 2.00    -1.5879)  ( 2.00    -1.5869)  ( 2.00    -0.3733)  ( 2.00    -0.3058)
                     ( 2.00    -0.3003)  ( 2.00    -0.2687)  ( 0.00    -0.1116)

 CYCLE    7
  SDIIS (wt  0.000): -0.1079  0.1855  0.0001  0.1087  0.4851  0.3284
 A-DIIS (wt  1.000):  0.0000  0.0000  0.0000  0.2069  0.4817  0.3114
  DIIS coefficients:  0.0000  0.0000  0.0000  0.2069  0.4817  0.3114
 SCF Error: norm([F,P])=      0.088254090831, max([F,P])=      0.018726799723
 orbitals (Q,E):
 ---------------
 AA :6...16          ( 2.00    -0.9250)  ( 2.00    -0.8648)  ( 2.00    -0.5912)  ( 2.00    -0.4829)
                     ( 2.00    -0.4813)  ( 2.00    -0.4151)  ( 2.00    -0.3599)  ( 2.00    -0.3523)
                     ( 2.00    -0.3120)  ( 2.00    -0.2552)  ( 0.00    -0.1444)
 AAA :1...7          ( 2.00    -1.5833)  ( 2.00    -1.5823)  ( 2.00    -0.3721)  ( 2.00    -0.3032)
                     ( 2.00    -0.3026)  ( 2.00    -0.2728)  ( 0.00    -0.1115)

 CYCLE    8
  SDIIS (wt  0.892):  0.0093 -0.0933  0.1155  0.0289  0.1991  0.2429  0.4977
 A-DIIS (wt  0.108):  0.0000  0.0000  0.0000  0.0000  0.1750  0.1428  0.6822
  DIIS coefficients:  0.0083 -0.0833  0.1031  0.0258  0.1965  0.2321  0.5176
 SCF Error: norm([F,P])=      0.038936777914, max([F,P])=      0.011693560716
 orbitals (Q,E):
 ---------------
 AA :6...16          ( 2.00    -0.9251)  ( 2.00    -0.8619)  ( 2.00    -0.5909)  ( 2.00    -0.4834)
                     ( 2.00    -0.4812)  ( 2.00    -0.4142)  ( 2.00    -0.3598)  ( 2.00    -0.3526)
                     ( 2.00    -0.3112)  ( 2.00    -0.2521)  ( 0.00    -0.1438)
 AAA :1...7          ( 2.00    -1.5834)  ( 2.00    -1.5823)  ( 2.00    -0.3719)  ( 2.00    -0.3033)
                     ( 2.00    -0.3026)  ( 2.00    -0.2711)  ( 0.00    -0.1107)

 CYCLE    9
  SDIIS (wt  0.990): -0.0009 -0.0264  0.0377  0.0117  0.1085  0.1168  0.2978  0.4548
 A-DIIS (wt  0.010):  0.0000  0.0000  0.0000  0.0000  0.0000  0.0000  0.0570  0.9430
  DIIS coefficients: -0.0009 -0.0261  0.0373  0.0116  0.1074  0.1157  0.2955  0.4595
 SCF Error: norm([F,P])=      0.006808901657, max([F,P])=      0.001960087947
 orbitals (Q,E):
 ---------------
 AA :6...16          ( 2.00    -0.9251)  ( 2.00    -0.8623)  ( 2.00    -0.5910)  ( 2.00    -0.4832)
                     ( 2.00    -0.4813)  ( 2.00    -0.4142)  ( 2.00    -0.3598)  ( 2.00    -0.3526)
                     ( 2.00    -0.3114)  ( 2.00    -0.2525)  ( 0.00    -0.1439)
 AAA :1...7          ( 2.00    -1.5837)  ( 2.00    -1.5826)  ( 2.00    -0.3719)  ( 2.00    -0.3033)
                     ( 2.00    -0.3025)  ( 2.00    -0.2713)  ( 0.00    -0.1109)

 CYCLE   10
  SDIIS (wt  1.000): -0.0005 -0.0026  0.0034  0.0037  0.0390  0.0350  0.1343  0.3591  0.4288
  DIIS coefficients: -0.0005 -0.0026  0.0034  0.0037  0.0390  0.0350  0.1343  0.3591  0.4288
 SCF Error: norm([F,P])=      0.001328933247, max([F,P])=      0.000303545385
 orbitals (Q,E):
 ---------------
 AA :6...16          ( 2.00    -0.9251)  ( 2.00    -0.8624)  ( 2.00    -0.5910)  ( 2.00    -0.4833)
                     ( 2.00    -0.4813)  ( 2.00    -0.4143)  ( 2.00    -0.3598)  ( 2.00    -0.3526)
                     ( 2.00    -0.3114)  ( 2.00    -0.2526)  ( 0.00    -0.1439)
 AAA :1...7          ( 2.00    -1.5837)  ( 2.00    -1.5826)  ( 2.00    -0.3719)  ( 2.00    -0.3033)
                     ( 2.00    -0.3025)  ( 2.00    -0.2714)  ( 0.00    -0.1109)

 CYCLE   11
  SDIIS (wt  1.000): -0.0007  0.0001  0.0004  0.0008  0.0150  0.0131  0.0563  0.1684  0.2519  0.4946
  DIIS coefficients: -0.0007  0.0001  0.0004  0.0008  0.0150  0.0131  0.0563  0.1684  0.2519  0.4946
 SCF Error: norm([F,P])=      0.000278789660, max([F,P])=      0.000066613748
 orbitals (Q,E):
 ---------------
 AA :6...16          ( 2.00    -0.9251)  ( 2.00    -0.8624)  ( 2.00    -0.5910)  ( 2.00    -0.4833)
                     ( 2.00    -0.4813)  ( 2.00    -0.4143)  ( 2.00    -0.3598)  ( 2.00    -0.3526)
                     ( 2.00    -0.3114)  ( 2.00    -0.2526)  ( 0.00    -0.1439)
 AAA :1...7          ( 2.00    -1.5836)  ( 2.00    -1.5825)  ( 2.00    -0.3719)  ( 2.00    -0.3033)
                     ( 2.00    -0.3025)  ( 2.00    -0.2713)  ( 0.00    -0.1109)

 CYCLE   12
  SDIIS (wt  1.000): -0.0004  0.0004  0.0002  0.0022  0.0020  0.0115  0.0383  0.0651  0.1852  0.6955
  DIIS coefficients: -0.0004  0.0004  0.0002  0.0022  0.0020  0.0115  0.0383  0.0651  0.1852  0.6955
 SCF Error: norm([F,P])=      0.000042021028, max([F,P])=      0.000009422247
 orbitals (Q,E):
 ---------------
 AA :6...16          ( 2.00    -0.9251)  ( 2.00    -0.8624)  ( 2.00    -0.5910)  ( 2.00    -0.4833)
                     ( 2.00    -0.4813)  ( 2.00    -0.4143)  ( 2.00    -0.3598)  ( 2.00    -0.3526)
                     ( 2.00    -0.3114)  ( 2.00    -0.2526)  ( 0.00    -0.1439)
 AAA :1...7          ( 2.00    -1.5836)  ( 2.00    -1.5825)  ( 2.00    -0.3719)  ( 2.00    -0.3033)
                     ( 2.00    -0.3025)  ( 2.00    -0.2714)  ( 0.00    -0.1109)

 CYCLE   13
  SDIIS (wt  1.000): -0.0000 -0.0000 -0.0002 -0.0002 -0.0001  0.0018  0.0052  0.0314  0.1927  0.7693
  DIIS coefficients: -0.0000 -0.0000 -0.0002 -0.0002 -0.0001  0.0018  0.0052  0.0314  0.1927  0.7693
 SCF Error: norm([F,P])=      0.000012445251, max([F,P])=      0.000003317034
 orbitals (Q,E):
 ---------------
 AA :6...16          ( 2.00    -0.9251)  ( 2.00    -0.8624)  ( 2.00    -0.5910)  ( 2.00    -0.4833)
                     ( 2.00    -0.4813)  ( 2.00    -0.4143)  ( 2.00    -0.3598)  ( 2.00    -0.3526)
                     ( 2.00    -0.3114)  ( 2.00    -0.2526)  ( 0.00    -0.1439)
 AAA :1...7          ( 2.00    -1.5836)  ( 2.00    -1.5825)  ( 2.00    -0.3719)  ( 2.00    -0.3033)
                     ( 2.00    -0.3025)  ( 2.00    -0.2714)  ( 0.00    -0.1109)

 CYCLE   14
  SDIIS (wt  1.000):  0.0000  0.0000  0.0000  0.0002  0.0012  0.0022  0.0129  0.0834  0.3212  0.5789
  DIIS coefficients:  0.0000  0.0000  0.0000  0.0002  0.0012  0.0022  0.0129  0.0834  0.3212  0.5789
 SCF Error: norm([F,P])=      0.000002045087, max([F,P])=      0.000000441130
 orbitals (Q,E):
 ---------------
 AA :6...16          ( 2.00    -0.9251)  ( 2.00    -0.8624)  ( 2.00    -0.5910)  ( 2.00    -0.4833)
                     ( 2.00    -0.4813)  ( 2.00    -0.4143)  ( 2.00    -0.3598)  ( 2.00    -0.3526)
                     ( 2.00    -0.3114)  ( 2.00    -0.2526)  ( 0.00    -0.1439)
 AAA :1...7          ( 2.00    -1.5836)  ( 2.00    -1.5825)  ( 2.00    -0.3719)  ( 2.00    -0.3033)
                     ( 2.00    -0.3025)  ( 2.00    -0.2714)  ( 0.00    -0.1109)

 SCF CONVERGED
 cosmo_calcen: 0.5 (esolb+esolc) (Hartrees) =   -0.025288

 Solvation energy (screening term,uncorrected) =    -15.868438 kcal/mol

 Solvation energy (dispersion and cavitation terms) =      0.725481 kcal/mol
 Solvation Energy Contributions (Hartrees)
          esola   esolb+esolc
     0.02528796   -0.05057593
 esol last cycle   -0.02528796

 CYCLE   15
 *** Using FIT density in Focky
  SDIIS (wt  1.000): -0.0000 -0.0000 -0.0000  0.0001  0.0002  0.0022  0.0184  0.0686  0.1982  0.7123
  DIIS coefficients: -0.0000 -0.0000 -0.0000  0.0001  0.0002  0.0022  0.0184  0.0686  0.1982  0.7123
 SCF Error: norm([F,P])=      0.000000331479, max([F,P])=      0.000000059355
 orbitals (Q,E):
 ---------------
 AA :6...25          ( 2.00    -0.9251)  ( 2.00    -0.8624)  ( 2.00    -0.5910)  ( 2.00    -0.4833)
                     ( 2.00    -0.4813)  ( 2.00    -0.4143)  ( 2.00    -0.3598)  ( 2.00    -0.3526)
                     ( 2.00    -0.3114)  ( 2.00    -0.2526)  ( 0.00    -0.1439)  ( 0.00     0.0018)
                     ( 0.00     0.0175)  ( 0.00     0.0362)  ( 0.00     0.0931)  ( 0.00     0.1319)
                     ( 0.00     0.1585)  ( 0.00     0.1842)  ( 0.00     0.2061)  ( 0.00     0.2187)
 AAA :1...16         ( 2.00    -1.5836)  ( 2.00    -1.5825)  ( 2.00    -0.3719)  ( 2.00    -0.3033)
                     ( 2.00    -0.3025)  ( 2.00    -0.2714)  ( 0.00    -0.1109)  ( 0.00     0.0925)
                     ( 0.00     0.2806)  ( 0.00     0.3009)  ( 0.00     0.4347)  ( 0.00     0.4449)
                     ( 0.00     0.4833)  ( 0.00     0.5254)  ( 0.00     0.5583)  ( 0.00     0.6944)
 cosmo_calcen: 0.5 (esolb+esolc) (Hartrees) =   -0.025288

 Solvation energy (screening term,uncorrected) =    -15.868438 kcal/mol

 Solvation energy (dispersion and cavitation terms) =      0.725481 kcal/mol
 Solvation Energy Contributions (Hartrees)
          esola   esolb+esolc
     0.02528796   -0.05057593
 esol last cycle   -0.02528796


 Fit test: (difference of exact and fit density, squared integrated, result summed over spins)
         SCF:                                          0.00003032126744

 Gross Charges per Atom (Z minus electrons)
 ==========================================
             1.7720   -0.6992   -0.6680   -0.6612   -0.7997    0.3531    0.3439    0.3591
 Net Total: -0.00000000



 =================================================================
 M U L T I P O L E   D E R I V E D   C H A R G E   A N A L Y S I S
 =================================================================

 See: M. Swart, P.Th. van Duijnen, J.G. Snijders, J.Comput.Chem., (2001), p. 79-88.

 --------------------------------------- 
 Multipole derived atomic charges (a.u.)
 --------------------------------------- 

        Atom    Level:     MDC-m        MDC-d        MDC-q
 ---------------------------------------------------------
     1     As           2.224712     1.652504     1.247713
     2     O           -0.563921    -0.639899    -0.678033
     3     O           -0.565141    -0.734586    -0.695484
     4     O           -0.528187    -0.620587    -0.766613
     5     O           -0.893576    -0.753918    -0.615260
     6     H            0.092556     0.330085     0.415676
     7     H            0.113848     0.415187     0.531697
     8     H            0.119710     0.351214     0.560304
 *** Using NEW gradient routines ***


 Geometry CYCLE 17
 ==============

 Energy gradients wrt nuclear displacements
 ==========================================

     Atom      Cartesian (a.u./angstrom)
                 X         Y         Z
 ----------------------------------------
     1 As   -0.000405  0.000307  0.000000
     2 O     0.008058 -0.014473  0.000000
     3 O    -0.006347  0.009081  0.000000
     4 O     0.007098  0.002434  0.000000
     5 O     0.007105  0.011092  0.000000
     6 H    -0.010905  0.004333  0.000000
     7 H     0.000930 -0.006312  0.000000
     8 H    -0.005534 -0.006463  0.000000
 ----------------------------------------

 dE(predicted):    -0.22938E-03, dE(actual):    -0.54029E-03, Trust radius:    2.262742, all in a.u.
 
----------------------------------------------------------------------
Geometry Convergence after Step  17       (Hartree/Angstrom,Angstrom)
----------------------------------------------------------------------
current energy                               -1.48448236 Hartree
energy change                      -0.00054029     0.00100000    T
constrained gradient max            0.01447252     0.00100000    F
constrained gradient rms            0.00604836     0.00066667    F
gradient max                        0.01447252
gradient rms                        0.00604836
cart. step max                      0.02319480     0.01000000    F
cart. step rms                      0.00813262     0.00666667    F
 


 Coordinates (Cartesian)
 =======================

     Atom                    bohr                                 angstrom                 Geometric Variables
                   X           Y           Z              X           Y           Z       (0:frozen, *:LT par.)
 --------------------------------------------------------------------------------------------------------------
     1 As      6.540435   -0.865455    0.000000       3.461049   -0.457979    0.000000      1       2       3
     2 O       9.326773    1.180443    0.000000       4.935516    0.624664    0.000000      4       5       6
     3 O       3.481706   -2.447011    0.000000       1.842440   -1.294902    0.000000      7       8       9
     4 O       4.741000    2.048444    0.000000       2.508829    1.083990    0.000000     10      11      12
     5 O       8.211184   -3.543978    0.000000       4.345171   -1.875393    0.000000     13      14      15
     6 H      10.700461   -0.060562    0.000000       5.662440   -0.032048    0.000000     16      17      18
     7 H       2.134012   -1.170669    0.000000       1.129271   -0.619491    0.000000     19      20      21
     8 H       5.950906    3.451131    0.000000       3.149084    1.826260    0.000000     22      23      24
 --------------------------------------------------------------------------------------------------------------

 Number of elements of the density matrix on this node (used, total):      1035      9730



 ===========================================
 Numerical Integration : Fuzzy Cells (Becke)
 ===========================================
  
 Becke grid quality: GOOD           
  
 Lebedev angular grid order:             min:  11 max:  35
 Nr. of radial points:                   min:  54 max:  80

 Total nr. of points:     113178
 Nr. of blocks:              886
 Block length:               128
 Nr. of dummy points:        230


 Test of Precision of the Numerical Integration Grid
 ===================================================

 Integral of the Total Core Density:                  25.99996059261544
 Relative Error:                                      -1.516E-06


 -------------------------------------------
  COSMO surface
  Area             =          388.800
  Volume           =          615.001
  Number of Points =          997
 -------------------------------------------



 ========================
 Density Fitting (zlmFit)
 ========================
  
 ZlmFit Fit Quality: GOOD           
  
 Max L-expansion:                        min:   7 max:   9
 Nr. of radial interpolation points:     min:  72 max: 132



 =====
 S C F  ***  ScaSCF  ***
 =====
  
 Initial density matrix is taken from previous geometry

 CYCLE    1
 SCF Error: norm([F,P])=      0.093045166754, max([F,P])=      0.027683802147
 orbitals (Q,E):
 ---------------
 AA :6...25          ( 2.00    -0.9400)  ( 2.00    -0.8504)  ( 2.00    -0.6113)  ( 2.00    -0.5095)
                     ( 2.00    -0.4927)  ( 2.00    -0.4215)  ( 2.00    -0.3792)  ( 2.00    -0.3574)
                     ( 2.00    -0.3106)  ( 2.00    -0.2331)  ( 0.00    -0.1601)  ( 0.00    -0.0262)
                     ( 0.00    -0.0028)  ( 0.00     0.0130)  ( 0.00     0.0928)  ( 0.00     0.1133)
                     ( 0.00     0.1366)  ( 0.00     0.1672)  ( 0.00     0.1828)  ( 0.00     0.2027)
 AAA :1...16         ( 2.00    -1.6054)  ( 2.00    -1.6042)  ( 2.00    -0.3929)  ( 2.00    -0.3238)
                     ( 2.00    -0.3128)  ( 2.00    -0.2625)  ( 0.00    -0.1279)  ( 0.00     0.0753)
                     ( 0.00     0.2598)  ( 0.00     0.2809)  ( 0.00     0.4140)  ( 0.00     0.4268)
                     ( 0.00     0.4641)  ( 0.00     0.5345)  ( 0.00     0.5505)  ( 0.00     0.6811)

 CYCLE    2
  SDIIS (wt  0.000):  0.8334  0.1666
 A-DIIS (wt  1.000):  0.8170  0.1830
  DIIS coefficients:  0.8170  0.1830
 SCF Error: norm([F,P])=      0.355300680084, max([F,P])=      0.114373310180
 orbitals (Q,E):
 ---------------
 AA :6...16          ( 2.00    -0.9365)  ( 2.00    -0.8675)  ( 2.00    -0.6047)  ( 2.00    -0.4996)
                     ( 2.00    -0.4897)  ( 2.00    -0.4213)  ( 2.00    -0.3717)  ( 2.00    -0.3574)
                     ( 2.00    -0.3166)  ( 2.00    -0.2540)  ( 0.00    -0.1580)
 AAA :1...7          ( 2.00    -1.5908)  ( 2.00    -1.5899)  ( 2.00    -0.3856)  ( 2.00    -0.3166)
                     ( 2.00    -0.3101)  ( 2.00    -0.2756)  ( 0.00    -0.1268)

 CYCLE    3
  SDIIS (wt  0.000):  0.5471  0.0996  0.3533
 A-DIIS (wt  1.000):  0.2784  0.0000  0.7216
  DIIS coefficients:  0.2784  0.0000  0.7216
 SCF Error: norm([F,P])=      0.106387645202, max([F,P])=      0.024993724587
 orbitals (Q,E):
 ---------------
 AA :6...16          ( 2.00    -0.9277)  ( 2.00    -0.8546)  ( 2.00    -0.5930)  ( 2.00    -0.4905)
                     ( 2.00    -0.4851)  ( 2.00    -0.4168)  ( 2.00    -0.3613)  ( 2.00    -0.3580)
                     ( 2.00    -0.3133)  ( 2.00    -0.2437)  ( 0.00    -0.1468)
 AAA :1...7          ( 2.00    -1.5794)  ( 2.00    -1.5781)  ( 2.00    -0.3747)  ( 2.00    -0.3132)
                     ( 2.00    -0.3041)  ( 2.00    -0.2689)  ( 0.00    -0.1131)

 CYCLE    4
  SDIIS (wt  0.000): -0.0961  0.6844  0.4116
 A-DIIS (wt  1.000):  0.0000  0.6624  0.3376
  DIIS coefficients:  0.0000  0.6624  0.3376
 SCF Error: norm([F,P])=      0.191202248562, max([F,P])=      0.038874751546
 orbitals (Q,E):
 ---------------
 AA :6...16          ( 2.00    -0.9214)  ( 2.00    -0.8682)  ( 2.00    -0.5878)  ( 2.00    -0.4787)
                     ( 2.00    -0.4775)  ( 2.00    -0.4152)  ( 2.00    -0.3575)  ( 2.00    -0.3492)
                     ( 2.00    -0.3114)  ( 2.00    -0.2614)  ( 0.00    -0.1434)
 AAA :1...7          ( 2.00    -1.5749)  ( 2.00    -1.5739)  ( 2.00    -0.3687)  ( 2.00    -0.3020)
                     ( 2.00    -0.2995)  ( 2.00    -0.2748)  ( 0.00    -0.1100)

 CYCLE    5
  SDIIS (wt  0.000):  0.1939 -0.0575  0.2258  0.6378
 A-DIIS (wt  1.000):  0.0000  0.0000  0.4505  0.5495
  DIIS coefficients:  0.0000  0.0000  0.4505  0.5495
 SCF Error: norm([F,P])=      0.161670206063, max([F,P])=      0.050016637865
 orbitals (Q,E):
 ---------------
 AA :6...16          ( 2.00    -0.9218)  ( 2.00    -0.8571)  ( 2.00    -0.5925)  ( 2.00    -0.4842)
                     ( 2.00    -0.4765)  ( 2.00    -0.4119)  ( 2.00    -0.3587)  ( 2.00    -0.3470)
                     ( 2.00    -0.3067)  ( 2.00    -0.2472)  ( 0.00    -0.1452)
 AAA :1...7          ( 2.00    -1.5949)  ( 2.00    -1.5938)  ( 2.00    -0.3714)  ( 2.00    -0.3030)
                     ( 2.00    -0.2973)  ( 2.00    -0.2656)  ( 0.00    -0.1124)

 CYCLE    6
  SDIIS (wt  0.000): -0.1354  0.1869  0.3954  0.1829  0.3702
 A-DIIS (wt  1.000):  0.0000  0.0000  0.2955  0.3931  0.3114
  DIIS coefficients:  0.0000  0.0000  0.2955  0.3931  0.3114
 SCF Error: norm([F,P])=      0.140642575941, max([F,P])=      0.031869767383
 orbitals (Q,E):
 ---------------
 AA :6...16          ( 2.00    -0.9235)  ( 2.00    -0.8625)  ( 2.00    -0.5916)  ( 2.00    -0.4843)
                     ( 2.00    -0.4804)  ( 2.00    -0.4154)  ( 2.00    -0.3582)  ( 2.00    -0.3524)
                     ( 2.00    -0.3121)  ( 2.00    -0.2532)  ( 0.00    -0.1457)
 AAA :1...7          ( 2.00    -1.5840)  ( 2.00    -1.5829)  ( 2.00    -0.3712)  ( 2.00    -0.3054)
                     ( 2.00    -0.3005)  ( 2.00    -0.2723)  ( 0.00    -0.1121)

 CYCLE    7
  SDIIS (wt  0.923):  0.0090 -0.0054  0.1536  0.2566  0.2110  0.3753
 A-DIIS (wt  0.077):  0.0000  0.0000  0.0000  0.0000  0.0738  0.9262
  DIIS coefficients:  0.0083 -0.0050  0.1417  0.2367  0.2004  0.4179
 SCF Error: norm([F,P])=      0.039161640498, max([F,P])=      0.008669491857
 orbitals (Q,E):
 ---------------
 AA :6...16          ( 2.00    -0.9244)  ( 2.00    -0.8616)  ( 2.00    -0.5915)  ( 2.00    -0.4840)
                     ( 2.00    -0.4802)  ( 2.00    -0.4147)  ( 2.00    -0.3589)  ( 2.00    -0.3522)
                     ( 2.00    -0.3113)  ( 2.00    -0.2525)  ( 0.00    -0.1454)
 AAA :1...7          ( 2.00    -1.5830)  ( 2.00    -1.5820)  ( 2.00    -0.3712)  ( 2.00    -0.3034)
                     ( 2.00    -0.3024)  ( 2.00    -0.2712)  ( 0.00    -0.1117)

 CYCLE    8
  SDIIS (wt  0.963): -0.0075 -0.0006  0.0399  0.0672  0.1031  0.3514  0.4465
 A-DIIS (wt  0.037):  0.0000  0.0000  0.0000  0.0000  0.0000  0.1983  0.8017
  DIIS coefficients: -0.0072 -0.0006  0.0384  0.0647  0.0993  0.3457  0.4598
 SCF Error: norm([F,P])=      0.015654522952, max([F,P])=      0.004687395385
 orbitals (Q,E):
 ---------------
 AA :6...16          ( 2.00    -0.9236)  ( 2.00    -0.8613)  ( 2.00    -0.5911)  ( 2.00    -0.4835)
                     ( 2.00    -0.4798)  ( 2.00    -0.4146)  ( 2.00    -0.3581)  ( 2.00    -0.3519)
                     ( 2.00    -0.3111)  ( 2.00    -0.2522)  ( 0.00    -0.1451)
 AAA :1...7          ( 2.00    -1.5836)  ( 2.00    -1.5824)  ( 2.00    -0.3708)  ( 2.00    -0.3034)
                     ( 2.00    -0.3014)  ( 2.00    -0.2710)  ( 0.00    -0.1115)

 CYCLE    9
  SDIIS (wt  1.000):  0.0015 -0.0029 -0.0011  0.0206  0.0208  0.1263  0.1725  0.6623
  DIIS coefficients:  0.0015 -0.0029 -0.0011  0.0206  0.0208  0.1263  0.1725  0.6623
 SCF Error: norm([F,P])=      0.002270332220, max([F,P])=      0.000664143482
 orbitals (Q,E):
 ---------------
 AA :6...16          ( 2.00    -0.9237)  ( 2.00    -0.8615)  ( 2.00    -0.5913)  ( 2.00    -0.4836)
                     ( 2.00    -0.4800)  ( 2.00    -0.4146)  ( 2.00    -0.3582)  ( 2.00    -0.3520)
                     ( 2.00    -0.3112)  ( 2.00    -0.2525)  ( 0.00    -0.1453)
 AAA :1...7          ( 2.00    -1.5838)  ( 2.00    -1.5827)  ( 2.00    -0.3709)  ( 2.00    -0.3034)
                     ( 2.00    -0.3016)  ( 2.00    -0.2712)  ( 0.00    -0.1117)

 CYCLE   10
  SDIIS (wt  1.000): -0.0012  0.0013 -0.0007  0.0065  0.0094  0.0584  0.0853  0.4318  0.4092
  DIIS coefficients: -0.0012  0.0013 -0.0007  0.0065  0.0094  0.0584  0.0853  0.4318  0.4092
 SCF Error: norm([F,P])=      0.000846992401, max([F,P])=      0.000153229004
 orbitals (Q,E):
 ---------------
 AA :6...16          ( 2.00    -0.9237)  ( 2.00    -0.8615)  ( 2.00    -0.5912)  ( 2.00    -0.4836)
                     ( 2.00    -0.4799)  ( 2.00    -0.4147)  ( 2.00    -0.3582)  ( 2.00    -0.3519)
                     ( 2.00    -0.3112)  ( 2.00    -0.2525)  ( 0.00    -0.1453)
 AAA :1...7          ( 2.00    -1.5837)  ( 2.00    -1.5826)  ( 2.00    -0.3709)  ( 2.00    -0.3034)
                     ( 2.00    -0.3015)  ( 2.00    -0.2712)  ( 0.00    -0.1117)

 CYCLE   11
  SDIIS (wt  1.000): -0.0003  0.0004 -0.0011  0.0030  0.0034  0.0270  0.0396  0.2179  0.2835  0.4267
  DIIS coefficients: -0.0003  0.0004 -0.0011  0.0030  0.0034  0.0270  0.0396  0.2179  0.2835  0.4267
 SCF Error: norm([F,P])=      0.000279201356, max([F,P])=      0.000074624419
 orbitals (Q,E):
 ---------------
 AA :6...16          ( 2.00    -0.9237)  ( 2.00    -0.8615)  ( 2.00    -0.5912)  ( 2.00    -0.4836)
                     ( 2.00    -0.4799)  ( 2.00    -0.4146)  ( 2.00    -0.3582)  ( 2.00    -0.3519)
                     ( 2.00    -0.3112)  ( 2.00    -0.2525)  ( 0.00    -0.1452)
 AAA :1...7          ( 2.00    -1.5837)  ( 2.00    -1.5826)  ( 2.00    -0.3709)  ( 2.00    -0.3034)
                     ( 2.00    -0.3015)  ( 2.00    -0.2712)  ( 0.00    -0.1116)

 CYCLE   12
  SDIIS (wt  1.000):  0.0001 -0.0005  0.0008  0.0005  0.0065  0.0100  0.0641  0.1013  0.2110  0.6063
  DIIS coefficients:  0.0001 -0.0005  0.0008  0.0005  0.0065  0.0100  0.0641  0.1013  0.2110  0.6063
 SCF Error: norm([F,P])=      0.000047026987, max([F,P])=      0.000010549727
 orbitals (Q,E):
 ---------------
 AA :6...16          ( 2.00    -0.9237)  ( 2.00    -0.8615)  ( 2.00    -0.5912)  ( 2.00    -0.4836)
                     ( 2.00    -0.4799)  ( 2.00    -0.4146)  ( 2.00    -0.3582)  ( 2.00    -0.3519)
                     ( 2.00    -0.3112)  ( 2.00    -0.2525)  ( 0.00    -0.1452)
 AAA :1...7          ( 2.00    -1.5837)  ( 2.00    -1.5826)  ( 2.00    -0.3709)  ( 2.00    -0.3034)
                     ( 2.00    -0.3015)  ( 2.00    -0.2712)  ( 0.00    -0.1116)

 CYCLE   13
  SDIIS (wt  1.000): -0.0000  0.0001  0.0000  0.0006  0.0011  0.0078  0.0177  0.0424  0.1732  0.7571
  DIIS coefficients: -0.0000  0.0001  0.0000  0.0006  0.0011  0.0078  0.0177  0.0424  0.1732  0.7571
 SCF Error: norm([F,P])=      0.000012557983, max([F,P])=      0.000003652899
 orbitals (Q,E):
 ---------------
 AA :6...16          ( 2.00    -0.9237)  ( 2.00    -0.8615)  ( 2.00    -0.5912)  ( 2.00    -0.4836)
                     ( 2.00    -0.4799)  ( 2.00    -0.4146)  ( 2.00    -0.3582)  ( 2.00    -0.3519)
                     ( 2.00    -0.3112)  ( 2.00    -0.2525)  ( 0.00    -0.1452)
 AAA :1...7          ( 2.00    -1.5837)  ( 2.00    -1.5826)  ( 2.00    -0.3709)  ( 2.00    -0.3034)
                     ( 2.00    -0.3015)  ( 2.00    -0.2712)  ( 0.00    -0.1116)

 CYCLE   14
  SDIIS (wt  1.000): -0.0000 -0.0000  0.0000  0.0001  0.0006  0.0023  0.0070  0.0383  0.1879  0.7639
  DIIS coefficients: -0.0000 -0.0000  0.0000  0.0001  0.0006  0.0023  0.0070  0.0383  0.1879  0.7639
 SCF Error: norm([F,P])=      0.000000770978, max([F,P])=      0.000000170901
 orbitals (Q,E):
 ---------------
 AA :6...16          ( 2.00    -0.9237)  ( 2.00    -0.8615)  ( 2.00    -0.5912)  ( 2.00    -0.4836)
                     ( 2.00    -0.4799)  ( 2.00    -0.4146)  ( 2.00    -0.3582)  ( 2.00    -0.3519)
                     ( 2.00    -0.3112)  ( 2.00    -0.2525)  ( 0.00    -0.1452)
 AAA :1...7          ( 2.00    -1.5837)  ( 2.00    -1.5826)  ( 2.00    -0.3709)  ( 2.00    -0.3034)
                     ( 2.00    -0.3015)  ( 2.00    -0.2712)  ( 0.00    -0.1116)

 SCF CONVERGED
 cosmo_calcen: 0.5 (esolb+esolc) (Hartrees) =   -0.025656

 Solvation energy (screening term,uncorrected) =    -16.099645 kcal/mol

 Solvation energy (dispersion and cavitation terms) =      0.727025 kcal/mol
 Solvation Energy Contributions (Hartrees)
          esola   esolb+esolc
     0.02565641   -0.05131283
 esol last cycle   -0.02565641

 CYCLE   15
 *** Using FIT density in Focky
  SDIIS (wt  1.000):  0.0000  0.0000  0.0000  0.0000  0.0002  0.0008  0.0062  0.0244  0.2051  0.7631
  DIIS coefficients:  0.0000  0.0000  0.0000  0.0000  0.0002  0.0008  0.0062  0.0244  0.2051  0.7631
 SCF Error: norm([F,P])=      0.000000215067, max([F,P])=      0.000000047381
 orbitals (Q,E):
 ---------------
 AA :6...25          ( 2.00    -0.9237)  ( 2.00    -0.8615)  ( 2.00    -0.5912)  ( 2.00    -0.4836)
                     ( 2.00    -0.4799)  ( 2.00    -0.4146)  ( 2.00    -0.3582)  ( 2.00    -0.3519)
                     ( 2.00    -0.3112)  ( 2.00    -0.2525)  ( 0.00    -0.1452)  ( 0.00     0.0014)
                     ( 0.00     0.0166)  ( 0.00     0.0356)  ( 0.00     0.0933)  ( 0.00     0.1297)
                     ( 0.00     0.1589)  ( 0.00     0.1839)  ( 0.00     0.2060)  ( 0.00     0.2181)
 AAA :1...16         ( 2.00    -1.5837)  ( 2.00    -1.5826)  ( 2.00    -0.3709)  ( 2.00    -0.3034)
                     ( 2.00    -0.3015)  ( 2.00    -0.2712)  ( 0.00    -0.1116)  ( 0.00     0.0926)
                     ( 0.00     0.2806)  ( 0.00     0.2999)  ( 0.00     0.4342)  ( 0.00     0.4451)
                     ( 0.00     0.4823)  ( 0.00     0.5261)  ( 0.00     0.5580)  ( 0.00     0.6951)
 cosmo_calcen: 0.5 (esolb+esolc) (Hartrees) =   -0.025656

 Solvation energy (screening term,uncorrected) =    -16.099644 kcal/mol

 Solvation energy (dispersion and cavitation terms) =      0.727025 kcal/mol
 Solvation Energy Contributions (Hartrees)
          esola   esolb+esolc
     0.02565641   -0.05131283
 esol last cycle   -0.02565641


 Fit test: (difference of exact and fit density, squared integrated, result summed over spins)
         SCF:                                          0.00003009650962

 Gross Charges per Atom (Z minus electrons)
 ==========================================
             1.7625   -0.6938   -0.6663   -0.6607   -0.7967    0.3527    0.3431    0.3593
 Net Total: -0.00000000



 =================================================================
 M U L T I P O L E   D E R I V E D   C H A R G E   A N A L Y S I S
 =================================================================

 See: M. Swart, P.Th. van Duijnen, J.G. Snijders, J.Comput.Chem., (2001), p. 79-88.

 --------------------------------------- 
 Multipole derived atomic charges (a.u.)
 --------------------------------------- 

        Atom    Level:     MDC-m        MDC-d        MDC-q
 ---------------------------------------------------------
     1     As           2.219937     1.646669     1.245024
     2     O           -0.561188    -0.634554    -0.666674
     3     O           -0.565667    -0.730944    -0.695673
     4     O           -0.529254    -0.625127    -0.775322
     5     O           -0.894064    -0.752791    -0.613880
     6     H            0.095735     0.330165     0.412306
     7     H            0.113541     0.411391     0.530212
     8     H            0.120962     0.355190     0.564007
 *** Using NEW gradient routines ***


 Geometry CYCLE 18
 ==============

 Energy gradients wrt nuclear displacements
 ==========================================

     Atom      Cartesian (a.u./angstrom)
                 X         Y         Z
 ----------------------------------------
     1 As    0.003495  0.005631  0.000000
     2 O     0.004803 -0.010144  0.000000
     3 O    -0.003667  0.002626  0.000000
     4 O     0.006348  0.006172  0.000000
     5 O     0.005818  0.000279  0.000000
     6 H    -0.008905  0.003325  0.000000
     7 H    -0.001946 -0.003865  0.000000
     8 H    -0.005946 -0.004023  0.000000
 ----------------------------------------

 dE(predicted):    -0.28485E-03, dE(actual):    -0.35787E-03, Trust radius:    2.262742, all in a.u.
 
----------------------------------------------------------------------
Geometry Convergence after Step  18       (Hartree/Angstrom,Angstrom)
----------------------------------------------------------------------
current energy                               -1.48484023 Hartree
energy change                      -0.00035787     0.00100000    T
constrained gradient max            0.01014416     0.00100000    F
constrained gradient rms            0.00439309     0.00066667    F
gradient max                        0.01014416
gradient rms                        0.00439309
cart. step max                      0.00849487     0.01000000    T
cart. step rms                      0.00317971     0.00666667    T
 


 Coordinates (Cartesian)
 =======================

     Atom                    bohr                                 angstrom                 Geometric Variables
                   X           Y           Z              X           Y           Z       (0:frozen, *:LT par.)
 --------------------------------------------------------------------------------------------------------------
     1 As      6.543761   -0.866726    0.000000       3.462809   -0.458652    0.000000      1       2       3
     2 O       9.321798    1.188571    0.000000       4.932883    0.628965    0.000000      4       5       6
     3 O       3.486520   -2.453298    0.000000       1.844987   -1.298229    0.000000      7       8       9
     4 O       4.736987    2.048281    0.000000       2.506705    1.083904    0.000000     10      11      12
     5 O       8.195131   -3.558210    0.000000       4.336677   -1.882924    0.000000     13      14      15
     6 H      10.703192   -0.054886    0.000000       5.663885   -0.029044    0.000000     16      17      18
     7 H       2.146128   -1.166395    0.000000       1.135682   -0.617230    0.000000     19      20      21
     8 H       5.952963    3.455006    0.000000       3.150172    1.828310    0.000000     22      23      24
 --------------------------------------------------------------------------------------------------------------

 Number of elements of the density matrix on this node (used, total):      1035      9730



 ===========================================
 Numerical Integration : Fuzzy Cells (Becke)
 ===========================================
  
 Becke grid quality: GOOD           
  
 Lebedev angular grid order:             min:  11 max:  35
 Nr. of radial points:                   min:  54 max:  80

 Total nr. of points:     113176
 Nr. of blocks:              886
 Block length:               128
 Nr. of dummy points:        232


 Test of Precision of the Numerical Integration Grid
 ===================================================

 Integral of the Total Core Density:                  25.99995586105166
 Relative Error:                                      -1.698E-06


 -------------------------------------------
  COSMO surface
  Area             =          388.932
  Volume           =          615.300
  Number of Points =          999
 -------------------------------------------



 ========================
 Density Fitting (zlmFit)
 ========================
  
 ZlmFit Fit Quality: GOOD           
  
 Max L-expansion:                        min:   7 max:   9
 Nr. of radial interpolation points:     min:  72 max: 132



 =====
 S C F  ***  ScaSCF  ***
 =====
  
 Initial density matrix is taken from previous geometry

 CYCLE    1
 SCF Error: norm([F,P])=      0.090039435036, max([F,P])=      0.027290604330
 orbitals (Q,E):
 ---------------
 AA :6...25          ( 2.00    -0.9378)  ( 2.00    -0.8497)  ( 2.00    -0.6098)  ( 2.00    -0.5094)
                     ( 2.00    -0.4905)  ( 2.00    -0.4227)  ( 2.00    -0.3785)  ( 2.00    -0.3567)
                     ( 2.00    -0.3099)  ( 2.00    -0.2328)  ( 0.00    -0.1597)  ( 0.00    -0.0267)
                     ( 0.00    -0.0025)  ( 0.00     0.0123)  ( 0.00     0.0937)  ( 0.00     0.1124)
                     ( 0.00     0.1367)  ( 0.00     0.1678)  ( 0.00     0.1826)  ( 0.00     0.2028)
 AAA :1...16         ( 2.00    -1.6041)  ( 2.00    -1.6029)  ( 2.00    -0.3921)  ( 2.00    -0.3243)
                     ( 2.00    -0.3116)  ( 2.00    -0.2619)  ( 0.00    -0.1272)  ( 0.00     0.0758)
                     ( 0.00     0.2600)  ( 0.00     0.2813)  ( 0.00     0.4142)  ( 0.00     0.4278)
                     ( 0.00     0.4631)  ( 0.00     0.5353)  ( 0.00     0.5495)  ( 0.00     0.6809)

 CYCLE    2
  SDIIS (wt  0.000):  0.8366  0.1634
 A-DIIS (wt  1.000):  0.8090  0.1910
  DIIS coefficients:  0.8090  0.1910
 SCF Error: norm([F,P])=      0.354747620624, max([F,P])=      0.113696988903
 orbitals (Q,E):
 ---------------
 AA :6...16          ( 2.00    -0.9350)  ( 2.00    -0.8677)  ( 2.00    -0.6031)  ( 2.00    -0.4987)
                     ( 2.00    -0.4879)  ( 2.00    -0.4218)  ( 2.00    -0.3709)  ( 2.00    -0.3571)
                     ( 2.00    -0.3162)  ( 2.00    -0.2548)  ( 0.00    -0.1576)
 AAA :1...7          ( 2.00    -1.5894)  ( 2.00    -1.5885)  ( 2.00    -0.3846)  ( 2.00    -0.3160)
                     ( 2.00    -0.3095)  ( 2.00    -0.2757)  ( 0.00    -0.1262)

 CYCLE    3
  SDIIS (wt  0.000):  0.5535  0.1131  0.3333
 A-DIIS (wt  1.000):  0.2357  0.0000  0.7643
  DIIS coefficients:  0.2357  0.0000  0.7643
 SCF Error: norm([F,P])=      0.112184554706, max([F,P])=      0.029732892172
 orbitals (Q,E):
 ---------------
 AA :6...16          ( 2.00    -0.9261)  ( 2.00    -0.8518)  ( 2.00    -0.5913)  ( 2.00    -0.4898)
                     ( 2.00    -0.4839)  ( 2.00    -0.4164)  ( 2.00    -0.3615)  ( 2.00    -0.3570)
                     ( 2.00    -0.3124)  ( 2.00    -0.2413)  ( 0.00    -0.1459)
 AAA :1...7          ( 2.00    -1.5794)  ( 2.00    -1.5781)  ( 2.00    -0.3738)  ( 2.00    -0.3136)
                     ( 2.00    -0.3029)  ( 2.00    -0.2671)  ( 0.00    -0.1118)

 CYCLE    4
  SDIIS (wt  0.000): -0.0909  0.7132  0.3778
 A-DIIS (wt  1.000):  0.0000  0.7332  0.2668
  DIIS coefficients:  0.0000  0.7332  0.2668
 SCF Error: norm([F,P])=      0.232369000644, max([F,P])=      0.052145543394
 orbitals (Q,E):
 ---------------
 AA :6...16          ( 2.00    -0.9204)  ( 2.00    -0.8657)  ( 2.00    -0.5870)  ( 2.00    -0.4790)
                     ( 2.00    -0.4776)  ( 2.00    -0.4150)  ( 2.00    -0.3575)  ( 2.00    -0.3505)
                     ( 2.00    -0.3113)  ( 2.00    -0.2586)  ( 0.00    -0.1435)
 AAA :1...7          ( 2.00    -1.5750)  ( 2.00    -1.5739)  ( 2.00    -0.3685)  ( 2.00    -0.3016)
                     ( 2.00    -0.3005)  ( 2.00    -0.2742)  ( 0.00    -0.1098)

 CYCLE    5
  SDIIS (wt  0.666):  0.1996 -0.0152  0.0639  0.7517
 A-DIIS (wt  0.334):  0.0000  0.0000  0.2658  0.7342
  DIIS coefficients:  0.1328 -0.0101  0.1314  0.7459
 SCF Error: norm([F,P])=      0.110524266609, max([F,P])=      0.034109003085
 orbitals (Q,E):
 ---------------
 AA :6...16          ( 2.00    -0.9216)  ( 2.00    -0.8604)  ( 2.00    -0.5907)  ( 2.00    -0.4829)
                     ( 2.00    -0.4774)  ( 2.00    -0.4143)  ( 2.00    -0.3571)  ( 2.00    -0.3500)
                     ( 2.00    -0.3092)  ( 2.00    -0.2512)  ( 0.00    -0.1455)
 AAA :1...7          ( 2.00    -1.5893)  ( 2.00    -1.5883)  ( 2.00    -0.3706)  ( 2.00    -0.3021)
                     ( 2.00    -0.2999)  ( 2.00    -0.2695)  ( 0.00    -0.1123)

 CYCLE    6
  SDIIS (wt  0.881):  0.0315  0.0359  0.1238  0.3963  0.4125
 A-DIIS (wt  0.119):  0.0000  0.0000  0.0000  0.1878  0.8122
  DIIS coefficients:  0.0278  0.0317  0.1091  0.3716  0.4599
 SCF Error: norm([F,P])=      0.055117187549, max([F,P])=      0.012757470192
 orbitals (Q,E):
 ---------------
 AA :6...16          ( 2.00    -0.9239)  ( 2.00    -0.8616)  ( 2.00    -0.5908)  ( 2.00    -0.4836)
                     ( 2.00    -0.4802)  ( 2.00    -0.4152)  ( 2.00    -0.3588)  ( 2.00    -0.3533)
                     ( 2.00    -0.3117)  ( 2.00    -0.2527)  ( 0.00    -0.1458)
 AAA :1...7          ( 2.00    -1.5827)  ( 2.00    -1.5816)  ( 2.00    -0.3712)  ( 2.00    -0.3044)
                     ( 2.00    -0.3022)  ( 2.00    -0.2716)  ( 0.00    -0.1119)

 CYCLE    7
  SDIIS (wt  0.962): -0.0259  0.0426  0.0571  0.0896  0.3326  0.5039
 A-DIIS (wt  0.038):  0.0000  0.0000  0.0000  0.0000  0.0953  0.9047
  DIIS coefficients: -0.0249  0.0409  0.0549  0.0862  0.3235  0.5193
 SCF Error: norm([F,P])=      0.018672965905, max([F,P])=      0.004802218185
 orbitals (Q,E):
 ---------------
 AA :6...16          ( 2.00    -0.9228)  ( 2.00    -0.8613)  ( 2.00    -0.5903)  ( 2.00    -0.4833)
                     ( 2.00    -0.4789)  ( 2.00    -0.4151)  ( 2.00    -0.3581)  ( 2.00    -0.3521)
                     ( 2.00    -0.3109)  ( 2.00    -0.2526)  ( 0.00    -0.1453)
 AAA :1...7          ( 2.00    -1.5832)  ( 2.00    -1.5821)  ( 2.00    -0.3706)  ( 2.00    -0.3037)
                     ( 2.00    -0.3011)  ( 2.00    -0.2712)  ( 0.00    -0.1116)

 CYCLE    8
  SDIIS (wt  0.992): -0.0211  0.0294  0.0290  0.0326  0.2001  0.3751  0.3548
 A-DIIS (wt  0.008):  0.0000  0.0000  0.0000  0.0000  0.0000  0.0728  0.9272
  DIIS coefficients: -0.0209  0.0291  0.0288  0.0323  0.1985  0.3727  0.3595
 SCF Error: norm([F,P])=      0.006505412447, max([F,P])=      0.001805023264
 orbitals (Q,E):
 ---------------
 AA :6...16          ( 2.00    -0.9228)  ( 2.00    -0.8612)  ( 2.00    -0.5903)  ( 2.00    -0.4831)
                     ( 2.00    -0.4791)  ( 2.00    -0.4149)  ( 2.00    -0.3580)  ( 2.00    -0.3522)
                     ( 2.00    -0.3109)  ( 2.00    -0.2525)  ( 0.00    -0.1454)
 AAA :1...7          ( 2.00    -1.5836)  ( 2.00    -1.5825)  ( 2.00    -0.3706)  ( 2.00    -0.3035)
                     ( 2.00    -0.3011)  ( 2.00    -0.2711)  ( 0.00    -0.1117)

 CYCLE    9
  SDIIS (wt  1.000): -0.0047  0.0072  0.0001  0.0035  0.0353  0.0979  0.2309  0.6299
  DIIS coefficients: -0.0047  0.0072  0.0001  0.0035  0.0353  0.0979  0.2309  0.6299
 SCF Error: norm([F,P])=      0.002217500475, max([F,P])=      0.000528687908
 orbitals (Q,E):
 ---------------
 AA :6...16          ( 2.00    -0.9229)  ( 2.00    -0.8615)  ( 2.00    -0.5904)  ( 2.00    -0.4832)
                     ( 2.00    -0.4791)  ( 2.00    -0.4150)  ( 2.00    -0.3581)  ( 2.00    -0.3522)
                     ( 2.00    -0.3110)  ( 2.00    -0.2527)  ( 0.00    -0.1455)
 AAA :1...7          ( 2.00    -1.5837)  ( 2.00    -1.5826)  ( 2.00    -0.3707)  ( 2.00    -0.3036)
                     ( 2.00    -0.3012)  ( 2.00    -0.2713)  ( 0.00    -0.1118)

 CYCLE   10
  SDIIS (wt  1.000): -0.0013  0.0020 -0.0014  0.0008  0.0104  0.0387  0.1041  0.3132  0.5335
  DIIS coefficients: -0.0013  0.0020 -0.0014  0.0008  0.0104  0.0387  0.1041  0.3132  0.5335
 SCF Error: norm([F,P])=      0.000385865304, max([F,P])=      0.000076653591
 orbitals (Q,E):
 ---------------
 AA :6...16          ( 2.00    -0.9229)  ( 2.00    -0.8614)  ( 2.00    -0.5904)  ( 2.00    -0.4831)
                     ( 2.00    -0.4791)  ( 2.00    -0.4150)  ( 2.00    -0.3581)  ( 2.00    -0.3522)
                     ( 2.00    -0.3110)  ( 2.00    -0.2527)  ( 0.00    -0.1454)
 AAA :1...7          ( 2.00    -1.5836)  ( 2.00    -1.5825)  ( 2.00    -0.3707)  ( 2.00    -0.3035)
                     ( 2.00    -0.3012)  ( 2.00    -0.2712)  ( 0.00    -0.1117)

 CYCLE   11
  SDIIS (wt  1.000):  0.0000  0.0000 -0.0007  0.0004  0.0017  0.0098  0.0291  0.0928  0.2293  0.6376
  DIIS coefficients:  0.0000  0.0000 -0.0007  0.0004  0.0017  0.0098  0.0291  0.0928  0.2293  0.6376
 SCF Error: norm([F,P])=      0.000103043529, max([F,P])=      0.000020792740
 orbitals (Q,E):
 ---------------
 AA :6...16          ( 2.00    -0.9229)  ( 2.00    -0.8614)  ( 2.00    -0.5904)  ( 2.00    -0.4831)
                     ( 2.00    -0.4791)  ( 2.00    -0.4150)  ( 2.00    -0.3581)  ( 2.00    -0.3522)
                     ( 2.00    -0.3110)  ( 2.00    -0.2527)  ( 0.00    -0.1454)
 AAA :1...7          ( 2.00    -1.5836)  ( 2.00    -1.5825)  ( 2.00    -0.3707)  ( 2.00    -0.3036)
                     ( 2.00    -0.3012)  ( 2.00    -0.2712)  ( 0.00    -0.1117)

 CYCLE   12
  SDIIS (wt  1.000): -0.0000 -0.0001 -0.0001  0.0003  0.0017  0.0046  0.0173  0.0553  0.1832  0.7377
  DIIS coefficients: -0.0000 -0.0001 -0.0001  0.0003  0.0017  0.0046  0.0173  0.0553  0.1832  0.7377
 SCF Error: norm([F,P])=      0.000027676961, max([F,P])=      0.000007225940
 orbitals (Q,E):
 ---------------
 AA :6...16          ( 2.00    -0.9229)  ( 2.00    -0.8614)  ( 2.00    -0.5904)  ( 2.00    -0.4831)
                     ( 2.00    -0.4791)  ( 2.00    -0.4150)  ( 2.00    -0.3581)  ( 2.00    -0.3522)
                     ( 2.00    -0.3110)  ( 2.00    -0.2527)  ( 0.00    -0.1454)
 AAA :1...7          ( 2.00    -1.5836)  ( 2.00    -1.5825)  ( 2.00    -0.3707)  ( 2.00    -0.3036)
                     ( 2.00    -0.3012)  ( 2.00    -0.2712)  ( 0.00    -0.1117)

 CYCLE   13
  SDIIS (wt  1.000):  0.0000 -0.0000  0.0000  0.0001  0.0003  0.0020  0.0088  0.0341  0.1780  0.7767
  DIIS coefficients:  0.0000 -0.0000  0.0000  0.0001  0.0003  0.0020  0.0088  0.0341  0.1780  0.7767
 SCF Error: norm([F,P])=      0.000002078791, max([F,P])=      0.000000362519
 orbitals (Q,E):
 ---------------
 AA :6...16          ( 2.00    -0.9229)  ( 2.00    -0.8614)  ( 2.00    -0.5904)  ( 2.00    -0.4831)
                     ( 2.00    -0.4791)  ( 2.00    -0.4150)  ( 2.00    -0.3581)  ( 2.00    -0.3522)
                     ( 2.00    -0.3110)  ( 2.00    -0.2527)  ( 0.00    -0.1454)
 AAA :1...7          ( 2.00    -1.5836)  ( 2.00    -1.5825)  ( 2.00    -0.3707)  ( 2.00    -0.3036)
                     ( 2.00    -0.3012)  ( 2.00    -0.2712)  ( 0.00    -0.1117)

 SCF CONVERGED
 cosmo_calcen: 0.5 (esolb+esolc) (Hartrees) =   -0.025728

 Solvation energy (screening term,uncorrected) =    -16.144561 kcal/mol

 Solvation energy (dispersion and cavitation terms) =      0.727273 kcal/mol
 Solvation Energy Contributions (Hartrees)
          esola   esolb+esolc
     0.02572799   -0.05145598
 esol last cycle   -0.02572799

 CYCLE   14
 *** Using FIT density in Focky
  SDIIS (wt  1.000): -0.0000  0.0000  0.0000 -0.0000  0.0000  0.0004  0.0015  0.0182  0.2146  0.7653
  DIIS coefficients: -0.0000  0.0000  0.0000 -0.0000  0.0000  0.0004  0.0015  0.0182  0.2146  0.7653
 SCF Error: norm([F,P])=      0.000000759363, max([F,P])=      0.000000147539
 orbitals (Q,E):
 ---------------
 AA :6...25          ( 2.00    -0.9229)  ( 2.00    -0.8614)  ( 2.00    -0.5904)  ( 2.00    -0.4831)
                     ( 2.00    -0.4791)  ( 2.00    -0.4150)  ( 2.00    -0.3581)  ( 2.00    -0.3522)
                     ( 2.00    -0.3110)  ( 2.00    -0.2527)  ( 0.00    -0.1454)  ( 0.00     0.0008)
                     ( 0.00     0.0163)  ( 0.00     0.0353)  ( 0.00     0.0934)  ( 0.00     0.1286)
                     ( 0.00     0.1587)  ( 0.00     0.1837)  ( 0.00     0.2054)  ( 0.00     0.2175)
 AAA :1...16         ( 2.00    -1.5836)  ( 2.00    -1.5825)  ( 2.00    -0.3707)  ( 2.00    -0.3036)
                     ( 2.00    -0.3012)  ( 2.00    -0.2712)  ( 0.00    -0.1117)  ( 0.00     0.0927)
                     ( 0.00     0.2804)  ( 0.00     0.2996)  ( 0.00     0.4341)  ( 0.00     0.4454)
                     ( 0.00     0.4817)  ( 0.00     0.5263)  ( 0.00     0.5562)  ( 0.00     0.6946)
 cosmo_calcen: 0.5 (esolb+esolc) (Hartrees) =   -0.025728

 Solvation energy (screening term,uncorrected) =    -16.144549 kcal/mol

 Solvation energy (dispersion and cavitation terms) =      0.727273 kcal/mol
 Solvation Energy Contributions (Hartrees)
          esola   esolb+esolc
     0.02572797   -0.05145595
 esol last cycle   -0.02572797


 Fit test: (difference of exact and fit density, squared integrated, result summed over spins)
         SCF:                                          0.00002997884523

 Gross Charges per Atom (Z minus electrons)
 ==========================================
             1.7619   -0.6914   -0.6667   -0.6608   -0.7964    0.3517    0.3429    0.3587
 Net Total:  0.00000000



 =================================================================
 M U L T I P O L E   D E R I V E D   C H A R G E   A N A L Y S I S
 =================================================================

 See: M. Swart, P.Th. van Duijnen, J.G. Snijders, J.Comput.Chem., (2001), p. 79-88.

 --------------------------------------- 
 Multipole derived atomic charges (a.u.)
 --------------------------------------- 

        Atom    Level:     MDC-m        MDC-d        MDC-q
 ---------------------------------------------------------
     1     As           2.218445     1.644939     1.236793
     2     O           -0.560543    -0.629402    -0.657738
     3     O           -0.565621    -0.727914    -0.691768
     4     O           -0.530360    -0.623763    -0.773392
     5     O           -0.894344    -0.752458    -0.611566
     6     H            0.097622     0.327353     0.408138
     7     H            0.112526     0.407823     0.527569
     8     H            0.122274     0.353422     0.561965
 *** Using NEW gradient routines ***


 Geometry CYCLE 19
 ==============

 Energy gradients wrt nuclear displacements
 ==========================================

     Atom      Cartesian (a.u./angstrom)
                 X         Y         Z
 ----------------------------------------
     1 As    0.005399  0.006394  0.000000
     2 O    -0.000328 -0.003327  0.000000
     3 O    -0.001434 -0.000851  0.000000
     4 O     0.001711  0.002787  0.000000
     5 O     0.003261 -0.002433  0.000000
     6 H    -0.004706 -0.001232  0.000000
     7 H    -0.002211 -0.001936  0.000000
     8 H    -0.001691  0.000598  0.000000
 ----------------------------------------

 dE(predicted):    -0.40859E-04, dE(actual):    -0.10950E-03, Trust radius:    2.262742, all in a.u.
 
----------------------------------------------------------------------
Geometry Convergence after Step  19       (Hartree/Angstrom,Angstrom)
----------------------------------------------------------------------
current energy                               -1.48494973 Hartree
energy change                      -0.00010950     0.00100000    T
constrained gradient max            0.00639426     0.00100000    F
constrained gradient rms            0.00247287     0.00066667    F
gradient max                        0.00639426
gradient rms                        0.00247287
cart. step max                      0.00389642     0.01000000    T
cart. step rms                      0.00160732     0.00666667    T
 


 Coordinates (Cartesian)
 =======================

     Atom                    bohr                                 angstrom                 Geometric Variables
                   X           Y           Z              X           Y           Z       (0:frozen, *:LT par.)
 --------------------------------------------------------------------------------------------------------------
     1 As      6.543295   -0.869152    0.000000       3.462563   -0.459935    0.000000      1       2       3
     2 O       9.319235    1.193359    0.000000       4.931527    0.631498    0.000000      4       5       6
     3 O       3.487795   -2.455448    0.000000       1.845662   -1.299367    0.000000      7       8       9
     4 O       4.734455    2.045314    0.000000       2.505366    1.082333    0.000000     10      11      12
     5 O       8.188327   -3.561102    0.000000       4.333076   -1.884454    0.000000     13      14      15
     6 H      10.704081   -0.051386    0.000000       5.664356   -0.027192    0.000000     16      17      18
     7 H       2.153491   -1.161316    0.000000       1.139578   -0.614542    0.000000     19      20      21
     8 H       5.955798    3.452074    0.000000       3.151673    1.826759    0.000000     22      23      24
 --------------------------------------------------------------------------------------------------------------

 Number of elements of the density matrix on this node (used, total):      1035      9730



 ===========================================
 Numerical Integration : Fuzzy Cells (Becke)
 ===========================================
  
 Becke grid quality: GOOD           
  
 Lebedev angular grid order:             min:  11 max:  35
 Nr. of radial points:                   min:  54 max:  80

 Total nr. of points:     113174
 Nr. of blocks:              886
 Block length:               128
 Nr. of dummy points:        234


 Test of Precision of the Numerical Integration Grid
 ===================================================

 Integral of the Total Core Density:                  25.99995470058435
 Relative Error:                                      -1.742E-06


 -------------------------------------------
  COSMO surface
  Area             =          388.880
  Volume           =          615.241
  Number of Points =          999
 -------------------------------------------



 ========================
 Density Fitting (zlmFit)
 ========================
  
 ZlmFit Fit Quality: GOOD           
  
 Max L-expansion:                        min:   7 max:   9
 Nr. of radial interpolation points:     min:  72 max: 132



 =====
 S C F  ***  ScaSCF  ***
 =====
  
 Initial density matrix is taken from previous geometry

 CYCLE    1
 SCF Error: norm([F,P])=      0.088590377944, max([F,P])=      0.027049199336
 orbitals (Q,E):
 ---------------
 AA :6...25          ( 2.00    -0.9367)  ( 2.00    -0.8494)  ( 2.00    -0.6084)  ( 2.00    -0.5087)
                     ( 2.00    -0.4892)  ( 2.00    -0.4225)  ( 2.00    -0.3778)  ( 2.00    -0.3563)
                     ( 2.00    -0.3093)  ( 2.00    -0.2325)  ( 0.00    -0.1588)  ( 0.00    -0.0264)
                     ( 0.00    -0.0020)  ( 0.00     0.0127)  ( 0.00     0.0943)  ( 0.00     0.1127)
                     ( 0.00     0.1371)  ( 0.00     0.1684)  ( 0.00     0.1831)  ( 0.00     0.2032)
 AAA :1...16         ( 2.00    -1.6029)  ( 2.00    -1.6017)  ( 2.00    -0.3913)  ( 2.00    -0.3238)
                     ( 2.00    -0.3108)  ( 2.00    -0.2614)  ( 0.00    -0.1263)  ( 0.00     0.0764)
                     ( 0.00     0.2606)  ( 0.00     0.2821)  ( 0.00     0.4148)  ( 0.00     0.4288)
                     ( 0.00     0.4633)  ( 0.00     0.5359)  ( 0.00     0.5494)  ( 0.00     0.6811)

 CYCLE    2
  SDIIS (wt  0.000):  0.8377  0.1623
 A-DIIS (wt  1.000):  0.8346  0.1654
  DIIS coefficients:  0.8346  0.1654
 SCF Error: norm([F,P])=      0.352319190000, max([F,P])=      0.112655857546
 orbitals (Q,E):
 ---------------
 AA :6...16          ( 2.00    -0.9345)  ( 2.00    -0.8651)  ( 2.00    -0.6028)  ( 2.00    -0.4995)
                     ( 2.00    -0.4872)  ( 2.00    -0.4214)  ( 2.00    -0.3712)  ( 2.00    -0.3568)
                     ( 2.00    -0.3149)  ( 2.00    -0.2516)  ( 0.00    -0.1572)
 AAA :1...7          ( 2.00    -1.5906)  ( 2.00    -1.5896)  ( 2.00    -0.3849)  ( 2.00    -0.3163)
                     ( 2.00    -0.3093)  ( 2.00    -0.2735)  ( 0.00    -0.1257)

 CYCLE    3
  SDIIS (wt  0.000):  0.5533  0.0654  0.3813
 A-DIIS (wt  1.000):  0.3822  0.0000  0.6178
  DIIS coefficients:  0.3822  0.0000  0.6178
 SCF Error: norm([F,P])=      0.097938296541, max([F,P])=      0.019056841235
 orbitals (Q,E):
 ---------------
 AA :6...16          ( 2.00    -0.9278)  ( 2.00    -0.8587)  ( 2.00    -0.5933)  ( 2.00    -0.4899)
                     ( 2.00    -0.4849)  ( 2.00    -0.4177)  ( 2.00    -0.3617)  ( 2.00    -0.3587)
                     ( 2.00    -0.3137)  ( 2.00    -0.2476)  ( 0.00    -0.1488)
 AAA :1...7          ( 2.00    -1.5805)  ( 2.00    -1.5794)  ( 2.00    -0.3758)  ( 2.00    -0.3118)
                     ( 2.00    -0.3054)  ( 2.00    -0.2713)  ( 0.00    -0.1155)

 CYCLE    4
  SDIIS (wt  0.000): -0.1070  0.5903  0.5167
 A-DIIS (wt  1.000):  0.0000  0.3495  0.6505
  DIIS coefficients:  0.0000  0.3495  0.6505
 SCF Error: norm([F,P])=      0.118459215472, max([F,P])=      0.025728585658
 orbitals (Q,E):
 ---------------
 AA :6...16          ( 2.00    -0.9207)  ( 2.00    -0.8717)  ( 2.00    -0.5873)  ( 2.00    -0.4783)
                     ( 2.00    -0.4726)  ( 2.00    -0.4155)  ( 2.00    -0.3583)  ( 2.00    -0.3457)
                     ( 2.00    -0.3098)  ( 2.00    -0.2671)  ( 0.00    -0.1441)
 AAA :1...7          ( 2.00    -1.5784)  ( 2.00    -1.5776)  ( 2.00    -0.3692)  ( 2.00    -0.3058)
                     ( 2.00    -0.2932)  ( 2.00    -0.2742)  ( 0.00    -0.1113)

 CYCLE    5
  SDIIS (wt  0.000):  0.1545 -0.2441  0.6751  0.4145
 A-DIIS (wt  1.000):  0.0000  0.0000  0.7593  0.2407
  DIIS coefficients:  0.0000  0.0000  0.7593  0.2407
 SCF Error: norm([F,P])=      0.293060366750, max([F,P])=      0.079338583381
 orbitals (Q,E):
 ---------------
 AA :6...16          ( 2.00    -0.9208)  ( 2.00    -0.8619)  ( 2.00    -0.5894)  ( 2.00    -0.4817)
                     ( 2.00    -0.4753)  ( 2.00    -0.4136)  ( 2.00    -0.3580)  ( 2.00    -0.3481)
                     ( 2.00    -0.3082)  ( 2.00    -0.2535)  ( 0.00    -0.1447)
 AAA :1...7          ( 2.00    -1.5874)  ( 2.00    -1.5864)  ( 2.00    -0.3701)  ( 2.00    -0.3022)
                     ( 2.00    -0.2979)  ( 2.00    -0.2695)  ( 0.00    -0.1117)

 CYCLE    6
  SDIIS (wt  0.736): -0.0770  0.0009  0.5328  0.0060  0.5373
 A-DIIS (wt  0.264):  0.0000  0.0000  0.3942  0.0000  0.6058
  DIIS coefficients: -0.0567  0.0006  0.4962  0.0044  0.5554
 SCF Error: norm([F,P])=      0.099364867349, max([F,P])=      0.027122353337
 orbitals (Q,E):
 ---------------
 AA :6...16          ( 2.00    -0.9227)  ( 2.00    -0.8630)  ( 2.00    -0.5900)  ( 2.00    -0.4825)
                     ( 2.00    -0.4798)  ( 2.00    -0.4152)  ( 2.00    -0.3585)  ( 2.00    -0.3530)
                     ( 2.00    -0.3117)  ( 2.00    -0.2541)  ( 0.00    -0.1456)
 AAA :1...7          ( 2.00    -1.5827)  ( 2.00    -1.5816)  ( 2.00    -0.3709)  ( 2.00    -0.3044)
                     ( 2.00    -0.3011)  ( 2.00    -0.2725)  ( 0.00    -0.1119)

 CYCLE    7
  SDIIS (wt  0.936): -0.0201 -0.0204  0.2107 -0.0289  0.3672  0.4915
 A-DIIS (wt  0.064):  0.0000  0.0000  0.0000  0.0000  0.0664  0.9336
  DIIS coefficients: -0.0188 -0.0191  0.1973 -0.0270  0.3480  0.5196
 SCF Error: norm([F,P])=      0.028209674097, max([F,P])=      0.007297722615
 orbitals (Q,E):
 ---------------
 AA :6...16          ( 2.00    -0.9228)  ( 2.00    -0.8616)  ( 2.00    -0.5899)  ( 2.00    -0.4833)
                     ( 2.00    -0.4787)  ( 2.00    -0.4153)  ( 2.00    -0.3585)  ( 2.00    -0.3524)
                     ( 2.00    -0.3110)  ( 2.00    -0.2528)  ( 0.00    -0.1453)
 AAA :1...7          ( 2.00    -1.5831)  ( 2.00    -1.5820)  ( 2.00    -0.3708)  ( 2.00    -0.3038)
                     ( 2.00    -0.3014)  ( 2.00    -0.2713)  ( 0.00    -0.1116)

 CYCLE    8
  SDIIS (wt  0.978):  0.0011 -0.0071  0.0218 -0.0257  0.1492  0.4516  0.4091
 A-DIIS (wt  0.022):  0.0000  0.0000  0.0000  0.0000  0.0000  0.1945  0.8055
  DIIS coefficients:  0.0011 -0.0070  0.0213 -0.0251  0.1460  0.4460  0.4178
 SCF Error: norm([F,P])=      0.012061721034, max([F,P])=      0.003170658970
 orbitals (Q,E):
 ---------------
 AA :6...16          ( 2.00    -0.9225)  ( 2.00    -0.8616)  ( 2.00    -0.5897)  ( 2.00    -0.4827)
                     ( 2.00    -0.4788)  ( 2.00    -0.4149)  ( 2.00    -0.3582)  ( 2.00    -0.3523)
                     ( 2.00    -0.3108)  ( 2.00    -0.2528)  ( 0.00    -0.1452)
 AAA :1...7          ( 2.00    -1.5834)  ( 2.00    -1.5823)  ( 2.00    -0.3706)  ( 2.00    -0.3034)
                     ( 2.00    -0.3011)  ( 2.00    -0.2713)  ( 0.00    -0.1115)

 CYCLE    9
  SDIIS (wt  1.000):  0.0038 -0.0028 -0.0065 -0.0039  0.0278  0.1544  0.1661  0.6611
  DIIS coefficients:  0.0038 -0.0028 -0.0065 -0.0039  0.0278  0.1544  0.1661  0.6611
 SCF Error: norm([F,P])=      0.001260504481, max([F,P])=      0.000299439522
 orbitals (Q,E):
 ---------------
 AA :6...16          ( 2.00    -0.9226)  ( 2.00    -0.8618)  ( 2.00    -0.5898)  ( 2.00    -0.4828)
                     ( 2.00    -0.4789)  ( 2.00    -0.4150)  ( 2.00    -0.3583)  ( 2.00    -0.3524)
                     ( 2.00    -0.3109)  ( 2.00    -0.2529)  ( 0.00    -0.1453)
 AAA :1...7          ( 2.00    -1.5836)  ( 2.00    -1.5825)  ( 2.00    -0.3707)  ( 2.00    -0.3035)
                     ( 2.00    -0.3012)  ( 2.00    -0.2714)  ( 0.00    -0.1116)

 CYCLE   10
  SDIIS (wt  1.000):  0.0010  0.0001 -0.0042 -0.0022  0.0086  0.0565  0.0611  0.3176  0.5615
  DIIS coefficients:  0.0010  0.0001 -0.0042 -0.0022  0.0086  0.0565  0.0611  0.3176  0.5615
 SCF Error: norm([F,P])=      0.000353266375, max([F,P])=      0.000078907711
 orbitals (Q,E):
 ---------------
 AA :6...16          ( 2.00    -0.9226)  ( 2.00    -0.8618)  ( 2.00    -0.5898)  ( 2.00    -0.4828)
                     ( 2.00    -0.4789)  ( 2.00    -0.4150)  ( 2.00    -0.3582)  ( 2.00    -0.3523)
                     ( 2.00    -0.3109)  ( 2.00    -0.2529)  ( 0.00    -0.1453)
 AAA :1...7          ( 2.00    -1.5835)  ( 2.00    -1.5824)  ( 2.00    -0.3707)  ( 2.00    -0.3035)
                     ( 2.00    -0.3012)  ( 2.00    -0.2714)  ( 0.00    -0.1116)

 CYCLE   11
  SDIIS (wt  1.000):  0.0001  0.0002 -0.0010 -0.0006  0.0015  0.0119  0.0133  0.0920  0.2396  0.6430
  DIIS coefficients:  0.0001  0.0002 -0.0010 -0.0006  0.0015  0.0119  0.0133  0.0920  0.2396  0.6430
 SCF Error: norm([F,P])=      0.000074531503, max([F,P])=      0.000018715320
 orbitals (Q,E):
 ---------------
 AA :6...16          ( 2.00    -0.9226)  ( 2.00    -0.8618)  ( 2.00    -0.5898)  ( 2.00    -0.4828)
                     ( 2.00    -0.4789)  ( 2.00    -0.4150)  ( 2.00    -0.3582)  ( 2.00    -0.3523)
                     ( 2.00    -0.3109)  ( 2.00    -0.2529)  ( 0.00    -0.1453)
 AAA :1...7          ( 2.00    -1.5835)  ( 2.00    -1.5824)  ( 2.00    -0.3707)  ( 2.00    -0.3035)
                     ( 2.00    -0.3012)  ( 2.00    -0.2714)  ( 0.00    -0.1116)

 CYCLE   12
  SDIIS (wt  1.000): -0.0000  0.0000 -0.0000 -0.0001 -0.0003 -0.0002  0.0045  0.0407  0.1798  0.7755
  DIIS coefficients: -0.0000  0.0000 -0.0000 -0.0001 -0.0003 -0.0002  0.0045  0.0407  0.1798  0.7755
 SCF Error: norm([F,P])=      0.000019500036, max([F,P])=      0.000005303718
 orbitals (Q,E):
 ---------------
 AA :6...16          ( 2.00    -0.9226)  ( 2.00    -0.8618)  ( 2.00    -0.5898)  ( 2.00    -0.4828)
                     ( 2.00    -0.4789)  ( 2.00    -0.4150)  ( 2.00    -0.3582)  ( 2.00    -0.3523)
                     ( 2.00    -0.3109)  ( 2.00    -0.2529)  ( 0.00    -0.1453)
 AAA :1...7          ( 2.00    -1.5835)  ( 2.00    -1.5824)  ( 2.00    -0.3707)  ( 2.00    -0.3035)
                     ( 2.00    -0.3012)  ( 2.00    -0.2714)  ( 0.00    -0.1116)

 CYCLE   13
  SDIIS (wt  1.000): -0.0000 -0.0000 -0.0000 -0.0000  0.0001  0.0033  0.0202  0.0843  0.4988  0.3934
  DIIS coefficients: -0.0000 -0.0000 -0.0000 -0.0000  0.0001  0.0033  0.0202  0.0843  0.4988  0.3934
 SCF Error: norm([F,P])=      0.000008484346, max([F,P])=      0.000002132266
 orbitals (Q,E):
 ---------------
 AA :6...16          ( 2.00    -0.9226)  ( 2.00    -0.8618)  ( 2.00    -0.5898)  ( 2.00    -0.4828)
                     ( 2.00    -0.4789)  ( 2.00    -0.4150)  ( 2.00    -0.3582)  ( 2.00    -0.3523)
                     ( 2.00    -0.3109)  ( 2.00    -0.2529)  ( 0.00    -0.1453)
 AAA :1...7          ( 2.00    -1.5835)  ( 2.00    -1.5824)  ( 2.00    -0.3707)  ( 2.00    -0.3035)
                     ( 2.00    -0.3012)  ( 2.00    -0.2714)  ( 0.00    -0.1116)

 CYCLE   14
  SDIIS (wt  1.000): -0.0000 -0.0000 -0.0000  0.0000  0.0008  0.0055  0.0263  0.1540  0.1731  0.6403
  DIIS coefficients: -0.0000 -0.0000 -0.0000  0.0000  0.0008  0.0055  0.0263  0.1540  0.1731  0.6403
 SCF Error: norm([F,P])=      0.000001239261, max([F,P])=      0.000000236415
 orbitals (Q,E):
 ---------------
 AA :6...16          ( 2.00    -0.9226)  ( 2.00    -0.8618)  ( 2.00    -0.5898)  ( 2.00    -0.4828)
                     ( 2.00    -0.4789)  ( 2.00    -0.4150)  ( 2.00    -0.3582)  ( 2.00    -0.3523)
                     ( 2.00    -0.3109)  ( 2.00    -0.2529)  ( 0.00    -0.1453)
 AAA :1...7          ( 2.00    -1.5835)  ( 2.00    -1.5824)  ( 2.00    -0.3707)  ( 2.00    -0.3035)
                     ( 2.00    -0.3012)  ( 2.00    -0.2714)  ( 0.00    -0.1116)

 SCF CONVERGED
 cosmo_calcen: 0.5 (esolb+esolc) (Hartrees) =   -0.025692

 Solvation energy (screening term,uncorrected) =    -16.122132 kcal/mol

 Solvation energy (dispersion and cavitation terms) =      0.727176 kcal/mol
 Solvation Energy Contributions (Hartrees)
          esola   esolb+esolc
     0.02569225   -0.05138450
 esol last cycle   -0.02569225

 CYCLE   15
 *** Using FIT density in Focky
  SDIIS (wt  1.000): -0.0000 -0.0000 -0.0000 -0.0000  0.0002  0.0025  0.0147  0.0242  0.1549  0.8035
  DIIS coefficients: -0.0000 -0.0000 -0.0000 -0.0000  0.0002  0.0025  0.0147  0.0242  0.1549  0.8035
 SCF Error: norm([F,P])=      0.000000166388, max([F,P])=      0.000000036866
 orbitals (Q,E):
 ---------------
 AA :6...25          ( 2.00    -0.9226)  ( 2.00    -0.8618)  ( 2.00    -0.5898)  ( 2.00    -0.4828)
                     ( 2.00    -0.4789)  ( 2.00    -0.4150)  ( 2.00    -0.3582)  ( 2.00    -0.3523)
                     ( 2.00    -0.3109)  ( 2.00    -0.2529)  ( 0.00    -0.1453)  ( 0.00     0.0005)
                     ( 0.00     0.0162)  ( 0.00     0.0353)  ( 0.00     0.0934)  ( 0.00     0.1283)
                     ( 0.00     0.1585)  ( 0.00     0.1836)  ( 0.00     0.2051)  ( 0.00     0.2171)
 AAA :1...16         ( 2.00    -1.5835)  ( 2.00    -1.5824)  ( 2.00    -0.3707)  ( 2.00    -0.3035)
                     ( 2.00    -0.3012)  ( 2.00    -0.2714)  ( 0.00    -0.1116)  ( 0.00     0.0926)
                     ( 0.00     0.2802)  ( 0.00     0.2997)  ( 0.00     0.4340)  ( 0.00     0.4456)
                     ( 0.00     0.4815)  ( 0.00     0.5264)  ( 0.00     0.5553)  ( 0.00     0.6943)
 cosmo_calcen: 0.5 (esolb+esolc) (Hartrees) =   -0.025692

 Solvation energy (screening term,uncorrected) =    -16.122130 kcal/mol

 Solvation energy (dispersion and cavitation terms) =      0.727176 kcal/mol
 Solvation Energy Contributions (Hartrees)
          esola   esolb+esolc
     0.02569225   -0.05138449
 esol last cycle   -0.02569225


 Fit test: (difference of exact and fit density, squared integrated, result summed over spins)
         SCF:                                          0.00002994400775

 Gross Charges per Atom (Z minus electrons)
 ==========================================
             1.7632   -0.6908   -0.6673   -0.6608   -0.7968    0.3513    0.3429    0.3583
 Net Total:  0.00000000



 =================================================================
 M U L T I P O L E   D E R I V E D   C H A R G E   A N A L Y S I S
 =================================================================

 See: M. Swart, P.Th. van Duijnen, J.G. Snijders, J.Comput.Chem., (2001), p. 79-88.

 --------------------------------------- 
 Multipole derived atomic charges (a.u.)
 --------------------------------------- 

        Atom    Level:     MDC-m        MDC-d        MDC-q
 ---------------------------------------------------------
     1     As           2.218525     1.645729     1.233886
     2     O           -0.560578    -0.627757    -0.655172
     3     O           -0.565666    -0.726822    -0.690079
     4     O           -0.530798    -0.622368    -0.772561
     5     O           -0.894588    -0.752410    -0.610212
     6     H            0.098290     0.325684     0.406237
     7     H            0.112006     0.406208     0.526803
     8     H            0.122808     0.351735     0.561099
 *** Using NEW gradient routines ***


 Geometry CYCLE 20
 ==============

 Energy gradients wrt nuclear displacements
 ==========================================

     Atom      Cartesian (a.u./angstrom)
                 X         Y         Z
 ----------------------------------------
     1 As    0.005762  0.004665  0.000000
     2 O    -0.002119  0.000065  0.000000
     3 O    -0.000239 -0.001887  0.000000
     4 O    -0.000532  0.000390  0.000000
     5 O     0.001283 -0.001577  0.000000
     6 H    -0.002696 -0.003354  0.000000
     7 H    -0.001983 -0.001037  0.000000
     8 H     0.000523  0.002735  0.000000
 ----------------------------------------
 
----------------------------------------------------------------------
Geometry Convergence after Step  20       (Hartree/Angstrom,Angstrom)
----------------------------------------------------------------------
current energy                               -1.48498555 Hartree
energy change                      -0.00003582     0.00100000    T
constrained gradient max            0.00576244     0.00100000    F
constrained gradient rms            0.00203019     0.00066667    F
gradient max                        0.00576244
gradient rms                        0.00203019
cart. step max                      0.00407963     0.01000000    T
cart. step rms                      0.00199374     0.00666667    T
 


 Coordinates (Cartesian)
 =======================

     Atom                    bohr                                 angstrom                 Geometric Variables
                   X           Y           Z              X           Y           Z       (0:frozen, *:LT par.)
 --------------------------------------------------------------------------------------------------------------
     1 As      6.541707   -0.874006    0.000000       3.461723   -0.462504    0.000000      1       2       3
     2 O       9.318003    1.197802    0.000000       4.930875    0.633849    0.000000      4       5       6
     3 O       3.487197   -2.456304    0.000000       1.845345   -1.299820    0.000000      7       8       9
     4 O       4.732606    2.040428    0.000000       2.504387    1.079748    0.000000     10      11      12
     5 O       8.180617   -3.563861    0.000000       4.328996   -1.885914    0.000000     13      14      15
     6 H      10.708650   -0.043692    0.000000       5.666773   -0.023121    0.000000     16      17      18
     7 H       2.159710   -1.154638    0.000000       1.142869   -0.611008    0.000000     19      20      21
     8 H       5.957988    3.446615    0.000000       3.152831    1.823870    0.000000     22      23      24
 --------------------------------------------------------------------------------------------------------------

 Number of elements of the density matrix on this node (used, total):      1035      9730



 ===========================================
 Numerical Integration : Fuzzy Cells (Becke)
 ===========================================
  
 Becke grid quality: GOOD           
  
 Lebedev angular grid order:             min:  11 max:  35
 Nr. of radial points:                   min:  54 max:  80

 Total nr. of points:     113176
 Nr. of blocks:              886
 Block length:               128
 Nr. of dummy points:        232


 Test of Precision of the Numerical Integration Grid
 ===================================================

 Integral of the Total Core Density:                  25.99995408471462
 Relative Error:                                      -1.766E-06


 -------------------------------------------
  COSMO surface
  Area             =          388.818
  Volume           =          615.143
  Number of Points =          997
 -------------------------------------------



 ========================
 Density Fitting (zlmFit)
 ========================
  
 ZlmFit Fit Quality: GOOD           
  
 Max L-expansion:                        min:   7 max:   9
 Nr. of radial interpolation points:     min:  72 max: 132



 =====
 S C F  ***  ScaSCF  ***
 =====
  
 Initial density matrix is taken from previous geometry

 CYCLE    1
 SCF Error: norm([F,P])=      0.088380878762, max([F,P])=      0.026988096571
 orbitals (Q,E):
 ---------------
 AA :6...25          ( 2.00    -0.9365)  ( 2.00    -0.8499)  ( 2.00    -0.6076)  ( 2.00    -0.5083)
                     ( 2.00    -0.4887)  ( 2.00    -0.4221)  ( 2.00    -0.3775)  ( 2.00    -0.3562)
                     ( 2.00    -0.3092)  ( 2.00    -0.2327)  ( 0.00    -0.1585)  ( 0.00    -0.0263)
                     ( 0.00    -0.0018)  ( 0.00     0.0128)  ( 0.00     0.0945)  ( 0.00     0.1128)
                     ( 0.00     0.1371)  ( 0.00     0.1685)  ( 0.00     0.1834)  ( 0.00     0.2031)
 AAA :1...16         ( 2.00    -1.6024)  ( 2.00    -1.6012)  ( 2.00    -0.3910)  ( 2.00    -0.3233)
                     ( 2.00    -0.3106)  ( 2.00    -0.2616)  ( 0.00    -0.1259)  ( 0.00     0.0766)
                     ( 0.00     0.2606)  ( 0.00     0.2827)  ( 0.00     0.4149)  ( 0.00     0.4292)
                     ( 0.00     0.4632)  ( 0.00     0.5363)  ( 0.00     0.5492)  ( 0.00     0.6811)

 CYCLE    2
  SDIIS (wt  0.000):  0.8376  0.1624
 A-DIIS (wt  1.000):  0.8423  0.1577
  DIIS coefficients:  0.8423  0.1577
 SCF Error: norm([F,P])=      0.350994736690, max([F,P])=      0.112158687916
 orbitals (Q,E):
 ---------------
 AA :6...16          ( 2.00    -0.9344)  ( 2.00    -0.8648)  ( 2.00    -0.6023)  ( 2.00    -0.4995)
                     ( 2.00    -0.4868)  ( 2.00    -0.4210)  ( 2.00    -0.3713)  ( 2.00    -0.3568)
                     ( 2.00    -0.3145)  ( 2.00    -0.2508)  ( 0.00    -0.1570)
 AAA :1...7          ( 2.00    -1.5908)  ( 2.00    -1.5899)  ( 2.00    -0.3849)  ( 2.00    -0.3162)
                     ( 2.00    -0.3092)  ( 2.00    -0.2731)  ( 0.00    -0.1254)

 CYCLE    3
  SDIIS (wt  0.000):  0.5521  0.0471  0.4008
 A-DIIS (wt  1.000):  0.4384  0.0000  0.5616
  DIIS coefficients:  0.4384  0.0000  0.5616
 SCF Error: norm([F,P])=      0.098114535971, max([F,P])=      0.021643336998
 orbitals (Q,E):
 ---------------
 AA :6...16          ( 2.00    -0.9285)  ( 2.00    -0.8605)  ( 2.00    -0.5938)  ( 2.00    -0.4904)
                     ( 2.00    -0.4851)  ( 2.00    -0.4179)  ( 2.00    -0.3624)  ( 2.00    -0.3589)
                     ( 2.00    -0.3139)  ( 2.00    -0.2488)  ( 0.00    -0.1496)
 AAA :1...7          ( 2.00    -1.5815)  ( 2.00    -1.5803)  ( 2.00    -0.3767)  ( 2.00    -0.3112)
                     ( 2.00    -0.3064)  ( 2.00    -0.2721)  ( 0.00    -0.1166)

 CYCLE    4
  SDIIS (wt  0.796): -0.1194  0.5292  0.5902
 A-DIIS (wt  0.204):  0.0000  0.0977  0.9023
  DIIS coefficients: -0.0950  0.4410  0.6540
 SCF Error: norm([F,P])=      0.096129556366, max([F,P])=      0.021229581137
 orbitals (Q,E):
 ---------------
 AA :6...16          ( 2.00    -0.9207)  ( 2.00    -0.8659)  ( 2.00    -0.5870)  ( 2.00    -0.4795)
                     ( 2.00    -0.4746)  ( 2.00    -0.4137)  ( 2.00    -0.3580)  ( 2.00    -0.3483)
                     ( 2.00    -0.3092)  ( 2.00    -0.2588)  ( 0.00    -0.1436)
 AAA :1...7          ( 2.00    -1.5802)  ( 2.00    -1.5793)  ( 2.00    -0.3690)  ( 2.00    -0.3029)
                     ( 2.00    -0.2968)  ( 2.00    -0.2722)  ( 0.00    -0.1104)

 CYCLE    5
  SDIIS (wt  0.000):  0.0640 -0.1344  0.5871  0.4833
 A-DIIS (wt  1.000):  0.0000  0.0000  0.6003  0.3997
  DIIS coefficients:  0.0000  0.0000  0.6003  0.3997
 SCF Error: norm([F,P])=      0.147207274811, max([F,P])=      0.035268019227
 orbitals (Q,E):
 ---------------
 AA :6...16          ( 2.00    -0.9210)  ( 2.00    -0.8615)  ( 2.00    -0.5889)  ( 2.00    -0.4819)
                     ( 2.00    -0.4777)  ( 2.00    -0.4142)  ( 2.00    -0.3573)  ( 2.00    -0.3510)
                     ( 2.00    -0.3098)  ( 2.00    -0.2522)  ( 0.00    -0.1447)
 AAA :1...7          ( 2.00    -1.5858)  ( 2.00    -1.5847)  ( 2.00    -0.3702)  ( 2.00    -0.3026)
                     ( 2.00    -0.2997)  ( 2.00    -0.2707)  ( 0.00    -0.1113)

 CYCLE    6
  SDIIS (wt  0.946):  0.0053 -0.0645  0.3364  0.2618  0.4611
 A-DIIS (wt  0.054):  0.0000  0.0000  0.0000  0.0000  1.0000
  DIIS coefficients:  0.0050 -0.0611  0.3183  0.2477  0.4901
 SCF Error: norm([F,P])=      0.030198680641, max([F,P])=      0.006316422846
 orbitals (Q,E):
 ---------------
 AA :6...16          ( 2.00    -0.9232)  ( 2.00    -0.8628)  ( 2.00    -0.5898)  ( 2.00    -0.4828)
                     ( 2.00    -0.4795)  ( 2.00    -0.4148)  ( 2.00    -0.3589)  ( 2.00    -0.3531)
                     ( 2.00    -0.3113)  ( 2.00    -0.2536)  ( 0.00    -0.1455)
 AAA :1...7          ( 2.00    -1.5831)  ( 2.00    -1.5820)  ( 2.00    -0.3711)  ( 2.00    -0.3036)
                     ( 2.00    -0.3021)  ( 2.00    -0.2720)  ( 0.00    -0.1117)

 CYCLE    7
  SDIIS (wt  0.978): -0.0150  0.0073  0.0602  0.0270  0.3440  0.5765
 A-DIIS (wt  0.022):  0.0000  0.0000  0.0000  0.0000  0.2103  0.7897
  DIIS coefficients: -0.0147  0.0071  0.0589  0.0264  0.3411  0.5812
 SCF Error: norm([F,P])=      0.012973528293, max([F,P])=      0.003161139227
 orbitals (Q,E):
 ---------------
 AA :6...16          ( 2.00    -0.9224)  ( 2.00    -0.8623)  ( 2.00    -0.5893)  ( 2.00    -0.4827)
                     ( 2.00    -0.4787)  ( 2.00    -0.4149)  ( 2.00    -0.3584)  ( 2.00    -0.3523)
                     ( 2.00    -0.3109)  ( 2.00    -0.2532)  ( 0.00    -0.1451)
 AAA :1...7          ( 2.00    -1.5830)  ( 2.00    -1.5819)  ( 2.00    -0.3707)  ( 2.00    -0.3034)
                     ( 2.00    -0.3012)  ( 2.00    -0.2716)  ( 0.00    -0.1113)

 CYCLE    8
  SDIIS (wt  0.991): -0.0140  0.0159  0.0154 -0.0032  0.2180  0.4306  0.3371
 A-DIIS (wt  0.009):  0.0000  0.0000  0.0000  0.0000  0.0000  0.2170  0.7830
  DIIS coefficients: -0.0139  0.0158  0.0153 -0.0032  0.2161  0.4287  0.3411
 SCF Error: norm([F,P])=      0.006468783766, max([F,P])=      0.001874655257
 orbitals (Q,E):
 ---------------
 AA :6...16          ( 2.00    -0.9223)  ( 2.00    -0.8622)  ( 2.00    -0.5893)  ( 2.00    -0.4824)
                     ( 2.00    -0.4789)  ( 2.00    -0.4146)  ( 2.00    -0.3583)  ( 2.00    -0.3524)
                     ( 2.00    -0.3108)  ( 2.00    -0.2531)  ( 0.00    -0.1451)
 AAA :1...7          ( 2.00    -1.5834)  ( 2.00    -1.5823)  ( 2.00    -0.3706)  ( 2.00    -0.3033)
                     ( 2.00    -0.3012)  ( 2.00    -0.2715)  ( 0.00    -0.1114)

 CYCLE    9
  SDIIS (wt  1.000): -0.0063  0.0113 -0.0047 -0.0068  0.0468  0.1094  0.1870  0.6634
  DIIS coefficients: -0.0063  0.0113 -0.0047 -0.0068  0.0468  0.1094  0.1870  0.6634
 SCF Error: norm([F,P])=      0.001641921142, max([F,P])=      0.000436687163
 orbitals (Q,E):
 ---------------
 AA :6...16          ( 2.00    -0.9224)  ( 2.00    -0.8624)  ( 2.00    -0.5894)  ( 2.00    -0.4825)
                     ( 2.00    -0.4789)  ( 2.00    -0.4147)  ( 2.00    -0.3584)  ( 2.00    -0.3524)
                     ( 2.00    -0.3109)  ( 2.00    -0.2533)  ( 0.00    -0.1452)
 AAA :1...7          ( 2.00    -1.5835)  ( 2.00    -1.5824)  ( 2.00    -0.3707)  ( 2.00    -0.3033)
                     ( 2.00    -0.3012)  ( 2.00    -0.2716)  ( 0.00    -0.1115)

 CYCLE   10
  SDIIS (wt  1.000): -0.0021  0.0041 -0.0030 -0.0028  0.0133  0.0388  0.0780  0.3114  0.5622
  DIIS coefficients: -0.0021  0.0041 -0.0030 -0.0028  0.0133  0.0388  0.0780  0.3114  0.5622
 SCF Error: norm([F,P])=      0.000361518837, max([F,P])=      0.000073215301
 orbitals (Q,E):
 ---------------
 AA :6...16          ( 2.00    -0.9224)  ( 2.00    -0.8624)  ( 2.00    -0.5893)  ( 2.00    -0.4825)
                     ( 2.00    -0.4789)  ( 2.00    -0.4147)  ( 2.00    -0.3584)  ( 2.00    -0.3524)
                     ( 2.00    -0.3109)  ( 2.00    -0.2533)  ( 0.00    -0.1451)
 AAA :1...7          ( 2.00    -1.5834)  ( 2.00    -1.5823)  ( 2.00    -0.3707)  ( 2.00    -0.3033)
                     ( 2.00    -0.3012)  ( 2.00    -0.2716)  ( 0.00    -0.1114)

 CYCLE   11
  SDIIS (wt  1.000): -0.0002  0.0006 -0.0008 -0.0003  0.0018  0.0087  0.0217  0.0915  0.2546  0.6224
  DIIS coefficients: -0.0002  0.0006 -0.0008 -0.0003  0.0018  0.0087  0.0217  0.0915  0.2546  0.6224
 SCF Error: norm([F,P])=      0.000113562744, max([F,P])=      0.000024186132
 orbitals (Q,E):
 ---------------
 AA :6...16          ( 2.00    -0.9224)  ( 2.00    -0.8624)  ( 2.00    -0.5893)  ( 2.00    -0.4825)
                     ( 2.00    -0.4789)  ( 2.00    -0.4147)  ( 2.00    -0.3584)  ( 2.00    -0.3524)
                     ( 2.00    -0.3109)  ( 2.00    -0.2533)  ( 0.00    -0.1451)
 AAA :1...7          ( 2.00    -1.5834)  ( 2.00    -1.5823)  ( 2.00    -0.3707)  ( 2.00    -0.3033)
                     ( 2.00    -0.3012)  ( 2.00    -0.2716)  ( 0.00    -0.1114)

 CYCLE   12
  SDIIS (wt  1.000):  0.0001 -0.0003 -0.0001  0.0007  0.0027  0.0057  0.0249  0.0736  0.1903  0.7024
  DIIS coefficients:  0.0001 -0.0003 -0.0001  0.0007  0.0027  0.0057  0.0249  0.0736  0.1903  0.7024
 SCF Error: norm([F,P])=      0.000030550652, max([F,P])=      0.000009179783
 orbitals (Q,E):
 ---------------
 AA :6...16          ( 2.00    -0.9224)  ( 2.00    -0.8624)  ( 2.00    -0.5893)  ( 2.00    -0.4825)
                     ( 2.00    -0.4789)  ( 2.00    -0.4147)  ( 2.00    -0.3584)  ( 2.00    -0.3524)
                     ( 2.00    -0.3109)  ( 2.00    -0.2533)  ( 0.00    -0.1451)
 AAA :1...7          ( 2.00    -1.5834)  ( 2.00    -1.5823)  ( 2.00    -0.3707)  ( 2.00    -0.3033)
                     ( 2.00    -0.3012)  ( 2.00    -0.2716)  ( 0.00    -0.1114)

 CYCLE   13
  SDIIS (wt  1.000): -0.0000 -0.0000  0.0001  0.0001  0.0001  0.0010  0.0025  0.0035  0.0900  0.9028
  DIIS coefficients: -0.0000 -0.0000  0.0001  0.0001  0.0001  0.0010  0.0025  0.0035  0.0900  0.9028
 SCF Error: norm([F,P])=      0.000003011764, max([F,P])=      0.000000618538
 orbitals (Q,E):
 ---------------
 AA :6...16          ( 2.00    -0.9224)  ( 2.00    -0.8624)  ( 2.00    -0.5893)  ( 2.00    -0.4825)
                     ( 2.00    -0.4789)  ( 2.00    -0.4147)  ( 2.00    -0.3584)  ( 2.00    -0.3524)
                     ( 2.00    -0.3109)  ( 2.00    -0.2533)  ( 0.00    -0.1451)
 AAA :1...7          ( 2.00    -1.5834)  ( 2.00    -1.5823)  ( 2.00    -0.3707)  ( 2.00    -0.3033)
                     ( 2.00    -0.3012)  ( 2.00    -0.2716)  ( 0.00    -0.1114)

 SCF CONVERGED
 cosmo_calcen: 0.5 (esolb+esolc) (Hartrees) =   -0.025616

 Solvation energy (screening term,uncorrected) =    -16.074460 kcal/mol

 Solvation energy (dispersion and cavitation terms) =      0.727059 kcal/mol
 Solvation Energy Contributions (Hartrees)
          esola   esolb+esolc
     0.02561628   -0.05123256
 esol last cycle   -0.02561628

 CYCLE   14
 *** Using FIT density in Focky
  SDIIS (wt  1.000): -0.0000  0.0000  0.0000 -0.0000  0.0001  0.0006  0.0003  0.0258  0.3109  0.6623
  DIIS coefficients: -0.0000  0.0000  0.0000 -0.0000  0.0001  0.0006  0.0003  0.0258  0.3109  0.6623
 SCF Error: norm([F,P])=      0.000000828780, max([F,P])=      0.000000241678
 orbitals (Q,E):
 ---------------
 AA :6...25          ( 2.00    -0.9224)  ( 2.00    -0.8624)  ( 2.00    -0.5893)  ( 2.00    -0.4825)
                     ( 2.00    -0.4789)  ( 2.00    -0.4147)  ( 2.00    -0.3584)  ( 2.00    -0.3524)
                     ( 2.00    -0.3109)  ( 2.00    -0.2533)  ( 0.00    -0.1451)  ( 0.00     0.0003)
                     ( 0.00     0.0161)  ( 0.00     0.0354)  ( 0.00     0.0934)  ( 0.00     0.1281)
                     ( 0.00     0.1585)  ( 0.00     0.1833)  ( 0.00     0.2051)  ( 0.00     0.2169)
 AAA :1...16         ( 2.00    -1.5834)  ( 2.00    -1.5823)  ( 2.00    -0.3707)  ( 2.00    -0.3033)
                     ( 2.00    -0.3012)  ( 2.00    -0.2716)  ( 0.00    -0.1114)  ( 0.00     0.0926)
                     ( 0.00     0.2800)  ( 0.00     0.3000)  ( 0.00     0.4339)  ( 0.00     0.4457)
                     ( 0.00     0.4813)  ( 0.00     0.5266)  ( 0.00     0.5547)  ( 0.00     0.6942)
 cosmo_calcen: 0.5 (esolb+esolc) (Hartrees) =   -0.025616

 Solvation energy (screening term,uncorrected) =    -16.074473 kcal/mol

 Solvation energy (dispersion and cavitation terms) =      0.727059 kcal/mol
 Solvation Energy Contributions (Hartrees)
          esola   esolb+esolc
     0.02561630   -0.05123260
 esol last cycle   -0.02561630


 Fit test: (difference of exact and fit density, squared integrated, result summed over spins)
         SCF:                                          0.00002991802063

 Gross Charges per Atom (Z minus electrons)
 ==========================================
             1.7648   -0.6907   -0.6681   -0.6606   -0.7974    0.3512    0.3428    0.3579
 Net Total:  0.00000000



 =================================================================
 M U L T I P O L E   D E R I V E D   C H A R G E   A N A L Y S I S
 =================================================================

 See: M. Swart, P.Th. van Duijnen, J.G. Snijders, J.Comput.Chem., (2001), p. 79-88.

 --------------------------------------- 
 Multipole derived atomic charges (a.u.)
 --------------------------------------- 

        Atom    Level:     MDC-m        MDC-d        MDC-q
 ---------------------------------------------------------
     1     As           2.218880     1.647595     1.233409
     2     O           -0.560736    -0.627390    -0.654927
     3     O           -0.565802    -0.726200    -0.689475
     4     O           -0.530945    -0.620994    -0.773794
     5     O           -0.894891    -0.752271    -0.608748
     6     H            0.098841     0.324327     0.404910
     7     H            0.111590     0.404939     0.527106
     8     H            0.123063     0.349995     0.561520
 *** Using NEW gradient routines ***


 Geometry CYCLE 21
 ==============

 Energy gradients wrt nuclear displacements
 ==========================================

     Atom      Cartesian (a.u./angstrom)
                 X         Y         Z
 ----------------------------------------
     1 As    0.005531  0.001173  0.000000
     2 O    -0.002473  0.002877  0.000000
     3 O     0.000974 -0.002269  0.000000
     4 O    -0.002012 -0.001374  0.000000
     5 O    -0.001104  0.000530  0.000000
     6 H    -0.001127 -0.004586  0.000000
     7 H    -0.001727 -0.000351  0.000000
     8 H     0.001938  0.003999  0.000000
 ----------------------------------------
 
----------------------------------------------------------------------
Geometry Convergence after Step  21       (Hartree/Angstrom,Angstrom)
----------------------------------------------------------------------
current energy                               -1.48502403 Hartree
energy change                      -0.00003848     0.00100000    T
constrained gradient max            0.00553109     0.00100000    F
constrained gradient rms            0.00209216     0.00066667    F
gradient max                        0.00553109
gradient rms                        0.00209216
cart. step max                      0.00672372     0.01000000    T
cart. step rms                      0.00258254     0.00666667    T
 


 Coordinates (Cartesian)
 =======================

     Atom                    bohr                                 angstrom                 Geometric Variables
                   X           Y           Z              X           Y           Z       (0:frozen, *:LT par.)
 --------------------------------------------------------------------------------------------------------------
     1 As      6.539302   -0.881038    0.000000       3.460449   -0.466225    0.000000      1       2       3
     2 O       9.318473    1.200972    0.000000       4.931124    0.635527    0.000000      4       5       6
     3 O       3.484264   -2.455560    0.000000       1.843793   -1.299427    0.000000      7       8       9
     4 O       4.731785    2.034390    0.000000       2.503953    1.076553    0.000000     10      11      12
     5 O       8.172521   -3.568060    0.000000       4.324712   -1.888136    0.000000     13      14      15
     6 H      10.718075   -0.030986    0.000000       5.671761   -0.016397    0.000000     16      17      18
     7 H       2.163622   -1.146876    0.000000       1.144940   -0.606901    0.000000     19      20      21
     8 H       5.958435    3.439501    0.000000       3.153068    1.820105    0.000000     22      23      24
 --------------------------------------------------------------------------------------------------------------

 Number of elements of the density matrix on this node (used, total):      1035      9730



 ===========================================
 Numerical Integration : Fuzzy Cells (Becke)
 ===========================================
  
 Becke grid quality: GOOD           
  
 Lebedev angular grid order:             min:  11 max:  35
 Nr. of radial points:                   min:  54 max:  80

 Total nr. of points:     113174
 Nr. of blocks:              886
 Block length:               128
 Nr. of dummy points:        234


 Test of Precision of the Numerical Integration Grid
 ===================================================

 Integral of the Total Core Density:                  25.99995400072685
 Relative Error:                                      -1.769E-06


 -------------------------------------------
  COSMO surface
  Area             =          388.794
  Volume           =          615.088
  Number of Points =          997
 -------------------------------------------



 ========================
 Density Fitting (zlmFit)
 ========================
  
 ZlmFit Fit Quality: GOOD           
  
 Max L-expansion:                        min:   7 max:   9
 Nr. of radial interpolation points:     min:  72 max: 132



 =====
 S C F  ***  ScaSCF  ***
 =====
  
 Initial density matrix is taken from previous geometry

 CYCLE    1
 SCF Error: norm([F,P])=      0.088054165948, max([F,P])=      0.026958993204
 orbitals (Q,E):
 ---------------
 AA :6...25          ( 2.00    -0.9364)  ( 2.00    -0.8507)  ( 2.00    -0.6070)  ( 2.00    -0.5079)
                     ( 2.00    -0.4885)  ( 2.00    -0.4212)  ( 2.00    -0.3772)  ( 2.00    -0.3561)
                     ( 2.00    -0.3091)  ( 2.00    -0.2330)  ( 0.00    -0.1582)  ( 0.00    -0.0260)
                     ( 0.00    -0.0017)  ( 0.00     0.0131)  ( 0.00     0.0946)  ( 0.00     0.1129)
                     ( 0.00     0.1373)  ( 0.00     0.1683)  ( 0.00     0.1839)  ( 0.00     0.2031)
 AAA :1...16         ( 2.00    -1.6021)  ( 2.00    -1.6009)  ( 2.00    -0.3906)  ( 2.00    -0.3226)
                     ( 2.00    -0.3105)  ( 2.00    -0.2619)  ( 0.00    -0.1255)  ( 0.00     0.0768)
                     ( 0.00     0.2606)  ( 0.00     0.2833)  ( 0.00     0.4151)  ( 0.00     0.4296)
                     ( 0.00     0.4631)  ( 0.00     0.5368)  ( 0.00     0.5493)  ( 0.00     0.6813)

 CYCLE    2
  SDIIS (wt  0.000):  0.8375  0.1625
 A-DIIS (wt  1.000):  0.8535  0.1465
  DIIS coefficients:  0.8535  0.1465
 SCF Error: norm([F,P])=      0.349509651754, max([F,P])=      0.111661355064
 orbitals (Q,E):
 ---------------
 AA :6...16          ( 2.00    -0.9345)  ( 2.00    -0.8644)  ( 2.00    -0.6021)  ( 2.00    -0.4999)
                     ( 2.00    -0.4868)  ( 2.00    -0.4202)  ( 2.00    -0.3715)  ( 2.00    -0.3567)
                     ( 2.00    -0.3140)  ( 2.00    -0.2498)  ( 0.00    -0.1569)
 AAA :1...7          ( 2.00    -1.5914)  ( 2.00    -1.5904)  ( 2.00    -0.3850)  ( 2.00    -0.3161)
                     ( 2.00    -0.3091)  ( 2.00    -0.2724)  ( 0.00    -0.1251)

 CYCLE    3
  SDIIS (wt  0.000):  0.5513  0.0174  0.4313
 A-DIIS (wt  1.000):  0.5191  0.0000  0.4809
  DIIS coefficients:  0.5191  0.0000  0.4809
 SCF Error: norm([F,P])=      0.102735439796, max([F,P])=      0.027264112295
 orbitals (Q,E):
 ---------------
 AA :6...16          ( 2.00    -0.9297)  ( 2.00    -0.8621)  ( 2.00    -0.5950)  ( 2.00    -0.4917)
                     ( 2.00    -0.4856)  ( 2.00    -0.4178)  ( 2.00    -0.3638)  ( 2.00    -0.3586)
                     ( 2.00    -0.3140)  ( 2.00    -0.2496)  ( 0.00    -0.1509)
 AAA :1...7          ( 2.00    -1.5831)  ( 2.00    -1.5821)  ( 2.00    -0.3781)  ( 2.00    -0.3107)
                     ( 2.00    -0.3079)  ( 2.00    -0.2726)  ( 0.00    -0.1181)

 CYCLE    4
  SDIIS (wt  0.812): -0.1440  0.4129  0.7311
 A-DIIS (wt  0.188):  0.0000  0.0000  1.0000
  DIIS coefficients: -0.1169  0.3352  0.7817
 SCF Error: norm([F,P])=      0.076650860098, max([F,P])=      0.019627117524
 orbitals (Q,E):
 ---------------
 AA :6...16          ( 2.00    -0.9207)  ( 2.00    -0.8663)  ( 2.00    -0.5867)  ( 2.00    -0.4794)
                     ( 2.00    -0.4749)  ( 2.00    -0.4133)  ( 2.00    -0.3578)  ( 2.00    -0.3487)
                     ( 2.00    -0.3094)  ( 2.00    -0.2587)  ( 0.00    -0.1435)
 AAA :1...7          ( 2.00    -1.5798)  ( 2.00    -1.5788)  ( 2.00    -0.3690)  ( 2.00    -0.3026)
                     ( 2.00    -0.2971)  ( 2.00    -0.2724)  ( 0.00    -0.1102)

 CYCLE    5
  SDIIS (wt  0.000):  0.0869 -0.2700  0.6790  0.5040
 A-DIIS (wt  1.000):  0.0000  0.0000  0.6037  0.3963
  DIIS coefficients:  0.0000  0.0000  0.6037  0.3963
 SCF Error: norm([F,P])=      0.133290520582, max([F,P])=      0.032576639688
 orbitals (Q,E):
 ---------------
 AA :6...16          ( 2.00    -0.9206)  ( 2.00    -0.8620)  ( 2.00    -0.5882)  ( 2.00    -0.4818)
                     ( 2.00    -0.4784)  ( 2.00    -0.4139)  ( 2.00    -0.3576)  ( 2.00    -0.3516)
                     ( 2.00    -0.3104)  ( 2.00    -0.2522)  ( 0.00    -0.1444)
 AAA :1...7          ( 2.00    -1.5839)  ( 2.00    -1.5828)  ( 2.00    -0.3700)  ( 2.00    -0.3038)
                     ( 2.00    -0.2991)  ( 2.00    -0.2714)  ( 0.00    -0.1108)

 CYCLE    6
  SDIIS (wt  0.920):  0.0316 -0.0662  0.2344  0.3143  0.4860
 A-DIIS (wt  0.080):  0.0000  0.0000  0.0000  0.1508  0.8492
  DIIS coefficients:  0.0290 -0.0609  0.2156  0.3012  0.5150
 SCF Error: norm([F,P])=      0.043070572769, max([F,P])=      0.008912253548
 orbitals (Q,E):
 ---------------
 AA :6...16          ( 2.00    -0.9231)  ( 2.00    -0.8635)  ( 2.00    -0.5895)  ( 2.00    -0.4827)
                     ( 2.00    -0.4796)  ( 2.00    -0.4143)  ( 2.00    -0.3590)  ( 2.00    -0.3530)
                     ( 2.00    -0.3113)  ( 2.00    -0.2539)  ( 0.00    -0.1455)
 AAA :1...7          ( 2.00    -1.5833)  ( 2.00    -1.5822)  ( 2.00    -0.3711)  ( 2.00    -0.3032)
                     ( 2.00    -0.3022)  ( 2.00    -0.2721)  ( 0.00    -0.1116)

 CYCLE    7
  SDIIS (wt  0.971): -0.0117  0.0509 -0.0275  0.0499  0.3679  0.5706
 A-DIIS (wt  0.029):  0.0000  0.0000  0.0000  0.0000  0.1280  0.8720
  DIIS coefficients: -0.0114  0.0494 -0.0268  0.0484  0.3610  0.5793
 SCF Error: norm([F,P])=      0.013734008305, max([F,P])=      0.003833255926
 orbitals (Q,E):
 ---------------
 AA :6...16          ( 2.00    -0.9223)  ( 2.00    -0.8631)  ( 2.00    -0.5890)  ( 2.00    -0.4825)
                     ( 2.00    -0.4788)  ( 2.00    -0.4143)  ( 2.00    -0.3585)  ( 2.00    -0.3523)
                     ( 2.00    -0.3109)  ( 2.00    -0.2536)  ( 0.00    -0.1450)
 AAA :1...7          ( 2.00    -1.5830)  ( 2.00    -1.5819)  ( 2.00    -0.3706)  ( 2.00    -0.3031)
                     ( 2.00    -0.3012)  ( 2.00    -0.2718)  ( 0.00    -0.1112)

 CYCLE    8
  SDIIS (wt  0.991): -0.0140  0.0487 -0.0409  0.0095  0.2322  0.4282  0.3363
 A-DIIS (wt  0.009):  0.0000  0.0000  0.0000  0.0000  0.0000  0.1966  0.8034
  DIIS coefficients: -0.0139  0.0482 -0.0405  0.0095  0.2301  0.4260  0.3406
 SCF Error: norm([F,P])=      0.006600582666, max([F,P])=      0.001920118688
 orbitals (Q,E):
 ---------------
 AA :6...16          ( 2.00    -0.9222)  ( 2.00    -0.8630)  ( 2.00    -0.5890)  ( 2.00    -0.4822)
                     ( 2.00    -0.4790)  ( 2.00    -0.4141)  ( 2.00    -0.3584)  ( 2.00    -0.3524)
                     ( 2.00    -0.3108)  ( 2.00    -0.2535)  ( 0.00    -0.1450)
 AAA :1...7          ( 2.00    -1.5833)  ( 2.00    -1.5822)  ( 2.00    -0.3706)  ( 2.00    -0.3030)
                     ( 2.00    -0.3012)  ( 2.00    -0.2718)  ( 0.00    -0.1112)

 CYCLE    9
  SDIIS (wt  1.000): -0.0073  0.0208 -0.0177 -0.0039  0.0502  0.1045  0.1886  0.6648
  DIIS coefficients: -0.0073  0.0208 -0.0177 -0.0039  0.0502  0.1045  0.1886  0.6648
 SCF Error: norm([F,P])=      0.001729305682, max([F,P])=      0.000458026978
 orbitals (Q,E):
 ---------------
 AA :6...16          ( 2.00    -0.9223)  ( 2.00    -0.8632)  ( 2.00    -0.5891)  ( 2.00    -0.4823)
                     ( 2.00    -0.4790)  ( 2.00    -0.4142)  ( 2.00    -0.3584)  ( 2.00    -0.3524)
                     ( 2.00    -0.3109)  ( 2.00    -0.2537)  ( 0.00    -0.1451)
 AAA :1...7          ( 2.00    -1.5834)  ( 2.00    -1.5824)  ( 2.00    -0.3707)  ( 2.00    -0.3030)
                     ( 2.00    -0.3013)  ( 2.00    -0.2719)  ( 0.00    -0.1113)

 CYCLE   10
  SDIIS (wt  1.000): -0.0025  0.0071 -0.0066 -0.0019  0.0134  0.0343  0.0782  0.3122  0.5659
  DIIS coefficients: -0.0025  0.0071 -0.0066 -0.0019  0.0134  0.0343  0.0782  0.3122  0.5659
 SCF Error: norm([F,P])=      0.000368619030, max([F,P])=      0.000072377831
 orbitals (Q,E):
 ---------------
 AA :6...16          ( 2.00    -0.9223)  ( 2.00    -0.8632)  ( 2.00    -0.5891)  ( 2.00    -0.4823)
                     ( 2.00    -0.4790)  ( 2.00    -0.4142)  ( 2.00    -0.3584)  ( 2.00    -0.3524)
                     ( 2.00    -0.3109)  ( 2.00    -0.2537)  ( 0.00    -0.1451)
 AAA :1...7          ( 2.00    -1.5833)  ( 2.00    -1.5823)  ( 2.00    -0.3707)  ( 2.00    -0.3030)
                     ( 2.00    -0.3012)  ( 2.00    -0.2719)  ( 0.00    -0.1113)

 CYCLE   11
  SDIIS (wt  1.000): -0.0003  0.0010 -0.0011 -0.0002  0.0015  0.0069  0.0215  0.0901  0.2549  0.6258
  DIIS coefficients: -0.0003  0.0010 -0.0011 -0.0002  0.0015  0.0069  0.0215  0.0901  0.2549  0.6258
 SCF Error: norm([F,P])=      0.000118912926, max([F,P])=      0.000025668057
 orbitals (Q,E):
 ---------------
 AA :6...16          ( 2.00    -0.9223)  ( 2.00    -0.8632)  ( 2.00    -0.5891)  ( 2.00    -0.4823)
                     ( 2.00    -0.4790)  ( 2.00    -0.4142)  ( 2.00    -0.3584)  ( 2.00    -0.3524)
                     ( 2.00    -0.3109)  ( 2.00    -0.2537)  ( 0.00    -0.1451)
 AAA :1...7          ( 2.00    -1.5834)  ( 2.00    -1.5823)  ( 2.00    -0.3707)  ( 2.00    -0.3030)
                     ( 2.00    -0.3012)  ( 2.00    -0.2719)  ( 0.00    -0.1113)

 CYCLE   12
  SDIIS (wt  1.000):  0.0002 -0.0004 -0.0001  0.0005  0.0020  0.0055  0.0237  0.0732  0.1931  0.7023
  DIIS coefficients:  0.0002 -0.0004 -0.0001  0.0005  0.0020  0.0055  0.0237  0.0732  0.1931  0.7023
 SCF Error: norm([F,P])=      0.000032036518, max([F,P])=      0.000009569882
 orbitals (Q,E):
 ---------------
 AA :6...16          ( 2.00    -0.9223)  ( 2.00    -0.8632)  ( 2.00    -0.5891)  ( 2.00    -0.4823)
                     ( 2.00    -0.4790)  ( 2.00    -0.4142)  ( 2.00    -0.3584)  ( 2.00    -0.3524)
                     ( 2.00    -0.3109)  ( 2.00    -0.2537)  ( 0.00    -0.1451)
 AAA :1...7          ( 2.00    -1.5834)  ( 2.00    -1.5823)  ( 2.00    -0.3707)  ( 2.00    -0.3030)
                     ( 2.00    -0.3012)  ( 2.00    -0.2719)  ( 0.00    -0.1113)

 CYCLE   13
  SDIIS (wt  1.000): -0.0000 -0.0000  0.0000  0.0000 -0.0001  0.0005  0.0004 -0.0017  0.0556  0.9452
  DIIS coefficients: -0.0000 -0.0000  0.0000  0.0000 -0.0001  0.0005  0.0004 -0.0017  0.0556  0.9452
 SCF Error: norm([F,P])=      0.000003259294, max([F,P])=      0.000000723139
 orbitals (Q,E):
 ---------------
 AA :6...16          ( 2.00    -0.9223)  ( 2.00    -0.8632)  ( 2.00    -0.5891)  ( 2.00    -0.4823)
                     ( 2.00    -0.4790)  ( 2.00    -0.4142)  ( 2.00    -0.3584)  ( 2.00    -0.3524)
                     ( 2.00    -0.3109)  ( 2.00    -0.2537)  ( 0.00    -0.1451)
 AAA :1...7          ( 2.00    -1.5834)  ( 2.00    -1.5823)  ( 2.00    -0.3707)  ( 2.00    -0.3030)
                     ( 2.00    -0.3012)  ( 2.00    -0.2719)  ( 0.00    -0.1113)

 SCF CONVERGED
 cosmo_calcen: 0.5 (esolb+esolc) (Hartrees) =   -0.025525

 Solvation energy (screening term,uncorrected) =    -16.017074 kcal/mol

 Solvation energy (dispersion and cavitation terms) =      0.727014 kcal/mol
 Solvation Energy Contributions (Hartrees)
          esola   esolb+esolc
     0.02552483   -0.05104966
 esol last cycle   -0.02552483

 CYCLE   14
 *** Using FIT density in Focky
  SDIIS (wt  1.000): -0.0000  0.0000  0.0000  0.0000  0.0003  0.0008  0.0007  0.0226  0.3439  0.6319
  DIIS coefficients: -0.0000  0.0000  0.0000  0.0000  0.0003  0.0008  0.0007  0.0226  0.3439  0.6319
 SCF Error: norm([F,P])=      0.000000822677, max([F,P])=      0.000000214114
 orbitals (Q,E):
 ---------------
 AA :6...25          ( 2.00    -0.9223)  ( 2.00    -0.8632)  ( 2.00    -0.5891)  ( 2.00    -0.4823)
                     ( 2.00    -0.4790)  ( 2.00    -0.4142)  ( 2.00    -0.3584)  ( 2.00    -0.3524)
                     ( 2.00    -0.3109)  ( 2.00    -0.2537)  ( 0.00    -0.1451)  ( 0.00     0.0003)
                     ( 0.00     0.0161)  ( 0.00     0.0356)  ( 0.00     0.0932)  ( 0.00     0.1279)
                     ( 0.00     0.1587)  ( 0.00     0.1829)  ( 0.00     0.2052)  ( 0.00     0.2167)
 AAA :1...16         ( 2.00    -1.5834)  ( 2.00    -1.5823)  ( 2.00    -0.3707)  ( 2.00    -0.3030)
                     ( 2.00    -0.3012)  ( 2.00    -0.2719)  ( 0.00    -0.1113)  ( 0.00     0.0926)
                     ( 0.00     0.2798)  ( 0.00     0.3004)  ( 0.00     0.4338)  ( 0.00     0.4457)
                     ( 0.00     0.4810)  ( 0.00     0.5269)  ( 0.00     0.5546)  ( 0.00     0.6943)
 cosmo_calcen: 0.5 (esolb+esolc) (Hartrees) =   -0.025525

 Solvation energy (screening term,uncorrected) =    -16.017085 kcal/mol

 Solvation energy (dispersion and cavitation terms) =      0.727014 kcal/mol
 Solvation Energy Contributions (Hartrees)
          esola   esolb+esolc
     0.02552485   -0.05104969
 esol last cycle   -0.02552485


 Fit test: (difference of exact and fit density, squared integrated, result summed over spins)
         SCF:                                          0.00002989746668

 Gross Charges per Atom (Z minus electrons)
 ==========================================
             1.7657   -0.6907   -0.6687   -0.6604   -0.7977    0.3514    0.3428    0.3577
 Net Total: -0.00000000



 =================================================================
 M U L T I P O L E   D E R I V E D   C H A R G E   A N A L Y S I S
 =================================================================

 See: M. Swart, P.Th. van Duijnen, J.G. Snijders, J.Comput.Chem., (2001), p. 79-88.

 --------------------------------------- 
 Multipole derived atomic charges (a.u.)
 --------------------------------------- 

        Atom    Level:     MDC-m        MDC-d        MDC-q
 ---------------------------------------------------------
     1     As           2.219144     1.649755     1.235681
     2     O           -0.560930    -0.628375    -0.657299
     3     O           -0.565965    -0.726067    -0.690219
     4     O           -0.530642    -0.619877    -0.777685
     5     O           -0.895174    -0.751949    -0.607434
     6     H            0.099335     0.323677     0.404580
     7     H            0.111329     0.404245     0.528681
     8     H            0.122902     0.348590     0.563695
 *** Using NEW gradient routines ***


 Geometry CYCLE 22
 ==============

 Energy gradients wrt nuclear displacements
 ==========================================

     Atom      Cartesian (a.u./angstrom)
                 X         Y         Z
 ----------------------------------------
     1 As    0.004492 -0.003164  0.000000
     2 O    -0.001207  0.004574  0.000000
     3 O     0.001895 -0.001970  0.000000
     4 O    -0.002263 -0.001837  0.000000
     5 O    -0.003267  0.002966  0.000000
     6 H    -0.000190 -0.004553  0.000000
     7 H    -0.001440  0.000026  0.000000
     8 H     0.001979  0.003958  0.000000
 ----------------------------------------
 
----------------------------------------------------------------------
Geometry Convergence after Step  22       (Hartree/Angstrom,Angstrom)
----------------------------------------------------------------------
current energy                               -1.48506464 Hartree
energy change                      -0.00004061     0.00100000    T
constrained gradient max            0.00457434     0.00100000    F
constrained gradient rms            0.00233112     0.00066667    F
gradient max                        0.00457434
gradient rms                        0.00233112
cart. step max                      0.00719397     0.01000000    T
cart. step rms                      0.00251973     0.00666667    T
 


 Coordinates (Cartesian)
 =======================

     Atom                    bohr                                 angstrom                 Geometric Variables
                   X           Y           Z              X           Y           Z       (0:frozen, *:LT par.)
 --------------------------------------------------------------------------------------------------------------
     1 As      6.536839   -0.887502    0.000000       3.459146   -0.469646    0.000000      1       2       3
     2 O       9.319788    1.201631    0.000000       4.931819    0.635876    0.000000      4       5       6
     3 O       3.480050   -2.453482    0.000000       1.841563   -1.298327    0.000000      7       8       9
     4 O       4.731937    2.029327    0.000000       2.504033    1.073874    0.000000     10      11      12
     5 O       8.167279   -3.573012    0.000000       4.321938   -1.890757    0.000000     13      14      15
     6 H      10.728889   -0.017391    0.000000       5.677483   -0.009203    0.000000     16      17      18
     7 H       2.164506   -1.140082    0.000000       1.145407   -0.603306    0.000000     19      20      21
     8 H       5.957191    3.432856    0.000000       3.152410    1.816589    0.000000     22      23      24
 --------------------------------------------------------------------------------------------------------------

 Number of elements of the density matrix on this node (used, total):      1035      9730



 ===========================================
 Numerical Integration : Fuzzy Cells (Becke)
 ===========================================
  
 Becke grid quality: GOOD           
  
 Lebedev angular grid order:             min:  11 max:  35
 Nr. of radial points:                   min:  54 max:  80

 Total nr. of points:     113168
 Nr. of blocks:              886
 Block length:               128
 Nr. of dummy points:        240


 Test of Precision of the Numerical Integration Grid
 ===================================================

 Integral of the Total Core Density:                  25.99995454718585
 Relative Error:                                      -1.748E-06


 -------------------------------------------
  COSMO surface
  Area             =          388.830
  Volume           =          615.111
  Number of Points =          995
 -------------------------------------------



 ========================
 Density Fitting (zlmFit)
 ========================
  
 ZlmFit Fit Quality: GOOD           
  
 Max L-expansion:                        min:   7 max:   9
 Nr. of radial interpolation points:     min:  72 max: 132



 =====
 S C F  ***  ScaSCF  ***
 =====
  
 Initial density matrix is taken from previous geometry

 CYCLE    1
 SCF Error: norm([F,P])=      0.087449587621, max([F,P])=      0.026953180882
 orbitals (Q,E):
 ---------------
 AA :6...25          ( 2.00    -0.9366)  ( 2.00    -0.8514)  ( 2.00    -0.6069)  ( 2.00    -0.5078)
                     ( 2.00    -0.4887)  ( 2.00    -0.4203)  ( 2.00    -0.3771)  ( 2.00    -0.3561)
                     ( 2.00    -0.3092)  ( 2.00    -0.2334)  ( 0.00    -0.1583)  ( 0.00    -0.0256)
                     ( 0.00    -0.0017)  ( 0.00     0.0134)  ( 0.00     0.0944)  ( 0.00     0.1129)
                     ( 0.00     0.1376)  ( 0.00     0.1679)  ( 0.00     0.1844)  ( 0.00     0.2031)
 AAA :1...16         ( 2.00    -1.6021)  ( 2.00    -1.6009)  ( 2.00    -0.3904)  ( 2.00    -0.3220)
                     ( 2.00    -0.3106)  ( 2.00    -0.2622)  ( 0.00    -0.1255)  ( 0.00     0.0769)
                     ( 0.00     0.2606)  ( 0.00     0.2836)  ( 0.00     0.4152)  ( 0.00     0.4296)
                     ( 0.00     0.4630)  ( 0.00     0.5372)  ( 0.00     0.5495)  ( 0.00     0.6816)

 CYCLE    2
  SDIIS (wt  0.000):  0.8375  0.1625
 A-DIIS (wt  1.000):  0.8644  0.1356
  DIIS coefficients:  0.8644  0.1356
 SCF Error: norm([F,P])=      0.347947188198, max([F,P])=      0.111167130954
 orbitals (Q,E):
 ---------------
 AA :6...16          ( 2.00    -0.9348)  ( 2.00    -0.8640)  ( 2.00    -0.6024)  ( 2.00    -0.5004)
                     ( 2.00    -0.4871)  ( 2.00    -0.4195)  ( 2.00    -0.3718)  ( 2.00    -0.3566)
                     ( 2.00    -0.3138)  ( 2.00    -0.2488)  ( 0.00    -0.1570)
 AAA :1...7          ( 2.00    -1.5922)  ( 2.00    -1.5912)  ( 2.00    -0.3852)  ( 2.00    -0.3162)
                     ( 2.00    -0.3092)  ( 2.00    -0.2719)  ( 0.00    -0.1252)

 CYCLE    3
  SDIIS (wt  0.000):  0.5520 -0.0154  0.4634
 A-DIIS (wt  1.000):  0.5931  0.0000  0.4069
  DIIS coefficients:  0.5931  0.0000  0.4069
 SCF Error: norm([F,P])=      0.111434666829, max([F,P])=      0.032782436354
 orbitals (Q,E):
 ---------------
 AA :6...16          ( 2.00    -0.9309)  ( 2.00    -0.8629)  ( 2.00    -0.5966)  ( 2.00    -0.4935)
                     ( 2.00    -0.4861)  ( 2.00    -0.4176)  ( 2.00    -0.3654)  ( 2.00    -0.3583)
                     ( 2.00    -0.3140)  ( 2.00    -0.2496)  ( 0.00    -0.1523)
 AAA :1...7          ( 2.00    -1.5851)  ( 2.00    -1.5840)  ( 2.00    -0.3795)  ( 2.00    -0.3108)
                     ( 2.00    -0.3091)  ( 2.00    -0.2727)  ( 0.00    -0.1196)

 CYCLE    4
  SDIIS (wt  0.785): -0.1762  0.2552  0.9210
 A-DIIS (wt  0.215):  0.0000  0.0000  1.0000
  DIIS coefficients: -0.1383  0.2003  0.9380
 SCF Error: norm([F,P])=      0.072228885537, max([F,P])=      0.022330765633
 orbitals (Q,E):
 ---------------
 AA :6...16          ( 2.00    -0.9206)  ( 2.00    -0.8671)  ( 2.00    -0.5866)  ( 2.00    -0.4793)
                     ( 2.00    -0.4754)  ( 2.00    -0.4130)  ( 2.00    -0.3576)  ( 2.00    -0.3490)
                     ( 2.00    -0.3097)  ( 2.00    -0.2593)  ( 0.00    -0.1435)
 AAA :1...7          ( 2.00    -1.5788)  ( 2.00    -1.5779)  ( 2.00    -0.3689)  ( 2.00    -0.3024)
                     ( 2.00    -0.2974)  ( 2.00    -0.2730)  ( 0.00    -0.1100)

 CYCLE    5
  SDIIS (wt  0.000):  0.1332 -0.4502  0.7852  0.5317
 A-DIIS (wt  1.000):  0.0000  0.0000  0.5796  0.4204
  DIIS coefficients:  0.0000  0.0000  0.5796  0.4204
 SCF Error: norm([F,P])=      0.130444785574, max([F,P])=      0.034335791544
 orbitals (Q,E):
 ---------------
 AA :6...16          ( 2.00    -0.9204)  ( 2.00    -0.8617)  ( 2.00    -0.5880)  ( 2.00    -0.4825)
                     ( 2.00    -0.4792)  ( 2.00    -0.4134)  ( 2.00    -0.3581)  ( 2.00    -0.3519)
                     ( 2.00    -0.3109)  ( 2.00    -0.2514)  ( 0.00    -0.1442)
 AAA :1...7          ( 2.00    -1.5827)  ( 2.00    -1.5815)  ( 2.00    -0.3700)  ( 2.00    -0.3054)
                     ( 2.00    -0.2983)  ( 2.00    -0.2716)  ( 0.00    -0.1103)

 CYCLE    6
  SDIIS (wt  0.857):  0.0500  0.0173  0.0504  0.3968  0.4855
 A-DIIS (wt  0.143):  0.0000  0.0000  0.0000  0.3238  0.6762
  DIIS coefficients:  0.0429  0.0148  0.0432  0.3864  0.5127
 SCF Error: norm([F,P])=      0.079974954550, max([F,P])=      0.015111806878
 orbitals (Q,E):
 ---------------
 AA :6...16          ( 2.00    -0.9232)  ( 2.00    -0.8638)  ( 2.00    -0.5897)  ( 2.00    -0.4829)
                     ( 2.00    -0.4797)  ( 2.00    -0.4136)  ( 2.00    -0.3589)  ( 2.00    -0.3529)
                     ( 2.00    -0.3112)  ( 2.00    -0.2538)  ( 0.00    -0.1456)
 AAA :1...7          ( 2.00    -1.5838)  ( 2.00    -1.5827)  ( 2.00    -0.3712)  ( 2.00    -0.3029)
                     ( 2.00    -0.3022)  ( 2.00    -0.2720)  ( 0.00    -0.1116)

 CYCLE    7
  SDIIS (wt  0.960): -0.0285  0.1593 -0.1473  0.0998  0.3747  0.5419
 A-DIIS (wt  0.040):  0.0000  0.0000  0.0000  0.0000  0.0365  0.9635
  DIIS coefficients: -0.0274  0.1529 -0.1414  0.0958  0.3611  0.5589
 SCF Error: norm([F,P])=      0.017275653605, max([F,P])=      0.004973784750
 orbitals (Q,E):
 ---------------
 AA :6...16          ( 2.00    -0.9223)  ( 2.00    -0.8636)  ( 2.00    -0.5891)  ( 2.00    -0.4826)
                     ( 2.00    -0.4792)  ( 2.00    -0.4138)  ( 2.00    -0.3584)  ( 2.00    -0.3523)
                     ( 2.00    -0.3110)  ( 2.00    -0.2538)  ( 0.00    -0.1451)
 AAA :1...7          ( 2.00    -1.5829)  ( 2.00    -1.5819)  ( 2.00    -0.3706)  ( 2.00    -0.3030)
                     ( 2.00    -0.3012)  ( 2.00    -0.2720)  ( 0.00    -0.1112)

 CYCLE    8
  SDIIS (wt  0.988): -0.0269  0.1178 -0.1118  0.0379  0.2247  0.4084  0.3499
 A-DIIS (wt  0.012):  0.0000  0.0000  0.0000  0.0000  0.0000  0.1483  0.8517
  DIIS coefficients: -0.0265  0.1164 -0.1105  0.0374  0.2221  0.4053  0.3558
 SCF Error: norm([F,P])=      0.007071615896, max([F,P])=      0.002148771792
 orbitals (Q,E):
 ---------------
 AA :6...16          ( 2.00    -0.9222)  ( 2.00    -0.8635)  ( 2.00    -0.5891)  ( 2.00    -0.4823)
                     ( 2.00    -0.4793)  ( 2.00    -0.4135)  ( 2.00    -0.3583)  ( 2.00    -0.3524)
                     ( 2.00    -0.3109)  ( 2.00    -0.2537)  ( 0.00    -0.1451)
 AAA :1...7          ( 2.00    -1.5833)  ( 2.00    -1.5823)  ( 2.00    -0.3706)  ( 2.00    -0.3028)
                     ( 2.00    -0.3012)  ( 2.00    -0.2719)  ( 0.00    -0.1112)

 CYCLE    9
  SDIIS (wt  1.000): -0.0089  0.0314 -0.0285  0.0028  0.0362  0.0832  0.2115  0.6723
  DIIS coefficients: -0.0089  0.0314 -0.0285  0.0028  0.0362  0.0832  0.2115  0.6723
 SCF Error: norm([F,P])=      0.001999338969, max([F,P])=      0.000474005137
 orbitals (Q,E):
 ---------------
 AA :6...16          ( 2.00    -0.9223)  ( 2.00    -0.8637)  ( 2.00    -0.5892)  ( 2.00    -0.4824)
                     ( 2.00    -0.4793)  ( 2.00    -0.4136)  ( 2.00    -0.3584)  ( 2.00    -0.3524)
                     ( 2.00    -0.3110)  ( 2.00    -0.2539)  ( 0.00    -0.1452)
 AAA :1...7          ( 2.00    -1.5835)  ( 2.00    -1.5824)  ( 2.00    -0.3707)  ( 2.00    -0.3028)
                     ( 2.00    -0.3013)  ( 2.00    -0.2721)  ( 0.00    -0.1113)

 CYCLE   10
  SDIIS (wt  1.000): -0.0027  0.0091 -0.0086  0.0001  0.0078  0.0263  0.0928  0.3234  0.5518
  DIIS coefficients: -0.0027  0.0091 -0.0086  0.0001  0.0078  0.0263  0.0928  0.3234  0.5518
 SCF Error: norm([F,P])=      0.000422469534, max([F,P])=      0.000096711997
 orbitals (Q,E):
 ---------------
 AA :6...16          ( 2.00    -0.9223)  ( 2.00    -0.8637)  ( 2.00    -0.5891)  ( 2.00    -0.4824)
                     ( 2.00    -0.4793)  ( 2.00    -0.4136)  ( 2.00    -0.3583)  ( 2.00    -0.3524)
                     ( 2.00    -0.3109)  ( 2.00    -0.2539)  ( 0.00    -0.1452)
 AAA :1...7          ( 2.00    -1.5833)  ( 2.00    -1.5823)  ( 2.00    -0.3706)  ( 2.00    -0.3028)
                     ( 2.00    -0.3012)  ( 2.00    -0.2720)  ( 0.00    -0.1113)

 CYCLE   11
  SDIIS (wt  1.000): -0.0002  0.0009 -0.0011  0.0002  0.0005  0.0059  0.0279  0.0993  0.2465  0.6201
  DIIS coefficients: -0.0002  0.0009 -0.0011  0.0002  0.0005  0.0059  0.0279  0.0993  0.2465  0.6201
 SCF Error: norm([F,P])=      0.000132818049, max([F,P])=      0.000025984811
 orbitals (Q,E):
 ---------------
 AA :6...16          ( 2.00    -0.9223)  ( 2.00    -0.8637)  ( 2.00    -0.5891)  ( 2.00    -0.4824)
                     ( 2.00    -0.4793)  ( 2.00    -0.4136)  ( 2.00    -0.3583)  ( 2.00    -0.3524)
                     ( 2.00    -0.3109)  ( 2.00    -0.2539)  ( 0.00    -0.1452)
 AAA :1...7          ( 2.00    -1.5834)  ( 2.00    -1.5823)  ( 2.00    -0.3706)  ( 2.00    -0.3028)
                     ( 2.00    -0.3012)  ( 2.00    -0.2720)  ( 0.00    -0.1113)

 CYCLE   12
  SDIIS (wt  1.000):  0.0002 -0.0003 -0.0000  0.0002  0.0017  0.0064  0.0241  0.0669  0.1802  0.7206
  DIIS coefficients:  0.0002 -0.0003 -0.0000  0.0002  0.0017  0.0064  0.0241  0.0669  0.1802  0.7206
 SCF Error: norm([F,P])=      0.000032566108, max([F,P])=      0.000009240177
 orbitals (Q,E):
 ---------------
 AA :6...16          ( 2.00    -0.9223)  ( 2.00    -0.8637)  ( 2.00    -0.5891)  ( 2.00    -0.4824)
                     ( 2.00    -0.4793)  ( 2.00    -0.4136)  ( 2.00    -0.3583)  ( 2.00    -0.3524)
                     ( 2.00    -0.3109)  ( 2.00    -0.2539)  ( 0.00    -0.1452)
 AAA :1...7          ( 2.00    -1.5834)  ( 2.00    -1.5823)  ( 2.00    -0.3706)  ( 2.00    -0.3028)
                     ( 2.00    -0.3012)  ( 2.00    -0.2720)  ( 0.00    -0.1113)

 CYCLE   13
  SDIIS (wt  1.000): -0.0000 -0.0000  0.0000  0.0002  0.0004  0.0022  0.0069  0.0175  0.1422  0.8308
  DIIS coefficients: -0.0000 -0.0000  0.0000  0.0002  0.0004  0.0022  0.0069  0.0175  0.1422  0.8308
 SCF Error: norm([F,P])=      0.000002991417, max([F,P])=      0.000000820175
 orbitals (Q,E):
 ---------------
 AA :6...16          ( 2.00    -0.9223)  ( 2.00    -0.8637)  ( 2.00    -0.5891)  ( 2.00    -0.4824)
                     ( 2.00    -0.4793)  ( 2.00    -0.4136)  ( 2.00    -0.3583)  ( 2.00    -0.3524)
                     ( 2.00    -0.3109)  ( 2.00    -0.2539)  ( 0.00    -0.1452)
 AAA :1...7          ( 2.00    -1.5834)  ( 2.00    -1.5823)  ( 2.00    -0.3706)  ( 2.00    -0.3028)
                     ( 2.00    -0.3012)  ( 2.00    -0.2720)  ( 0.00    -0.1113)

 SCF CONVERGED
 cosmo_calcen: 0.5 (esolb+esolc) (Hartrees) =   -0.025467

 Solvation energy (screening term,uncorrected) =    -15.980846 kcal/mol

 Solvation energy (dispersion and cavitation terms) =      0.727081 kcal/mol
 Solvation Energy Contributions (Hartrees)
          esola   esolb+esolc
     0.02546710   -0.05093419
 esol last cycle   -0.02546710

 CYCLE   14
 *** Using FIT density in Focky
  SDIIS (wt  1.000): -0.0000  0.0000  0.0000  0.0000  0.0004  0.0014  0.0031  0.0352  0.2550  0.7048
  DIIS coefficients: -0.0000  0.0000  0.0000  0.0000  0.0004  0.0014  0.0031  0.0352  0.2550  0.7048
 SCF Error: norm([F,P])=      0.000000500617, max([F,P])=      0.000000100075
 orbitals (Q,E):
 ---------------
 AA :6...25          ( 2.00    -0.9223)  ( 2.00    -0.8637)  ( 2.00    -0.5891)  ( 2.00    -0.4824)
                     ( 2.00    -0.4793)  ( 2.00    -0.4136)  ( 2.00    -0.3583)  ( 2.00    -0.3524)
                     ( 2.00    -0.3109)  ( 2.00    -0.2539)  ( 0.00    -0.1452)  ( 0.00     0.0005)
                     ( 0.00     0.0160)  ( 0.00     0.0358)  ( 0.00     0.0931)  ( 0.00     0.1278)
                     ( 0.00     0.1589)  ( 0.00     0.1824)  ( 0.00     0.2055)  ( 0.00     0.2167)
 AAA :1...16         ( 2.00    -1.5834)  ( 2.00    -1.5823)  ( 2.00    -0.3706)  ( 2.00    -0.3028)
                     ( 2.00    -0.3012)  ( 2.00    -0.2720)  ( 0.00    -0.1113)  ( 0.00     0.0927)
                     ( 0.00     0.2797)  ( 0.00     0.3006)  ( 0.00     0.4338)  ( 0.00     0.4457)
                     ( 0.00     0.4808)  ( 0.00     0.5271)  ( 0.00     0.5548)  ( 0.00     0.6947)
 cosmo_calcen: 0.5 (esolb+esolc) (Hartrees) =   -0.025467

 Solvation energy (screening term,uncorrected) =    -15.980850 kcal/mol

 Solvation energy (dispersion and cavitation terms) =      0.727081 kcal/mol
 Solvation Energy Contributions (Hartrees)
          esola   esolb+esolc
     0.02546710   -0.05093420
 esol last cycle   -0.02546710


 Fit test: (difference of exact and fit density, squared integrated, result summed over spins)
         SCF:                                          0.00002988857519

 Gross Charges per Atom (Z minus electrons)
 ==========================================
             1.7654   -0.6909   -0.6692   -0.6602   -0.7975    0.3518    0.3429    0.3577
 Net Total:  0.00000000



 =================================================================
 M U L T I P O L E   D E R I V E D   C H A R G E   A N A L Y S I S
 =================================================================

 See: M. Swart, P.Th. van Duijnen, J.G. Snijders, J.Comput.Chem., (2001), p. 79-88.

 --------------------------------------- 
 Multipole derived atomic charges (a.u.)
 --------------------------------------- 

        Atom    Level:     MDC-m        MDC-d        MDC-q
 ---------------------------------------------------------
     1     As           2.219077     1.650881     1.239562
     2     O           -0.561073    -0.630067    -0.661361
     3     O           -0.566049    -0.726348    -0.691860
     4     O           -0.529959    -0.619189    -0.782735
     5     O           -0.895341    -0.751566    -0.606913
     6     H            0.099706     0.323994     0.405512
     7     H            0.111274     0.404356     0.530911
     8     H            0.122364     0.347938     0.566884
 *** Using NEW gradient routines ***


 Geometry CYCLE 23
 ==============

 Energy gradients wrt nuclear displacements
 ==========================================

     Atom      Cartesian (a.u./angstrom)
                 X         Y         Z
 ----------------------------------------
     1 As    0.002752 -0.005922  0.000000
     2 O     0.000986  0.004536  0.000000
     3 O     0.002184 -0.001141  0.000000
     4 O    -0.001302 -0.000907  0.000000
     5 O    -0.004050  0.004163  0.000000
     6 H    -0.000111 -0.003343  0.000000
     7 H    -0.001177 -0.000003  0.000000
     8 H     0.000719  0.002616  0.000000
 ----------------------------------------
 
----------------------------------------------------------------------
Geometry Convergence after Step  23       (Hartree/Angstrom,Angstrom)
----------------------------------------------------------------------
current energy                               -1.48509878 Hartree
energy change                      -0.00003415     0.00100000    T
constrained gradient max            0.00592239     0.00100000    F
constrained gradient rms            0.00229545     0.00066667    F
gradient max                        0.00592239
gradient rms                        0.00229545
cart. step max                      0.00663505     0.01000000    T
cart. step rms                      0.00223946     0.00666667    T
 


 Coordinates (Cartesian)
 =======================

     Atom                    bohr                                 angstrom                 Geometric Variables
                   X           Y           Z              X           Y           Z       (0:frozen, *:LT par.)
 --------------------------------------------------------------------------------------------------------------
     1 As      6.534511   -0.891883    0.000000       3.457914   -0.471964    0.000000      1       2       3
     2 O       9.319957    1.199732    0.000000       4.931909    0.634871    0.000000      4       5       6
     3 O       3.475562   -2.450482    0.000000       1.839188   -1.296739    0.000000      7       8       9
     4 O       4.732368    2.025600    0.000000       2.504261    1.071902    0.000000     10      11      12
     5 O       8.166130   -3.578497    0.000000       4.321330   -1.893659    0.000000     13      14      15
     6 H      10.738398   -0.004853    0.000000       5.682516   -0.002568    0.000000     16      17      18
     7 H       2.164095   -1.133936    0.000000       1.145190   -0.600053    0.000000     19      20      21
     8 H       5.955456    3.426663    0.000000       3.151492    1.813312    0.000000     22      23      24
 --------------------------------------------------------------------------------------------------------------

 Number of elements of the density matrix on this node (used, total):      1035      9730



 ===========================================
 Numerical Integration : Fuzzy Cells (Becke)
 ===========================================
  
 Becke grid quality: GOOD           
  
 Lebedev angular grid order:             min:  11 max:  35
 Nr. of radial points:                   min:  54 max:  80

 Total nr. of points:     113168
 Nr. of blocks:              886
 Block length:               128
 Nr. of dummy points:        240


 Test of Precision of the Numerical Integration Grid
 ===================================================

 Integral of the Total Core Density:                  25.99995544874583
 Relative Error:                                      -1.714E-06


 -------------------------------------------
  COSMO surface
  Area             =          388.885
  Volume           =          615.147
  Number of Points =          993
 -------------------------------------------



 ========================
 Density Fitting (zlmFit)
 ========================
  
 ZlmFit Fit Quality: GOOD           
  
 Max L-expansion:                        min:   7 max:   9
 Nr. of radial interpolation points:     min:  72 max: 132



 =====
 S C F  ***  ScaSCF  ***
 =====
  
 Initial density matrix is taken from previous geometry

 CYCLE    1
 SCF Error: norm([F,P])=      0.086950528195, max([F,P])=      0.026984459630
 orbitals (Q,E):
 ---------------
 AA :6...25          ( 2.00    -0.9370)  ( 2.00    -0.8515)  ( 2.00    -0.6073)  ( 2.00    -0.5081)
                     ( 2.00    -0.4893)  ( 2.00    -0.4195)  ( 2.00    -0.3773)  ( 2.00    -0.3562)
                     ( 2.00    -0.3094)  ( 2.00    -0.2335)  ( 0.00    -0.1585)  ( 0.00    -0.0253)
                     ( 0.00    -0.0018)  ( 0.00     0.0136)  ( 0.00     0.0942)  ( 0.00     0.1129)
                     ( 0.00     0.1379)  ( 0.00     0.1675)  ( 0.00     0.1846)  ( 0.00     0.2030)
 AAA :1...16         ( 2.00    -1.6024)  ( 2.00    -1.6012)  ( 2.00    -0.3905)  ( 2.00    -0.3218)
                     ( 2.00    -0.3108)  ( 2.00    -0.2624)  ( 0.00    -0.1258)  ( 0.00     0.0768)
                     ( 0.00     0.2605)  ( 0.00     0.2835)  ( 0.00     0.4153)  ( 0.00     0.4294)
                     ( 0.00     0.4628)  ( 0.00     0.5375)  ( 0.00     0.5497)  ( 0.00     0.6819)

 CYCLE    2
  SDIIS (wt  0.000):  0.8377  0.1623
 A-DIIS (wt  1.000):  0.8711  0.1289
  DIIS coefficients:  0.8711  0.1289
 SCF Error: norm([F,P])=      0.347692220279, max([F,P])=      0.111107523358
 orbitals (Q,E):
 ---------------
 AA :6...16          ( 2.00    -0.9351)  ( 2.00    -0.8635)  ( 2.00    -0.6031)  ( 2.00    -0.5011)
                     ( 2.00    -0.4877)  ( 2.00    -0.4189)  ( 2.00    -0.3722)  ( 2.00    -0.3566)
                     ( 2.00    -0.3137)  ( 2.00    -0.2481)  ( 0.00    -0.1573)
 AAA :1...7          ( 2.00    -1.5929)  ( 2.00    -1.5919)  ( 2.00    -0.3855)  ( 2.00    -0.3163)
                     ( 2.00    -0.3094)  ( 2.00    -0.2716)  ( 0.00    -0.1254)

 CYCLE    3
  SDIIS (wt  0.000):  0.5536 -0.0367  0.4831
 A-DIIS (wt  1.000):  0.6336  0.0000  0.3664
  DIIS coefficients:  0.6336  0.0000  0.3664
 SCF Error: norm([F,P])=      0.118301873883, max([F,P])=      0.036127318134
 orbitals (Q,E):
 ---------------
 AA :6...16          ( 2.00    -0.9318)  ( 2.00    -0.8629)  ( 2.00    -0.5979)  ( 2.00    -0.4950)
                     ( 2.00    -0.4868)  ( 2.00    -0.4173)  ( 2.00    -0.3664)  ( 2.00    -0.3581)
                     ( 2.00    -0.3140)  ( 2.00    -0.2492)  ( 0.00    -0.1532)
 AAA :1...7          ( 2.00    -1.5864)  ( 2.00    -1.5853)  ( 2.00    -0.3803)  ( 2.00    -0.3112)
                     ( 2.00    -0.3095)  ( 2.00    -0.2725)  ( 0.00    -0.1206)

 CYCLE    4
  SDIIS (wt  0.760): -0.1984  0.1335  1.0649
 A-DIIS (wt  0.240):  0.0000  0.0000  1.0000
  DIIS coefficients: -0.1507  0.1014  1.0493
 SCF Error: norm([F,P])=      0.075589237938, max([F,P])=      0.024801487474
 orbitals (Q,E):
 ---------------
 AA :6...16          ( 2.00    -0.9206)  ( 2.00    -0.8676)  ( 2.00    -0.5868)  ( 2.00    -0.4795)
                     ( 2.00    -0.4759)  ( 2.00    -0.4127)  ( 2.00    -0.3574)  ( 2.00    -0.3492)
                     ( 2.00    -0.3100)  ( 2.00    -0.2598)  ( 0.00    -0.1436)
 AAA :1...7          ( 2.00    -1.5781)  ( 2.00    -1.5771)  ( 2.00    -0.3688)  ( 2.00    -0.3024)
                     ( 2.00    -0.2976)  ( 2.00    -0.2733)  ( 0.00    -0.1101)

 CYCLE    5
  SDIIS (wt  0.000):  0.1752 -0.5810  0.8553  0.5505
 A-DIIS (wt  1.000):  0.0000  0.0000  0.5629  0.4371
  DIIS coefficients:  0.0000  0.0000  0.5629  0.4371
 SCF Error: norm([F,P])=      0.134422389914, max([F,P])=      0.037203397624
 orbitals (Q,E):
 ---------------
 AA :6...16          ( 2.00    -0.9204)  ( 2.00    -0.8609)  ( 2.00    -0.5883)  ( 2.00    -0.4834)
                     ( 2.00    -0.4797)  ( 2.00    -0.4128)  ( 2.00    -0.3582)  ( 2.00    -0.3521)
                     ( 2.00    -0.3111)  ( 2.00    -0.2504)  ( 0.00    -0.1442)
 AAA :1...7          ( 2.00    -1.5823)  ( 2.00    -1.5812)  ( 2.00    -0.3700)  ( 2.00    -0.3063)
                     ( 2.00    -0.2980)  ( 2.00    -0.2713)  ( 0.00    -0.1102)

 CYCLE    6
  SDIIS (wt  0.000):  0.0553  0.1169 -0.1003  0.4394  0.4888
 A-DIIS (wt  1.000):  0.0000  0.0000  0.0000  0.3872  0.6128
  DIIS coefficients:  0.0000  0.0000  0.0000  0.3872  0.6128
 SCF Error: norm([F,P])=      0.101394914945, max([F,P])=      0.019699447905
 orbitals (Q,E):
 ---------------
 AA :6...16          ( 2.00    -0.9242)  ( 2.00    -0.8617)  ( 2.00    -0.5911)  ( 2.00    -0.4850)
                     ( 2.00    -0.4783)  ( 2.00    -0.4119)  ( 2.00    -0.3603)  ( 2.00    -0.3510)
                     ( 2.00    -0.3095)  ( 2.00    -0.2514)  ( 0.00    -0.1461)
 AAA :1...7          ( 2.00    -1.5877)  ( 2.00    -1.5867)  ( 2.00    -0.3718)  ( 2.00    -0.3044)
                     ( 2.00    -0.2999)  ( 2.00    -0.2694)  ( 0.00    -0.1121)

 CYCLE    7
  SDIIS (wt  0.000): -0.1110  0.1858  0.0081  0.1252  0.4656  0.3262
 A-DIIS (wt  1.000):  0.0000  0.0000  0.0000  0.2229  0.4542  0.3229
  DIIS coefficients:  0.0000  0.0000  0.0000  0.2229  0.4542  0.3229
 SCF Error: norm([F,P])=      0.085787199505, max([F,P])=      0.017594952478
 orbitals (Q,E):
 ---------------
 AA :6...16          ( 2.00    -0.9222)  ( 2.00    -0.8661)  ( 2.00    -0.5897)  ( 2.00    -0.4824)
                     ( 2.00    -0.4799)  ( 2.00    -0.4138)  ( 2.00    -0.3583)  ( 2.00    -0.3522)
                     ( 2.00    -0.3117)  ( 2.00    -0.2565)  ( 0.00    -0.1458)
 AAA :1...7          ( 2.00    -1.5830)  ( 2.00    -1.5819)  ( 2.00    -0.3707)  ( 2.00    -0.3030)
                     ( 2.00    -0.3011)  ( 2.00    -0.2736)  ( 0.00    -0.1120)

 CYCLE    8
  SDIIS (wt  0.894):  0.0114 -0.1010  0.1223  0.0433  0.1820  0.2650  0.4770
 A-DIIS (wt  0.106):  0.0000  0.0000  0.0000  0.0000  0.1374  0.1748  0.6878
  DIIS coefficients:  0.0102 -0.0904  0.1094  0.0388  0.1773  0.2555  0.4993
 SCF Error: norm([F,P])=      0.039039510902, max([F,P])=      0.011450645546
 orbitals (Q,E):
 ---------------
 AA :6...16          ( 2.00    -0.9224)  ( 2.00    -0.8632)  ( 2.00    -0.5894)  ( 2.00    -0.4829)
                     ( 2.00    -0.4796)  ( 2.00    -0.4129)  ( 2.00    -0.3582)  ( 2.00    -0.3525)
                     ( 2.00    -0.3109)  ( 2.00    -0.2533)  ( 0.00    -0.1452)
 AAA :1...7          ( 2.00    -1.5831)  ( 2.00    -1.5821)  ( 2.00    -0.3706)  ( 2.00    -0.3028)
                     ( 2.00    -0.3013)  ( 2.00    -0.2717)  ( 0.00    -0.1113)

 CYCLE    9
  SDIIS (wt  0.991): -0.0006 -0.0423  0.0590  0.0191  0.1130  0.1610  0.3245  0.3664
 A-DIIS (wt  0.009):  0.0000  0.0000  0.0000  0.0000  0.0000  0.0000  0.0563  0.9437
  DIIS coefficients: -0.0006 -0.0420  0.0585  0.0189  0.1120  0.1596  0.3221  0.3715
 SCF Error: norm([F,P])=      0.007091391826, max([F,P])=      0.001882328300
 orbitals (Q,E):
 ---------------
 AA :6...16          ( 2.00    -0.9223)  ( 2.00    -0.8635)  ( 2.00    -0.5895)  ( 2.00    -0.4827)
                     ( 2.00    -0.4797)  ( 2.00    -0.4130)  ( 2.00    -0.3581)  ( 2.00    -0.3525)
                     ( 2.00    -0.3109)  ( 2.00    -0.2537)  ( 0.00    -0.1453)
 AAA :1...7          ( 2.00    -1.5834)  ( 2.00    -1.5823)  ( 2.00    -0.3706)  ( 2.00    -0.3028)
                     ( 2.00    -0.3012)  ( 2.00    -0.2719)  ( 0.00    -0.1114)

 CYCLE   10
  SDIIS (wt  1.000): -0.0005 -0.0080  0.0107  0.0047  0.0334  0.0459  0.1277  0.2614  0.5246
  DIIS coefficients: -0.0005 -0.0080  0.0107  0.0047  0.0334  0.0459  0.1277  0.2614  0.5246
 SCF Error: norm([F,P])=      0.001264216497, max([F,P])=      0.000274754214
 orbitals (Q,E):
 ---------------
 AA :6...16          ( 2.00    -0.9224)  ( 2.00    -0.8636)  ( 2.00    -0.5895)  ( 2.00    -0.4828)
                     ( 2.00    -0.4797)  ( 2.00    -0.4130)  ( 2.00    -0.3582)  ( 2.00    -0.3525)
                     ( 2.00    -0.3110)  ( 2.00    -0.2538)  ( 0.00    -0.1453)
 AAA :1...7          ( 2.00    -1.5835)  ( 2.00    -1.5824)  ( 2.00    -0.3706)  ( 2.00    -0.3028)
                     ( 2.00    -0.3012)  ( 2.00    -0.2720)  ( 0.00    -0.1114)

 CYCLE   11
  SDIIS (wt  1.000): -0.0006 -0.0026  0.0041  0.0011  0.0124  0.0177  0.0527  0.1183  0.2809  0.5162
  DIIS coefficients: -0.0006 -0.0026  0.0041  0.0011  0.0124  0.0177  0.0527  0.1183  0.2809  0.5162
 SCF Error: norm([F,P])=      0.000250944745, max([F,P])=      0.000052043838
 orbitals (Q,E):
 ---------------
 AA :6...16          ( 2.00    -0.9224)  ( 2.00    -0.8636)  ( 2.00    -0.5895)  ( 2.00    -0.4828)
                     ( 2.00    -0.4797)  ( 2.00    -0.4130)  ( 2.00    -0.3582)  ( 2.00    -0.3525)
                     ( 2.00    -0.3110)  ( 2.00    -0.2538)  ( 0.00    -0.1453)
 AAA :1...7          ( 2.00    -1.5834)  ( 2.00    -1.5823)  ( 2.00    -0.3706)  ( 2.00    -0.3028)
                     ( 2.00    -0.3012)  ( 2.00    -0.2720)  ( 0.00    -0.1114)

 CYCLE   12
  SDIIS (wt  1.000): -0.0010  0.0012  0.0003  0.0017  0.0029  0.0105  0.0270  0.0691  0.1962  0.6920
  DIIS coefficients: -0.0010  0.0012  0.0003  0.0017  0.0029  0.0105  0.0270  0.0691  0.1962  0.6920
 SCF Error: norm([F,P])=      0.000043039636, max([F,P])=      0.000009700633
 orbitals (Q,E):
 ---------------
 AA :6...16          ( 2.00    -0.9224)  ( 2.00    -0.8636)  ( 2.00    -0.5895)  ( 2.00    -0.4828)
                     ( 2.00    -0.4797)  ( 2.00    -0.4130)  ( 2.00    -0.3582)  ( 2.00    -0.3525)
                     ( 2.00    -0.3110)  ( 2.00    -0.2538)  ( 0.00    -0.1453)
 AAA :1...7          ( 2.00    -1.5834)  ( 2.00    -1.5823)  ( 2.00    -0.3706)  ( 2.00    -0.3028)
                     ( 2.00    -0.3012)  ( 2.00    -0.2720)  ( 0.00    -0.1114)

 CYCLE   13
  SDIIS (wt  1.000):  0.0000 -0.0000 -0.0003 -0.0003 -0.0008 -0.0003  0.0010  0.0269  0.1864  0.7875
  DIIS coefficients:  0.0000 -0.0000 -0.0003 -0.0003 -0.0008 -0.0003  0.0010  0.0269  0.1864  0.7875
 SCF Error: norm([F,P])=      0.000012305494, max([F,P])=      0.000003244705
 orbitals (Q,E):
 ---------------
 AA :6...16          ( 2.00    -0.9224)  ( 2.00    -0.8636)  ( 2.00    -0.5895)  ( 2.00    -0.4828)
                     ( 2.00    -0.4797)  ( 2.00    -0.4130)  ( 2.00    -0.3582)  ( 2.00    -0.3525)
                     ( 2.00    -0.3110)  ( 2.00    -0.2538)  ( 0.00    -0.1453)
 AAA :1...7          ( 2.00    -1.5834)  ( 2.00    -1.5823)  ( 2.00    -0.3706)  ( 2.00    -0.3028)
                     ( 2.00    -0.3012)  ( 2.00    -0.2720)  ( 0.00    -0.1114)

 CYCLE   14
  SDIIS (wt  1.000):  0.0000  0.0000  0.0000  0.0001  0.0006  0.0017  0.0112  0.0729  0.2762  0.6373
  DIIS coefficients:  0.0000  0.0000  0.0000  0.0001  0.0006  0.0017  0.0112  0.0729  0.2762  0.6373
 SCF Error: norm([F,P])=      0.000002036339, max([F,P])=      0.000000473293
 orbitals (Q,E):
 ---------------
 AA :6...16          ( 2.00    -0.9224)  ( 2.00    -0.8636)  ( 2.00    -0.5895)  ( 2.00    -0.4828)
                     ( 2.00    -0.4797)  ( 2.00    -0.4130)  ( 2.00    -0.3582)  ( 2.00    -0.3525)
                     ( 2.00    -0.3110)  ( 2.00    -0.2538)  ( 0.00    -0.1453)
 AAA :1...7          ( 2.00    -1.5834)  ( 2.00    -1.5823)  ( 2.00    -0.3706)  ( 2.00    -0.3028)
                     ( 2.00    -0.3012)  ( 2.00    -0.2720)  ( 0.00    -0.1114)

 SCF CONVERGED
 cosmo_calcen: 0.5 (esolb+esolc) (Hartrees) =   -0.025473

 Solvation energy (screening term,uncorrected) =    -15.984701 kcal/mol

 Solvation energy (dispersion and cavitation terms) =      0.727185 kcal/mol
 Solvation Energy Contributions (Hartrees)
          esola   esolb+esolc
     0.02547324   -0.05094648
 esol last cycle   -0.02547324

 CYCLE   15
 *** Using FIT density in Focky
  SDIIS (wt  1.000): -0.0000  0.0000  0.0000  0.0000  0.0001  0.0010  0.0089  0.0273  0.1032  0.8595
  DIIS coefficients: -0.0000  0.0000  0.0000  0.0000  0.0001  0.0010  0.0089  0.0273  0.1032  0.8595
 SCF Error: norm([F,P])=      0.000000188998, max([F,P])=      0.000000038847
 orbitals (Q,E):
 ---------------
 AA :6...25          ( 2.00    -0.9224)  ( 2.00    -0.8636)  ( 2.00    -0.5895)  ( 2.00    -0.4828)
                     ( 2.00    -0.4797)  ( 2.00    -0.4130)  ( 2.00    -0.3582)  ( 2.00    -0.3525)
                     ( 2.00    -0.3110)  ( 2.00    -0.2538)  ( 0.00    -0.1453)  ( 0.00     0.0007)
                     ( 0.00     0.0160)  ( 0.00     0.0360)  ( 0.00     0.0929)  ( 0.00     0.1278)
                     ( 0.00     0.1592)  ( 0.00     0.1820)  ( 0.00     0.2058)  ( 0.00     0.2167)
 AAA :1...16         ( 2.00    -1.5834)  ( 2.00    -1.5823)  ( 2.00    -0.3706)  ( 2.00    -0.3028)
                     ( 2.00    -0.3012)  ( 2.00    -0.2720)  ( 0.00    -0.1114)  ( 0.00     0.0927)
                     ( 0.00     0.2797)  ( 0.00     0.3006)  ( 0.00     0.4338)  ( 0.00     0.4457)
                     ( 0.00     0.4806)  ( 0.00     0.5272)  ( 0.00     0.5553)  ( 0.00     0.6951)
 cosmo_calcen: 0.5 (esolb+esolc) (Hartrees) =   -0.025473

 Solvation energy (screening term,uncorrected) =    -15.984699 kcal/mol

 Solvation energy (dispersion and cavitation terms) =      0.727185 kcal/mol
 Solvation Energy Contributions (Hartrees)
          esola   esolb+esolc
     0.02547324   -0.05094647
 esol last cycle   -0.02547324


 Fit test: (difference of exact and fit density, squared integrated, result summed over spins)
         SCF:                                          0.00002989595011

 Gross Charges per Atom (Z minus electrons)
 ==========================================
             1.7642   -0.6909   -0.6693   -0.6602   -0.7967    0.3521    0.3431    0.3578
 Net Total:  0.00000000



 =================================================================
 M U L T I P O L E   D E R I V E D   C H A R G E   A N A L Y S I S
 =================================================================

 See: M. Swart, P.Th. van Duijnen, J.G. Snijders, J.Comput.Chem., (2001), p. 79-88.

 --------------------------------------- 
 Multipole derived atomic charges (a.u.)
 --------------------------------------- 

        Atom    Level:     MDC-m        MDC-d        MDC-q
 ---------------------------------------------------------
     1     As           2.218703     1.650233     1.243809
     2     O           -0.561147    -0.631575    -0.666182
     3     O           -0.565998    -0.726833    -0.693724
     4     O           -0.529062    -0.618552    -0.787579
     5     O           -0.895473    -0.751318    -0.607568
     6     H            0.100110     0.325137     0.407713
     7     H            0.111277     0.405087     0.533165
     8     H            0.121591     0.347820     0.570366
 *** Using NEW gradient routines ***


 Geometry CYCLE 24
 ==============

 Energy gradients wrt nuclear displacements
 ==========================================

     Atom      Cartesian (a.u./angstrom)
                 X         Y         Z
 ----------------------------------------
     1 As    0.000288 -0.005429  0.000000
     2 O     0.003113  0.002922  0.000000
     3 O     0.001837  0.000043  0.000000
     4 O     0.000321  0.000714  0.000000
     5 O    -0.002949  0.003174  0.000000
     6 H    -0.000632 -0.001489  0.000000
     7 H    -0.000790 -0.000372  0.000000
     8 H    -0.001187  0.000438  0.000000
 ----------------------------------------
 
----------------------------------------------------------------------
Geometry Convergence after Step  24       (Hartree/Angstrom,Angstrom)
----------------------------------------------------------------------
current energy                               -1.48513052 Hartree
energy change                      -0.00003173     0.00100000    T
constrained gradient max            0.00542929     0.00100000    F
constrained gradient rms            0.00177394     0.00066667    F
gradient max                        0.00542929
gradient rms                        0.00177394
cart. step max                      0.00537930     0.01000000    T
cart. step rms                      0.00183501     0.00666667    T
 


 Coordinates (Cartesian)
 =======================

     Atom                    bohr                                 angstrom                 Geometric Variables
                   X           Y           Z              X           Y           Z       (0:frozen, *:LT par.)
 --------------------------------------------------------------------------------------------------------------
     1 As      6.532701   -0.894232    0.000000       3.456957   -0.473207    0.000000      1       2       3
     2 O       9.317312    1.197461    0.000000       4.930509    0.633669    0.000000      4       5       6
     3 O       3.472382   -2.447991    0.000000       1.837506   -1.295421    0.000000      7       8       9
     4 O       4.732182    2.022374    0.000000       2.504163    1.070194    0.000000     10      11      12
     5 O       8.166502   -3.583679    0.000000       4.321527   -1.896401    0.000000     13      14      15
     6 H      10.744375    0.005313    0.000000       5.685678    0.002811    0.000000     16      17      18
     7 H       2.165654   -1.127737    0.000000       1.146015   -0.596772    0.000000     19      20      21
     8 H       5.955369    3.420834    0.000000       3.151445    1.810228    0.000000     22      23      24
 --------------------------------------------------------------------------------------------------------------

 Number of elements of the density matrix on this node (used, total):      1035      9730



 ===========================================
 Numerical Integration : Fuzzy Cells (Becke)
 ===========================================
  
 Becke grid quality: GOOD           
  
 Lebedev angular grid order:             min:  11 max:  35
 Nr. of radial points:                   min:  54 max:  80

 Total nr. of points:     113168
 Nr. of blocks:              886
 Block length:               128
 Nr. of dummy points:        240


 Test of Precision of the Numerical Integration Grid
 ===================================================

 Integral of the Total Core Density:                  25.99995599841197
 Relative Error:                                      -1.692E-06


 -------------------------------------------
  COSMO surface
  Area             =          388.888
  Volume           =          615.086
  Number of Points =          993
 -------------------------------------------



 ========================
 Density Fitting (zlmFit)
 ========================
  
 ZlmFit Fit Quality: GOOD           
  
 Max L-expansion:                        min:   7 max:   9
 Nr. of radial interpolation points:     min:  72 max: 132



 =====
 S C F  ***  ScaSCF  ***
 =====
  
 Initial density matrix is taken from previous geometry

 CYCLE    1
 SCF Error: norm([F,P])=      0.086867440423, max([F,P])=      0.027004025187
 orbitals (Q,E):
 ---------------
 AA :6...25          ( 2.00    -0.9374)  ( 2.00    -0.8513)  ( 2.00    -0.6078)  ( 2.00    -0.5089)
                     ( 2.00    -0.4898)  ( 2.00    -0.4192)  ( 2.00    -0.3778)  ( 2.00    -0.3564)
                     ( 2.00    -0.3095)  ( 2.00    -0.2334)  ( 0.00    -0.1587)  ( 0.00    -0.0253)
                     ( 0.00    -0.0020)  ( 0.00     0.0136)  ( 0.00     0.0940)  ( 0.00     0.1128)
                     ( 0.00     0.1379)  ( 0.00     0.1673)  ( 0.00     0.1846)  ( 0.00     0.2028)
 AAA :1...16         ( 2.00    -1.6026)  ( 2.00    -1.6014)  ( 2.00    -0.3908)  ( 2.00    -0.3220)
                     ( 2.00    -0.3110)  ( 2.00    -0.2624)  ( 0.00    -0.1260)  ( 0.00     0.0767)
                     ( 0.00     0.2605)  ( 0.00     0.2832)  ( 0.00     0.4153)  ( 0.00     0.4291)
                     ( 0.00     0.4624)  ( 0.00     0.5375)  ( 0.00     0.5497)  ( 0.00     0.6820)

 CYCLE    2
  SDIIS (wt  0.000):  0.8381  0.1619
 A-DIIS (wt  1.000):  0.8648  0.1352
  DIIS coefficients:  0.8648  0.1352
 SCF Error: norm([F,P])=      0.348451259691, max([F,P])=      0.111390650744
 orbitals (Q,E):
 ---------------
 AA :6...16          ( 2.00    -0.9353)  ( 2.00    -0.8638)  ( 2.00    -0.6033)  ( 2.00    -0.5015)
                     ( 2.00    -0.4881)  ( 2.00    -0.4186)  ( 2.00    -0.3723)  ( 2.00    -0.3568)
                     ( 2.00    -0.3140)  ( 2.00    -0.2487)  ( 0.00    -0.1574)
 AAA :1...7          ( 2.00    -1.5926)  ( 2.00    -1.5917)  ( 2.00    -0.3855)  ( 2.00    -0.3163)
                     ( 2.00    -0.3095)  ( 2.00    -0.2720)  ( 0.00    -0.1256)

 CYCLE    3
  SDIIS (wt  0.000):  0.5545 -0.0142  0.4597
 A-DIIS (wt  1.000):  0.5923  0.0000  0.4077
  DIIS coefficients:  0.5923  0.0000  0.4077
 SCF Error: norm([F,P])=      0.111466048335, max([F,P])=      0.032832345795
 orbitals (Q,E):
 ---------------
 AA :6...16          ( 2.00    -0.9312)  ( 2.00    -0.8627)  ( 2.00    -0.5974)  ( 2.00    -0.4946)
                     ( 2.00    -0.4869)  ( 2.00    -0.4167)  ( 2.00    -0.3656)  ( 2.00    -0.3585)
                     ( 2.00    -0.3142)  ( 2.00    -0.2494)  ( 0.00    -0.1526)
 AAA :1...7          ( 2.00    -1.5853)  ( 2.00    -1.5842)  ( 2.00    -0.3796)  ( 2.00    -0.3108)
                     ( 2.00    -0.3093)  ( 2.00    -0.2727)  ( 0.00    -0.1200)

 CYCLE    4
  SDIIS (wt  0.787): -0.1730  0.2555  0.9175
 A-DIIS (wt  0.213):  0.0000  0.0000  1.0000
  DIIS coefficients: -0.1362  0.2012  0.9351
 SCF Error: norm([F,P])=      0.071557960436, max([F,P])=      0.022056626783
 orbitals (Q,E):
 ---------------
 AA :6...16          ( 2.00    -0.9206)  ( 2.00    -0.8667)  ( 2.00    -0.5872)  ( 2.00    -0.4803)
                     ( 2.00    -0.4761)  ( 2.00    -0.4120)  ( 2.00    -0.3573)  ( 2.00    -0.3492)
                     ( 2.00    -0.3098)  ( 2.00    -0.2588)  ( 0.00    -0.1436)
 AAA :1...7          ( 2.00    -1.5789)  ( 2.00    -1.5779)  ( 2.00    -0.3689)  ( 2.00    -0.3024)
                     ( 2.00    -0.2975)  ( 2.00    -0.2728)  ( 0.00    -0.1102)

 CYCLE    5
  SDIIS (wt  0.000):  0.1343 -0.4460  0.7789  0.5328
 A-DIIS (wt  1.000): -0.0000  0.0000  0.5794  0.4206
  DIIS coefficients: -0.0000  0.0000  0.5794  0.4206
 SCF Error: norm([F,P])=      0.129277632590, max([F,P])=      0.033981639722
 orbitals (Q,E):
 ---------------
 AA :6...16          ( 2.00    -0.9206)  ( 2.00    -0.8612)  ( 2.00    -0.5887)  ( 2.00    -0.4835)
                     ( 2.00    -0.4799)  ( 2.00    -0.4124)  ( 2.00    -0.3577)  ( 2.00    -0.3522)
                     ( 2.00    -0.3110)  ( 2.00    -0.2510)  ( 0.00    -0.1444)
 AAA :1...7          ( 2.00    -1.5829)  ( 2.00    -1.5817)  ( 2.00    -0.3700)  ( 2.00    -0.3054)
                     ( 2.00    -0.2984)  ( 2.00    -0.2714)  ( 0.00    -0.1105)

 CYCLE    6
  SDIIS (wt  0.856):  0.0459  0.0219  0.0513  0.3941  0.4868
 A-DIIS (wt  0.144):  0.0000  0.0000  0.0000  0.3253  0.6747
  DIIS coefficients:  0.0393  0.0187  0.0438  0.3842  0.5140
 SCF Error: norm([F,P])=      0.079563256933, max([F,P])=      0.015305187350
 orbitals (Q,E):
 ---------------
 AA :6...16          ( 2.00    -0.9233)  ( 2.00    -0.8634)  ( 2.00    -0.5904)  ( 2.00    -0.4839)
                     ( 2.00    -0.4804)  ( 2.00    -0.4126)  ( 2.00    -0.3587)  ( 2.00    -0.3532)
                     ( 2.00    -0.3112)  ( 2.00    -0.2535)  ( 0.00    -0.1458)
 AAA :1...7          ( 2.00    -1.5839)  ( 2.00    -1.5828)  ( 2.00    -0.3712)  ( 2.00    -0.3030)
                     ( 2.00    -0.3021)  ( 2.00    -0.2719)  ( 0.00    -0.1119)

 CYCLE    7
  SDIIS (wt  0.961): -0.0303  0.1584 -0.1428  0.0993  0.3738  0.5415
 A-DIIS (wt  0.039):  0.0000  0.0000  0.0000  0.0000  0.0342  0.9658
  DIIS coefficients: -0.0291  0.1522 -0.1372  0.0954  0.3604  0.5582
 SCF Error: norm([F,P])=      0.016990131636, max([F,P])=      0.004888970130
 orbitals (Q,E):
 ---------------
 AA :6...16          ( 2.00    -0.9224)  ( 2.00    -0.8632)  ( 2.00    -0.5897)  ( 2.00    -0.4836)
                     ( 2.00    -0.4798)  ( 2.00    -0.4128)  ( 2.00    -0.3581)  ( 2.00    -0.3526)
                     ( 2.00    -0.3110)  ( 2.00    -0.2535)  ( 0.00    -0.1453)
 AAA :1...7          ( 2.00    -1.5830)  ( 2.00    -1.5819)  ( 2.00    -0.3706)  ( 2.00    -0.3030)
                     ( 2.00    -0.3012)  ( 2.00    -0.2719)  ( 0.00    -0.1114)

 CYCLE    8
  SDIIS (wt  0.989): -0.0278  0.1167 -0.1087  0.0375  0.2235  0.4077  0.3510
 A-DIIS (wt  0.011):  0.0000  0.0000  0.0000  0.0000  0.0000  0.1535  0.8465
  DIIS coefficients: -0.0275  0.1153 -0.1075  0.0371  0.2210  0.4048  0.3567
 SCF Error: norm([F,P])=      0.007055181517, max([F,P])=      0.002138056385
 orbitals (Q,E):
 ---------------
 AA :6...16          ( 2.00    -0.9223)  ( 2.00    -0.8631)  ( 2.00    -0.5898)  ( 2.00    -0.4833)
                     ( 2.00    -0.4800)  ( 2.00    -0.4125)  ( 2.00    -0.3580)  ( 2.00    -0.3527)
                     ( 2.00    -0.3109)  ( 2.00    -0.2533)  ( 0.00    -0.1453)
 AAA :1...7          ( 2.00    -1.5834)  ( 2.00    -1.5823)  ( 2.00    -0.3706)  ( 2.00    -0.3029)
                     ( 2.00    -0.3011)  ( 2.00    -0.2718)  ( 0.00    -0.1114)

 CYCLE    9
  SDIIS (wt  1.000): -0.0091  0.0312 -0.0278  0.0029  0.0363  0.0848  0.2134  0.6685
  DIIS coefficients: -0.0091  0.0312 -0.0278  0.0029  0.0363  0.0848  0.2134  0.6685
 SCF Error: norm([F,P])=      0.002005547605, max([F,P])=      0.000472761981
 orbitals (Q,E):
 ---------------
 AA :6...16          ( 2.00    -0.9224)  ( 2.00    -0.8633)  ( 2.00    -0.5898)  ( 2.00    -0.4834)
                     ( 2.00    -0.4800)  ( 2.00    -0.4126)  ( 2.00    -0.3581)  ( 2.00    -0.3527)
                     ( 2.00    -0.3110)  ( 2.00    -0.2535)  ( 0.00    -0.1454)
 AAA :1...7          ( 2.00    -1.5836)  ( 2.00    -1.5825)  ( 2.00    -0.3707)  ( 2.00    -0.3029)
                     ( 2.00    -0.3012)  ( 2.00    -0.2719)  ( 0.00    -0.1115)

 CYCLE   10
  SDIIS (wt  1.000): -0.0027  0.0090 -0.0083  0.0001  0.0076  0.0269  0.0939  0.3250  0.5487
  DIIS coefficients: -0.0027  0.0090 -0.0083  0.0001  0.0076  0.0269  0.0939  0.3250  0.5487
 SCF Error: norm([F,P])=      0.000436252721, max([F,P])=      0.000099918149
 orbitals (Q,E):
 ---------------
 AA :6...16          ( 2.00    -0.9224)  ( 2.00    -0.8632)  ( 2.00    -0.5898)  ( 2.00    -0.4834)
                     ( 2.00    -0.4799)  ( 2.00    -0.4126)  ( 2.00    -0.3581)  ( 2.00    -0.3527)
                     ( 2.00    -0.3110)  ( 2.00    -0.2535)  ( 0.00    -0.1453)
 AAA :1...7          ( 2.00    -1.5834)  ( 2.00    -1.5823)  ( 2.00    -0.3707)  ( 2.00    -0.3029)
                     ( 2.00    -0.3012)  ( 2.00    -0.2719)  ( 0.00    -0.1115)

 CYCLE   11
  SDIIS (wt  1.000): -0.0002  0.0008 -0.0010  0.0002  0.0005  0.0062  0.0282  0.0995  0.2420  0.6237
  DIIS coefficients: -0.0002  0.0008 -0.0010  0.0002  0.0005  0.0062  0.0282  0.0995  0.2420  0.6237
 SCF Error: norm([F,P])=      0.000135340829, max([F,P])=      0.000025785352
 orbitals (Q,E):
 ---------------
 AA :6...16          ( 2.00    -0.9224)  ( 2.00    -0.8632)  ( 2.00    -0.5898)  ( 2.00    -0.4834)
                     ( 2.00    -0.4799)  ( 2.00    -0.4126)  ( 2.00    -0.3581)  ( 2.00    -0.3527)
                     ( 2.00    -0.3110)  ( 2.00    -0.2535)  ( 0.00    -0.1453)
 AAA :1...7          ( 2.00    -1.5835)  ( 2.00    -1.5824)  ( 2.00    -0.3707)  ( 2.00    -0.3029)
                     ( 2.00    -0.3012)  ( 2.00    -0.2719)  ( 0.00    -0.1115)

 CYCLE   12
  SDIIS (wt  1.000):  0.0002 -0.0003 -0.0000  0.0002  0.0018  0.0064  0.0239  0.0650  0.1791  0.7237
  DIIS coefficients:  0.0002 -0.0003 -0.0000  0.0002  0.0018  0.0064  0.0239  0.0650  0.1791  0.7237
 SCF Error: norm([F,P])=      0.000032732839, max([F,P])=      0.000009270822
 orbitals (Q,E):
 ---------------
 AA :6...16          ( 2.00    -0.9224)  ( 2.00    -0.8632)  ( 2.00    -0.5898)  ( 2.00    -0.4834)
                     ( 2.00    -0.4799)  ( 2.00    -0.4126)  ( 2.00    -0.3581)  ( 2.00    -0.3527)
                     ( 2.00    -0.3110)  ( 2.00    -0.2535)  ( 0.00    -0.1453)
 AAA :1...7          ( 2.00    -1.5835)  ( 2.00    -1.5824)  ( 2.00    -0.3707)  ( 2.00    -0.3029)
                     ( 2.00    -0.3012)  ( 2.00    -0.2719)  ( 0.00    -0.1115)

 CYCLE   13
  SDIIS (wt  1.000): -0.0000 -0.0000  0.0000  0.0002  0.0003  0.0020  0.0064  0.0165  0.1409  0.8336
  DIIS coefficients: -0.0000 -0.0000  0.0000  0.0002  0.0003  0.0020  0.0064  0.0165  0.1409  0.8336
 SCF Error: norm([F,P])=      0.000002927495, max([F,P])=      0.000000794264
 orbitals (Q,E):
 ---------------
 AA :6...16          ( 2.00    -0.9224)  ( 2.00    -0.8632)  ( 2.00    -0.5898)  ( 2.00    -0.4834)
                     ( 2.00    -0.4799)  ( 2.00    -0.4126)  ( 2.00    -0.3581)  ( 2.00    -0.3527)
                     ( 2.00    -0.3110)  ( 2.00    -0.2535)  ( 0.00    -0.1453)
 AAA :1...7          ( 2.00    -1.5835)  ( 2.00    -1.5824)  ( 2.00    -0.3707)  ( 2.00    -0.3029)
                     ( 2.00    -0.3012)  ( 2.00    -0.2719)  ( 0.00    -0.1115)

 SCF CONVERGED
 cosmo_calcen: 0.5 (esolb+esolc) (Hartrees) =   -0.025524

 Solvation energy (screening term,uncorrected) =    -16.016609 kcal/mol

 Solvation energy (dispersion and cavitation terms) =      0.727191 kcal/mol
 Solvation Energy Contributions (Hartrees)
          esola   esolb+esolc
     0.02552409   -0.05104818
 esol last cycle   -0.02552409

 CYCLE   14
 *** Using FIT density in Focky
  SDIIS (wt  1.000): -0.0000  0.0000  0.0000  0.0000  0.0003  0.0013  0.0028  0.0345  0.2535  0.7074
  DIIS coefficients: -0.0000  0.0000  0.0000  0.0000  0.0003  0.0013  0.0028  0.0345  0.2535  0.7074
 SCF Error: norm([F,P])=      0.000000509964, max([F,P])=      0.000000103474
 orbitals (Q,E):
 ---------------
 AA :6...25          ( 2.00    -0.9224)  ( 2.00    -0.8632)  ( 2.00    -0.5898)  ( 2.00    -0.4834)
                     ( 2.00    -0.4799)  ( 2.00    -0.4126)  ( 2.00    -0.3581)  ( 2.00    -0.3527)
                     ( 2.00    -0.3110)  ( 2.00    -0.2535)  ( 0.00    -0.1453)  ( 0.00     0.0008)
                     ( 0.00     0.0160)  ( 0.00     0.0362)  ( 0.00     0.0927)  ( 0.00     0.1280)
                     ( 0.00     0.1593)  ( 0.00     0.1819)  ( 0.00     0.2060)  ( 0.00     0.2167)
 AAA :1...16         ( 2.00    -1.5835)  ( 2.00    -1.5824)  ( 2.00    -0.3707)  ( 2.00    -0.3029)
                     ( 2.00    -0.3012)  ( 2.00    -0.2719)  ( 0.00    -0.1115)  ( 0.00     0.0927)
                     ( 0.00     0.2798)  ( 0.00     0.3005)  ( 0.00     0.4338)  ( 0.00     0.4456)
                     ( 0.00     0.4804)  ( 0.00     0.5273)  ( 0.00     0.5553)  ( 0.00     0.6955)
 cosmo_calcen: 0.5 (esolb+esolc) (Hartrees) =   -0.025524

 Solvation energy (screening term,uncorrected) =    -16.016613 kcal/mol

 Solvation energy (dispersion and cavitation terms) =      0.727191 kcal/mol
 Solvation Energy Contributions (Hartrees)
          esola   esolb+esolc
     0.02552409   -0.05104819
 esol last cycle   -0.02552409


 Fit test: (difference of exact and fit density, squared integrated, result summed over spins)
         SCF:                                          0.00002990867998

 Gross Charges per Atom (Z minus electrons)
 ==========================================
             1.7634   -0.6906   -0.6695   -0.6605   -0.7960    0.3520    0.3433    0.3579
 Net Total:  0.00000000



 =================================================================
 M U L T I P O L E   D E R I V E D   C H A R G E   A N A L Y S I S
 =================================================================

 See: M. Swart, P.Th. van Duijnen, J.G. Snijders, J.Comput.Chem., (2001), p. 79-88.

 --------------------------------------- 
 Multipole derived atomic charges (a.u.)
 --------------------------------------- 

        Atom    Level:     MDC-m        MDC-d        MDC-q
 ---------------------------------------------------------
     1     As           2.218460     1.648758     1.246819
     2     O           -0.561207    -0.631925    -0.669936
     3     O           -0.565914    -0.727150    -0.694873
     4     O           -0.528455    -0.617521    -0.790828
     5     O           -0.895752    -0.751391    -0.608860
     6     H            0.100734     0.326172     0.410077
     7     H            0.111083     0.405573     0.534602
     8     H            0.121051     0.347485     0.572999
 *** Using NEW gradient routines ***


 Geometry CYCLE 25
 ==============

 Energy gradients wrt nuclear displacements
 ==========================================

     Atom      Cartesian (a.u./angstrom)
                 X         Y         Z
 ----------------------------------------
     1 As   -0.001920 -0.002810  0.000000
     2 O     0.003754  0.001249  0.000000
     3 O     0.001436  0.001022  0.000000
     4 O     0.001199  0.001288  0.000000
     5 O    -0.001286  0.001124  0.000000
     6 H    -0.000796 -0.000194  0.000000
     7 H    -0.000232 -0.000684  0.000000
     8 H    -0.002155 -0.000995  0.000000
 ----------------------------------------
 
----------------------------------------------------------------------
Geometry Convergence after Step  25       (Hartree/Angstrom,Angstrom)
----------------------------------------------------------------------
current energy                               -1.48515047 Hartree
energy change                      -0.00001995     0.00100000    T
constrained gradient max            0.00375372     0.00100000    F
constrained gradient rms            0.00134127     0.00066667    F
gradient max                        0.00375372
gradient rms                        0.00134127
cart. step max                      0.00322421     0.01000000    T
cart. step rms                      0.00149733     0.00666667    T
 


 Coordinates (Cartesian)
 =======================

     Atom                    bohr                                 angstrom                 Geometric Variables
                   X           Y           Z              X           Y           Z       (0:frozen, *:LT par.)
 --------------------------------------------------------------------------------------------------------------
     1 As      6.531926   -0.894667    0.000000       3.456547   -0.473438    0.000000      1       2       3
     2 O       9.311363    1.196338    0.000000       4.927361    0.633075    0.000000      4       5       6
     3 O       3.471005   -2.447296    0.000000       1.836777   -1.295053    0.000000      7       8       9
     4 O       4.730870    2.019862    0.000000       2.503468    1.068865    0.000000     10      11      12
     5 O       8.167826   -3.587128    0.000000       4.322227   -1.898226    0.000000     13      14      15
     6 H      10.744621    0.011205    0.000000       5.685809    0.005930    0.000000     16      17      18
     7 H       2.170393   -1.121644    0.000000       1.148523   -0.593548    0.000000     19      20      21
     8 H       5.958474    3.415674    0.000000       3.153089    1.807497    0.000000     22      23      24
 --------------------------------------------------------------------------------------------------------------

 Number of elements of the density matrix on this node (used, total):      1035      9730



 ===========================================
 Numerical Integration : Fuzzy Cells (Becke)
 ===========================================
  
 Becke grid quality: GOOD           
  
 Lebedev angular grid order:             min:  11 max:  35
 Nr. of radial points:                   min:  54 max:  80

 Total nr. of points:     113172
 Nr. of blocks:              886
 Block length:               128
 Nr. of dummy points:        236


 Test of Precision of the Numerical Integration Grid
 ===================================================

 Integral of the Total Core Density:                  25.99995603403968
 Relative Error:                                      -1.691E-06


 -------------------------------------------
  COSMO surface
  Area             =          388.814
  Volume           =          614.923
  Number of Points =          995
 -------------------------------------------



 ========================
 Density Fitting (zlmFit)
 ========================
  
 ZlmFit Fit Quality: GOOD           
  
 Max L-expansion:                        min:   7 max:   9
 Nr. of radial interpolation points:     min:  72 max: 132



 =====
 S C F  ***  ScaSCF  ***
 =====
  
 Initial density matrix is taken from previous geometry

 CYCLE    1
 SCF Error: norm([F,P])=      0.087157752476, max([F,P])=      0.027029231565
 orbitals (Q,E):
 ---------------
 AA :6...25          ( 2.00    -0.9376)  ( 2.00    -0.8508)  ( 2.00    -0.6082)  ( 2.00    -0.5098)
                     ( 2.00    -0.4900)  ( 2.00    -0.4194)  ( 2.00    -0.3783)  ( 2.00    -0.3568)
                     ( 2.00    -0.3096)  ( 2.00    -0.2332)  ( 0.00    -0.1587)  ( 0.00    -0.0256)
                     ( 0.00    -0.0022)  ( 0.00     0.0134)  ( 0.00     0.0939)  ( 0.00     0.1126)
                     ( 0.00     0.1375)  ( 0.00     0.1673)  ( 0.00     0.1842)  ( 0.00     0.2026)
 AAA :1...16         ( 2.00    -1.6029)  ( 2.00    -1.6017)  ( 2.00    -0.3913)  ( 2.00    -0.3226)
                     ( 2.00    -0.3113)  ( 2.00    -0.2623)  ( 0.00    -0.1262)  ( 0.00     0.0765)
                     ( 0.00     0.2604)  ( 0.00     0.2828)  ( 0.00     0.4150)  ( 0.00     0.4289)
                     ( 0.00     0.4619)  ( 0.00     0.5372)  ( 0.00     0.5493)  ( 0.00     0.6818)

 CYCLE    2
  SDIIS (wt  0.000):  0.8382  0.1618
 A-DIIS (wt  1.000):  0.8521  0.1479
  DIIS coefficients:  0.8521  0.1479
 SCF Error: norm([F,P])=      0.349793670580, max([F,P])=      0.111837723677
 orbitals (Q,E):
 ---------------
 AA :6...16          ( 2.00    -0.9352)  ( 2.00    -0.8647)  ( 2.00    -0.6032)  ( 2.00    -0.5016)
                     ( 2.00    -0.4881)  ( 2.00    -0.4187)  ( 2.00    -0.3722)  ( 2.00    -0.3572)
                     ( 2.00    -0.3145)  ( 2.00    -0.2500)  ( 0.00    -0.1573)
 AAA :1...7          ( 2.00    -1.5918)  ( 2.00    -1.5909)  ( 2.00    -0.3855)  ( 2.00    -0.3162)
                     ( 2.00    -0.3096)  ( 2.00    -0.2729)  ( 0.00    -0.1257)

 CYCLE    3
  SDIIS (wt  0.000):  0.5548  0.0237  0.4215
 A-DIIS (wt  1.000):  0.5041  0.0000  0.4959
  DIIS coefficients:  0.5041  0.0000  0.4959
 SCF Error: norm([F,P])=      0.101505881866, max([F,P])=      0.026401533296
 orbitals (Q,E):
 ---------------
 AA :6...16          ( 2.00    -0.9296)  ( 2.00    -0.8619)  ( 2.00    -0.5957)  ( 2.00    -0.4932)
                     ( 2.00    -0.4866)  ( 2.00    -0.4161)  ( 2.00    -0.3638)  ( 2.00    -0.3592)
                     ( 2.00    -0.3142)  ( 2.00    -0.2494)  ( 0.00    -0.1509)
 AAA :1...7          ( 2.00    -1.5830)  ( 2.00    -1.5819)  ( 2.00    -0.3781)  ( 2.00    -0.3108)
                     ( 2.00    -0.3078)  ( 2.00    -0.2727)  ( 0.00    -0.1182)

 CYCLE    4
  SDIIS (wt  0.819): -0.1353  0.4344  0.7008
 A-DIIS (wt  0.181):  0.0000  0.0000  1.0000
  DIIS coefficients: -0.1108  0.3560  0.7548
 SCF Error: norm([F,P])=      0.077746616534, max([F,P])=      0.018876680486
 orbitals (Q,E):
 ---------------
 AA :6...16          ( 2.00    -0.9207)  ( 2.00    -0.8658)  ( 2.00    -0.5874)  ( 2.00    -0.4811)
                     ( 2.00    -0.4757)  ( 2.00    -0.4117)  ( 2.00    -0.3575)  ( 2.00    -0.3491)
                     ( 2.00    -0.3094)  ( 2.00    -0.2580)  ( 0.00    -0.1436)
 AAA :1...7          ( 2.00    -1.5799)  ( 2.00    -1.5789)  ( 2.00    -0.3691)  ( 2.00    -0.3026)
                     ( 2.00    -0.2971)  ( 2.00    -0.2722)  ( 0.00    -0.1103)

 CYCLE    5
  SDIIS (wt  0.000):  0.0833 -0.2399  0.6550  0.5015
 A-DIIS (wt  1.000):  0.0000  0.0000  0.6044  0.3956
  DIIS coefficients:  0.0000  0.0000  0.6044  0.3956
 SCF Error: norm([F,P])=      0.132402018793, max([F,P])=      0.031942811331
 orbitals (Q,E):
 ---------------
 AA :6...16          ( 2.00    -0.9208)  ( 2.00    -0.8616)  ( 2.00    -0.5891)  ( 2.00    -0.4834)
                     ( 2.00    -0.4793)  ( 2.00    -0.4121)  ( 2.00    -0.3570)  ( 2.00    -0.3522)
                     ( 2.00    -0.3103)  ( 2.00    -0.2517)  ( 0.00    -0.1445)
 AAA :1...7          ( 2.00    -1.5845)  ( 2.00    -1.5833)  ( 2.00    -0.3701)  ( 2.00    -0.3035)
                     ( 2.00    -0.2993)  ( 2.00    -0.2711)  ( 0.00    -0.1110)

 CYCLE    6
  SDIIS (wt  0.922):  0.0227 -0.0654  0.2590  0.2992  0.4845
 A-DIIS (wt  0.078):  0.0000  0.0000  0.0000  0.1255  0.8745
  DIIS coefficients:  0.0209 -0.0603  0.2388  0.2857  0.5149
 SCF Error: norm([F,P])=      0.038597613963, max([F,P])=      0.008725446407
 orbitals (Q,E):
 ---------------
 AA :6...16          ( 2.00    -0.9231)  ( 2.00    -0.8632)  ( 2.00    -0.5903)  ( 2.00    -0.4844)
                     ( 2.00    -0.4805)  ( 2.00    -0.4126)  ( 2.00    -0.3586)  ( 2.00    -0.3536)
                     ( 2.00    -0.3114)  ( 2.00    -0.2535)  ( 0.00    -0.1456)
 AAA :1...7          ( 2.00    -1.5833)  ( 2.00    -1.5822)  ( 2.00    -0.3713)  ( 2.00    -0.3033)
                     ( 2.00    -0.3020)  ( 2.00    -0.2720)  ( 0.00    -0.1118)

 CYCLE    7
  SDIIS (wt  0.974): -0.0137  0.0400 -0.0055  0.0430  0.3646  0.5716
 A-DIIS (wt  0.026):  0.0000  0.0000  0.0000  0.0000  0.1511  0.8489
  DIIS coefficients: -0.0133  0.0389 -0.0053  0.0419  0.3590  0.5788
 SCF Error: norm([F,P])=      0.013362937300, max([F,P])=      0.003586605354
 orbitals (Q,E):
 ---------------
 AA :6...16          ( 2.00    -0.9224)  ( 2.00    -0.8626)  ( 2.00    -0.5898)  ( 2.00    -0.4842)
                     ( 2.00    -0.4797)  ( 2.00    -0.4126)  ( 2.00    -0.3581)  ( 2.00    -0.3529)
                     ( 2.00    -0.3109)  ( 2.00    -0.2531)  ( 0.00    -0.1451)
 AAA :1...7          ( 2.00    -1.5830)  ( 2.00    -1.5819)  ( 2.00    -0.3707)  ( 2.00    -0.3031)
                     ( 2.00    -0.3012)  ( 2.00    -0.2717)  ( 0.00    -0.1114)

 CYCLE    8
  SDIIS (wt  0.991): -0.0147  0.0405 -0.0269  0.0055  0.2303  0.4282  0.3371
 A-DIIS (wt  0.009):  0.0000  0.0000  0.0000  0.0000  0.0000  0.2064  0.7936
  DIIS coefficients: -0.0145  0.0401 -0.0266  0.0054  0.2282  0.4262  0.3411
 SCF Error: norm([F,P])=      0.006524213283, max([F,P])=      0.001881530585
 orbitals (Q,E):
 ---------------
 AA :6...16          ( 2.00    -0.9223)  ( 2.00    -0.8626)  ( 2.00    -0.5898)  ( 2.00    -0.4839)
                     ( 2.00    -0.4799)  ( 2.00    -0.4124)  ( 2.00    -0.3580)  ( 2.00    -0.3530)
                     ( 2.00    -0.3109)  ( 2.00    -0.2530)  ( 0.00    -0.1451)
 AAA :1...7          ( 2.00    -1.5834)  ( 2.00    -1.5823)  ( 2.00    -0.3707)  ( 2.00    -0.3030)
                     ( 2.00    -0.3011)  ( 2.00    -0.2716)  ( 0.00    -0.1114)

 CYCLE    9
  SDIIS (wt  1.000): -0.0073  0.0187 -0.0145 -0.0049  0.0512  0.1089  0.1894  0.6587
  DIIS coefficients: -0.0073  0.0187 -0.0145 -0.0049  0.0512  0.1089  0.1894  0.6587
 SCF Error: norm([F,P])=      0.001708239525, max([F,P])=      0.000453448328
 orbitals (Q,E):
 ---------------
 AA :6...16          ( 2.00    -0.9224)  ( 2.00    -0.8628)  ( 2.00    -0.5899)  ( 2.00    -0.4840)
                     ( 2.00    -0.4799)  ( 2.00    -0.4125)  ( 2.00    -0.3581)  ( 2.00    -0.3530)
                     ( 2.00    -0.3110)  ( 2.00    -0.2533)  ( 0.00    -0.1452)
 AAA :1...7          ( 2.00    -1.5835)  ( 2.00    -1.5824)  ( 2.00    -0.3708)  ( 2.00    -0.3031)
                     ( 2.00    -0.3012)  ( 2.00    -0.2718)  ( 0.00    -0.1115)

 CYCLE   10
  SDIIS (wt  1.000): -0.0025  0.0065 -0.0058 -0.0023  0.0137  0.0363  0.0785  0.3145  0.5611
  DIIS coefficients: -0.0025  0.0065 -0.0058 -0.0023  0.0137  0.0363  0.0785  0.3145  0.5611
 SCF Error: norm([F,P])=      0.000383772002, max([F,P])=      0.000075390686
 orbitals (Q,E):
 ---------------
 AA :6...16          ( 2.00    -0.9223)  ( 2.00    -0.8628)  ( 2.00    -0.5898)  ( 2.00    -0.4840)
                     ( 2.00    -0.4799)  ( 2.00    -0.4125)  ( 2.00    -0.3580)  ( 2.00    -0.3530)
                     ( 2.00    -0.3109)  ( 2.00    -0.2532)  ( 0.00    -0.1452)
 AAA :1...7          ( 2.00    -1.5834)  ( 2.00    -1.5823)  ( 2.00    -0.3708)  ( 2.00    -0.3030)
                     ( 2.00    -0.3012)  ( 2.00    -0.2717)  ( 0.00    -0.1115)

 CYCLE   11
  SDIIS (wt  1.000): -0.0002  0.0009 -0.0011 -0.0002  0.0016  0.0076  0.0215  0.0905  0.2481  0.6314
  DIIS coefficients: -0.0002  0.0009 -0.0011 -0.0002  0.0016  0.0076  0.0215  0.0905  0.2481  0.6314
 SCF Error: norm([F,P])=      0.000120310798, max([F,P])=      0.000025091851
 orbitals (Q,E):
 ---------------
 AA :6...16          ( 2.00    -0.9223)  ( 2.00    -0.8628)  ( 2.00    -0.5898)  ( 2.00    -0.4840)
                     ( 2.00    -0.4799)  ( 2.00    -0.4125)  ( 2.00    -0.3580)  ( 2.00    -0.3530)
                     ( 2.00    -0.3110)  ( 2.00    -0.2532)  ( 0.00    -0.1452)
 AAA :1...7          ( 2.00    -1.5834)  ( 2.00    -1.5824)  ( 2.00    -0.3708)  ( 2.00    -0.3031)
                     ( 2.00    -0.3012)  ( 2.00    -0.2717)  ( 0.00    -0.1115)

 CYCLE   12
  SDIIS (wt  1.000):  0.0002 -0.0004 -0.0001  0.0006  0.0023  0.0055  0.0237  0.0703  0.1914  0.7065
  DIIS coefficients:  0.0002 -0.0004 -0.0001  0.0006  0.0023  0.0055  0.0237  0.0703  0.1914  0.7065
 SCF Error: norm([F,P])=      0.000031942981, max([F,P])=      0.000009562368
 orbitals (Q,E):
 ---------------
 AA :6...16          ( 2.00    -0.9223)  ( 2.00    -0.8628)  ( 2.00    -0.5898)  ( 2.00    -0.4840)
                     ( 2.00    -0.4799)  ( 2.00    -0.4125)  ( 2.00    -0.3580)  ( 2.00    -0.3530)
                     ( 2.00    -0.3110)  ( 2.00    -0.2532)  ( 0.00    -0.1452)
 AAA :1...7          ( 2.00    -1.5834)  ( 2.00    -1.5824)  ( 2.00    -0.3708)  ( 2.00    -0.3031)
                     ( 2.00    -0.3012)  ( 2.00    -0.2717)  ( 0.00    -0.1115)

 CYCLE   13
  SDIIS (wt  1.000): -0.0000 -0.0000  0.0000  0.0000 -0.0001  0.0003 -0.0000 -0.0032  0.0558  0.9472
  DIIS coefficients: -0.0000 -0.0000  0.0000  0.0000 -0.0001  0.0003 -0.0000 -0.0032  0.0558  0.9472
 SCF Error: norm([F,P])=      0.000003107221, max([F,P])=      0.000000674080
 orbitals (Q,E):
 ---------------
 AA :6...16          ( 2.00    -0.9223)  ( 2.00    -0.8628)  ( 2.00    -0.5898)  ( 2.00    -0.4840)
                     ( 2.00    -0.4799)  ( 2.00    -0.4125)  ( 2.00    -0.3580)  ( 2.00    -0.3530)
                     ( 2.00    -0.3110)  ( 2.00    -0.2532)  ( 0.00    -0.1452)
 AAA :1...7          ( 2.00    -1.5834)  ( 2.00    -1.5824)  ( 2.00    -0.3708)  ( 2.00    -0.3031)
                     ( 2.00    -0.3012)  ( 2.00    -0.2717)  ( 0.00    -0.1115)

 SCF CONVERGED
 cosmo_calcen: 0.5 (esolb+esolc) (Hartrees) =   -0.025587

 Solvation energy (screening term,uncorrected) =    -16.055799 kcal/mol

 Solvation energy (dispersion and cavitation terms) =      0.727052 kcal/mol
 Solvation Energy Contributions (Hartrees)
          esola   esolb+esolc
     0.02558654   -0.05117308
 esol last cycle   -0.02558654

 CYCLE   14
 *** Using FIT density in Focky
  SDIIS (wt  1.000): -0.0000  0.0000  0.0000 -0.0000  0.0002  0.0006  0.0002  0.0221  0.3385  0.6385
  DIIS coefficients: -0.0000  0.0000  0.0000 -0.0000  0.0002  0.0006  0.0002  0.0221  0.3385  0.6385
 SCF Error: norm([F,P])=      0.000000853746, max([F,P])=      0.000000235216
 orbitals (Q,E):
 ---------------
 AA :6...25          ( 2.00    -0.9223)  ( 2.00    -0.8628)  ( 2.00    -0.5898)  ( 2.00    -0.4840)
                     ( 2.00    -0.4799)  ( 2.00    -0.4125)  ( 2.00    -0.3580)  ( 2.00    -0.3530)
                     ( 2.00    -0.3110)  ( 2.00    -0.2532)  ( 0.00    -0.1452)  ( 0.00     0.0008)
                     ( 0.00     0.0161)  ( 0.00     0.0363)  ( 0.00     0.0927)  ( 0.00     0.1281)
                     ( 0.00     0.1592)  ( 0.00     0.1820)  ( 0.00     0.2059)  ( 0.00     0.2165)
 AAA :1...16         ( 2.00    -1.5834)  ( 2.00    -1.5824)  ( 2.00    -0.3708)  ( 2.00    -0.3031)
                     ( 2.00    -0.3012)  ( 2.00    -0.2717)  ( 0.00    -0.1115)  ( 0.00     0.0927)
                     ( 0.00     0.2800)  ( 0.00     0.3004)  ( 0.00     0.4338)  ( 0.00     0.4457)
                     ( 0.00     0.4802)  ( 0.00     0.5273)  ( 0.00     0.5548)  ( 0.00     0.6957)
 cosmo_calcen: 0.5 (esolb+esolc) (Hartrees) =   -0.025587

 Solvation energy (screening term,uncorrected) =    -16.055811 kcal/mol

 Solvation energy (dispersion and cavitation terms) =      0.727052 kcal/mol
 Solvation Energy Contributions (Hartrees)
          esola   esolb+esolc
     0.02558656   -0.05117312
 esol last cycle   -0.02558656


 Fit test: (difference of exact and fit density, squared integrated, result summed over spins)
         SCF:                                          0.00002991808340

 Gross Charges per Atom (Z minus electrons)
 ==========================================
             1.7638   -0.6900   -0.6698   -0.6609   -0.7957    0.3515    0.3435    0.3577
 Net Total: -0.00000000



 =================================================================
 M U L T I P O L E   D E R I V E D   C H A R G E   A N A L Y S I S
 =================================================================

 See: M. Swart, P.Th. van Duijnen, J.G. Snijders, J.Comput.Chem., (2001), p. 79-88.

 --------------------------------------- 
 Multipole derived atomic charges (a.u.)
 --------------------------------------- 

        Atom    Level:     MDC-m        MDC-d        MDC-q
 ---------------------------------------------------------
     1     As           2.218447     1.647104     1.247044
     2     O           -0.561169    -0.630554    -0.671190
     3     O           -0.565803    -0.727093    -0.694609
     4     O           -0.528405    -0.616050    -0.791254
     5     O           -0.896137    -0.751746    -0.610110
     6     H            0.101505     0.326496     0.411769
     7     H            0.110595     0.405320     0.534586
     8     H            0.120968     0.346523     0.573764
 *** Using NEW gradient routines ***


 Geometry CYCLE 26
 ==============

 Energy gradients wrt nuclear displacements
 ==========================================

     Atom      Cartesian (a.u./angstrom)
                 X         Y         Z
 ----------------------------------------
     1 As   -0.002771  0.000720  0.000000
     2 O     0.002345  0.000430  0.000000
     3 O     0.001091  0.001283  0.000000
     4 O     0.000455  0.000102  0.000000
     5 O     0.000081 -0.000966  0.000000
     6 H    -0.000324 -0.000126  0.000000
     7 H     0.000416 -0.000675  0.000000
     8 H    -0.001293 -0.000768  0.000000
 ----------------------------------------
 
----------------------------------------------------------------------
Geometry Convergence after Step  26       (Hartree/Angstrom,Angstrom)
----------------------------------------------------------------------
current energy                               -1.48516190 Hartree
energy change                      -0.00001143     0.00100000    T
constrained gradient max            0.00277059     0.00100000    F
constrained gradient rms            0.00093279     0.00066667    F
gradient max                        0.00277059
gradient rms                        0.00093279
cart. step max                      0.00218963     0.01000000    T
cart. step rms                      0.00099411     0.00666667    T
 


 Coordinates (Cartesian)
 =======================

     Atom                    bohr                                 angstrom                 Geometric Variables
                   X           Y           Z              X           Y           Z       (0:frozen, *:LT par.)
 --------------------------------------------------------------------------------------------------------------
     1 As      6.531958   -0.895700    0.000000       3.456563   -0.473984    0.000000      1       2       3
     2 O       9.307225    1.196240    0.000000       4.925171    0.633023    0.000000      4       5       6
     3 O       3.469737   -2.447615    0.000000       1.836106   -1.295222    0.000000      7       8       9
     4 O       4.730144    2.018284    0.000000       2.503085    1.068030    0.000000     10      11      12
     5 O       8.168280   -3.588877    0.000000       4.322467   -1.899152    0.000000     13      14      15
     6 H      10.744404    0.015149    0.000000       5.685694    0.008016    0.000000     16      17      18
     7 H       2.173325   -1.117665    0.000000       1.150074   -0.591443    0.000000     19      20      21
     8 H       5.961405    3.412528    0.000000       3.154640    1.805832    0.000000     22      23      24
 --------------------------------------------------------------------------------------------------------------

 Number of elements of the density matrix on this node (used, total):      1035      9730



 ===========================================
 Numerical Integration : Fuzzy Cells (Becke)
 ===========================================
  
 Becke grid quality: GOOD           
  
 Lebedev angular grid order:             min:  11 max:  35
 Nr. of radial points:                   min:  54 max:  80

 Total nr. of points:     113174
 Nr. of blocks:              886
 Block length:               128
 Nr. of dummy points:        234


 Test of Precision of the Numerical Integration Grid
 ===================================================

 Integral of the Total Core Density:                  25.99995605329670
 Relative Error:                                      -1.690E-06


 -------------------------------------------
  COSMO surface
  Area             =          388.794
  Volume           =          614.873
  Number of Points =          995
 -------------------------------------------



 ========================
 Density Fitting (zlmFit)
 ========================
  
 ZlmFit Fit Quality: GOOD           
  
 Max L-expansion:                        min:   7 max:   9
 Nr. of radial interpolation points:     min:  72 max: 132



 =====
 S C F  ***  ScaSCF  ***
 =====
  
 Initial density matrix is taken from previous geometry

 CYCLE    1
 SCF Error: norm([F,P])=      0.087432462265, max([F,P])=      0.027083918648
 orbitals (Q,E):
 ---------------
 AA :6...25          ( 2.00    -0.9373)  ( 2.00    -0.8504)  ( 2.00    -0.6080)  ( 2.00    -0.5102)
                     ( 2.00    -0.4897)  ( 2.00    -0.4195)  ( 2.00    -0.3784)  ( 2.00    -0.3568)
                     ( 2.00    -0.3094)  ( 2.00    -0.2329)  ( 0.00    -0.1586)  ( 0.00    -0.0257)
                     ( 0.00    -0.0022)  ( 0.00     0.0134)  ( 0.00     0.0940)  ( 0.00     0.1125)
                     ( 0.00     0.1374)  ( 0.00     0.1675)  ( 0.00     0.1841)  ( 0.00     0.2025)
 AAA :1...16         ( 2.00    -1.6027)  ( 2.00    -1.6015)  ( 2.00    -0.3914)  ( 2.00    -0.3228)
                     ( 2.00    -0.3112)  ( 2.00    -0.2620)  ( 0.00    -0.1261)  ( 0.00     0.0765)
                     ( 0.00     0.2605)  ( 0.00     0.2827)  ( 0.00     0.4150)  ( 0.00     0.4289)
                     ( 0.00     0.4616)  ( 0.00     0.5372)  ( 0.00     0.5492)  ( 0.00     0.6818)

 CYCLE    2
  SDIIS (wt  0.000):  0.8388  0.1612
 A-DIIS (wt  1.000):  0.8502  0.1498
  DIIS coefficients:  0.8502  0.1498
 SCF Error: norm([F,P])=      0.351603600935, max([F,P])=      0.112502474279
 orbitals (Q,E):
 ---------------
 AA :6...16          ( 2.00    -0.9350)  ( 2.00    -0.8646)  ( 2.00    -0.6030)  ( 2.00    -0.5019)
                     ( 2.00    -0.4878)  ( 2.00    -0.4187)  ( 2.00    -0.3722)  ( 2.00    -0.3573)
                     ( 2.00    -0.3144)  ( 2.00    -0.2500)  ( 0.00    -0.1571)
 AAA :1...7          ( 2.00    -1.5916)  ( 2.00    -1.5906)  ( 2.00    -0.3855)  ( 2.00    -0.3161)
                     ( 2.00    -0.3096)  ( 2.00    -0.2729)  ( 0.00    -0.1256)

 CYCLE    3
  SDIIS (wt  0.000):  0.5545  0.0288  0.4167
 A-DIIS (wt  1.000):  0.4888  0.0000  0.5112
  DIIS coefficients:  0.4888  0.0000  0.5112
 SCF Error: norm([F,P])=      0.100635025113, max([F,P])=      0.025467862951
 orbitals (Q,E):
 ---------------
 AA :6...16          ( 2.00    -0.9292)  ( 2.00    -0.8616)  ( 2.00    -0.5952)  ( 2.00    -0.4931)
                     ( 2.00    -0.4863)  ( 2.00    -0.4159)  ( 2.00    -0.3635)  ( 2.00    -0.3594)
                     ( 2.00    -0.3141)  ( 2.00    -0.2493)  ( 0.00    -0.1506)
 AAA :1...7          ( 2.00    -1.5826)  ( 2.00    -1.5815)  ( 2.00    -0.3779)  ( 2.00    -0.3110)
                     ( 2.00    -0.3074)  ( 2.00    -0.2726)  ( 0.00    -0.1178)

 CYCLE    4
  SDIIS (wt  0.821): -0.1294  0.4568  0.6726
 A-DIIS (wt  0.179):  0.0000  0.0000  1.0000
  DIIS coefficients: -0.1063  0.3752  0.7311
 SCF Error: norm([F,P])=      0.080676644177, max([F,P])=      0.018677784116
 orbitals (Q,E):
 ---------------
 AA :6...16          ( 2.00    -0.9206)  ( 2.00    -0.8658)  ( 2.00    -0.5874)  ( 2.00    -0.4813)
                     ( 2.00    -0.4756)  ( 2.00    -0.4116)  ( 2.00    -0.3575)  ( 2.00    -0.3491)
                     ( 2.00    -0.3093)  ( 2.00    -0.2580)  ( 0.00    -0.1435)
 AAA :1...7          ( 2.00    -1.5801)  ( 2.00    -1.5791)  ( 2.00    -0.3691)  ( 2.00    -0.3026)
                     ( 2.00    -0.2971)  ( 2.00    -0.2722)  ( 0.00    -0.1103)

 CYCLE    5
  SDIIS (wt  0.000):  0.0780 -0.2136  0.6390  0.4966
 A-DIIS (wt  1.000):  0.0000  0.0000  0.6061  0.3939
  DIIS coefficients:  0.0000  0.0000  0.6061  0.3939
 SCF Error: norm([F,P])=      0.134870822609, max([F,P])=      0.032234820856
 orbitals (Q,E):
 ---------------
 AA :6...16          ( 2.00    -0.9208)  ( 2.00    -0.8616)  ( 2.00    -0.5890)  ( 2.00    -0.4836)
                     ( 2.00    -0.4790)  ( 2.00    -0.4121)  ( 2.00    -0.3570)  ( 2.00    -0.3522)
                     ( 2.00    -0.3102)  ( 2.00    -0.2518)  ( 0.00    -0.1445)
 AAA :1...7          ( 2.00    -1.5848)  ( 2.00    -1.5836)  ( 2.00    -0.3702)  ( 2.00    -0.3033)
                     ( 2.00    -0.2994)  ( 2.00    -0.2710)  ( 0.00    -0.1111)

 CYCLE    6
  SDIIS (wt  0.928):  0.0181 -0.0688  0.2828  0.2868  0.4811
 A-DIIS (wt  0.072):  0.0000  0.0000  0.0000  0.0922  0.9078
  DIIS coefficients:  0.0168 -0.0639  0.2626  0.2729  0.5116
 SCF Error: norm([F,P])=      0.034609765903, max([F,P])=      0.008091420242
 orbitals (Q,E):
 ---------------
 AA :6...16          ( 2.00    -0.9230)  ( 2.00    -0.8631)  ( 2.00    -0.5902)  ( 2.00    -0.4846)
                     ( 2.00    -0.4803)  ( 2.00    -0.4126)  ( 2.00    -0.3586)  ( 2.00    -0.3538)
                     ( 2.00    -0.3113)  ( 2.00    -0.2535)  ( 0.00    -0.1455)
 AAA :1...7          ( 2.00    -1.5832)  ( 2.00    -1.5822)  ( 2.00    -0.3713)  ( 2.00    -0.3034)
                     ( 2.00    -0.3020)  ( 2.00    -0.2720)  ( 0.00    -0.1118)

 CYCLE    7
  SDIIS (wt  0.975): -0.0135  0.0291  0.0131  0.0372  0.3614  0.5726
 A-DIIS (wt  0.025):  0.0000  0.0000  0.0000  0.0000  0.1811  0.8189
  DIIS coefficients: -0.0132  0.0284  0.0128  0.0363  0.3570  0.5788
 SCF Error: norm([F,P])=      0.013240963887, max([F,P])=      0.003453598090
 orbitals (Q,E):
 ---------------
 AA :6...16          ( 2.00    -0.9223)  ( 2.00    -0.8625)  ( 2.00    -0.5897)  ( 2.00    -0.4845)
                     ( 2.00    -0.4796)  ( 2.00    -0.4126)  ( 2.00    -0.3581)  ( 2.00    -0.3531)
                     ( 2.00    -0.3109)  ( 2.00    -0.2531)  ( 0.00    -0.1450)
 AAA :1...7          ( 2.00    -1.5830)  ( 2.00    -1.5819)  ( 2.00    -0.3708)  ( 2.00    -0.3032)
                     ( 2.00    -0.3012)  ( 2.00    -0.2717)  ( 0.00    -0.1114)

 CYCLE    8
  SDIIS (wt  0.991): -0.0142  0.0328 -0.0153  0.0019  0.2288  0.4291  0.3369
 A-DIIS (wt  0.009):  0.0000  0.0000  0.0000  0.0000  0.0000  0.2103  0.7897
  DIIS coefficients: -0.0140  0.0325 -0.0152  0.0018  0.2268  0.4271  0.3409
 SCF Error: norm([F,P])=      0.006517545591, max([F,P])=      0.001881445231
 orbitals (Q,E):
 ---------------
 AA :6...16          ( 2.00    -0.9222)  ( 2.00    -0.8625)  ( 2.00    -0.5897)  ( 2.00    -0.4842)
                     ( 2.00    -0.4797)  ( 2.00    -0.4124)  ( 2.00    -0.3580)  ( 2.00    -0.3532)
                     ( 2.00    -0.3109)  ( 2.00    -0.2530)  ( 0.00    -0.1450)
 AAA :1...7          ( 2.00    -1.5834)  ( 2.00    -1.5823)  ( 2.00    -0.3708)  ( 2.00    -0.3031)
                     ( 2.00    -0.3011)  ( 2.00    -0.2716)  ( 0.00    -0.1114)

 CYCLE    9
  SDIIS (wt  1.000): -0.0070  0.0165 -0.0118 -0.0058  0.0506  0.1094  0.1870  0.6612
  DIIS coefficients: -0.0070  0.0165 -0.0118 -0.0058  0.0506  0.1094  0.1870  0.6612
 SCF Error: norm([F,P])=      0.001675493527, max([F,P])=      0.000446546940
 orbitals (Q,E):
 ---------------
 AA :6...16          ( 2.00    -0.9222)  ( 2.00    -0.8627)  ( 2.00    -0.5898)  ( 2.00    -0.4843)
                     ( 2.00    -0.4798)  ( 2.00    -0.4125)  ( 2.00    -0.3581)  ( 2.00    -0.3532)
                     ( 2.00    -0.3110)  ( 2.00    -0.2532)  ( 0.00    -0.1451)
 AAA :1...7          ( 2.00    -1.5835)  ( 2.00    -1.5824)  ( 2.00    -0.3709)  ( 2.00    -0.3032)
                     ( 2.00    -0.3012)  ( 2.00    -0.2718)  ( 0.00    -0.1115)

 CYCLE   10
  SDIIS (wt  1.000): -0.0024  0.0058 -0.0051 -0.0026  0.0138  0.0371  0.0775  0.3136  0.5621
  DIIS coefficients: -0.0024  0.0058 -0.0051 -0.0026  0.0138  0.0371  0.0775  0.3136  0.5621
 SCF Error: norm([F,P])=      0.000376877320, max([F,P])=      0.000075067653
 orbitals (Q,E):
 ---------------
 AA :6...16          ( 2.00    -0.9222)  ( 2.00    -0.8627)  ( 2.00    -0.5897)  ( 2.00    -0.4843)
                     ( 2.00    -0.4797)  ( 2.00    -0.4125)  ( 2.00    -0.3580)  ( 2.00    -0.3531)
                     ( 2.00    -0.3109)  ( 2.00    -0.2532)  ( 0.00    -0.1451)
 AAA :1...7          ( 2.00    -1.5834)  ( 2.00    -1.5823)  ( 2.00    -0.3708)  ( 2.00    -0.3031)
                     ( 2.00    -0.3012)  ( 2.00    -0.2717)  ( 0.00    -0.1115)

 CYCLE   11
  SDIIS (wt  1.000): -0.0002  0.0008 -0.0010 -0.0003  0.0017  0.0079  0.0214  0.0908  0.2507  0.6282
  DIIS coefficients: -0.0002  0.0008 -0.0010 -0.0003  0.0017  0.0079  0.0214  0.0908  0.2507  0.6282
 SCF Error: norm([F,P])=      0.000118636517, max([F,P])=      0.000024936990
 orbitals (Q,E):
 ---------------
 AA :6...16          ( 2.00    -0.9222)  ( 2.00    -0.8627)  ( 2.00    -0.5897)  ( 2.00    -0.4843)
                     ( 2.00    -0.4797)  ( 2.00    -0.4125)  ( 2.00    -0.3580)  ( 2.00    -0.3532)
                     ( 2.00    -0.3109)  ( 2.00    -0.2532)  ( 0.00    -0.1451)
 AAA :1...7          ( 2.00    -1.5834)  ( 2.00    -1.5823)  ( 2.00    -0.3708)  ( 2.00    -0.3031)
                     ( 2.00    -0.3012)  ( 2.00    -0.2717)  ( 0.00    -0.1115)

 CYCLE   12
  SDIIS (wt  1.000):  0.0002 -0.0003 -0.0001  0.0006  0.0024  0.0055  0.0241  0.0715  0.1908  0.7055
  DIIS coefficients:  0.0002 -0.0003 -0.0001  0.0006  0.0024  0.0055  0.0241  0.0715  0.1908  0.7055
 SCF Error: norm([F,P])=      0.000031520543, max([F,P])=      0.000009459900
 orbitals (Q,E):
 ---------------
 AA :6...16          ( 2.00    -0.9222)  ( 2.00    -0.8627)  ( 2.00    -0.5897)  ( 2.00    -0.4843)
                     ( 2.00    -0.4797)  ( 2.00    -0.4125)  ( 2.00    -0.3580)  ( 2.00    -0.3532)
                     ( 2.00    -0.3109)  ( 2.00    -0.2532)  ( 0.00    -0.1451)
 AAA :1...7          ( 2.00    -1.5834)  ( 2.00    -1.5823)  ( 2.00    -0.3708)  ( 2.00    -0.3031)
                     ( 2.00    -0.3012)  ( 2.00    -0.2717)  ( 0.00    -0.1115)

 CYCLE   13
  SDIIS (wt  1.000): -0.0000 -0.0000  0.0000  0.0000 -0.0001  0.0003  0.0000 -0.0031  0.0589  0.9439
  DIIS coefficients: -0.0000 -0.0000  0.0000  0.0000 -0.0001  0.0003  0.0000 -0.0031  0.0589  0.9439
 SCF Error: norm([F,P])=      0.000003055989, max([F,P])=      0.000000651166
 orbitals (Q,E):
 ---------------
 AA :6...16          ( 2.00    -0.9222)  ( 2.00    -0.8627)  ( 2.00    -0.5897)  ( 2.00    -0.4843)
                     ( 2.00    -0.4797)  ( 2.00    -0.4125)  ( 2.00    -0.3580)  ( 2.00    -0.3532)
                     ( 2.00    -0.3109)  ( 2.00    -0.2532)  ( 0.00    -0.1451)
 AAA :1...7          ( 2.00    -1.5834)  ( 2.00    -1.5823)  ( 2.00    -0.3708)  ( 2.00    -0.3031)
                     ( 2.00    -0.3012)  ( 2.00    -0.2717)  ( 0.00    -0.1115)

 SCF CONVERGED
 cosmo_calcen: 0.5 (esolb+esolc) (Hartrees) =   -0.025598

 Solvation energy (screening term,uncorrected) =    -16.063177 kcal/mol

 Solvation energy (dispersion and cavitation terms) =      0.727015 kcal/mol
 Solvation Energy Contributions (Hartrees)
          esola   esolb+esolc
     0.02559830   -0.05119660
 esol last cycle   -0.02559830

 CYCLE   14
 *** Using FIT density in Focky
  SDIIS (wt  1.000): -0.0000  0.0000  0.0000 -0.0000  0.0002  0.0005  0.0000  0.0226  0.3359  0.6409
  DIIS coefficients: -0.0000  0.0000  0.0000 -0.0000  0.0002  0.0005  0.0000  0.0226  0.3359  0.6409
 SCF Error: norm([F,P])=      0.000000874409, max([F,P])=      0.000000247092
 orbitals (Q,E):
 ---------------
 AA :6...25          ( 2.00    -0.9222)  ( 2.00    -0.8627)  ( 2.00    -0.5897)  ( 2.00    -0.4843)
                     ( 2.00    -0.4797)  ( 2.00    -0.4125)  ( 2.00    -0.3580)  ( 2.00    -0.3532)
                     ( 2.00    -0.3109)  ( 2.00    -0.2532)  ( 0.00    -0.1451)  ( 0.00     0.0007)
                     ( 0.00     0.0161)  ( 0.00     0.0364)  ( 0.00     0.0927)  ( 0.00     0.1281)
                     ( 0.00     0.1591)  ( 0.00     0.1821)  ( 0.00     0.2058)  ( 0.00     0.2164)
 AAA :1...16         ( 2.00    -1.5834)  ( 2.00    -1.5823)  ( 2.00    -0.3708)  ( 2.00    -0.3031)
                     ( 2.00    -0.3012)  ( 2.00    -0.2717)  ( 0.00    -0.1115)  ( 0.00     0.0927)
                     ( 0.00     0.2801)  ( 0.00     0.3003)  ( 0.00     0.4338)  ( 0.00     0.4457)
                     ( 0.00     0.4801)  ( 0.00     0.5273)  ( 0.00     0.5544)  ( 0.00     0.6957)
 cosmo_calcen: 0.5 (esolb+esolc) (Hartrees) =   -0.025598

 Solvation energy (screening term,uncorrected) =    -16.063190 kcal/mol

 Solvation energy (dispersion and cavitation terms) =      0.727015 kcal/mol
 Solvation Energy Contributions (Hartrees)
          esola   esolb+esolc
     0.02559832   -0.05119664
 esol last cycle   -0.02559832


 Fit test: (difference of exact and fit density, squared integrated, result summed over spins)
         SCF:                                          0.00002991297646

 Gross Charges per Atom (Z minus electrons)
 ==========================================
             1.7642   -0.6896   -0.6701   -0.6612   -0.7956    0.3512    0.3436    0.3575
 Net Total: -0.00000000



 =================================================================
 M U L T I P O L E   D E R I V E D   C H A R G E   A N A L Y S I S
 =================================================================

 See: M. Swart, P.Th. van Duijnen, J.G. Snijders, J.Comput.Chem., (2001), p. 79-88.

 --------------------------------------- 
 Multipole derived atomic charges (a.u.)
 --------------------------------------- 

        Atom    Level:     MDC-m        MDC-d        MDC-q
 ---------------------------------------------------------
     1     As           2.218458     1.646611     1.247118
     2     O           -0.561098    -0.629486    -0.671818
     3     O           -0.565787    -0.727031    -0.694373
     4     O           -0.528527    -0.615295    -0.791731
     5     O           -0.896337    -0.751886    -0.610528
     6     H            0.101990     0.326456     0.412691
     7     H            0.110298     0.404882     0.534426
     8     H            0.121002     0.345750     0.574214
 *** Using NEW gradient routines ***


 Geometry CYCLE 27
 ==============

 Energy gradients wrt nuclear displacements
 ==========================================

     Atom      Cartesian (a.u./angstrom)
                 X         Y         Z
 ----------------------------------------
     1 As   -0.002390  0.001925  0.000000
     2 O     0.001207  0.000271  0.000000
     3 O     0.000902  0.001012  0.000000
     4 O    -0.000397 -0.000828  0.000000
     5 O     0.000399 -0.001507  0.000000
     6 H     0.000075 -0.000299  0.000000
     7 H     0.000577 -0.000392  0.000000
     8 H    -0.000372 -0.000181  0.000000
 ----------------------------------------
 
----------------------------------------------------------------------
Geometry Convergence after Step  27       (Hartree/Angstrom,Angstrom)
----------------------------------------------------------------------
current energy                               -1.48516467 Hartree
energy change                      -0.00000277     0.00100000    T
constrained gradient max            0.00239001     0.00100000    F
constrained gradient rms            0.00083699     0.00066667    F
gradient max                        0.00239001
gradient rms                        0.00083699
cart. step max                      0.00200633     0.01000000    T
cart. step rms                      0.00081895     0.00666667    T
 


 Coordinates (Cartesian)
 =======================

     Atom                    bohr                                 angstrom                 Geometric Variables
                   X           Y           Z              X           Y           Z       (0:frozen, *:LT par.)
 --------------------------------------------------------------------------------------------------------------
     1 As      6.532513   -0.897483    0.000000       3.456857   -0.474927    0.000000      1       2       3
     2 O       9.303963    1.196216    0.000000       4.923445    0.633010    0.000000      4       5       6
     3 O       3.467796   -2.448306    0.000000       1.835079   -1.295588    0.000000      7       8       9
     4 O       4.730213    2.017304    0.000000       2.503121    1.067511    0.000000     10      11      12
     5 O       8.168823   -3.589818    0.000000       4.322755   -1.899650    0.000000     13      14      15
     6 H      10.744520    0.018940    0.000000       5.685755    0.010023    0.000000     16      17      18
     7 H       2.174416   -1.114784    0.000000       1.150652   -0.589918    0.000000     19      20      21
     8 H       5.964233    3.410272    0.000000       3.156136    1.804638    0.000000     22      23      24
 --------------------------------------------------------------------------------------------------------------

 Number of elements of the density matrix on this node (used, total):      1035      9730



 ===========================================
 Numerical Integration : Fuzzy Cells (Becke)
 ===========================================
  
 Becke grid quality: GOOD           
  
 Lebedev angular grid order:             min:  11 max:  35
 Nr. of radial points:                   min:  54 max:  80

 Total nr. of points:     113174
 Nr. of blocks:              886
 Block length:               128
 Nr. of dummy points:        234


 Test of Precision of the Numerical Integration Grid
 ===================================================

 Integral of the Total Core Density:                  25.99995626301914
 Relative Error:                                      -1.682E-06


 -------------------------------------------
  COSMO surface
  Area             =          388.776
  Volume           =          614.828
  Number of Points =          995
 -------------------------------------------



 ========================
 Density Fitting (zlmFit)
 ========================
  
 ZlmFit Fit Quality: GOOD           
  
 Max L-expansion:                        min:   7 max:   9
 Nr. of radial interpolation points:     min:  72 max: 132



 =====
 S C F  ***  ScaSCF  ***
 =====
  
 Initial density matrix is taken from previous geometry

 CYCLE    1
 SCF Error: norm([F,P])=      0.087488085036, max([F,P])=      0.027092156131
 orbitals (Q,E):
 ---------------
 AA :6...25          ( 2.00    -0.9370)  ( 2.00    -0.8505)  ( 2.00    -0.6078)  ( 2.00    -0.5103)
                     ( 2.00    -0.4894)  ( 2.00    -0.4195)  ( 2.00    -0.3783)  ( 2.00    -0.3568)
                     ( 2.00    -0.3094)  ( 2.00    -0.2329)  ( 0.00    -0.1585)  ( 0.00    -0.0256)
                     ( 0.00    -0.0022)  ( 0.00     0.0135)  ( 0.00     0.0941)  ( 0.00     0.1125)
                     ( 0.00     0.1375)  ( 0.00     0.1676)  ( 0.00     0.1840)  ( 0.00     0.2025)
 AAA :1...16         ( 2.00    -1.6026)  ( 2.00    -1.6014)  ( 2.00    -0.3913)  ( 2.00    -0.3228)
                     ( 2.00    -0.3110)  ( 2.00    -0.2620)  ( 0.00    -0.1260)  ( 0.00     0.0766)
                     ( 0.00     0.2606)  ( 0.00     0.2828)  ( 0.00     0.4150)  ( 0.00     0.4291)
                     ( 0.00     0.4615)  ( 0.00     0.5372)  ( 0.00     0.5492)  ( 0.00     0.6818)

 CYCLE    2
  SDIIS (wt  0.000):  0.8390  0.1610
 A-DIIS (wt  1.000):  0.8515  0.1485
  DIIS coefficients:  0.8515  0.1485
 SCF Error: norm([F,P])=      0.351968025657, max([F,P])=      0.112624565440
 orbitals (Q,E):
 ---------------
 AA :6...16          ( 2.00    -0.9347)  ( 2.00    -0.8645)  ( 2.00    -0.6028)  ( 2.00    -0.5020)
                     ( 2.00    -0.4876)  ( 2.00    -0.4187)  ( 2.00    -0.3721)  ( 2.00    -0.3573)
                     ( 2.00    -0.3143)  ( 2.00    -0.2499)  ( 0.00    -0.1571)
 AAA :1...7          ( 2.00    -1.5916)  ( 2.00    -1.5906)  ( 2.00    -0.3854)  ( 2.00    -0.3162)
                     ( 2.00    -0.3095)  ( 2.00    -0.2728)  ( 0.00    -0.1256)

 CYCLE    3
  SDIIS (wt  0.000):  0.5542  0.0249  0.4209
 A-DIIS (wt  1.000):  0.4985  0.0000  0.5015
  DIIS coefficients:  0.4985  0.0000  0.5015
 SCF Error: norm([F,P])=      0.101410167076, max([F,P])=      0.026173745843
 orbitals (Q,E):
 ---------------
 AA :6...16          ( 2.00    -0.9293)  ( 2.00    -0.8618)  ( 2.00    -0.5953)  ( 2.00    -0.4935)
                     ( 2.00    -0.4861)  ( 2.00    -0.4160)  ( 2.00    -0.3636)  ( 2.00    -0.3594)
                     ( 2.00    -0.3141)  ( 2.00    -0.2494)  ( 0.00    -0.1507)
 AAA :1...7          ( 2.00    -1.5828)  ( 2.00    -1.5817)  ( 2.00    -0.3780)  ( 2.00    -0.3110)
                     ( 2.00    -0.3075)  ( 2.00    -0.2727)  ( 0.00    -0.1180)

 CYCLE    4
  SDIIS (wt  0.820): -0.1322  0.4419  0.6903
 A-DIIS (wt  0.180):  0.0000  0.0000  1.0000
  DIIS coefficients: -0.1084  0.3624  0.7460
 SCF Error: norm([F,P])=      0.078742827691, max([F,P])=      0.018801231972
 orbitals (Q,E):
 ---------------
 AA :6...16          ( 2.00    -0.9204)  ( 2.00    -0.8659)  ( 2.00    -0.5872)  ( 2.00    -0.4814)
                     ( 2.00    -0.4754)  ( 2.00    -0.4117)  ( 2.00    -0.3574)  ( 2.00    -0.3493)
                     ( 2.00    -0.3093)  ( 2.00    -0.2582)  ( 0.00    -0.1435)
 AAA :1...7          ( 2.00    -1.5800)  ( 2.00    -1.5790)  ( 2.00    -0.3691)  ( 2.00    -0.3025)
                     ( 2.00    -0.2972)  ( 2.00    -0.2723)  ( 0.00    -0.1103)

 CYCLE    5
  SDIIS (wt  0.000):  0.0821 -0.2315  0.6493  0.5000
 A-DIIS (wt  1.000):  0.0000  0.0000  0.6059  0.3941
  DIIS coefficients:  0.0000  0.0000  0.6059  0.3941
 SCF Error: norm([F,P])=      0.133598459895, max([F,P])=      0.032175190431
 orbitals (Q,E):
 ---------------
 AA :6...16          ( 2.00    -0.9206)  ( 2.00    -0.8616)  ( 2.00    -0.5888)  ( 2.00    -0.4838)
                     ( 2.00    -0.4788)  ( 2.00    -0.4121)  ( 2.00    -0.3570)  ( 2.00    -0.3523)
                     ( 2.00    -0.3102)  ( 2.00    -0.2518)  ( 0.00    -0.1444)
 AAA :1...7          ( 2.00    -1.5845)  ( 2.00    -1.5834)  ( 2.00    -0.3702)  ( 2.00    -0.3035)
                     ( 2.00    -0.2992)  ( 2.00    -0.2711)  ( 0.00    -0.1110)

 CYCLE    6
  SDIIS (wt  0.924):  0.0206 -0.0670  0.2691  0.2937  0.4837
 A-DIIS (wt  0.076):  0.0000  0.0000  0.0000  0.1127  0.8873
  DIIS coefficients:  0.0190 -0.0619  0.2486  0.2798  0.5145
 SCF Error: norm([F,P])=      0.037064722679, max([F,P])=      0.008558992601
 orbitals (Q,E):
 ---------------
 AA :6...16          ( 2.00    -0.9229)  ( 2.00    -0.8632)  ( 2.00    -0.5900)  ( 2.00    -0.4848)
                     ( 2.00    -0.4801)  ( 2.00    -0.4126)  ( 2.00    -0.3585)  ( 2.00    -0.3538)
                     ( 2.00    -0.3113)  ( 2.00    -0.2536)  ( 0.00    -0.1455)
 AAA :1...7          ( 2.00    -1.5832)  ( 2.00    -1.5822)  ( 2.00    -0.3713)  ( 2.00    -0.3034)
                     ( 2.00    -0.3020)  ( 2.00    -0.2721)  ( 0.00    -0.1118)

 CYCLE    7
  SDIIS (wt  0.974): -0.0138  0.0358  0.0028  0.0410  0.3647  0.5695
 A-DIIS (wt  0.026):  0.0000  0.0000  0.0000  0.0000  0.1642  0.8358
  DIIS coefficients: -0.0135  0.0349  0.0027  0.0399  0.3596  0.5764
 SCF Error: norm([F,P])=      0.013411895389, max([F,P])=      0.003549051146
 orbitals (Q,E):
 ---------------
 AA :6...16          ( 2.00    -0.9221)  ( 2.00    -0.8627)  ( 2.00    -0.5895)  ( 2.00    -0.4846)
                     ( 2.00    -0.4793)  ( 2.00    -0.4126)  ( 2.00    -0.3581)  ( 2.00    -0.3531)
                     ( 2.00    -0.3109)  ( 2.00    -0.2532)  ( 0.00    -0.1450)
 AAA :1...7          ( 2.00    -1.5830)  ( 2.00    -1.5819)  ( 2.00    -0.3708)  ( 2.00    -0.3033)
                     ( 2.00    -0.3011)  ( 2.00    -0.2718)  ( 0.00    -0.1114)

 CYCLE    8
  SDIIS (wt  0.991): -0.0147  0.0378 -0.0223  0.0036  0.2303  0.4281  0.3372
 A-DIIS (wt  0.009):  0.0000  0.0000  0.0000  0.0000  0.0000  0.2104  0.7896
  DIIS coefficients: -0.0146  0.0375 -0.0221  0.0036  0.2281  0.4261  0.3414
 SCF Error: norm([F,P])=      0.006602175935, max([F,P])=      0.001916020384
 orbitals (Q,E):
 ---------------
 AA :6...16          ( 2.00    -0.9220)  ( 2.00    -0.8626)  ( 2.00    -0.5895)  ( 2.00    -0.4843)
                     ( 2.00    -0.4795)  ( 2.00    -0.4124)  ( 2.00    -0.3579)  ( 2.00    -0.3532)
                     ( 2.00    -0.3108)  ( 2.00    -0.2531)  ( 0.00    -0.1450)
 AAA :1...7          ( 2.00    -1.5834)  ( 2.00    -1.5823)  ( 2.00    -0.3708)  ( 2.00    -0.3031)
                     ( 2.00    -0.3010)  ( 2.00    -0.2717)  ( 0.00    -0.1114)

 CYCLE    9
  SDIIS (wt  1.000): -0.0072  0.0177 -0.0134 -0.0054  0.0499  0.1076  0.1859  0.6648
  DIIS coefficients: -0.0072  0.0177 -0.0134 -0.0054  0.0499  0.1076  0.1859  0.6648
 SCF Error: norm([F,P])=      0.001679895565, max([F,P])=      0.000447324549
 orbitals (Q,E):
 ---------------
 AA :6...16          ( 2.00    -0.9221)  ( 2.00    -0.8628)  ( 2.00    -0.5896)  ( 2.00    -0.4844)
                     ( 2.00    -0.4795)  ( 2.00    -0.4125)  ( 2.00    -0.3580)  ( 2.00    -0.3532)
                     ( 2.00    -0.3110)  ( 2.00    -0.2533)  ( 0.00    -0.1451)
 AAA :1...7          ( 2.00    -1.5835)  ( 2.00    -1.5824)  ( 2.00    -0.3709)  ( 2.00    -0.3032)
                     ( 2.00    -0.3011)  ( 2.00    -0.2719)  ( 0.00    -0.1115)

 CYCLE   10
  SDIIS (wt  1.000): -0.0024  0.0062 -0.0055 -0.0024  0.0134  0.0363  0.0772  0.3145  0.5627
  DIIS coefficients: -0.0024  0.0062 -0.0055 -0.0024  0.0134  0.0363  0.0772  0.3145  0.5627
 SCF Error: norm([F,P])=      0.000378652434, max([F,P])=      0.000076351819
 orbitals (Q,E):
 ---------------
 AA :6...16          ( 2.00    -0.9221)  ( 2.00    -0.8628)  ( 2.00    -0.5896)  ( 2.00    -0.4844)
                     ( 2.00    -0.4795)  ( 2.00    -0.4125)  ( 2.00    -0.3580)  ( 2.00    -0.3532)
                     ( 2.00    -0.3109)  ( 2.00    -0.2533)  ( 0.00    -0.1451)
 AAA :1...7          ( 2.00    -1.5834)  ( 2.00    -1.5823)  ( 2.00    -0.3708)  ( 2.00    -0.3032)
                     ( 2.00    -0.3011)  ( 2.00    -0.2718)  ( 0.00    -0.1115)

 CYCLE   11
  SDIIS (wt  1.000): -0.0002  0.0008 -0.0010 -0.0003  0.0016  0.0078  0.0215  0.0917  0.2519  0.6262
  DIIS coefficients: -0.0002  0.0008 -0.0010 -0.0003  0.0016  0.0078  0.0215  0.0917  0.2519  0.6262
 SCF Error: norm([F,P])=      0.000119852203, max([F,P])=      0.000025188808
 orbitals (Q,E):
 ---------------
 AA :6...16          ( 2.00    -0.9221)  ( 2.00    -0.8628)  ( 2.00    -0.5896)  ( 2.00    -0.4844)
                     ( 2.00    -0.4795)  ( 2.00    -0.4125)  ( 2.00    -0.3580)  ( 2.00    -0.3532)
                     ( 2.00    -0.3109)  ( 2.00    -0.2533)  ( 0.00    -0.1451)
 AAA :1...7          ( 2.00    -1.5834)  ( 2.00    -1.5823)  ( 2.00    -0.3708)  ( 2.00    -0.3032)
                     ( 2.00    -0.3011)  ( 2.00    -0.2718)  ( 0.00    -0.1115)

 CYCLE   12
  SDIIS (wt  1.000):  0.0002 -0.0003 -0.0001  0.0006  0.0023  0.0055  0.0243  0.0716  0.1897  0.7063
  DIIS coefficients:  0.0002 -0.0003 -0.0001  0.0006  0.0023  0.0055  0.0243  0.0716  0.1897  0.7063
 SCF Error: norm([F,P])=      0.000031636143, max([F,P])=      0.000009490783
 orbitals (Q,E):
 ---------------
 AA :6...16          ( 2.00    -0.9221)  ( 2.00    -0.8628)  ( 2.00    -0.5896)  ( 2.00    -0.4844)
                     ( 2.00    -0.4795)  ( 2.00    -0.4125)  ( 2.00    -0.3580)  ( 2.00    -0.3532)
                     ( 2.00    -0.3109)  ( 2.00    -0.2533)  ( 0.00    -0.1451)
 AAA :1...7          ( 2.00    -1.5834)  ( 2.00    -1.5823)  ( 2.00    -0.3708)  ( 2.00    -0.3032)
                     ( 2.00    -0.3011)  ( 2.00    -0.2718)  ( 0.00    -0.1115)

 CYCLE   13
  SDIIS (wt  1.000): -0.0000 -0.0000  0.0000  0.0000 -0.0001  0.0003  0.0000 -0.0031  0.0595  0.9434
  DIIS coefficients: -0.0000 -0.0000  0.0000  0.0000 -0.0001  0.0003  0.0000 -0.0031  0.0595  0.9434
 SCF Error: norm([F,P])=      0.000003063794, max([F,P])=      0.000000670930
 orbitals (Q,E):
 ---------------
 AA :6...16          ( 2.00    -0.9221)  ( 2.00    -0.8628)  ( 2.00    -0.5896)  ( 2.00    -0.4844)
                     ( 2.00    -0.4795)  ( 2.00    -0.4125)  ( 2.00    -0.3580)  ( 2.00    -0.3532)
                     ( 2.00    -0.3109)  ( 2.00    -0.2533)  ( 0.00    -0.1451)
 AAA :1...7          ( 2.00    -1.5834)  ( 2.00    -1.5823)  ( 2.00    -0.3708)  ( 2.00    -0.3032)
                     ( 2.00    -0.3011)  ( 2.00    -0.2718)  ( 0.00    -0.1115)

 SCF CONVERGED
 cosmo_calcen: 0.5 (esolb+esolc) (Hartrees) =   -0.025578

 Solvation energy (screening term,uncorrected) =    -16.050703 kcal/mol

 Solvation energy (dispersion and cavitation terms) =      0.726981 kcal/mol
 Solvation Energy Contributions (Hartrees)
          esola   esolb+esolc
     0.02557842   -0.05115684
 esol last cycle   -0.02557842

 CYCLE   14
 *** Using FIT density in Focky
  SDIIS (wt  1.000): -0.0000  0.0000  0.0000 -0.0000  0.0002  0.0005  0.0001  0.0229  0.3357  0.6407
  DIIS coefficients: -0.0000  0.0000  0.0000 -0.0000  0.0002  0.0005  0.0001  0.0229  0.3357  0.6407
 SCF Error: norm([F,P])=      0.000000855248, max([F,P])=      0.000000237815
 orbitals (Q,E):
 ---------------
 AA :6...25          ( 2.00    -0.9221)  ( 2.00    -0.8628)  ( 2.00    -0.5896)  ( 2.00    -0.4844)
                     ( 2.00    -0.4795)  ( 2.00    -0.4125)  ( 2.00    -0.3580)  ( 2.00    -0.3532)
                     ( 2.00    -0.3109)  ( 2.00    -0.2533)  ( 0.00    -0.1451)  ( 0.00     0.0007)
                     ( 0.00     0.0161)  ( 0.00     0.0364)  ( 0.00     0.0926)  ( 0.00     0.1280)
                     ( 0.00     0.1590)  ( 0.00     0.1821)  ( 0.00     0.2057)  ( 0.00     0.2164)
 AAA :1...16         ( 2.00    -1.5834)  ( 2.00    -1.5823)  ( 2.00    -0.3708)  ( 2.00    -0.3032)
                     ( 2.00    -0.3011)  ( 2.00    -0.2718)  ( 0.00    -0.1115)  ( 0.00     0.0927)
                     ( 0.00     0.2801)  ( 0.00     0.3003)  ( 0.00     0.4337)  ( 0.00     0.4458)
                     ( 0.00     0.4800)  ( 0.00     0.5274)  ( 0.00     0.5542)  ( 0.00     0.6957)
 cosmo_calcen: 0.5 (esolb+esolc) (Hartrees) =   -0.025578

 Solvation energy (screening term,uncorrected) =    -16.050715 kcal/mol

 Solvation energy (dispersion and cavitation terms) =      0.726981 kcal/mol
 Solvation Energy Contributions (Hartrees)
          esola   esolb+esolc
     0.02557844   -0.05115688
 esol last cycle   -0.02557844


 Fit test: (difference of exact and fit density, squared integrated, result summed over spins)
         SCF:                                          0.00002990087363

 Gross Charges per Atom (Z minus electrons)
 ==========================================
             1.7644   -0.6894   -0.6701   -0.6613   -0.7957    0.3510    0.3437    0.3575
 Net Total: -0.00000000



 =================================================================
 M U L T I P O L E   D E R I V E D   C H A R G E   A N A L Y S I S
 =================================================================

 See: M. Swart, P.Th. van Duijnen, J.G. Snijders, J.Comput.Chem., (2001), p. 79-88.

 --------------------------------------- 
 Multipole derived atomic charges (a.u.)
 --------------------------------------- 

        Atom    Level:     MDC-m        MDC-d        MDC-q
 ---------------------------------------------------------
     1     As           2.218442     1.646783     1.247912
     2     O           -0.561007    -0.628742    -0.672847
     3     O           -0.565809    -0.727119    -0.694498
     4     O           -0.528671    -0.615166    -0.793001
     5     O           -0.896417    -0.751870    -0.610626
     6     H            0.102322     0.326393     0.413624
     7     H            0.110165     0.404505     0.534437
     8     H            0.120975     0.345217     0.575000
 *** Using NEW gradient routines ***


 Geometry CYCLE 28
 ==============

 Energy gradients wrt nuclear displacements
 ==========================================

     Atom      Cartesian (a.u./angstrom)
                 X         Y         Z
 ----------------------------------------
     1 As   -0.001226  0.001789  0.000000
     2 O     0.000390  0.000158  0.000000
     3 O     0.000574  0.000501  0.000000
     4 O    -0.000959 -0.001190  0.000000
     5 O     0.000300 -0.001162  0.000000
     6 H     0.000252 -0.000366  0.000000
     7 H     0.000431 -0.000009  0.000000
     8 H     0.000238  0.000279  0.000000
 ----------------------------------------
 
----------------------------------------------------------------------
Geometry Convergence after Step  28       (Hartree/Angstrom,Angstrom)
----------------------------------------------------------------------
current energy                               -1.48516841 Hartree
energy change                      -0.00000374     0.00100000    T
constrained gradient max            0.00178880     0.00100000    F
constrained gradient rms            0.00063750     0.00066667    T
gradient max                        0.00178880
gradient rms                        0.00063750
cart. step max                      0.00195873     0.01000000    T
cart. step rms                      0.00072503     0.00666667    T
 


 Coordinates (Cartesian)
 =======================

     Atom                    bohr                                 angstrom                 Geometric Variables
                   X           Y           Z              X           Y           Z       (0:frozen, *:LT par.)
 --------------------------------------------------------------------------------------------------------------
     1 As      6.533494   -0.899908    0.000000       3.457376   -0.476211    0.000000      1       2       3
     2 O       9.301975    1.195854    0.000000       4.922393    0.632819    0.000000      4       5       6
     3 O       3.465158   -2.449039    0.000000       1.833683   -1.295975    0.000000      7       8       9
     4 O       4.731624    2.017211    0.000000       2.503867    1.067462    0.000000     10      11      12
     5 O       8.169552   -3.589994    0.000000       4.323141   -1.899743    0.000000     13      14      15
     6 H      10.745474    0.022642    0.000000       5.686260    0.011981    0.000000     16      17      18
     7 H       2.172773   -1.113754    0.000000       1.149782   -0.589373    0.000000     19      20      21
     8 H       5.966427    3.409331    0.000000       3.157297    1.804140    0.000000     22      23      24
 --------------------------------------------------------------------------------------------------------------

 Number of elements of the density matrix on this node (used, total):      1035      9730



 ===========================================
 Numerical Integration : Fuzzy Cells (Becke)
 ===========================================
  
 Becke grid quality: GOOD           
  
 Lebedev angular grid order:             min:  11 max:  35
 Nr. of radial points:                   min:  54 max:  80

 Total nr. of points:     113174
 Nr. of blocks:              886
 Block length:               128
 Nr. of dummy points:        234


 Test of Precision of the Numerical Integration Grid
 ===================================================

 Integral of the Total Core Density:                  25.99995668768855
 Relative Error:                                      -1.666E-06


 -------------------------------------------
  COSMO surface
  Area             =          388.800
  Volume           =          614.843
  Number of Points =          995
 -------------------------------------------



 ========================
 Density Fitting (zlmFit)
 ========================
  
 ZlmFit Fit Quality: GOOD           
  
 Max L-expansion:                        min:   7 max:   9
 Nr. of radial interpolation points:     min:  72 max: 132



 =====
 S C F  ***  ScaSCF  ***
 =====
  
 Initial density matrix is taken from previous geometry

 CYCLE    1
 SCF Error: norm([F,P])=      0.087352980168, max([F,P])=      0.027053332417
 orbitals (Q,E):
 ---------------
 AA :6...25          ( 2.00    -0.9365)  ( 2.00    -0.8507)  ( 2.00    -0.6076)  ( 2.00    -0.5102)
                     ( 2.00    -0.4890)  ( 2.00    -0.4194)  ( 2.00    -0.3779)  ( 2.00    -0.3567)
                     ( 2.00    -0.3093)  ( 2.00    -0.2330)  ( 0.00    -0.1584)  ( 0.00    -0.0254)
                     ( 0.00    -0.0022)  ( 0.00     0.0136)  ( 0.00     0.0941)  ( 0.00     0.1124)
                     ( 0.00     0.1377)  ( 0.00     0.1677)  ( 0.00     0.1841)  ( 0.00     0.2025)
 AAA :1...16         ( 2.00    -1.6024)  ( 2.00    -1.6012)  ( 2.00    -0.3910)  ( 2.00    -0.3227)
                     ( 2.00    -0.3107)  ( 2.00    -0.2621)  ( 0.00    -0.1259)  ( 0.00     0.0767)
                     ( 0.00     0.2607)  ( 0.00     0.2830)  ( 0.00     0.4150)  ( 0.00     0.4292)
                     ( 0.00     0.4614)  ( 0.00     0.5373)  ( 0.00     0.5494)  ( 0.00     0.6820)

 CYCLE    2
  SDIIS (wt  0.000):  0.8389  0.1611
 A-DIIS (wt  1.000):  0.8550  0.1450
  DIIS coefficients:  0.8550  0.1450
 SCF Error: norm([F,P])=      0.351010958015, max([F,P])=      0.112302081352
 orbitals (Q,E):
 ---------------
 AA :6...16          ( 2.00    -0.9344)  ( 2.00    -0.8644)  ( 2.00    -0.6027)  ( 2.00    -0.5021)
                     ( 2.00    -0.4873)  ( 2.00    -0.4186)  ( 2.00    -0.3719)  ( 2.00    -0.3572)
                     ( 2.00    -0.3142)  ( 2.00    -0.2497)  ( 0.00    -0.1571)
 AAA :1...7          ( 2.00    -1.5917)  ( 2.00    -1.5908)  ( 2.00    -0.3854)  ( 2.00    -0.3161)
                     ( 2.00    -0.3094)  ( 2.00    -0.2726)  ( 0.00    -0.1255)

 CYCLE    3
  SDIIS (wt  0.000):  0.5537  0.0146  0.4318
 A-DIIS (wt  1.000):  0.5249  0.0000  0.4751
  DIIS coefficients:  0.5249  0.0000  0.4751
 SCF Error: norm([F,P])=      0.103518733378, max([F,P])=      0.027980816151
 orbitals (Q,E):
 ---------------
 AA :6...16          ( 2.00    -0.9296)  ( 2.00    -0.8623)  ( 2.00    -0.5957)  ( 2.00    -0.4941)
                     ( 2.00    -0.4860)  ( 2.00    -0.4161)  ( 2.00    -0.3639)  ( 2.00    -0.3593)
                     ( 2.00    -0.3142)  ( 2.00    -0.2496)  ( 0.00    -0.1512)
 AAA :1...7          ( 2.00    -1.5834)  ( 2.00    -1.5823)  ( 2.00    -0.3784)  ( 2.00    -0.3109)
                     ( 2.00    -0.3079)  ( 2.00    -0.2729)  ( 0.00    -0.1185)

 CYCLE    4
  SDIIS (wt  0.815): -0.1417  0.3982  0.7435
 A-DIIS (wt  0.185):  0.0000  0.0000  1.0000
  DIIS coefficients: -0.1154  0.3244  0.7911
 SCF Error: norm([F,P])=      0.074545030682, max([F,P])=      0.019363281588
 orbitals (Q,E):
 ---------------
 AA :6...16          ( 2.00    -0.9203)  ( 2.00    -0.8663)  ( 2.00    -0.5871)  ( 2.00    -0.4813)
                     ( 2.00    -0.4754)  ( 2.00    -0.4118)  ( 2.00    -0.3572)  ( 2.00    -0.3494)
                     ( 2.00    -0.3094)  ( 2.00    -0.2585)  ( 0.00    -0.1436)
 AAA :1...7          ( 2.00    -1.5797)  ( 2.00    -1.5787)  ( 2.00    -0.3690)  ( 2.00    -0.3023)
                     ( 2.00    -0.2973)  ( 2.00    -0.2725)  ( 0.00    -0.1103)

 CYCLE    5
  SDIIS (wt  0.000):  0.0936 -0.2837  0.6813  0.5088
 A-DIIS (wt  1.000):  0.0000  0.0000  0.6028  0.3972
  DIIS coefficients:  0.0000  0.0000  0.6028  0.3972
 SCF Error: norm([F,P])=      0.130827592342, max([F,P])=      0.032192849993
 orbitals (Q,E):
 ---------------
 AA :6...16          ( 2.00    -0.9204)  ( 2.00    -0.8618)  ( 2.00    -0.5886)  ( 2.00    -0.4839)
                     ( 2.00    -0.4788)  ( 2.00    -0.4121)  ( 2.00    -0.3570)  ( 2.00    -0.3523)
                     ( 2.00    -0.3105)  ( 2.00    -0.2519)  ( 0.00    -0.1444)
 AAA :1...7          ( 2.00    -1.5840)  ( 2.00    -1.5829)  ( 2.00    -0.3701)  ( 2.00    -0.3040)
                     ( 2.00    -0.2988)  ( 2.00    -0.2714)  ( 0.00    -0.1109)

 CYCLE    6
  SDIIS (wt  0.910):  0.0286 -0.0570  0.2230  0.3172  0.4882
 A-DIIS (wt  0.090):  0.0000  0.0000  0.0000  0.1721  0.8279
  DIIS coefficients:  0.0260 -0.0518  0.2029  0.3041  0.5188
 SCF Error: norm([F,P])=      0.045961507877, max([F,P])=      0.009908096777
 orbitals (Q,E):
 ---------------
 AA :6...16          ( 2.00    -0.9228)  ( 2.00    -0.8635)  ( 2.00    -0.5900)  ( 2.00    -0.4848)
                     ( 2.00    -0.4799)  ( 2.00    -0.4126)  ( 2.00    -0.3584)  ( 2.00    -0.3538)
                     ( 2.00    -0.3113)  ( 2.00    -0.2538)  ( 0.00    -0.1456)
 AAA :1...7          ( 2.00    -1.5834)  ( 2.00    -1.5823)  ( 2.00    -0.3712)  ( 2.00    -0.3032)
                     ( 2.00    -0.3020)  ( 2.00    -0.2722)  ( 0.00    -0.1118)

 CYCLE    7
  SDIIS (wt  0.971): -0.0151  0.0592 -0.0319  0.0538  0.3708  0.5631
 A-DIIS (wt  0.029):  0.0000  0.0000  0.0000  0.0000  0.1141  0.8859
  DIIS coefficients: -0.0147  0.0575 -0.0310  0.0523  0.3635  0.5724
 SCF Error: norm([F,P])=      0.013890022480, max([F,P])=      0.003841764952
 orbitals (Q,E):
 ---------------
 AA :6...16          ( 2.00    -0.9220)  ( 2.00    -0.8630)  ( 2.00    -0.5894)  ( 2.00    -0.4846)
                     ( 2.00    -0.4791)  ( 2.00    -0.4126)  ( 2.00    -0.3579)  ( 2.00    -0.3531)
                     ( 2.00    -0.3109)  ( 2.00    -0.2535)  ( 0.00    -0.1451)
 AAA :1...7          ( 2.00    -1.5830)  ( 2.00    -1.5819)  ( 2.00    -0.3707)  ( 2.00    -0.3032)
                     ( 2.00    -0.3010)  ( 2.00    -0.2719)  ( 0.00    -0.1114)

 CYCLE    8
  SDIIS (wt  0.990): -0.0164  0.0545 -0.0446  0.0107  0.2321  0.4254  0.3382
 A-DIIS (wt  0.010):  0.0000  0.0000  0.0000  0.0000  0.0000  0.2053  0.7947
  DIIS coefficients: -0.0163  0.0540 -0.0441  0.0106  0.2298  0.4232  0.3428
 SCF Error: norm([F,P])=      0.006754040007, max([F,P])=      0.001984254478
 orbitals (Q,E):
 ---------------
 AA :6...16          ( 2.00    -0.9219)  ( 2.00    -0.8630)  ( 2.00    -0.5895)  ( 2.00    -0.4844)
                     ( 2.00    -0.4793)  ( 2.00    -0.4124)  ( 2.00    -0.3578)  ( 2.00    -0.3532)
                     ( 2.00    -0.3109)  ( 2.00    -0.2534)  ( 0.00    -0.1451)
 AAA :1...7          ( 2.00    -1.5834)  ( 2.00    -1.5823)  ( 2.00    -0.3707)  ( 2.00    -0.3031)
                     ( 2.00    -0.3010)  ( 2.00    -0.2718)  ( 0.00    -0.1114)

 CYCLE    9
  SDIIS (wt  1.000): -0.0077  0.0216 -0.0181 -0.0035  0.0482  0.1031  0.1868  0.6697
  DIIS coefficients: -0.0077  0.0216 -0.0181 -0.0035  0.0482  0.1031  0.1868  0.6697
 SCF Error: norm([F,P])=      0.001717908390, max([F,P])=      0.000452477836
 orbitals (Q,E):
 ---------------
 AA :6...16          ( 2.00    -0.9220)  ( 2.00    -0.8632)  ( 2.00    -0.5895)  ( 2.00    -0.4844)
                     ( 2.00    -0.4793)  ( 2.00    -0.4125)  ( 2.00    -0.3579)  ( 2.00    -0.3532)
                     ( 2.00    -0.3110)  ( 2.00    -0.2536)  ( 0.00    -0.1452)
 AAA :1...7          ( 2.00    -1.5835)  ( 2.00    -1.5824)  ( 2.00    -0.3708)  ( 2.00    -0.3031)
                     ( 2.00    -0.3010)  ( 2.00    -0.2720)  ( 0.00    -0.1115)

 CYCLE   10
  SDIIS (wt  1.000): -0.0025  0.0072 -0.0066 -0.0018  0.0124  0.0339  0.0779  0.3166  0.5630
  DIIS coefficients: -0.0025  0.0072 -0.0066 -0.0018  0.0124  0.0339  0.0779  0.3166  0.5630
 SCF Error: norm([F,P])=      0.000385934722, max([F,P])=      0.000079580463
 orbitals (Q,E):
 ---------------
 AA :6...16          ( 2.00    -0.9220)  ( 2.00    -0.8631)  ( 2.00    -0.5895)  ( 2.00    -0.4844)
                     ( 2.00    -0.4793)  ( 2.00    -0.4125)  ( 2.00    -0.3578)  ( 2.00    -0.3531)
                     ( 2.00    -0.3109)  ( 2.00    -0.2535)  ( 0.00    -0.1452)
 AAA :1...7          ( 2.00    -1.5834)  ( 2.00    -1.5823)  ( 2.00    -0.3708)  ( 2.00    -0.3031)
                     ( 2.00    -0.3010)  ( 2.00    -0.2720)  ( 0.00    -0.1115)

 CYCLE   11
  SDIIS (wt  1.000): -0.0002  0.0009 -0.0011 -0.0002  0.0013  0.0072  0.0221  0.0934  0.2528  0.6237
  DIIS coefficients: -0.0002  0.0009 -0.0011 -0.0002  0.0013  0.0072  0.0221  0.0934  0.2528  0.6237
 SCF Error: norm([F,P])=      0.000123229164, max([F,P])=      0.000025749124
 orbitals (Q,E):
 ---------------
 AA :6...16          ( 2.00    -0.9220)  ( 2.00    -0.8631)  ( 2.00    -0.5895)  ( 2.00    -0.4844)
                     ( 2.00    -0.4793)  ( 2.00    -0.4125)  ( 2.00    -0.3578)  ( 2.00    -0.3532)
                     ( 2.00    -0.3110)  ( 2.00    -0.2535)  ( 0.00    -0.1452)
 AAA :1...7          ( 2.00    -1.5834)  ( 2.00    -1.5823)  ( 2.00    -0.3708)  ( 2.00    -0.3031)
                     ( 2.00    -0.3010)  ( 2.00    -0.2720)  ( 0.00    -0.1115)

 CYCLE   12
  SDIIS (wt  1.000):  0.0002 -0.0004 -0.0001  0.0005  0.0022  0.0055  0.0244  0.0713  0.1880  0.7084
  DIIS coefficients:  0.0002 -0.0004 -0.0001  0.0005  0.0022  0.0055  0.0244  0.0713  0.1880  0.7084
 SCF Error: norm([F,P])=      0.000032109127, max([F,P])=      0.000009591514
 orbitals (Q,E):
 ---------------
 AA :6...16          ( 2.00    -0.9220)  ( 2.00    -0.8631)  ( 2.00    -0.5895)  ( 2.00    -0.4844)
                     ( 2.00    -0.4793)  ( 2.00    -0.4125)  ( 2.00    -0.3578)  ( 2.00    -0.3532)
                     ( 2.00    -0.3110)  ( 2.00    -0.2535)  ( 0.00    -0.1452)
 AAA :1...7          ( 2.00    -1.5834)  ( 2.00    -1.5823)  ( 2.00    -0.3708)  ( 2.00    -0.3031)
                     ( 2.00    -0.3010)  ( 2.00    -0.2720)  ( 0.00    -0.1115)

 CYCLE   13
  SDIIS (wt  1.000): -0.0000 -0.0000  0.0000  0.0000 -0.0001  0.0004  0.0006 -0.0014  0.0649  0.9356
  DIIS coefficients: -0.0000 -0.0000  0.0000  0.0000 -0.0001  0.0004  0.0006 -0.0014  0.0649  0.9356
 SCF Error: norm([F,P])=      0.000003112112, max([F,P])=      0.000000729851
 orbitals (Q,E):
 ---------------
 AA :6...16          ( 2.00    -0.9220)  ( 2.00    -0.8631)  ( 2.00    -0.5895)  ( 2.00    -0.4844)
                     ( 2.00    -0.4793)  ( 2.00    -0.4125)  ( 2.00    -0.3578)  ( 2.00    -0.3532)
                     ( 2.00    -0.3110)  ( 2.00    -0.2535)  ( 0.00    -0.1452)
 AAA :1...7          ( 2.00    -1.5834)  ( 2.00    -1.5823)  ( 2.00    -0.3708)  ( 2.00    -0.3031)
                     ( 2.00    -0.3010)  ( 2.00    -0.2720)  ( 0.00    -0.1115)

 SCF CONVERGED
 cosmo_calcen: 0.5 (esolb+esolc) (Hartrees) =   -0.025530

 Solvation energy (screening term,uncorrected) =    -16.020500 kcal/mol

 Solvation energy (dispersion and cavitation terms) =      0.727025 kcal/mol
 Solvation Energy Contributions (Hartrees)
          esola   esolb+esolc
     0.02553029   -0.05106058
 esol last cycle   -0.02553029

 CYCLE   14
 *** Using FIT density in Focky
  SDIIS (wt  1.000): -0.0000  0.0000  0.0000  0.0000  0.0002  0.0007  0.0005  0.0242  0.3321  0.6423
  DIIS coefficients: -0.0000  0.0000  0.0000  0.0000  0.0002  0.0007  0.0005  0.0242  0.3321  0.6423
 SCF Error: norm([F,P])=      0.000000782511, max([F,P])=      0.000000204300
 orbitals (Q,E):
 ---------------
 AA :6...25          ( 2.00    -0.9220)  ( 2.00    -0.8631)  ( 2.00    -0.5895)  ( 2.00    -0.4844)
                     ( 2.00    -0.4793)  ( 2.00    -0.4125)  ( 2.00    -0.3578)  ( 2.00    -0.3532)
                     ( 2.00    -0.3110)  ( 2.00    -0.2535)  ( 0.00    -0.1452)  ( 0.00     0.0007)
                     ( 0.00     0.0160)  ( 0.00     0.0364)  ( 0.00     0.0926)  ( 0.00     0.1279)
                     ( 0.00     0.1590)  ( 0.00     0.1821)  ( 0.00     0.2056)  ( 0.00     0.2163)
 AAA :1...16         ( 2.00    -1.5834)  ( 2.00    -1.5823)  ( 2.00    -0.3708)  ( 2.00    -0.3031)
                     ( 2.00    -0.3010)  ( 2.00    -0.2720)  ( 0.00    -0.1115)  ( 0.00     0.0927)
                     ( 0.00     0.2800)  ( 0.00     0.3003)  ( 0.00     0.4336)  ( 0.00     0.4458)
                     ( 0.00     0.4800)  ( 0.00     0.5274)  ( 0.00     0.5543)  ( 0.00     0.6958)
 cosmo_calcen: 0.5 (esolb+esolc) (Hartrees) =   -0.025530

 Solvation energy (screening term,uncorrected) =    -16.020510 kcal/mol

 Solvation energy (dispersion and cavitation terms) =      0.727025 kcal/mol
 Solvation Energy Contributions (Hartrees)
          esola   esolb+esolc
     0.02553031   -0.05106061
 esol last cycle   -0.02553031


 Fit test: (difference of exact and fit density, squared integrated, result summed over spins)
         SCF:                                          0.00002988655131

 Gross Charges per Atom (Z minus electrons)
 ==========================================
             1.7644   -0.6893   -0.6701   -0.6614   -0.7958    0.3509    0.3438    0.3575
 Net Total: -0.00000000



 =================================================================
 M U L T I P O L E   D E R I V E D   C H A R G E   A N A L Y S I S
 =================================================================

 See: M. Swart, P.Th. van Duijnen, J.G. Snijders, J.Comput.Chem., (2001), p. 79-88.

 --------------------------------------- 
 Multipole derived atomic charges (a.u.)
 --------------------------------------- 

        Atom    Level:     MDC-m        MDC-d        MDC-q
 ---------------------------------------------------------
     1     As           2.218428     1.647621     1.250085
     2     O           -0.560939    -0.628560    -0.674744
     3     O           -0.565856    -0.727439    -0.695231
     4     O           -0.528787    -0.615954    -0.795524
     5     O           -0.896379    -0.751707    -0.610599
     6     H            0.102474     0.326440     0.414766
     7     H            0.110250     0.404389     0.534788
     8     H            0.120810     0.345210     0.576458
 *** Using NEW gradient routines ***


 Geometry CYCLE 29
 ==============

 Energy gradients wrt nuclear displacements
 ==========================================

     Atom      Cartesian (a.u./angstrom)
                 X         Y         Z
 ----------------------------------------
     1 As    0.000497  0.000362  0.000000
     2 O     0.000049 -0.000105  0.000000
     3 O     0.000062 -0.000027  0.000000
     4 O    -0.000763 -0.000616  0.000000
     5 O    -0.000089 -0.000013  0.000000
     6 H     0.000129 -0.000173  0.000000
     7 H    -0.000018  0.000291  0.000000
     8 H     0.000133  0.000282  0.000000
 ----------------------------------------
 
---------------------------------------------------------
Geometry Convergence after Step  29       ** CONVERGED **
---------------------------------------------------------
current energy                               -1.48517291 Hartree
energy change                      -0.00000450     0.00100000    T
constrained gradient max            0.00076314     0.00100000    T
constrained gradient rms            0.00025776     0.00066667    T
gradient max                        0.00076314
gradient rms                        0.00025776
cart. step max                      0.00044303     0.01000000    T
cart. step rms                      0.00017406     0.00666667    T
 

 Number of elements of the density matrix on this node (used, total):      1035      9730



 ===========================================
 Numerical Integration : Fuzzy Cells (Becke)
 ===========================================
  
 Becke grid quality: GOOD           
  
 Lebedev angular grid order:             min:  11 max:  35
 Nr. of radial points:                   min:  54 max:  80

 Total nr. of points:     113174
 Nr. of blocks:              886
 Block length:               128
 Nr. of dummy points:        234


 Test of Precision of the Numerical Integration Grid
 ===================================================

 Integral of the Total Core Density:                  25.99995668768855
 Relative Error:                                      -1.666E-06


 -------------------------------------------
  COSMO surface
  Area             =          388.800
  Volume           =          614.843
  Number of Points =          995
 -------------------------------------------



 ========================
 Density Fitting (zlmFit)
 ========================
  
 ZlmFit Fit Quality: GOOD           
  
 Max L-expansion:                        min:   7 max:   9
 Nr. of radial interpolation points:     min:  72 max: 132



 =====
 S C F  ***  ScaSCF  ***
 =====
  
 Initial density matrix is taken from previous geometry

 CYCLE    1
 SCF Error: norm([F,P])=      0.087152575697, max([F,P])=      0.030708366009
 orbitals (Q,E):
 ---------------
 AA :6...25          ( 2.00    -0.9366)  ( 2.00    -0.8510)  ( 2.00    -0.6076)  ( 2.00    -0.5102)
                     ( 2.00    -0.4891)  ( 2.00    -0.4195)  ( 2.00    -0.3779)  ( 2.00    -0.3567)
                     ( 2.00    -0.3095)  ( 2.00    -0.2333)  ( 0.00    -0.1585)  ( 0.00    -0.0254)
                     ( 0.00    -0.0023)  ( 0.00     0.0136)  ( 0.00     0.0941)  ( 0.00     0.1123)
                     ( 0.00     0.1376)  ( 0.00     0.1676)  ( 0.00     0.1841)  ( 0.00     0.2024)
 AAA :1...16         ( 2.00    -1.6026)  ( 2.00    -1.6014)  ( 2.00    -0.3910)  ( 2.00    -0.3227)
                     ( 2.00    -0.3108)  ( 2.00    -0.2624)  ( 0.00    -0.1260)  ( 0.00     0.0766)
                     ( 0.00     0.2606)  ( 0.00     0.2829)  ( 0.00     0.4150)  ( 0.00     0.4292)
                     ( 0.00     0.4614)  ( 0.00     0.5372)  ( 0.00     0.5492)  ( 0.00     0.6819)

 CYCLE    2
  SDIIS (wt  0.000):  0.8382  0.1618
 A-DIIS (wt  1.000):  0.8542  0.1458
  DIIS coefficients:  0.8542  0.1458
 SCF Error: norm([F,P])=      0.348989063396, max([F,P])=      0.145420979175
 orbitals (Q,E):
 ---------------
 AA :6...16          ( 2.00    -0.9345)  ( 2.00    -0.8647)  ( 2.00    -0.6028)  ( 2.00    -0.5021)
                     ( 2.00    -0.4873)  ( 2.00    -0.4187)  ( 2.00    -0.3718)  ( 2.00    -0.3573)
                     ( 2.00    -0.3143)  ( 2.00    -0.2499)  ( 0.00    -0.1572)
 AAA :1...7          ( 2.00    -1.5918)  ( 2.00    -1.5908)  ( 2.00    -0.3854)  ( 2.00    -0.3161)
                     ( 2.00    -0.3094)  ( 2.00    -0.2728)  ( 0.00    -0.1255)

 CYCLE    3
  SDIIS (wt  0.000):  0.5538  0.0168  0.4294
 A-DIIS (wt  1.000):  0.5213  0.0000  0.4787
  DIIS coefficients:  0.5213  0.0000  0.4787
 SCF Error: norm([F,P])=      0.102795651500, max([F,P])=      0.032510182179
 orbitals (Q,E):
 ---------------
 AA :6...16          ( 2.00    -0.9295)  ( 2.00    -0.8623)  ( 2.00    -0.5956)  ( 2.00    -0.4940)
                     ( 2.00    -0.4860)  ( 2.00    -0.4161)  ( 2.00    -0.3638)  ( 2.00    -0.3593)
                     ( 2.00    -0.3142)  ( 2.00    -0.2497)  ( 0.00    -0.1512)
 AAA :1...7          ( 2.00    -1.5834)  ( 2.00    -1.5823)  ( 2.00    -0.3784)  ( 2.00    -0.3109)
                     ( 2.00    -0.3078)  ( 2.00    -0.2729)  ( 0.00    -0.1185)

 CYCLE    4
  SDIIS (wt  0.770): -0.1420  0.4050  0.7371
 A-DIIS (wt  0.230):  0.0000  0.0000  1.0000
  DIIS coefficients: -0.1093  0.3118  0.7976
 SCF Error: norm([F,P])=      0.075171382271, max([F,P])=      0.023780025762
 orbitals (Q,E):
 ---------------
 AA :6...16          ( 2.00    -0.9203)  ( 2.00    -0.8666)  ( 2.00    -0.5871)  ( 2.00    -0.4812)
                     ( 2.00    -0.4752)  ( 2.00    -0.4118)  ( 2.00    -0.3572)  ( 2.00    -0.3492)
                     ( 2.00    -0.3094)  ( 2.00    -0.2589)  ( 0.00    -0.1436)
 AAA :1...7          ( 2.00    -1.5798)  ( 2.00    -1.5788)  ( 2.00    -0.3690)  ( 2.00    -0.3025)
                     ( 2.00    -0.2970)  ( 2.00    -0.2726)  ( 0.00    -0.1103)

 CYCLE    5
  SDIIS (wt  0.000):  0.0993 -0.3011  0.7029  0.4989
 A-DIIS (wt  1.000):  0.0000  0.0000  0.6277  0.3723
  DIIS coefficients:  0.0000  0.0000  0.6277  0.3723
 SCF Error: norm([F,P])=      0.140373011857, max([F,P])=      0.034772775283
 orbitals (Q,E):
 ---------------
 AA :6...16          ( 2.00    -0.9204)  ( 2.00    -0.8620)  ( 2.00    -0.5885)  ( 2.00    -0.4837)
                     ( 2.00    -0.4787)  ( 2.00    -0.4121)  ( 2.00    -0.3570)  ( 2.00    -0.3523)
                     ( 2.00    -0.3104)  ( 2.00    -0.2522)  ( 0.00    -0.1444)
 AAA :1...7          ( 2.00    -1.5838)  ( 2.00    -1.5827)  ( 2.00    -0.3700)  ( 2.00    -0.3037)
                     ( 2.00    -0.2990)  ( 2.00    -0.2714)  ( 0.00    -0.1109)

 CYCLE    6
  SDIIS (wt  0.931):  0.0328 -0.0712  0.2392  0.2877  0.5115
 A-DIIS (wt  0.069):  0.0000  0.0000  0.0000  0.1106  0.8894
  DIIS coefficients:  0.0305 -0.0663  0.2227  0.2755  0.5375
 SCF Error: norm([F,P])=      0.038153681821, max([F,P])=      0.007815722907
 orbitals (Q,E):
 ---------------
 AA :6...16          ( 2.00    -0.9228)  ( 2.00    -0.8635)  ( 2.00    -0.5900)  ( 2.00    -0.4848)
                     ( 2.00    -0.4799)  ( 2.00    -0.4126)  ( 2.00    -0.3584)  ( 2.00    -0.3538)
                     ( 2.00    -0.3113)  ( 2.00    -0.2538)  ( 0.00    -0.1456)
 AAA :1...7          ( 2.00    -1.5834)  ( 2.00    -1.5823)  ( 2.00    -0.3712)  ( 2.00    -0.3033)
                     ( 2.00    -0.3019)  ( 2.00    -0.2722)  ( 0.00    -0.1118)

 CYCLE    7
  SDIIS (wt  0.974): -0.0131  0.0537 -0.0266  0.0370  0.3822  0.5668
 A-DIIS (wt  0.026):  0.0000  0.0000  0.0000  0.0000  0.1546  0.8454
  DIIS coefficients: -0.0128  0.0523 -0.0259  0.0360  0.3763  0.5740
 SCF Error: norm([F,P])=      0.013532664776, max([F,P])=      0.003565118389
 orbitals (Q,E):
 ---------------
 AA :6...16          ( 2.00    -0.9220)  ( 2.00    -0.8630)  ( 2.00    -0.5894)  ( 2.00    -0.4846)
                     ( 2.00    -0.4791)  ( 2.00    -0.4126)  ( 2.00    -0.3579)  ( 2.00    -0.3531)
                     ( 2.00    -0.3109)  ( 2.00    -0.2535)  ( 0.00    -0.1451)
 AAA :1...7          ( 2.00    -1.5830)  ( 2.00    -1.5819)  ( 2.00    -0.3707)  ( 2.00    -0.3032)
                     ( 2.00    -0.3010)  ( 2.00    -0.2719)  ( 0.00    -0.1114)

 CYCLE    8
  SDIIS (wt  0.991): -0.0156  0.0523 -0.0425  0.0004  0.2395  0.4267  0.3393
 A-DIIS (wt  0.009):  0.0000  0.0000  0.0000  0.0000  0.0000  0.2119  0.7881
  DIIS coefficients: -0.0154  0.0518 -0.0421  0.0004  0.2373  0.4248  0.3432
 SCF Error: norm([F,P])=      0.006749795975, max([F,P])=      0.001879252915
 orbitals (Q,E):
 ---------------
 AA :6...16          ( 2.00    -0.9219)  ( 2.00    -0.8630)  ( 2.00    -0.5895)  ( 2.00    -0.4844)
                     ( 2.00    -0.4793)  ( 2.00    -0.4124)  ( 2.00    -0.3578)  ( 2.00    -0.3532)
                     ( 2.00    -0.3109)  ( 2.00    -0.2534)  ( 0.00    -0.1451)
 AAA :1...7          ( 2.00    -1.5834)  ( 2.00    -1.5823)  ( 2.00    -0.3707)  ( 2.00    -0.3031)
                     ( 2.00    -0.3010)  ( 2.00    -0.2718)  ( 0.00    -0.1114)

 CYCLE    9
  SDIIS (wt  1.000): -0.0075  0.0210 -0.0176 -0.0054  0.0487  0.1013  0.1842  0.6753
  DIIS coefficients: -0.0075  0.0210 -0.0176 -0.0054  0.0487  0.1013  0.1842  0.6753
 SCF Error: norm([F,P])=      0.001709038169, max([F,P])=      0.000421439711
 orbitals (Q,E):
 ---------------
 AA :6...16          ( 2.00    -0.9220)  ( 2.00    -0.8632)  ( 2.00    -0.5895)  ( 2.00    -0.4844)
                     ( 2.00    -0.4793)  ( 2.00    -0.4125)  ( 2.00    -0.3579)  ( 2.00    -0.3532)
                     ( 2.00    -0.3110)  ( 2.00    -0.2536)  ( 0.00    -0.1452)
 AAA :1...7          ( 2.00    -1.5835)  ( 2.00    -1.5824)  ( 2.00    -0.3708)  ( 2.00    -0.3031)
                     ( 2.00    -0.3010)  ( 2.00    -0.2720)  ( 0.00    -0.1115)

 CYCLE   10
  SDIIS (wt  1.000): -0.0024  0.0070 -0.0065 -0.0022  0.0124  0.0333  0.0769  0.3196  0.5621
  DIIS coefficients: -0.0024  0.0070 -0.0065 -0.0022  0.0124  0.0333  0.0769  0.3196  0.5621
 SCF Error: norm([F,P])=      0.000390788935, max([F,P])=      0.000074173479
 orbitals (Q,E):
 ---------------
 AA :6...16          ( 2.00    -0.9220)  ( 2.00    -0.8631)  ( 2.00    -0.5895)  ( 2.00    -0.4844)
                     ( 2.00    -0.4793)  ( 2.00    -0.4125)  ( 2.00    -0.3578)  ( 2.00    -0.3531)
                     ( 2.00    -0.3109)  ( 2.00    -0.2535)  ( 0.00    -0.1452)
 AAA :1...7          ( 2.00    -1.5834)  ( 2.00    -1.5823)  ( 2.00    -0.3708)  ( 2.00    -0.3031)
                     ( 2.00    -0.3010)  ( 2.00    -0.2720)  ( 0.00    -0.1115)

 CYCLE   11
  SDIIS (wt  1.000): -0.0002  0.0009 -0.0011 -0.0002  0.0013  0.0072  0.0221  0.0955  0.2531  0.6214
  DIIS coefficients: -0.0002  0.0009 -0.0011 -0.0002  0.0013  0.0072  0.0221  0.0955  0.2531  0.6214
 SCF Error: norm([F,P])=      0.000123663970, max([F,P])=      0.000025747695
 orbitals (Q,E):
 ---------------
 AA :6...16          ( 2.00    -0.9220)  ( 2.00    -0.8631)  ( 2.00    -0.5895)  ( 2.00    -0.4844)
                     ( 2.00    -0.4793)  ( 2.00    -0.4125)  ( 2.00    -0.3578)  ( 2.00    -0.3532)
                     ( 2.00    -0.3110)  ( 2.00    -0.2535)  ( 0.00    -0.1452)
 AAA :1...7          ( 2.00    -1.5834)  ( 2.00    -1.5823)  ( 2.00    -0.3708)  ( 2.00    -0.3031)
                     ( 2.00    -0.3010)  ( 2.00    -0.2720)  ( 0.00    -0.1115)

 CYCLE   12
  SDIIS (wt  1.000):  0.0002 -0.0004 -0.0001  0.0005  0.0022  0.0056  0.0253  0.0718  0.1867  0.7083
  DIIS coefficients:  0.0002 -0.0004 -0.0001  0.0005  0.0022  0.0056  0.0253  0.0718  0.1867  0.7083
 SCF Error: norm([F,P])=      0.000031901352, max([F,P])=      0.000010639796
 orbitals (Q,E):
 ---------------
 AA :6...16          ( 2.00    -0.9220)  ( 2.00    -0.8631)  ( 2.00    -0.5895)  ( 2.00    -0.4844)
                     ( 2.00    -0.4793)  ( 2.00    -0.4125)  ( 2.00    -0.3578)  ( 2.00    -0.3532)
                     ( 2.00    -0.3110)  ( 2.00    -0.2535)  ( 0.00    -0.1452)
 AAA :1...7          ( 2.00    -1.5834)  ( 2.00    -1.5823)  ( 2.00    -0.3708)  ( 2.00    -0.3031)
                     ( 2.00    -0.3010)  ( 2.00    -0.2720)  ( 0.00    -0.1115)

 CYCLE   13
  SDIIS (wt  1.000): -0.0000 -0.0000  0.0000  0.0000 -0.0001  0.0003  0.0003 -0.0024  0.0660  0.9359
  DIIS coefficients: -0.0000 -0.0000  0.0000  0.0000 -0.0001  0.0003  0.0003 -0.0024  0.0660  0.9359
 SCF Error: norm([F,P])=      0.000003140962, max([F,P])=      0.000000687909
 orbitals (Q,E):
 ---------------
 AA :6...16          ( 2.00    -0.9220)  ( 2.00    -0.8631)  ( 2.00    -0.5895)  ( 2.00    -0.4844)
                     ( 2.00    -0.4793)  ( 2.00    -0.4125)  ( 2.00    -0.3578)  ( 2.00    -0.3532)
                     ( 2.00    -0.3110)  ( 2.00    -0.2535)  ( 0.00    -0.1452)
 AAA :1...7          ( 2.00    -1.5834)  ( 2.00    -1.5823)  ( 2.00    -0.3708)  ( 2.00    -0.3031)
                     ( 2.00    -0.3010)  ( 2.00    -0.2720)  ( 0.00    -0.1115)

 SCF CONVERGED
 cosmo_calcen: 0.5 (esolb+esolc) (Hartrees) =   -0.025530

 Solvation energy (screening term,uncorrected) =    -16.020500 kcal/mol

 Solvation energy (dispersion and cavitation terms) =      0.727025 kcal/mol
 Solvation Energy Contributions (Hartrees)
          esola   esolb+esolc
     0.02553029   -0.05106058
 esol last cycle   -0.02553029

 CYCLE   14
1
 ***************************************************************************************************



                                                *******************
                                                *  R E S U L T S  *
                                                *******************
  
 *** Using FIT density in Focky
  SDIIS (wt  1.000): -0.0000  0.0000  0.0000 -0.0000  0.0002  0.0006  0.0002  0.0242  0.3303  0.6445
  DIIS coefficients: -0.0000  0.0000  0.0000 -0.0000  0.0002  0.0006  0.0002  0.0242  0.3303  0.6445
 SCF Error: norm([F,P])=      0.000000787144, max([F,P])=      0.000000201405

 Scaled ZORA Orbital Energies, per Irrep and Spin:
 =================================================
                        Occup              E (au)              E (eV)       Diff (eV) with prev. cycle
                        -----      --------------------        ------       --------------------------
 AA
               6        2.000     -0.92198172827846E+00       -25.088              -5.49E-07
               7        2.000     -0.86314169972658E+00       -23.487              -1.34E-06
               8        2.000     -0.58950083740417E+00       -16.041              -3.73E-07
               9        2.000     -0.48442139037966E+00       -13.182               4.25E-08
              10        2.000     -0.47929087429371E+00       -13.042              -7.19E-07
              11        2.000     -0.41249684217602E+00       -11.225              -7.08E-07
              12        2.000     -0.35783702490353E+00        -9.737              -4.77E-07
              13        2.000     -0.35315220986432E+00        -9.610               5.81E-09
              14        2.000     -0.31095165920364E+00        -8.461              -5.68E-07
              15        2.000     -0.25353000617417E+00        -6.899              -1.49E-06
              16        0.000     -0.14515943259549E+00        -3.950
              17        0.000      0.69683622270710E-03         0.019
              18        0.000      0.16035983691171E-01         0.436
              19        0.000      0.36435228810800E-01         0.991
              20        0.000      0.92553090346637E-01         2.518
              21        0.000      0.12791762691645E+00         3.481
              22        0.000      0.15901663018808E+00         4.327
              23        0.000      0.18208889108851E+00         4.955
              24        0.000      0.20563757594245E+00         5.596
              25        0.000      0.21632218474247E+00         5.886
 AAA
               1        2.000     -0.15834147118527E+01       -43.087               3.22E-08
               2        2.000     -0.15823373368366E+01       -43.058              -1.72E-09
               3        2.000     -0.37075621098115E+00       -10.089              -3.44E-07
               4        2.000     -0.30310375799519E+00        -8.248              -4.37E-09
               5        2.000     -0.30101806100272E+00        -8.191              -6.50E-07
               6        2.000     -0.27196417383399E+00        -7.401              -9.51E-07
               7        0.000     -0.11147726172668E+00        -3.033
               8        0.000      0.92662794209523E-01         2.521
               9        0.000      0.28000776593122E+00         7.619
              10        0.000      0.30033258178376E+00         8.172
              11        0.000      0.43358973702244E+00        11.799
              12        0.000      0.44578993838332E+00        12.131
              13        0.000      0.47999483211819E+00        13.061
              14        0.000      0.52739481423895E+00        14.351
              15        0.000      0.55426745569646E+00        15.082
              16        0.000      0.69581238269645E+00        18.934
  
 HOMO :       15 AA               -0.25353000617417E+00
 LUMO :       16 AA               -0.14515943259549E+00
  


 Orbital Energies, all Irreps
 ========================================

 Irrep        no.  (spin)   Occup              E (au)                E (eV)
 ---------------------------------------------------------------------------
 AA            1             2.00       -0.15870178829333E+01       -43.1850
 AAA           1             2.00       -0.15834147118527E+01       -43.0869
 AAA           2             2.00       -0.15823373368366E+01       -43.0576
 AA            2             2.00       -0.15818915337809E+01       -43.0455
 AA            3             2.00       -0.15770851631948E+01       -42.9147
 AA            4             2.00       -0.97863401589077E+00       -26.6300
 AA            5             2.00       -0.93306976146228E+00       -25.3901
 AA            6             2.00       -0.92198172827846E+00       -25.0884
 AA            7             2.00       -0.86314169972658E+00       -23.4873
 AA            8             2.00       -0.58950083740417E+00       -16.0411
 AA            9             2.00       -0.48442139037966E+00       -13.1818
 AA           10             2.00       -0.47929087429371E+00       -13.0422
 AA           11             2.00       -0.41249684217602E+00       -11.2246
 AAA           3             2.00       -0.37075621098115E+00       -10.0888
 AA           12             2.00       -0.35783702490353E+00        -9.7372
 AA           13             2.00       -0.35315220986432E+00        -9.6098
 AA           14             2.00       -0.31095165920364E+00        -8.4614
 AAA           4             2.00       -0.30310375799519E+00        -8.2479
 AAA           5             2.00       -0.30101806100272E+00        -8.1911
 AAA           6             2.00       -0.27196417383399E+00        -7.4005
 AA           15             2.00       -0.25353000617417E+00        -6.8989
 AA           16             0.00       -0.14515943259549E+00        -3.9500
 AAA           7             0.00       -0.11147726172668E+00        -3.0335
 AA           17             0.00        0.69683622270710E-03         0.0190
 AA           18             0.00        0.16035983691171E-01         0.4364
 AA           19             0.00        0.36435228810800E-01         0.9915
 AA           20             0.00        0.92553090346637E-01         2.5185
 AAA           8             0.00        0.92662794209523E-01         2.5215
 AA           21             0.00        0.12791762691645E+00         3.4808
 AA           22             0.00        0.15901663018808E+00         4.3271
 AA           23             0.00        0.18208889108851E+00         4.9549
 AA           24             0.00        0.20563757594245E+00         5.5957
 AA           25             0.00        0.21632218474247E+00         5.8864
 AA           26             0.00        0.24806914128169E+00         6.7503
 AA           27             0.00        0.26089115684086E+00         7.0992
 AAA           9             0.00        0.28000776593122E+00         7.6194
 AAA          10             0.00        0.30033258178376E+00         8.1725
 AA           28             0.00        0.32472389725587E+00         8.8362
 AA           29             0.00        0.37921734482534E+00        10.3190
 AA           30             0.00        0.42155108583070E+00        11.4710
 AAA          11             0.00        0.43358973702244E+00        11.7986
 AAA          12             0.00        0.44578993838332E+00        12.1306
 AA           31             0.00        0.46221613726366E+00        12.5775
 AA           32             0.00        0.47417031379415E+00        12.9028
 AAA          13             0.00        0.47999483211819E+00        13.0613
 AA           33             0.00        0.52603735296556E+00        14.3142
 AAA          14             0.00        0.52739481423895E+00        14.3511
 AAA          15             0.00        0.55426745569646E+00        15.0824
 AA           34             0.00        0.56050305062574E+00        15.2521
 AA           35             0.00        0.62319738185619E+00        16.9581
 AA           36             0.00        0.67852200770667E+00        18.4635
 AAA          16             0.00        0.69581238269645E+00        18.9340
 AA           37             0.00        0.73798372747304E+00        20.0816
 AAA          17             0.00        0.79139669443750E+00        21.5350
 AA           38             0.00        0.85848925313427E+00        23.3607
 AA           39             0.00        0.91737455744608E+00        24.9630
 AA           40             0.00        0.95990394294387E+00        26.1203
 AAA          18             0.00        0.99332060074638E+00        27.0296
 AA           41             0.00        0.10162077131440E+01        27.6524
 AA           42             0.00        0.10655807105054E+01        28.9959
 AA           43             0.00        0.11328827404268E+01        30.8273
 AA           44             0.00        0.11434706492452E+01        31.1154
 AAA          19             0.00        0.11616850449422E+01        31.6111
 AAA          20             0.00        0.11891870441863E+01        32.3594
 AA           45             0.00        0.12241088658909E+01        33.3097
 AA           46             0.00        0.12415210096175E+01        33.7835
 AA           47             0.00        0.12710088019080E+01        34.5859
 AA           48             0.00        0.12728414970080E+01        34.6358
 AAA          21             0.00        0.13201168149870E+01        35.9222
 AA           49             0.00        0.13675507604654E+01        37.2129
 AA           50             0.00        0.14606549922811E+01        39.7464
 AAA          22             0.00        0.15542337289924E+01        42.2929
 AAA          23             0.00        0.15723804294325E+01        42.7866
 AA           51             0.00        0.15821102433688E+01        43.0514
 AAA          24             0.00        0.16145012509103E+01        43.9328
 AAA          25             0.00        0.16416673959807E+01        44.6720
 AA           52             0.00        0.16749764979810E+01        45.5784
 AAA          26             0.00        0.17390754580223E+01        47.3227
 AA           53             0.00        0.17907053077698E+01        48.7276
 AA           54             0.00        0.18616155278711E+01        50.6571
 AA           55             0.00        0.18724974293477E+01        50.9532
 AA           56             0.00        0.20146760461531E+01        54.8221
 AA           57             0.00        0.20781671177113E+01        56.5498
 AA           58             0.00        0.21292427476802E+01        57.9396
 AA           59             0.00        0.21768924936815E+01        59.2363
 AAA          27             0.00        0.23358413291393E+01        63.5615
 AAA          28             0.00        0.23477836753127E+01        63.8864
 AA           60             0.00        0.24219269887743E+01        65.9040
 AA           61             0.00        0.24335968931358E+01        66.2215
 AA           62             0.00        0.26001832336611E+01        70.7546
 AA           63             0.00        0.26932854386852E+01        73.2880
 AA           64             0.00        0.28399134327828E+01        77.2780
 AA           65             0.00        0.29126836109704E+01        79.2582
 AA           66             0.00        0.30484333630960E+01        82.9521
 AA           67             0.00        0.31017150785755E+01        84.4020
 AA           68             0.00        0.32135371115018E+01        87.4448
 AA           69             0.00        0.34104856737219E+01        92.8040
 AAA          29             0.00        0.39990708841305E+01       108.8203
 AAA          30             0.00        0.40176664694162E+01       109.3263
 AAA          31             0.00        0.41705146288760E+01       113.4855
 AAA          32             0.00        0.42934305013014E+01       116.8302
 AA           70             0.00        0.44025394209140E+01       119.7992
 AA           71             0.00        0.44449782823500E+01       120.9540
 AA           72             0.00        0.45608351064652E+01       124.1066
 AA           73             0.00        0.48243054248211E+01       131.2760
 AA           74             0.00        0.50272740311614E+01       136.7991
 AA           75             0.00        0.53374414084954E+01       145.2392
 AA           76             0.00        0.53869950996741E+01       146.5876
 AA           77             0.00        0.54365468516328E+01       147.9360
 AAA          33             0.00        0.15642118939837E+02       425.6437
 AAA          34             0.00        0.15670563438525E+02       426.4177
 AA           78             0.00        0.16143301735212E+02       439.2816
 AA           79             0.00        0.16252090684857E+02       442.2419
 AA           80             0.00        0.16672997902388E+02       453.6954
 AA           81             0.00        0.34061340281755E+02       926.8562
 AA           82             0.00        0.34947101748553E+02       950.9590
 AA           83             0.00        0.34975611621700E+02       951.7348
 AA           84             0.00        0.35490160665608E+02       965.7364
 cosmo_calcen: 0.5 (esolb+esolc) (Hartrees) =   -0.025530

 Solvation energy (screening term,uncorrected) =    -16.020510 kcal/mol

 Solvation energy (dispersion and cavitation terms) =      0.727025 kcal/mol
 Solvation Energy Contributions (Hartrees)
          esola   esolb+esolc
     0.02553031   -0.05106061
 esol last cycle   -0.02553031


 Scaled ZORA Orbital Energies of the Core Orbitals:
 ==================================================

 (Note that the atoms are grouped by atomtype, see the labels, and may hence NOT be in input order)

 AtomType  Orbital  Atom                   E (au)                        E (eV)
 --------  -------  ----           --------------------        ----------------
 As          1S        1          -0.43036083217411E+03              -11710.714
             2S        1          -0.54647203606635E+02               -1487.026
             3S        1          -0.70613458060734E+01                -192.149
             2P        1          -0.47952113174245E+02               -1304.843
             3P        1          -0.50000489329311E+01                -136.058
 O           1S        2          -0.18813908710027E+02                -511.953
                       3          -0.18815893442306E+02                -512.007
                       4          -0.18828715280287E+02                -512.355
                       5          -0.18780716599166E+02                -511.049


 Fit test: (difference of exact and fit density, squared integrated, result summed over spins)
         Sum-of-Fragments:                             0.00000000005278
         Orthogonalized Fragments:                     0.00003477700194
         SCF:                                          0.00002988655133



 ==========================
 Electron Density at Nuclei
 ==========================
  
 The electron density is calculated at points on a small sphere around the center of a nucleus.
 The printed electron density is the average electron density on these points.
 The radius of the sphere is the printed approximate finite nuclear radius.
 Note: ZORA-4 density is used, which includes small component density

         Atom        Nuclear Radius (Angstrom)             Electron Density (a.u.)
         ----        -------------------------             -----------------------
     1)   As                0.0000528733                            34876.65644
     2)   O                 0.0000345546                              315.68213
     3)   O                 0.0000345546                              315.68774
     4)   O                 0.0000345546                              315.69352
     5)   O                 0.0000345546                              316.06992
     6)   H                 0.0000181514                                0.46341
     7)   H                 0.0000181514                                0.46587
     8)   H                 0.0000181514                                0.46145



 ===========================================
 L O C A L   Q T A I M   P R O P E R T I E S
 ===========================================
  
 Module written by Juan I. Rodriguez-Hernandez,
 ESFM-Instituto Politecnico Nacional-Mexico.
 Any questions/comments to: juan@esfm.ipn.mx and/or SCM technical support.
 This subroutine was vectorized, its efficientcy is reported in
 Juan I. Rodriguez et. al., J. Comput. Chem. 34, 681 (2013).
 Additional CP properties added by L. Joubert and V. Tognetti,
 University of Rouen, France.
  
  
  THIS IS THE GEOMETRY IN THE CP SEARCH (ANGSTROM):
  
 Atom              X            Y           Z
  1 33         3.457376   -0.476211    0.000000
  2  8         4.922393    0.632819    0.000000
  3  8         1.833683   -1.295975    0.000000
  4  8         2.503867    1.067462    0.000000
  5  8         4.323141   -1.899743    0.000000
  6  1         5.686260    0.011981    0.000000
  7  1         1.149782   -0.589373    0.000000
  8  1         3.157297    1.804140    0.000000
  
 TOTAL NUMBER OF CRITICAL POINTS:           15
 NUMBER OF (3,-1) CRITICAL POINTS:           7
 NUMBER OF (3,+1) CRITICAL POINTS:           0
 NUMBER OF (3,+3) CRITICAL POINTS:           0
 NUMBER OF (3,-3) CRITICAL POINTS:           8
    Poincare-Hopf satisfied
  
 --------------------------------------------------------
CP #    1
(RANK,SIGNATURE):     (3,-3)    

CP COORDINATES:      3.457376   -0.476211    0.000000

VALUES OF SOME FUNCTIONS AT CPs (a.u.):

                Rho =    0.4276168E+05
 --------------------------------------------------------
CP #    2
(RANK,SIGNATURE):     (3,-3)    

CP COORDINATES:      4.922393    0.632819    0.000000

VALUES OF SOME FUNCTIONS AT CPs (a.u.):

                Rho =    0.3190205E+03
 --------------------------------------------------------
CP #    3
(RANK,SIGNATURE):     (3,-3)    

CP COORDINATES:      1.833683   -1.295975    0.000000

VALUES OF SOME FUNCTIONS AT CPs (a.u.):

                Rho =    0.3190261E+03
 --------------------------------------------------------
CP #    4
(RANK,SIGNATURE):     (3,-3)    

CP COORDINATES:      2.503867    1.067462    0.000000

VALUES OF SOME FUNCTIONS AT CPs (a.u.):

                Rho =    0.3190319E+03
 --------------------------------------------------------
CP #    5
(RANK,SIGNATURE):     (3,-3)    

CP COORDINATES:      4.323141   -1.899743    0.000000

VALUES OF SOME FUNCTIONS AT CPs (a.u.):

                Rho =    0.3194088E+03
 --------------------------------------------------------
CP #    6
(RANK,SIGNATURE):     (3,-3)    

CP COORDINATES:      5.686260    0.011981    0.000000

VALUES OF SOME FUNCTIONS AT CPs (a.u.):

                Rho =    0.4634653E+00
 --------------------------------------------------------
CP #    7
(RANK,SIGNATURE):     (3,-3)    

CP COORDINATES:      1.149782   -0.589373    0.000000

VALUES OF SOME FUNCTIONS AT CPs (a.u.):

                Rho =    0.4659354E+00
 --------------------------------------------------------
CP #    8
(RANK,SIGNATURE):     (3,-3)    

CP COORDINATES:      3.157297    1.804140    0.000000

VALUES OF SOME FUNCTIONS AT CPs (a.u.):

                Rho =    0.4615107E+00
 --------------------------------------------------------
CP #    9
(RANK,SIGNATURE):     (3,-1)    

CP COORDINATES:      1.306942   -0.746031    0.000000

EIGENVALUES OF HESSIAN MATRIX:

     -0.1543089E+01  -0.1520917E+01   0.1321596E+01

EIGENVECTORS (ORTHONORMAL) OF HESSIAN MATRIX (COLUMNS):

      0.7104381E+00   0.4785240E-14   0.7037597E+00
      0.7037597E+00   0.6557392E-13  -0.7104381E+00
     -0.4954790E-13   0.1000000E+01   0.4321855E-13


HESSIAN MATRIX:

     -0.1242746E+00  -0.1432279E+01   0.8723686E-13
                     -0.9721898E-01  -0.8650369E-13
                                     -0.1520917E+01

VALUES OF SOME FUNCTIONS AT CPs (a.u.):

                Rho =    0.3354869E+00
        |GRAD(Rho)| =    0.2094757E-12
         GRAD(Rho)x =    0.1092226E-12
         GRAD(Rho)y =   -0.1718658E-12
         GRAD(Rho)z =   -0.4911834E-13
          Laplacian =   -0.1742411E+01
 (-1/4)Del**2(Rho)) =    0.4356027E+00
            Diamond =    0.6440930E+01
        Metallicity =   -0.6406025E+01
        Ellipticity =    0.1457804E-01

INHOMOGENEITY PARAMETERS AT CPs (a.u.)

            Delta_u =    0.1463908E+01
            Delta_s =    0.1014945E+01
            Delta_t =    0.1318774E+01
            Inhom_s =    0.9852748E+00
           Inhom_ex =    0.9868915E+00
 
ENERGY COMPONENTS AT CPs (a.u.)

        Gb(Abramov) =    0.1746785E+00
        Vb(Abramov) =   -0.7849597E+00
        Hb(Abramov) =   -0.6102812E+00
             Ex_ueg =   -0.1721680E+00
             Ec_ueg =   -0.2129062E-01
           Delta_ex =    0.1767721E+00
           Delta_ec =    0.6077330E-01
           Delta_et =   -0.1470914E+01
                Pxc =    0.8086567E+01
                Qxc =    0.2908713E+01


 --------------------------------------------------------
CP #   10
(RANK,SIGNATURE):     (3,-1)    

CP COORDINATES:      2.669572   -0.851347   -0.000000

EIGENVALUES OF HESSIAN MATRIX:

     -0.2203879E+00  -0.1909222E+00   0.7271304E+00

EIGENVECTORS (ORTHONORMAL) OF HESSIAN MATRIX (COLUMNS):

     -0.4431013E+00   0.0000000E+00  -0.8964715E+00
      0.8964715E+00   0.0000000E+00  -0.4431013E+00
      0.0000000E+00   0.1000000E+01   0.0000000E+00


HESSIAN MATRIX:

      0.5410958E+00   0.3763806E+00   0.1315796E-20
                     -0.3435331E-01   0.5969695E-21
                                     -0.1909222E+00

VALUES OF SOME FUNCTIONS AT CPs (a.u.):

                Rho =    0.1429108E+00
        |GRAD(Rho)| =    0.1987073E-15
         GRAD(Rho)x =    0.1647987E-15
         GRAD(Rho)y =    0.1110223E-15
         GRAD(Rho)z =    0.5740963E-20
          Laplacian =    0.3158203E+00
 (-1/4)Del**2(Rho)) =   -0.7895507E-01
            Diamond =    0.6137408E+00
        Metallicity =    0.8523445E+01
        Ellipticity =    0.1543334E+00

INHOMOGENEITY PARAMETERS AT CPs (a.u.)

            Delta_u =    0.4224110E+00
            Delta_s =    0.9137162E+00
            Delta_t =    0.1029842E+01
            Inhom_s =    0.1094432E+01
           Inhom_ex =    0.1281138E+01
 
ENERGY COMPONENTS AT CPs (a.u.)

        Gb(Abramov) =    0.1647982E+00
        Vb(Abramov) =   -0.2506414E+00
        Hb(Abramov) =   -0.8584317E-01
             Ex_ueg =   -0.5518300E-01
             Ec_ueg =   -0.7991262E-02
           Delta_ex =   -0.3362123E-01
           Delta_ec =    0.8296942E-02
           Delta_et =   -0.1100885E+00
                Pxc =    0.6905418E+01
                Qxc =   -0.4052243E+01


 --------------------------------------------------------
CP #   11
(RANK,SIGNATURE):     (3,-1)    

CP COORDINATES:      3.012014    0.272465    0.000000

EIGENVALUES OF HESSIAN MATRIX:

     -0.2247323E+00  -0.1964014E+00   0.7334795E+00

EIGENVECTORS (ORTHONORMAL) OF HESSIAN MATRIX (COLUMNS):

     -0.8539171E+00   0.0000000E+00   0.5204091E+00
     -0.5204091E+00   0.0000000E+00  -0.8539171E+00
      0.0000000E+00   0.1000000E+01   0.0000000E+00


HESSIAN MATRIX:

      0.3477607E-01  -0.4258161E+00  -0.3916884E-20
                      0.4739712E+00   0.6925676E-20
                                     -0.1964014E+00

VALUES OF SOME FUNCTIONS AT CPs (a.u.):

                Rho =    0.1452245E+00
        |GRAD(Rho)| =    0.9234858E-16
         GRAD(Rho)x =    0.8673617E-17
         GRAD(Rho)y =   -0.9194034E-16
         GRAD(Rho)z =   -0.2918485E-19
          Laplacian =    0.3123459E+00
 (-1/4)Del**2(Rho)) =   -0.7808647E-01
            Diamond =    0.6270703E+00
        Metallicity =    0.8852053E+01
        Ellipticity =    0.1442500E+00

INHOMOGENEITY PARAMETERS AT CPs (a.u.)

            Delta_u =    0.4274635E+00
            Delta_s =    0.9050560E+00
            Delta_t =    0.1022815E+01
            Inhom_s =    0.1104904E+01
           Inhom_ex =    0.1297900E+01
 
ENERGY COMPONENTS AT CPs (a.u.)

        Gb(Abramov) =    0.1672619E+00
        Vb(Abramov) =   -0.2564373E+00
        Hb(Abramov) =   -0.8917543E-01
             Ex_ueg =   -0.5637740E-01
             Ec_ueg =   -0.8138519E-02
           Delta_ex =   -0.3346743E-01
           Delta_ec =    0.8327055E-02
           Delta_et =   -0.1110866E+00
                Pxc =    0.6927230E+01
                Qxc =   -0.4019120E+01


 --------------------------------------------------------
CP #   12
(RANK,SIGNATURE):     (3,-1)    

CP COORDINATES:      3.013821    1.636624    0.000000

EIGENVALUES OF HESSIAN MATRIX:

     -0.1547551E+01  -0.1523713E+01   0.1316191E+01

EIGENVECTORS (ORTHONORMAL) OF HESSIAN MATRIX (COLUMNS):

     -0.7557839E+00   0.0000000E+00   0.6548211E+00
      0.6548211E+00   0.0000000E+00   0.7557839E+00
      0.0000000E+00   0.1000000E+01   0.0000000E+00


HESSIAN MATRIX:

     -0.3196050E+00   0.1417275E+01  -0.5140743E-17
                      0.8824488E-01  -0.6037033E-17
                                     -0.1523713E+01

VALUES OF SOME FUNCTIONS AT CPs (a.u.):

                Rho =    0.3333872E+00
        |GRAD(Rho)| =    0.5381984E-15
         GRAD(Rho)x =   -0.8601111E-16
         GRAD(Rho)y =   -0.5312718E-15
         GRAD(Rho)z =   -0.3145866E-17
          Laplacian =   -0.1755074E+01
 (-1/4)Del**2(Rho)) =    0.4387684E+00
            Diamond =    0.6448973E+01
        Metallicity =   -0.6293605E+01
        Ellipticity =    0.1564422E-01

INHOMOGENEITY PARAMETERS AT CPs (a.u.)

            Delta_u =    0.1464708E+01
            Delta_s =    0.1024036E+01
            Delta_t =    0.1329195E+01
            Inhom_s =    0.9765279E+00
           Inhom_ex =    0.9805156E+00
 
ENERGY COMPONENTS AT CPs (a.u.)

        Gb(Abramov) =    0.1677269E+00
        Vb(Abramov) =   -0.7742222E+00
        Hb(Abramov) =   -0.6064953E+00
             Ex_ueg =   -0.1707328E+00
             Ec_ueg =   -0.2113451E-01
           Delta_ex =    0.1775857E+00
           Delta_ec =    0.6127413E-01
           Delta_et =   -0.1479010E+01
                Pxc =    0.8078392E+01
                Qxc =    0.2898217E+01


 --------------------------------------------------------
CP #   13
(RANK,SIGNATURE):     (3,-1)    

CP COORDINATES:      3.879518   -1.169252   -0.000000

EIGENVALUES OF HESSIAN MATRIX:

     -0.3141551E+00  -0.2838894E+00   0.1161289E+01

EIGENVECTORS (ORTHONORMAL) OF HESSIAN MATRIX (COLUMNS):

     -0.8542112E+00   0.0000000E+00   0.5199262E+00
     -0.5199262E+00   0.0000000E+00  -0.8542112E+00
      0.0000000E+00   0.1000000E+01   0.0000000E+00


HESSIAN MATRIX:

      0.8469184E-01  -0.6552843E+00  -0.3596930E-23
                      0.7624422E+00   0.5770708E-23
                                     -0.2838894E+00

VALUES OF SOME FUNCTIONS AT CPs (a.u.):

                Rho =    0.1978828E+00
        |GRAD(Rho)| =    0.6510805E-12
         GRAD(Rho)x =   -0.3612874E-12
         GRAD(Rho)y =   -0.5416431E-12
         GRAD(Rho)z =    0.1296071E-22
          Laplacian =    0.5632447E+00
 (-1/4)Del**2(Rho)) =   -0.1408112E+00
            Diamond =    0.1527879E+01
        Metallicity =    0.8221090E+01
        Ellipticity =    0.1066108E+00

INHOMOGENEITY PARAMETERS AT CPs (a.u.)

            Delta_u =    0.6617461E+00
            Delta_s =    0.9274925E+00
            Delta_t =    0.1103638E+01
            Inhom_s =    0.1078176E+01
           Inhom_ex =    0.1150080E+01
 
ENERGY COMPONENTS AT CPs (a.u.)

        Gb(Abramov) =    0.2868110E+00
        Vb(Abramov) =   -0.4328108E+00
        Hb(Abramov) =   -0.1459998E+00
             Ex_ueg =   -0.8516524E-01
             Ec_ueg =   -0.1157646E-01
           Delta_ex =   -0.6438821E-01
           Delta_ec =    0.1251016E-01
           Delta_et =   -0.1691675E+00
                Pxc =    0.7356763E+01
                Qxc =   -0.5146876E+01


 --------------------------------------------------------
CP #   14
(RANK,SIGNATURE):     (3,-1)    

CP COORDINATES:      5.512203    0.149187    0.000000

EIGENVALUES OF HESSIAN MATRIX:

     -0.1534349E+01  -0.1511959E+01   0.1320006E+01

EIGENVECTORS (ORTHONORMAL) OF HESSIAN MATRIX (COLUMNS):

     -0.6231461E+00   0.6501297E-16  -0.7821055E+00
     -0.7821055E+00  -0.4808275E-15   0.6231461E+00
     -0.3355452E-15   0.1000000E+01   0.3504727E-15


HESSIAN MATRIX:

      0.2116285E+00  -0.1391115E+01  -0.7809419E-15
                     -0.4259713E+00   0.6126130E-15
                                     -0.1511959E+01

VALUES OF SOME FUNCTIONS AT CPs (a.u.):

                Rho =    0.3332131E+00
        |GRAD(Rho)| =    0.9800518E-15
         GRAD(Rho)x =    0.7241162E-15
         GRAD(Rho)y =    0.5289928E-15
         GRAD(Rho)z =   -0.3953782E-15
          Laplacian =   -0.1726301E+01
 (-1/4)Del**2(Rho)) =    0.4315753E+00
            Diamond =    0.6382660E+01
        Metallicity =   -0.6392930E+01
        Ellipticity =    0.1480866E-01

INHOMOGENEITY PARAMETERS AT CPs (a.u.)

            Delta_u =    0.1457347E+01
            Delta_s =    0.1019601E+01
            Delta_t =    0.1323322E+01
            Inhom_s =    0.9807762E+00
           Inhom_ex =    0.9888319E+00
 
ENERGY COMPONENTS AT CPs (a.u.)

        Gb(Abramov) =    0.1721216E+00
        Vb(Abramov) =   -0.7758185E+00
        Hb(Abramov) =   -0.6036969E+00
             Ex_ueg =   -0.1706139E+00
             Ec_ueg =   -0.2112157E-01
           Delta_ex =    0.1744896E+00
           Delta_ec =    0.6053571E-01
           Delta_et =   -0.1459876E+01
                Pxc =    0.8077710E+01
                Qxc =    0.2882424E+01


 --------------------------------------------------------
CP #   15
(RANK,SIGNATURE):     (3,-1)    

CP COORDINATES:      4.165094    0.049088   -0.000000

EIGENVALUES OF HESSIAN MATRIX:

     -0.2083664E+00  -0.1810768E+00   0.6840815E+00

EIGENVECTORS (ORTHONORMAL) OF HESSIAN MATRIX (COLUMNS):

     -0.6021817E+00   0.0000000E+00  -0.7983590E+00
      0.7983590E+00   0.0000000E+00  -0.6021817E+00
      0.0000000E+00   0.1000000E+01   0.0000000E+00


HESSIAN MATRIX:

      0.3604595E+00   0.4290508E+00  -0.3230171E-16
                      0.1152556E+00  -0.2045756E-16
                                     -0.1810768E+00

VALUES OF SOME FUNCTIONS AT CPs (a.u.):

                Rho =    0.1380849E+00
        |GRAD(Rho)| =    0.2231939E-13
         GRAD(Rho)x =   -0.1816776E-13
         GRAD(Rho)y =   -0.1296359E-13
         GRAD(Rho)z =    0.1812609E-15
          Laplacian =    0.2946384E+00
 (-1/4)Del**2(Rho)) =   -0.7365959E-01
            Diamond =    0.5441729E+00
        Metallicity =    0.8627818E+01
        Ellipticity =    0.1507072E+00

INHOMOGENEITY PARAMETERS AT CPs (a.u.)

            Delta_u =    0.3979466E+00
            Delta_s =    0.9011412E+00
            Delta_t =    0.1009870E+01
            Inhom_s =    0.1109704E+01
           Inhom_ex =    0.1302995E+01
 
ENERGY COMPONENTS AT CPs (a.u.)

        Gb(Abramov) =    0.1550266E+00
        Vb(Abramov) =   -0.2363937E+00
        Hb(Abramov) =   -0.8136705E-01
             Ex_ueg =   -0.5271247E-01
             Ec_ueg =   -0.7685196E-02
           Delta_ex =   -0.3104760E-01
           Delta_ec =    0.7700492E-02
           Delta_et =   -0.1014226E+00
                Pxc =    0.6858962E+01
                Qxc =   -0.4031898E+01


 ----------------------------------------------------------------
 BOND PATHS (BP) AND PROPERTIES ALONG THEM ARE WRITTEN TO TAPE21
 ----------------------------------------------------------------
 #BP   #CP     Atom   Atom    Distance     BP Lenth    BP Steps
 -----------------------------------------------------------
   1    15       1      2     1.837450     1.837558      23
   2    10       1      3     1.818899     1.819445      21
   3    11       1      4     1.814416     1.814703      21
   4    13       1      5     1.666131     1.666150      21
   5    14       2      6     0.984343     0.984532      16
   6     9       3      7     0.983365     0.983600      18
   7    12       4      8     0.984716     0.984961      19
 -----------------------------------------------------------




 =======================================
 M U L L I K E N   P O P U L A T I O N S
 =======================================
  
 The survey below gives for each atom:
 a) the total charge (Z minus electrons)
 b) the net spin polarization (nr of electrons spin-A minus spin-B)
 c) for each spin the atomic electron valence density (integrated) per L-value.

 Atom              Charge    Spin density          S         P         D         F
 ----              ------    ------------       ------    ------    ------    ------
 1 As              1.7644                       1.1019    1.6077   10.5260    0.0000
 2 O              -0.6893                       1.8992    4.7532    0.0370    0.0000
 3 O              -0.6701                       1.9031    4.7288    0.0382    0.0000
 4 O              -0.6614                       1.9052    4.7175    0.0387    0.0000
 5 O              -0.7958                       1.9634    4.7988    0.0337    0.0000
 6 H               0.3509                       0.5619    0.0872    0.0000    0.0000
 7 H               0.3438                       0.5654    0.0908    0.0000    0.0000
 8 H               0.3575                       0.5538    0.0887    0.0000    0.0000

 Populations of individual BAS functions
 ----------------------------------------
 1 As          -0.0017 -0.0016  0.0313  0.0012  0.0012  0.0010  0.0132  0.0139  0.0103  0.2888
                0.4367  0.4277  0.2910  0.4282  0.2829  0.7672  1.1578  1.1510  0.7657  1.1514
                0.7670  0.2870  0.4341  0.4286  0.2873  0.4289  0.2838 -0.1163  0.7917  0.3985
               -0.0647 -0.0141 -0.0359  0.2486  0.1935  0.4598  0.2692  0.2833  0.2273  0.0551
                0.1391  0.0959  0.0506  0.1036  0.0168
 2 O            0.0005  0.9654  0.9493 -0.0160  0.2603  0.4656  0.5481  0.8536  0.8711  0.9423
                0.2330  0.2743  0.3049  0.0260  0.0210  0.0018  0.0047  0.0047 -0.0213
 3 O            0.0005  0.9679  0.9507 -0.0160  0.2604  0.4423  0.5379  0.8481  0.8836  0.9462
                0.2312  0.2750  0.3040  0.0269  0.0202  0.0025  0.0045  0.0045 -0.0204
 4 O            0.0005  0.9715  0.9493 -0.0160  0.4486  0.2427  0.5243  0.8829  0.8524  0.9587
                0.2740  0.2297  0.3041  0.0041  0.0215  0.0048  0.0280  0.0025 -0.0223
 5 O            0.0005  1.0113  0.9678 -0.0162  0.5465  0.4430  0.5209  0.8708  0.7920  0.8166
                0.2917  0.2506  0.2666 -0.0019  0.0120  0.0030  0.0235  0.0085 -0.0115
 6 H            0.0927  0.0333  0.4359  0.0173  0.0321  0.0378
 7 H            0.0858  0.0465  0.4331  0.0194  0.0322  0.0392
 8 H            0.0637  0.0605  0.4296  0.0344  0.0160  0.0383

 Gross Charges per Atom (Z minus electrons)
 ==========================================
             1.7644   -0.6893   -0.6701   -0.6614   -0.7958    0.3509    0.3438    0.3575
 Net Total:  0.00000000


 Atom-Atom Population Matrix (off-diagonal elements not doubled)
 ===============================================================

     1 :    12.0923
     2 :     0.2449    6.2684
     3 :     0.2531   -0.0015    6.2347
     4 :     0.2580   -0.0810   -0.0820    6.2261
     5 :     0.4608   -0.0834   -0.0790   -0.0012    6.4876
     6 :    -0.0219    0.3439   -0.0021    0.0026    0.0075    0.3192
     7 :    -0.0253   -0.0029    0.3424   -0.0015    0.0043   -0.0009    0.3394
     8 :    -0.0262    0.0010    0.0045    0.3403   -0.0008    0.0007    0.0006    0.3223



 =================================================
 H I R S H F E L D   C H A R G E   A N A L Y S I S
 =================================================
  
 For each fragment: the (numerical) integral of rho(scf) * rho(fragment)/rho(sum-of-fragments)
 (nuclear charges are included, electrons are counted negative)

 The fragments and their ordering are defined in the early G E O M E T R Y output section.
 If you use single-atom fragments, this usually implies that all atoms of the same
 chemical type are grouped together. This may not be the order in which you listed them
 in the input file!

    1  As                        0.6665
    2  O                        -0.2583
    3  O                        -0.2666
    4  O                        -0.2270
    5  O                        -0.3965
    6  H                         0.1566
    7  H                         0.1575
    8  H                         0.1678

 Sum of these charges (accuracy NumInt/Tails) =           0.00006526



 =============================
 V O R O N O I   C H A R G E S
 =============================
  
 For each atom: the (numerical) integral of the total electronic charge density in its Voronoi cell,
 i.e. the region of space that is closer to that atom than to any other atom.
 (cf. Wigner-Seitz cells in crystals)

 Within the Voronoi cell the subintegrals over the atomic sphere and the remaining part are evaluated
 separately to give the numbers of electrons (negative charge) in these regions.
 The net total charge in the cell (including the nuclear charge) is also given.

 Values are provided for
    a) the Initial (sum-of-fragments) density
    b) the Orthogonalized-Fragments density
    c) the SCF density
    d) the Voronoi Deformation Density (VDD): the difference SCF-Initial for the complete atomic cell


  Atom                Initial                    OrthFrag                   SCF
             Sphere RestCell NetTotal   Sphere RestCell NetTotal   Sphere RestCell NetTotal      VDD
 -----       ------------------------   ------------------------   ------------------------    -----
    1 As    -26.010   -5.398    1.592  -26.077   -5.617    1.307  -26.009   -4.726    2.265    0.674
    2 O      -2.812   -4.967    0.221   -2.951   -4.885    0.164   -2.829   -5.232   -0.061   -0.282
    3 O      -2.812   -5.036    0.153   -2.951   -4.952    0.096   -2.829   -5.287   -0.116   -0.268
    4 O      -2.812   -4.987    0.201   -2.956   -4.900    0.145   -2.829   -5.221   -0.050   -0.251
    5 O      -2.807   -5.636   -0.443   -2.902   -5.483   -0.385   -2.821   -6.073   -0.893   -0.450
    6 H      -0.097   -1.484   -0.582   -0.104   -1.348   -0.451   -0.120   -1.276   -0.396    0.186
    7 H      -0.098   -1.478   -0.576   -0.105   -1.338   -0.443   -0.122   -1.266   -0.388    0.188
    8 H      -0.098   -1.468   -0.566   -0.105   -1.328   -0.433   -0.120   -1.241   -0.361    0.205
 ---------------------------------------------------------------------------------------------------
 Total NetCharge:               0.000                      0.000                      0.000    0.000
 (accuracy NumInt/Tails)

 Remark: the 'NetTotal' Voronoi charges often do not match the Mulliken and/or Hirshfeld charges very
 well. This is caused by the fact that chemically different atoms are not treated in accordance with
 their relative sizes. (Voronoi cells are defined by boundary planes halfway between the atoms.)
 However, the CHANGES in charge, comparing 'Initial' to 'SCF' for instance, do give a fair indication
 of the flow of charge caused by the relaxation from sum-of-fragments to self-consistency.

 Warning: the absolute accuracy of the VDD charges obtained using the Fuzzy Cells (Becke) integration
 scheme is much poorer than the one obtained with an 'equivalent' Voronoi integration grid. 



 =================================================================
 M U L T I P O L E   D E R I V E D   C H A R G E   A N A L Y S I S
 =================================================================

 This charge analysis uses the atomic multipoles (obtained from the fitted density) up to some level X,
 and reconstructs these multipoles exactly (up to level X) by distributing charges over all atoms.
 This is achieved by using Lagrange multipliers and a weight function to keep the multipoles local.

 Dummy atoms can be included (by setting INCDUM in MDC-block to 1) to obtain a fractional charge.
 This is generally useful and necessary only for small symmetrical molecules, when there are not
 enough degrees of freedom to reconstruct the multipoles.

 Since the atomic multipoles are reconstructed up to level X,
 the molecular multipoles are represented also up to level X.
 The recommended level is to reconstruct up to quadrupole : -> MDC-q charges.

 See: M. Swart, P.Th. van Duijnen, J.G. Snijders, J.Comput.Chem., (2001), p. 79-88.

 ------------------------------------------------------------- 
 Atomic electronic multipole moments from SCF equations (a.u.)
 ------------------------------------------------------------- 

   atom        charge        dip-x     dip-y     dip-z      quad-xx   quad-xy   quad-xz   quad-yy   quad-yz   quad-zz
 --------------------------------------------------------------------------------------------------------------------
    1 As     2.218428    -0.037707  0.029245 -0.000000     0.557122 -0.022224  0.000000  0.604248 -0.000000 -1.161370
    2 O     -0.560939     0.424437 -0.092088  0.000000     0.688598 -0.350518 -0.000000  0.169470  0.000000 -0.858068
    3 O     -0.565856    -0.452168  0.220737 -0.000000     0.527177 -0.274104 -0.000000  0.267782 -0.000000 -0.794959
    4 O     -0.528787     0.125694  0.437022  0.000000     0.262684  0.332643  0.000000  0.584001 -0.000000 -0.846685
    5 O     -0.896379     0.125629 -0.159088 -0.000000     0.116465 -0.216284  0.000000  0.402346  0.000000 -0.518812
    6 H      0.102474     0.116859 -0.020838 -0.000000     0.117001 -0.080469  0.000000  0.007785 -0.000000 -0.124785
    7 H      0.110250    -0.105395  0.048927  0.000000     0.077920 -0.070807 -0.000000  0.051175 -0.000000 -0.129095
    8 H      0.120810     0.038425  0.111934 -0.000000     0.031796  0.066527 -0.000000  0.093756 -0.000000 -0.125552

 --------------------------------------- 
 Multipole derived atomic charges (a.u.)
 --------------------------------------- 

 The MDC-m charges are just the Monopole terms in the multipole expansion, while for the MDC-d charges
 also the Dipoles are reconstructed. The usually preferred charges are the MDC-q charges.
 These reconstruct the Monopoles, Dipoles and Quadrupoles (both atomic AND molecular).

        Atom    Level:     MDC-m        MDC-d        MDC-q
 ---------------------------------------------------------
     1     As           2.218428     1.647621     1.250085
     2     O           -0.560939    -0.628560    -0.674744
     3     O           -0.565856    -0.727439    -0.695231
     4     O           -0.528787    -0.615954    -0.795524
     5     O           -0.896379    -0.751707    -0.610599
     6     H            0.102474     0.326440     0.414766
     7     H            0.110250     0.404389     0.534788
     8     H            0.120810     0.345210     0.576458

 ------------------------------------------------ 
 Average absolute deviations in atomic multipoles
 ------------------------------------------------ 

 Stated here are the average differences between the atomic multipoles
 and the reconstructed atomic multipoles (from the distributed charges).
 If these values are not zero, this means there are not enough degrees of freedom,
 to be able to reconstruct the atomic multipoles. (This usually happens only
 for small and/or highly symmetric molecules). If this is the case, one could add
 dummy atoms as extra point charges (and setting INCDUM in MDC-block to 1).

 Level:                                 MDC-d        MDC-q
 ---------------------------------------------------------
 Charge   (a.u.)                       0.0000       0.0000
 Dipole   (Debye)                      0.0000       0.0000
 Quad.    (a.u.)                       0.3143       0.0000

 --------------------------------------- 
 Represented molecular multipole moments
 --------------------------------------- 

 Given here are the Molecular multipole moments from the atomic charges, and from the Fit Density.
 Note that the atomic charges represent the latter, NOT the ones from the Exact density.

            Q (a.u.)             Dipole moment (Debye)                                          Quadrupole moment (a.u.)
                                 x         y         z              xx        xy        xz        yy        yz        zz
------------------------------------------------------------------------------------------------------------------------
MDC-m        -0.0000       -1.1389    2.9519    0.0000         -8.3634   13.4655    0.0000   -6.7404    0.0000   15.1038
MDC-d        -0.0000       -0.5397    4.4155    0.0000          0.9435   17.6766    0.0000   -9.1775    0.0000    8.2340
MDC-q        -0.0000       -0.5397    4.4155    0.0000          2.9370   17.8382    0.0000   -7.3671    0.0000    4.4302
 
Fit.Dens.    -0.0000       -0.5397    4.4155    0.0000          2.9370   17.5305    0.0000   -7.3671    0.0000    4.4302



 =============
 Dipole Moment  ***  (Debye)  ***
 =============
  
 Vector   :        -0.54008335      4.41618415     -0.00000000
 Magnitude:         4.44908670

 This molecular dipole moment is calculated with analytic integration



 =========================================
 Quadrupole Moment (Buckingham convention)  ***  (a.u.)  ***
 =========================================
  
      quad-xx        quad-xy        quad-xz        quad-yy        quad-yz        quad-zz
      2.93573035    17.22553953    -0.00000000    -7.36679713    -0.00000000     4.43106678

 This molecular quadrupole moment is calculated with analytic integration
1



 ===========================
 B O N D I N G   E N E R G Y  ***  (decomposition)  ***
 ===========================
  
*** IMPORTANT NOTE ***

The bond energy is computed as an energy difference between molecule and
fragments. In particular when the fragments are single atoms, they are usually
computed as SPHERICALLY SYMMETRIC and SPIN-RESTRICTED. Obviously, this usually
does NOT represent the true atomic groundstate.

To obtain the 'real' bond energy, (atomic) correction terms must be applied
for the true (multiplet) fragment ground state. See ref: E.J.Baerends,
V.Branchadell, M.Sodupe, Chem.Phys.Lett.265 (1997) 481

General theoretical background on the bond energy decomposition scheme used
here (Morokuma-Ziegler) can be found in the review paper:
F.M. Bickelhaupt and E.J. Baerends,
"Kohn-Sham Density Functional Theory: Predicting and Understanding Chemistry"
In: Rev. Comput. Chem.; Lipkowitz, K. B. and Boyd, D. B., Eds.;
Wiley-VCH: New York, 2000, Vol. 15, 1-86.

Symbols used in the Bickelhaupt-Baerends (BB) paper are given below to make
the direct connection to that paper, where detailed explanations can be found
on the meaning of the various terms.


                                                   hartree              eV         kcal/mol           kJ/mol
                                      --------------------     -----------       ----------      -----------

Pauli Repulsion
  Kinetic (Delta T^0):                  17.725019592465095        482.3223         11122.62         46537.03
  Delta V^Pauli Coulomb:               -11.310635892370133       -307.7781         -7097.53        -29696.07
  Delta V^Pauli LDA-XC:                 -2.117945472651533        -57.6322         -1329.03         -5560.67
  Delta V^Pauli GGA-Exchange:            0.131317516939406          3.5733            82.40           344.77
  Delta V^Pauli GGA-Correlation:        -0.039711460122741         -1.0806           -24.92          -104.26
                                      --------------------     -----------       ----------      -----------
  Total Pauli Repulsion:                 4.388044284260094        119.4048          2753.54         11520.81
 (Total Pauli Repulsion =
  Delta E^Pauli in BB paper)

Steric Interaction
  Pauli Repulsion (Delta E^Pauli):       4.388044284260094        119.4048          2753.54         11520.81
  Electrostatic Interaction:            -1.198563526957289        -32.6146          -752.11         -3146.83
 (Electrostatic Interaction =
  Delta V_elstat in the BB paper)
                                      --------------------     -----------       ----------      -----------
  Total Steric Interaction:              3.189480757302806         86.7902          2001.43          8373.98
 (Total Steric Interaction =
  Delta E^0 in the BB paper)

Orbital Interactions
  AA:                                   -3.784188064669501       -102.9730         -2374.61         -9935.38
  AAA:                                  -0.866048322653674        -23.5664          -543.45         -2273.81
                                      --------------------     -----------       ----------      -----------
  Total Orbital Interactions:           -4.650279802841363       -126.5406         -2918.09        -12209.31

Alternative Decomposition Orb.Int.
  Kinetic:                             -16.330659570653850       -444.3799        -10247.64        -42876.14
  Coulomb:                              11.103877427238910        302.1519          6967.79         29153.23
  XC:                                    0.576502340573576         15.6874           361.76          1513.61
                                      --------------------     -----------       ----------      -----------
  Total Orbital Interactions:           -4.650279802841364       -126.5406         -2918.09        -12209.31

  Residu (E=Steric+OrbInt+Res):         -0.000002149877989         -0.0001            -0.00            -0.01


  Solvation Energy (el):                -0.025530305137290         -0.6947           -16.02           -67.03

Post-SCF Solvation Energies
  Solvation Energy (cd):                 0.001158588301138          0.0315             0.73             3.04

Total Bonding Energy:                   -1.485172912252698        -40.4136          -931.96         -3899.32


Summary of Bonding Energy (energy terms are taken from the energy decomposition above)
======================================================================================

  Electrostatic Energy:                 -1.198563526957289        -32.6146          -752.11         -3146.83
  Kinetic Energy:                        1.394360021811245         37.9425           874.97          3660.89
  Coulomb (Steric+OrbInt) Energy:       -0.206760615009213         -5.6262          -129.74          -542.85
  XC Energy:                            -1.449837075261292        -39.4521          -909.79         -3806.55
  Solvation:                            -0.024371716836152         -0.6632           -15.29           -63.99
                                      --------------------     -----------       ----------      -----------
  Total Bonding Energy:                 -1.485172912252700        -40.4136          -931.96         -3899.32


Correction terms (incorporated in energies above; only for test purposes):

1. Indication of fit-quality: 1st-order fit-correction used in the energy (hartree):   0.0000208299
2. Electrostatic (Fit correction):   0.0000000000

Scaled ZORA energy correction, not included in bonding energy (hartree):           -0.0000874425
 NOTE: This scaled ZORA energy correction should only be used to compare two calculations
 in which the only difference in the calculation is the electron configuration.
 Then the difference in energy of this term should be added to the difference in energy of
 the two electron configurations.
 This term should not be used otherwise.
 In practice it is useful only for core excitation energy calculations.



 =========================================
 F R A G M E N T   E N E R G Y   T E R M S  ***  (summed over all fragments)  ***
 =========================================
  

The energy terms below are (parts of) the Total Energy of the fragments from which the molecule
 is built.

Exchange and Correlation
  Exchange LDA:                       -107.169106603934978      -2916.2198        -67249.64       -281372.45
  Exchange GGA:                         -7.660285189011079       -208.4470         -4806.90        -20112.08
  Correlation LDA:                      -5.260538055069260       -143.1465         -3301.04        -13811.54
  Correlation GGA:                       2.675766454821161         72.8113          1679.07          7025.22
                                      --------------------     -----------       ----------      -----------
  Total XC:                           -117.414163393194158      -3195.0019        -73678.51       -308270.84



 =======================================================================
 Electrostatic potential at the Nuclei due to electrons and other nuclei
 =======================================================================
  
         Atom                  Potential
         ----                  ---------
     1)   As                165.17991700
     2)   O                  22.27265264
     3)   O                  22.29209369
     4)   O                  22.24857542
     5)   O                  22.35779655
     6)   H                   0.94468739
     7)   H                   0.94442539
     8)   H                   0.91466265

=============================================================
=== CALCULATE ANALYTICAL SECOND DERIVATIVES OF THE ENERGY ===
=============================================================

                  ------------------------------------------------
                  
                  This Analytical Second Derivatives Progam    
                            was written for ADF by             
                  
                                Stephen K. Wolff               
                  
                         Scientific Computing & Modelling      
                  
                                Vrije University
                              Theoretical Chemistry
                                De Boelelaan 1083
                                1081 HV Amsterdam
                                 The Netherlands
                  
                  ------------------------------------------------
                  
                                    References:                
                                    ===========                
                  
                   Attila Berces, Ross M. Dickson, Liangyou Fan
                   Heiko Jacobsen, David Swerhone, Tom Ziegler,
                   Computer Physics Communications 100 (1997) 247.
                  
                   Heiko Jacobsen, Attila Berces
                   David Swerhone, Tom Ziegler,
                   Computer Physics Communications 100 (1997) 263.
                  
                   Stephen K. Wolff
                   Int. J. Quantum Chem. 104 (2005) 645.
                  
                  ------------------------------------------------
                  
              <><><><><><><><><><><><><><><><><><><><><><><><><>
 
                 SECOND DERIVATIVES INFORMATION:
                 -------------------------------
 
                 === PRINT
 
                   EIGS,  lprint_eigbas =  F
                   U1,    lprint_u1     =  F
                   PARTS, lprint_parts  =  F
 
                 === DEBUG
 
                   ALL        =  F
                   B1         =  F
                   DENSITIES  =  F
                   FIT        =  F
                   HESSIAN    =  F
                   NUMBERS    =  F
                   SYMMETRY   =  F
                   U1         =  F
 
                 === CPKS
 
                   MAX_CPKS_ITERATIONS    =    20
                   U1_ACCURACY PARAMETER  =     5.00
                   U1 ACCURACY            =     0.0000100
 

                 Estimated peak private memory usage    101 MB per process
                                 shared memory usage    164 MB per node

              <><><><><><><><><><><><><><><><><><><><><><><><><>
 Handling            8  atoms per pass in write_gradb1
 wr_gradb1   86999040.0000000        1048576000.00000     

######## LOOPING OVER NUCLEI ########

==========================
###### NUCLEUS:     1  As 
==========================

====================  solving CPKS equations  ====================

NUCLEUS  COORD.    ITERATION   ACCURACY
-------  ------    ---------   --------
    1       1          1       0.13994607D+00
    1       1          2       0.20286908D-01
    1       1          3       0.43960572D-02
    1       1          4       0.14765601D-02
    1       1          5       0.47156314D-03
    1       1          6       0.19052491D-03
    1       1          7       0.38203945D-04
    1       1          8       0.10780483D-04
    1       1          9       0.23185836D-05
*** CPKS converged.
----------------------------------------------
    1       2          1       0.22168371D+00
    1       2          2       0.26079269D-01
    1       2          3       0.44187180D-02
    1       2          4       0.18379802D-02
    1       2          5       0.72408542D-03
    1       2          6       0.18826228D-03
    1       2          7       0.29484670D-04
    1       2          8       0.15536930D-04
    1       2          9       0.32445020D-05
*** CPKS converged.
----------------------------------------------
    1       3          1       0.33994274D-01
    1       3          2       0.66453892D-03
    1       3          3       0.70345339D-04
    1       3          4       0.28838316D-04
    1       3          5       0.34327181D-05
*** CPKS converged.
----------------------------------------------

====================  end of solving CPKS equations  ====================

==========================
###### NUCLEUS:     2  O  
==========================

====================  solving CPKS equations  ====================

NUCLEUS  COORD.    ITERATION   ACCURACY
-------  ------    ---------   --------
    2       1          1       0.30450619D-01
    2       1          2       0.48265407D-02
    2       1          3       0.25677436D-02
    2       1          4       0.10669784D-02
    2       1          5       0.23578106D-03
    2       1          6       0.11886943D-03
    2       1          7       0.33844827D-04
    2       1          8       0.96021819D-05
*** CPKS converged.
----------------------------------------------
    2       2          1       0.10718542D+00
    2       2          2       0.15239120D-01
    2       2          3       0.21288478D-02
    2       2          4       0.99722783D-03
    2       2          5       0.27642527D-03
    2       2          6       0.84188233D-04
    2       2          7       0.24436828D-04
    2       2          8       0.11668052D-04
    2       2          9       0.15598175D-05
*** CPKS converged.
----------------------------------------------
    2       3          1       0.89202212D-02
    2       3          2       0.54398151D-03
    2       3          3       0.47256091D-04
    2       3          4       0.20440280D-04
    2       3          5       0.53408982D-05
*** CPKS converged.
----------------------------------------------

====================  end of solving CPKS equations  ====================

==========================
###### NUCLEUS:     3  O  
==========================

====================  solving CPKS equations  ====================

NUCLEUS  COORD.    ITERATION   ACCURACY
-------  ------    ---------   --------
    3       1          1       0.19766348D-01
    3       1          2       0.49189174D-02
    3       1          3       0.21846876D-02
    3       1          4       0.79655492D-03
    3       1          5       0.28856368D-03
    3       1          6       0.10960115D-03
    3       1          7       0.25818752D-04
    3       1          8       0.51226291D-05
*** CPKS converged.
----------------------------------------------
    3       2          1       0.10681545D+00
    3       2          2       0.11030895D-01
    3       2          3       0.20443052D-02
    3       2          4       0.88046175D-03
    3       2          5       0.25350535D-03
    3       2          6       0.16102794D-03
    3       2          7       0.33560956D-04
    3       2          8       0.80936564D-05
*** CPKS converged.
----------------------------------------------
    3       3          1       0.92930904D-02
    3       3          2       0.51455776D-03
    3       3          3       0.57766225D-04
    3       3          4       0.65848293D-05
*** CPKS converged.
----------------------------------------------

====================  end of solving CPKS equations  ====================

==========================
###### NUCLEUS:     4  O  
==========================

====================  solving CPKS equations  ====================

NUCLEUS  COORD.    ITERATION   ACCURACY
-------  ------    ---------   --------
    4       1          1       0.90833997D-01
    4       1          2       0.86864805D-02
    4       1          3       0.30559862D-02
    4       1          4       0.11438257D-02
    4       1          5       0.30876350D-03
    4       1          6       0.12536667D-03
    4       1          7       0.26204141D-04
    4       1          8       0.62261006D-05
*** CPKS converged.
----------------------------------------------
    4       2          1       0.27671248D-01
    4       2          2       0.46122491D-02
    4       2          3       0.20596162D-02
    4       2          4       0.90075566D-03
    4       2          5       0.43216867D-03
    4       2          6       0.95418937D-04
    4       2          7       0.30246043D-04
    4       2          8       0.61355914D-05
*** CPKS converged.
----------------------------------------------
    4       3          1       0.97818316D-02
    4       3          2       0.60972534D-03
    4       3          3       0.46899064D-04
    4       3          4       0.24092066D-04
    4       3          5       0.47755177D-05
*** CPKS converged.
----------------------------------------------

====================  end of solving CPKS equations  ====================

==========================
###### NUCLEUS:     5  O  
==========================

====================  solving CPKS equations  ====================

NUCLEUS  COORD.    ITERATION   ACCURACY
-------  ------    ---------   --------
    5       1          1       0.10431795D+00
    5       1          2       0.68728415D-02
    5       1          3       0.22720362D-02
    5       1          4       0.73018204D-03
    5       1          5       0.27208332D-03
    5       1          6       0.81628013D-04
    5       1          7       0.52079352D-04
    5       1          8       0.55730512D-05
*** CPKS converged.
----------------------------------------------
    5       2          1       0.18368654D+00
    5       2          2       0.10831904D-01
    5       2          3       0.36518513D-02
    5       2          4       0.79522439D-03
    5       2          5       0.37557643D-03
    5       2          6       0.11393338D-03
    5       2          7       0.58704367D-04
    5       2          8       0.11306867D-04
    5       2          9       0.23064197D-05
*** CPKS converged.
----------------------------------------------
    5       3          1       0.95738747D-02
    5       3          2       0.31299689D-03
    5       3          3       0.52088563D-04
    5       3          4       0.30082331D-05
*** CPKS converged.
----------------------------------------------

====================  end of solving CPKS equations  ====================

==========================
###### NUCLEUS:     6  H  
==========================

====================  solving CPKS equations  ====================

NUCLEUS  COORD.    ITERATION   ACCURACY
-------  ------    ---------   --------
    6       1          1       0.62919063D-01
    6       1          2       0.79214701D-02
    6       1          3       0.18283406D-02
    6       1          4       0.10585975D-02
    6       1          5       0.22827939D-03
    6       1          6       0.10869852D-03
    6       1          7       0.37834438D-04
    6       1          8       0.54554763D-05
*** CPKS converged.
----------------------------------------------
    6       2          1       0.60980255D-01
    6       2          2       0.74153753D-02
    6       2          3       0.13107785D-02
    6       2          4       0.78693778D-03
    6       2          5       0.23970709D-03
    6       2          6       0.10054337D-03
    6       2          7       0.17172018D-04
    6       2          8       0.42297278D-05
*** CPKS converged.
----------------------------------------------
    6       3          1       0.12992059D-02
    6       3          2       0.22024246D-03
    6       3          3       0.15197738D-04
    6       3          4       0.35196374D-05
*** CPKS converged.
----------------------------------------------

====================  end of solving CPKS equations  ====================

==========================
###### NUCLEUS:     7  H  
==========================

====================  solving CPKS equations  ====================

NUCLEUS  COORD.    ITERATION   ACCURACY
-------  ------    ---------   --------
    7       1          1       0.64014840D-01
    7       1          2       0.81901300D-02
    7       1          3       0.15246950D-02
    7       1          4       0.98297549D-03
    7       1          5       0.19664261D-03
    7       1          6       0.14098866D-03
    7       1          7       0.33806128D-04
    7       1          8       0.44509160D-05
*** CPKS converged.
----------------------------------------------
    7       2          1       0.71821110D-01
    7       2          2       0.70987688D-02
    7       2          3       0.15277263D-02
    7       2          4       0.76069087D-03
    7       2          5       0.16828591D-03
    7       2          6       0.12738693D-03
    7       2          7       0.22374584D-04
    7       2          8       0.42486216D-05
*** CPKS converged.
----------------------------------------------
    7       3          1       0.14581847D-02
    7       3          2       0.20740153D-03
    7       3          3       0.11916782D-04
    7       3          4       0.84037547D-05
*** CPKS converged.
----------------------------------------------

====================  end of solving CPKS equations  ====================

==========================
###### NUCLEUS:     8  H  
==========================

====================  solving CPKS equations  ====================

NUCLEUS  COORD.    ITERATION   ACCURACY
-------  ------    ---------   --------
    8       1          1       0.62325006D-01
    8       1          2       0.63426040D-02
    8       1          3       0.20748910D-02
    8       1          4       0.88813333D-03
    8       1          5       0.18933760D-03
    8       1          6       0.83234627D-04
    8       1          7       0.12421285D-04
    8       1          8       0.47219187D-05
*** CPKS converged.
----------------------------------------------
    8       2          1       0.70911285D-01
    8       2          2       0.48520851D-02
    8       2          3       0.19224149D-02
    8       2          4       0.12825170D-02
    8       2          5       0.18939656D-03
    8       2          6       0.57553409D-04
    8       2          7       0.17350357D-04
    8       2          8       0.64483123D-05
*** CPKS converged.
----------------------------------------------
    8       3          1       0.17855030D-02
    8       3          2       0.22821481D-03
    8       3          3       0.14157443D-04
    8       3          4       0.32959212D-05
*** CPKS converged.
----------------------------------------------

====================  end of solving CPKS equations  ====================

 ***************************************************************************************************



                                     ******************************************
                                     *  F R E Q U E N C Y    A N A L Y S I S  *
                                     ******************************************
  


 Atomic Masses:
 ---------------
    1. As             74.92159600
    2. O              15.99491400
    3. O              15.99491400
    4. O              15.99491400
    5. O              15.99491400
    6. H               1.00782500
    7. H               1.00782500
    8. H               1.00782500



 ======================================
 Normal Modes in Symmetry Displacements  ***  (cartesians, not mass-weighted)  ***
 ======================================
  


                                       === AA ===

 Symmetry Displacements


                          1                             2                             3
              ------------------------      ------------------------      ------------------------
    1.As         0.079  -0.000   0.000         0.000   0.079   0.000         0.000   0.000   0.000
    2.O         -0.085  -0.006   0.000         0.002  -0.091   0.000         0.208   0.033   0.000
    3.O         -0.092   0.006   0.000        -0.002  -0.086   0.000        -0.051  -0.033   0.000
    4.O         -0.083   0.003   0.000         0.002  -0.087   0.000        -0.102  -0.019   0.000
    5.O         -0.094  -0.003   0.000        -0.003  -0.090   0.000        -0.038   0.020   0.000
    6.H         -0.087  -0.008   0.000         0.001  -0.093   0.000        -0.079   0.049   0.000
    7.H         -0.090   0.009   0.000        -0.000  -0.085   0.000        -0.066  -0.048   0.000
    8.H         -0.081   0.001   0.000         0.004  -0.088   0.000        -0.118  -0.005   0.000


                          4                             5                             6
              ------------------------      ------------------------      ------------------------
    1.As         0.000   0.000   0.000         0.000   0.000   0.000         0.000   0.000   0.000
    2.O          0.000   0.189   0.000         0.000   0.000   0.000         0.000   0.000   0.000
    3.O         -0.027  -0.015   0.000         0.200   0.024   0.000         0.000   0.186   0.000
    4.O          0.070  -0.043   0.000        -0.061   0.009   0.000        -0.059  -0.123   0.000
    5.O         -0.051  -0.117   0.000        -0.125  -0.031   0.000         0.065  -0.047   0.000
    6.H          0.027  -0.172   0.000        -0.084  -0.061   0.000        -0.015   0.010   0.000
    7.H          0.002   0.012   0.000        -0.097   0.038   0.000         0.010  -0.179   0.000
    8.H          0.100  -0.069   0.000        -0.045  -0.005   0.000        -0.089  -0.095   0.000


                          7                             8                             9
              ------------------------      ------------------------      ------------------------
    1.As         0.000   0.000   0.000         0.000   0.000   0.000         0.000   0.000   0.000
    2.O          0.000   0.000   0.000         0.000   0.000   0.000         0.000   0.000   0.000
    3.O          0.000   0.000   0.000         0.000   0.000   0.000         0.000   0.000   0.000
    4.O          0.127  -0.089   0.000         0.000   0.137   0.000         0.000   0.000   0.000
    5.O         -0.071   0.091   0.000         0.045  -0.096   0.000         0.073  -0.027   0.000
    6.H         -0.260   0.225   0.000        -0.190   0.072   0.000        -0.455  -0.257   0.000
    7.H         -0.200  -0.223   0.000        -0.116  -0.486   0.000        -0.557   0.509   0.000
    8.H         -0.437  -0.025   0.000        -0.410  -0.239   0.000        -0.153   0.170   0.000


                         10                            11                            12
              ------------------------      ------------------------      ------------------------
    1.As         0.000   0.000   0.000         0.000   0.000   0.000         0.000   0.000   0.000
    2.O          0.000   0.000   0.000         0.000   0.000   0.000         0.000   0.000   0.000
    3.O          0.000   0.000   0.000         0.000   0.000   0.000         0.000   0.000   0.000
    4.O          0.000   0.000   0.000         0.000   0.000   0.000         0.000   0.000   0.000
    5.O          0.000   0.092   0.000         0.000   0.000   0.000         0.000   0.000   0.000
    6.H         -0.043  -0.737   0.000         0.806  -0.086   0.000         0.000   0.495   0.000
    7.H         -0.107  -0.250   0.000        -0.447   0.079   0.000        -0.428   0.112   0.000
    8.H          0.150  -0.466   0.000        -0.360   0.006   0.000         0.428  -0.607   0.000


                         13
              ------------------------      ------------------------      ------------------------
    1.As         0.000   0.000   0.000
    2.O          0.000   0.000   0.000
    3.O          0.000   0.000   0.000
    4.O          0.000   0.000   0.000
    5.O          0.000   0.000   0.000
    6.H          0.000   0.000   0.000
    7.H          0.453   0.540   0.000
    8.H         -0.453  -0.540   0.000

 Largest computed component in inactive z Dipole derivative=  0.1611E-04
 (symmetry index=  1)
 Deviation may result from numerical integration and/or the non-linearity
 in the transformations between Cartesian and Z-matrix coordinates.


 Frequencies and Normal Modes
 ============================

             1           2           3           4           5           6           7           8

          313.7702    349.5517    394.8094    521.2421    597.2506    609.3210    853.5912    999.9267
        ----------  ----------  ----------  ----------  ----------  ----------  ----------  ----------
   1   -0.39432844 -0.55084387 -0.08731244 -0.11478513 -0.42150796 -0.44994997  0.32267479 -0.11330349
   2    0.50920367 -0.42479525  0.04652006  0.07783715 -0.48945882  0.10094165 -0.51580263  0.02280095
   3    0.27847893 -0.33960816 -0.21919975  0.62193249  0.47453486 -0.26984904  0.13017925 -0.02852132
   4   -0.41614167 -0.13114323  0.52711077  0.39354372  0.11434979  0.07314703 -0.36082777 -0.38863813
   5    0.11026062 -0.53327736  0.21274464 -0.45700578  0.41428064  0.42592086  0.16857110 -0.06786611
   6   -0.37432368 -0.12908019 -0.58585710  0.07521445  0.03837128  0.42421535 -0.29789096  0.12900636
   7    0.04011944 -0.01549006  0.18669584  0.30035365 -0.32388966  0.38997425  0.32493413  0.18253017
   8    0.07194892  0.01496024  0.15013392 -0.30059838  0.19965855 -0.40069194 -0.35290463  0.13484140
   9    0.00330248  0.11392107 -0.30700205 -0.07072390 -0.04418999 -0.09093685 -0.25731304 -0.29871502
  10    0.35592256  0.16949945 -0.11112613  0.04146970 -0.11389288  0.07584576  0.26111747 -0.51129700
  11   -0.00649031 -0.10156416 -0.04535435  0.13384795  0.05335120 -0.06992404  0.00960204  0.56191953
  12   -0.14503156  0.16025463  0.24520120  0.13915891 -0.08730027  0.03393317  0.02664633  0.18161703
  13   -0.16632022 -0.06612631 -0.22283145 -0.00194533  0.03522813  0.12297437  0.01454798 -0.25029556

             9          10          11          12          13

         1043.6329   1056.3561   3575.4410   3583.4118   3593.5273
        ----------  ----------  ----------  ----------  ----------
   1   -0.11155671 -0.10361282 -0.00112634 -0.00335380 -0.00182850
   2    0.17482600 -0.07166555 -0.00237709  0.00072634  0.00049300
   3   -0.00857315 -0.06407514 -0.03519725 -0.22521248  0.01914817
   4   -0.13507680  0.05712492  0.03390321  0.23274955 -0.02029106
   5   -0.08752234 -0.09380010  0.00360602 -0.04847557 -0.21086188
   6   -0.25027804 -0.28104149 -0.00953826  0.00652211  0.25644632
   7   -0.40547642  0.32504078 -0.35483243 -0.28313111  0.03266555
   8   -0.37794208 -0.05397092 -0.56664147 -0.09036394  0.25210561
   9   -0.32838432  0.19328746  0.02419773 -0.26598610 -0.71103135
  10   -0.30318267 -0.38863560 -0.18950755  0.44805282  0.05066939
  11   -0.10868874  0.06118151 -0.11908935  0.65847688 -0.42750244
  12    0.17301961 -0.73665561 -0.20547127 -0.30250370 -0.35355861
  13    0.56534600  0.21356514 -0.67647088  0.08816860 -0.09203969


 Intensities
 ===========

               Frequency       Dipole Strength        Absorption Intensity (degeneracy not counted)
                 cm-1           1e-40 esu2 cm2          km/mole
              ----------          ----------          ----------
              313.770174         1001.894272           78.797352
              349.551686         1320.704621          115.716468
              394.809358           42.289270            4.185002
              521.242081           43.398469            5.670116
              597.250605         1517.238776          227.137375
              609.320967          666.287542          101.762059
              853.591219          746.853736          159.795140
              999.926731          330.097024           82.734731
             1043.632857         1227.626537          321.138284
             1056.356051          600.643314          159.039515
             3575.441037          191.154793          171.314010
             3583.411841          192.586596          172.981975
             3593.527325          123.231687          110.999601


                                       === AAA ===

 Symmetry Displacements


                          1                             2                             3
              ------------------------      ------------------------      ------------------------
    1.As         0.000   0.000   0.079         0.000   0.000   0.000         0.000   0.000   0.000
    2.O          0.000   0.000  -0.086         0.000   0.000   0.139         0.000   0.000   0.000
    3.O          0.000   0.000  -0.090         0.000   0.000   0.099         0.000   0.000   0.094
    4.O          0.000   0.000  -0.074         0.000   0.000  -0.111         0.000   0.000  -0.043
    5.O          0.000   0.000  -0.104         0.000   0.000  -0.099         0.000   0.000  -0.062
    6.H          0.000   0.000  -0.094         0.000   0.000  -0.346         0.000   0.000   0.563
    7.H          0.000   0.000  -0.082         0.000   0.000   0.120         0.000   0.000  -0.626
    8.H          0.000   0.000  -0.071         0.000   0.000  -0.218         0.000   0.000   0.229


                          4                             5
              ------------------------      ------------------------      ------------------------
    1.As         0.000   0.000   0.000         0.000   0.000   0.000
    2.O          0.000   0.000   0.000         0.000   0.000   0.000
    3.O          0.000   0.000   0.000         0.000   0.000   0.000
    4.O          0.000   0.000   0.081         0.000   0.000   0.000
    5.O          0.000   0.000   0.011         0.000   0.000   0.040
    6.H          0.000   0.000  -0.179         0.000   0.000  -0.679
    7.H          0.000   0.000  -0.541         0.000   0.000  -0.483
    8.H          0.000   0.000  -0.749         0.000   0.000   0.521

 Largest computed component in inactive x Dipole derivative=  0.8970E-05
 (symmetry index=  2)
 Deviation may result from numerical integration and/or the non-linearity
 in the transformations between Cartesian and Z-matrix coordinates.

 Largest computed component in inactive y Dipole derivative=  0.1193E-04
 (symmetry index=  2)
 Deviation may result from numerical integration and/or the non-linearity
 in the transformations between Cartesian and Z-matrix coordinates.


 Frequencies and Normal Modes
 ============================

             1           2           3           4           5

         -180.5720    242.7683    356.2554    445.3879    500.5829
        ----------  ----------  ----------  ----------  ----------
   1   -0.04614188  0.99823802 -0.02237179 -0.02932053 -0.00562019
   2    0.87434524  0.05765283  0.30403387  0.31686101  0.19839116
   3    0.31926960 -0.01356982 -0.16022532 -0.89397418  0.27022361
   4   -0.17367650  0.00316828  0.92249115 -0.28571384 -0.19288371
   5   -0.31826832 -0.00168032  0.17435836  0.13385506  0.92216291


 Intensities
 ===========

               Frequency       Dipole Strength        Absorption Intensity (degeneracy not counted)
                 cm-1           1e-40 esu2 cm2          km/mole
              ----------          ----------          ----------
             -180.571967           42.893239           -1.941410
              242.768341          461.687270           28.094287
              356.255409         5005.092430          446.942484
              445.387925            1.366015            0.152501
              500.582938          150.322043           18.861524



 Zero-Point Energy :      0.043369 a.u.
 ===================      1.180133 eV
 (imaginary frequencies were excluded from the summation)
                                                   hartree              eV         kcal/mol           kJ/mol
                                      --------------------     -----------       ----------      -----------
              Bond Energy:              -1.485172912252698        -40.4136          -931.96         -3899.32
              Zero-Point Energy:         0.043369083154812          1.1801            27.21           113.87
              Enthalpy (T=0K):          -1.441803829097886        -39.2335          -904.75         -3785.46



 ===========================
 Vibrations and Normal Modes  ***  (cartesian coordinates, NOT mass-weighted)  ***
 ===========================
  
 The headers on the normal mode eigenvectors below give the Frequency in cm-1
 (a negative value means an imaginary frequency, no output for (almost-)zero frequencies)


                      -180.572                       242.768                       313.770
              ------------------------      ------------------------      ------------------------
    1.As        -0.000   0.000   0.010         0.000  -0.000  -0.310        -0.072   0.093  -0.000
    2.O         -0.000   0.000  -0.358        -0.000   0.000   0.307         0.213  -0.263   0.000
    3.O         -0.000   0.000  -0.346        -0.000   0.000   0.336         0.125  -0.268   0.000
    4.O         -0.000   0.000   0.346        -0.000  -0.000   0.311        -0.006   0.046   0.000
    5.O         -0.000   0.000   0.333         0.000  -0.000   0.427         0.021   0.122   0.000
    6.H         -0.000   0.000  -0.368         0.000   0.000   0.475        -0.111  -0.667   0.000
    7.H          0.000   0.000  -0.448         0.000   0.000   0.264        -0.151  -0.535   0.000
    8.H         -0.000   0.000   0.430        -0.000  -0.000   0.350         0.021   0.026   0.000


                       349.552                       356.255                       394.809
              ------------------------      ------------------------      ------------------------
    1.As        -0.129  -0.099   0.000         0.000   0.000   0.002         0.015  -0.008   0.000
    2.O         -0.072   0.018  -0.000         0.000   0.000  -0.046         0.083  -0.193  -0.000
    3.O         -0.101   0.030  -0.000         0.000  -0.000  -0.018        -0.104   0.238  -0.000
    4.O          0.320   0.182  -0.000        -0.000  -0.000  -0.052        -0.243  -0.119  -0.000
    5.O          0.418   0.239  -0.000        -0.000  -0.000   0.000         0.226   0.105  -0.000
    6.H         -0.065   0.036   0.000         0.000   0.000   0.497        -0.133  -0.468   0.000
    7.H         -0.034   0.102   0.000         0.000  -0.000   0.463         0.132   0.466   0.000
    8.H          0.734  -0.183   0.000        -0.000   0.000   0.730        -0.517   0.119   0.000


                       445.388                       500.583                       521.242
              ------------------------      ------------------------      ------------------------
    1.As         0.000  -0.000  -0.002         0.000  -0.000   0.000        -0.029   0.020  -0.000
    2.O          0.000   0.000   0.049        -0.000  -0.000  -0.029         0.443   0.281  -0.000
    3.O         -0.000   0.000  -0.053         0.000   0.000  -0.048        -0.392  -0.098  -0.000
    4.O         -0.000   0.000  -0.019        -0.000   0.000   0.051         0.112  -0.372   0.000
    5.O          0.000   0.000   0.031         0.000  -0.000   0.001        -0.036   0.102  -0.000
    6.H          0.000  -0.000  -0.683        -0.000  -0.000   0.531         0.400   0.241   0.000
    7.H          0.000   0.000   0.725         0.000   0.000   0.508        -0.305  -0.018   0.000
    8.H         -0.000   0.000   0.012        -0.000   0.000  -0.674         0.034  -0.291  -0.000


                       597.251                       609.321                       853.591
              ------------------------      ------------------------      ------------------------
    1.As         0.124   0.144  -0.000        -0.125   0.028   0.000        -0.106   0.170  -0.000
    2.O         -0.498  -0.314  -0.000        -0.062  -0.006   0.000         0.005   0.078  -0.000
    3.O         -0.354  -0.145   0.000         0.484   0.298  -0.000        -0.032   0.016  -0.000
    4.O          0.279  -0.307   0.000         0.242  -0.511  -0.000         0.074  -0.082  -0.000
    5.O          0.014   0.114   0.000        -0.103   0.100   0.000         0.474  -0.803  -0.000
    6.H         -0.301  -0.063   0.000        -0.079  -0.013  -0.000        -0.160  -0.142  -0.000
    7.H         -0.279  -0.075  -0.000         0.366   0.171   0.000        -0.103  -0.041   0.000
    8.H          0.214  -0.248  -0.000         0.077  -0.376  -0.000        -0.094   0.064   0.000


                       999.927                      1043.633                      1056.356
              ------------------------      ------------------------      ------------------------
    1.As        -0.010   0.002  -0.000         0.009  -0.015  -0.000        -0.009  -0.006  -0.000
    2.O          0.004  -0.081   0.000        -0.009   0.044   0.000        -0.005   0.017   0.000
    3.O          0.009   0.028  -0.000         0.004   0.066  -0.000        -0.008  -0.052   0.000
    4.O          0.005   0.001  -0.000         0.032  -0.005  -0.000         0.090   0.002  -0.000
    5.O          0.021   0.004   0.000         0.000   0.005   0.000        -0.009   0.010  -0.000
    6.H          0.579   0.656  -0.000        -0.289  -0.315  -0.000        -0.075  -0.072   0.000
    7.H         -0.270  -0.248   0.000        -0.628  -0.559   0.000         0.305   0.264  -0.000
    8.H         -0.225   0.204   0.000        -0.233   0.221   0.000        -0.644   0.633   0.000


                      3575.441                      3583.412                      3593.527
              ------------------------      ------------------------      ------------------------
    1.As         0.000   0.000   0.000        -0.000   0.000   0.000         0.000  -0.000  -0.000
    2.O          0.007  -0.006  -0.000        -0.048   0.038   0.000        -0.004   0.003   0.000
    3.O         -0.002   0.001   0.000        -0.004   0.004   0.000         0.044  -0.044   0.000
    4.O          0.040   0.047   0.000         0.006   0.006   0.000         0.001   0.001   0.000
    5.O          0.000  -0.000   0.000        -0.000   0.001   0.000        -0.000   0.000   0.000
    6.H         -0.108   0.089   0.000         0.776  -0.605   0.000         0.070  -0.054  -0.000
    7.H          0.020  -0.022   0.000         0.065  -0.066  -0.000        -0.699   0.705   0.000
    8.H         -0.645  -0.748   0.000        -0.089  -0.104   0.000        -0.025  -0.035  -0.000




 List of All Frequencies:


 Intensities
 ===========

               Frequency       Dipole Strength        Absorption Intensity (degeneracy not counted)
                 cm-1           1e-40 esu2 cm2          km/mole
              ----------          ----------          ----------
             -180.571967           42.893239           -1.941410
              242.768341          461.687270           28.094287
              313.770174         1001.894272           78.797352
              349.551686         1320.704621          115.716468
              356.255409         5005.092430          446.942484
              394.809358           42.289270            4.185002
              445.387925            1.366015            0.152501
              500.582938          150.322043           18.861524
              521.242081           43.398469            5.670116
              597.250605         1517.238776          227.137375
              609.320967          666.287542          101.762059
              853.591219          746.853736          159.795140
              999.926731          330.097024           82.734731
             1043.632857         1227.626537          321.138284
             1056.356051          600.643314          159.039515
             3575.441037          191.154793          171.314010
             3583.411841          192.586596          172.981975
             3593.527325          123.231687          110.999601



 ============================
 Statistical Thermal Analysis  ***  ideal gas assumed  ***
 ============================
  
 Pressure:                  1.000000 atm.
 Temperature:             298.150000 K



 Moments of Inertia [amu*bohr^2] and principal axis
 ==================================================

         369.1362        413.6601        782.7963
 ------------------------------------------------
           0.8953         -0.4455          0.0000
           0.4455          0.8953          0.0000
           0.0000          0.0000          1.0000


 The rotational contribution to the molecular entropy includes
 a term, dependent on the symmetry number sigma. The results 
 reported below were computed using sigma = 1, determined from
 the point group symmetry of the input geometry (C(S)). 
 If this is not the correct symmetry, try symmetrizing the molecule before
 running the calculation (note: linear molecules should be aligned along one
 of the Cartesian axes).
 Contributions from frequencies below 20 1/cm are not included in
 the vibrational sums. Their contributions, if any, are reported separately.


     Temp                                                       Transl     Rotat    Vibrat     Total
     ----                                                       ------     -----    ------     -----

     298.15   Entropy (cal/mole-K):                             40.762    26.283     9.790    76.834
              Internal Energy (Kcal/mole):                       0.889     0.889    29.165    30.943
              Constant Volume Heat Capacity (cal/mole-K):        2.981     2.981    15.510    21.471

              Summary of energy terms
                                                   hartree              eV         kcal/mol           kJ/mol
                                      --------------------     -----------       ----------      -----------
              Bond Energy:              -1.485172912252698        -40.4136          -931.96         -3899.32
              Internal Energy:           0.049310725582131          1.3418            30.94           129.47
              pV/n = RT:                 0.000944186013486          0.0257             0.59             2.48
              Enthalpy H:               -1.434918000657082        -39.0461          -900.42         -3767.38
              -T*S:                     -0.036506505901018         -0.9934           -22.91           -95.85
              Gibbs free energy:        -1.471424506558100        -40.0395          -923.33         -3863.22
 

 ***************************************************************************************************
 


====================================================================
*** DONE CALCULATING ANALYTICAL SECOND DERIVATIVES OF THE ENERGY ***
====================================================================




 ===========================================================
 SCAN POTENTIAL ENERGY SURFACE ALONG A RANGE OF NORMAL MODES  ***  with IR intensities  ***
 ===========================================================
  

 Symmetry has been reset to default with TOL= 0.000001000000

 RANGE OF FREQUENCIES: from  -1000.000 to      0.000



 ===================
 Vibration symmetry:  ***  AA  ***
 ===================
  
 Total number of frequencies of this symmetry:    13
 Frequencies, cm^(-1):
     313.770     349.552     394.809     521.242     597.251     609.321     853.591     999.927
    1043.633    1056.356    3575.441    3583.412    3593.527
 Number of frequencies in the requested range:     0



 ===================
 Vibration symmetry:  ***  AAA  ***
 ===================
  
 Total number of frequencies of this symmetry:     5
 Frequencies, cm^(-1):
    -180.572     242.768     356.255     445.388     500.583
 Number of frequencies in the requested range:     1
1
 ***************************************************************************************************



                                      ****************************************
                                      *  B U I L D : (Fragments, Functions)  *
                                      ****************************************
  

 Total nr. of (C)SFOs (summation over all irreps) :   118

 Specify PRINT SFO in the input file to get a full list

 Nr. of SFOs for ir.rep.           A :   118



 ================================
 (Slater-type)  F U N C T I O N S  ***  (Basis and Fit)  ***
 ================================
  

 Atom Type    1  (As)
 ==============

 Valence Basis Sets:  15
 -----------------------
   1 S   23.550000
   2 S   12.700000
   3 S    6.550000
   2 P   15.150000
   3 P    6.150000
   3 D    2.850000
   3 D    5.250000
   3 D    9.800000
   4 S    1.500000
   4 S    2.300000
   4 S    3.300000
   4 P    1.000000
   4 P    1.700000
   4 P    2.850000
   4 D    1.600000

 Frozen Core Shells
 ------------------
    S:  3
    P:  2

 Atom Type    2  (O)
 ==============

 Valence Basis Sets:   8
 -----------------------
   1 S    7.360000
   2 S    1.720000
   2 S    2.880000
   2 S    7.580000
   2 P    1.120000
   2 P    2.080000
   2 P    4.080000
   3 D    2.000000

 Frozen Core Shells
 ------------------
    S:  1

 Atom Type    3  (H)
 ==============

 Valence Basis Sets:   4
 -----------------------
   1 S    0.690000
   1 S    0.920000
   1 S    1.580000
   2 P    1.250000


 BAS: List of all Elementary Cartesian Basis Functions
 =====================================================

 The numbering in the list below (to the right of the function characteristics) is referred
 to in print-outs of MO eigenvectors and Mulliken populations in the BAS representation
 (as contrasted to the SFO representation).

 Notes:
 1. The functions are characterized by a polynomial prefactor (powers of x,y,z and r) and
    an exponential decay factor alpha.
 2. Since the basis sets are specific for an atom TYPE, the individual functions occur on
    all atoms of that type.
 3. The word 'Core' in the left margin signals that it is a Core Function (CF) : not a
    degree of freedom in the valence set, but only used to ensure orthogonalization of
    the other valence basis functions on the frozen Core Orbitals.


 (power of) X  Y  Z  R     Alpha  on Atom
            ==========     =====     ==========

 As                                   1
                                  ---------------------------------------------------------------------------
    Core    0  0  0  0    23.550      1
    Core    0  0  0  1    12.700      2
    Core    0  0  0  2     6.550      3
    Core    1  0  0  0    15.150      4
    Core    0  1  0  0    15.150      5
    Core    0  0  1  0    15.150      6
    Core    1  0  0  1     6.150      7
    Core    0  1  0  1     6.150      8
    Core    0  0  1  1     6.150      9
            2  0  0  0     2.850     10
            1  1  0  0     2.850     11
            1  0  1  0     2.850     12
            0  2  0  0     2.850     13
            0  1  1  0     2.850     14
            0  0  2  0     2.850     15
            2  0  0  0     5.250     16
            1  1  0  0     5.250     17
            1  0  1  0     5.250     18
            0  2  0  0     5.250     19
            0  1  1  0     5.250     20
            0  0  2  0     5.250     21
            2  0  0  0     9.800     22
            1  1  0  0     9.800     23
            1  0  1  0     9.800     24
            0  2  0  0     9.800     25
            0  1  1  0     9.800     26
            0  0  2  0     9.800     27
            0  0  0  3     1.500     28
            0  0  0  3     2.300     29
            0  0  0  3     3.300     30
            1  0  0  2     1.000     31
            0  1  0  2     1.000     32
            0  0  1  2     1.000     33
            1  0  0  2     1.700     34
            0  1  0  2     1.700     35
            0  0  1  2     1.700     36
            1  0  0  2     2.850     37
            0  1  0  2     2.850     38
            0  0  1  2     2.850     39
            2  0  0  1     1.600     40
            1  1  0  1     1.600     41
            1  0  1  1     1.600     42
            0  2  0  1     1.600     43
            0  1  1  1     1.600     44
            0  0  2  1     1.600     45

 O                                    2    3    4    5
                                  ---------------------------------------------------------------------------
    Core    0  0  0  0     7.360     46   65   84  103
            0  0  0  1     1.720     47   66   85  104
            0  0  0  1     2.880     48   67   86  105
            0  0  0  1     7.580     49   68   87  106
            1  0  0  0     1.120     50   69   88  107
            0  1  0  0     1.120     51   70   89  108
            0  0  1  0     1.120     52   71   90  109
            1  0  0  0     2.080     53   72   91  110
            0  1  0  0     2.080     54   73   92  111
            0  0  1  0     2.080     55   74   93  112
            1  0  0  0     4.080     56   75   94  113
            0  1  0  0     4.080     57   76   95  114
            0  0  1  0     4.080     58   77   96  115
            2  0  0  0     2.000     59   78   97  116
            1  1  0  0     2.000     60   79   98  117
            1  0  1  0     2.000     61   80   99  118
            0  2  0  0     2.000     62   81  100  119
            0  1  1  0     2.000     63   82  101  120
            0  0  2  0     2.000     64   83  102  121

 H                                    6    7    8
                                  ---------------------------------------------------------------------------
            0  0  0  0     0.690    122  128  134
            0  0  0  0     0.920    123  129  135
            0  0  0  0     1.580    124  130  136
            1  0  0  0     1.250    125  131  137
            0  1  0  0     1.250    126  132  138
            0  0  1  0     1.250    127  133  139

 Total number of charge fitting functions (nprimf)       645
 Total number of Cartesian basis functions (naos)        139
 Total number of Cartesian core functions  (ncos)         13



 Scanning vibration frequency    1 AAA =     -180.572



 -------------------------------------------
  COSMO surface
  Area             =          388.799
  Volume           =          614.843
  Number of Points =          995
 -------------------------------------------



 ========================
 Density Fitting (zlmFit)
 ========================
  
 ZlmFit Fit Quality: GOOD           
  
 Max L-expansion:                        min:   7 max:   9
 Nr. of radial interpolation points:     min:  72 max: 132
 Initial density matrix is taken from previous geometry
 cosmo_calcen: 0.5 (esolb+esolc) (Hartrees) =   -0.025530

 Solvation energy (screening term,uncorrected) =    -16.020501 kcal/mol

 Solvation energy (dispersion and cavitation terms) =      0.727025 kcal/mol
 Solvation Energy Contributions (Hartrees)
          esola   esolb+esolc
     0.02553029   -0.05106058
 esol last cycle   -0.02553029
 cosmo_calcen: 0.5 (esolb+esolc) (Hartrees) =   -0.025530

 Solvation energy (screening term,uncorrected) =    -16.020511 kcal/mol

 Solvation energy (dispersion and cavitation terms) =      0.727025 kcal/mol
 Solvation Energy Contributions (Hartrees)
          esola   esolb+esolc
     0.02553031   -0.05106061
 esol last cycle   -0.02553031


 -------------------------------------------
  COSMO surface
  Area             =          388.799
  Volume           =          614.843
  Number of Points =          995
 -------------------------------------------



 ========================
 Density Fitting (zlmFit)
 ========================
  
 ZlmFit Fit Quality: GOOD           
  
 Max L-expansion:                        min:   7 max:   9
 Nr. of radial interpolation points:     min:  72 max: 132
 Initial density matrix is taken from previous geometry
 cosmo_calcen: 0.5 (esolb+esolc) (Hartrees) =   -0.025530

 Solvation energy (screening term,uncorrected) =    -16.020501 kcal/mol

 Solvation energy (dispersion and cavitation terms) =      0.727025 kcal/mol
 Solvation Energy Contributions (Hartrees)
          esola   esolb+esolc
     0.02553029   -0.05106058
 esol last cycle   -0.02553029
 cosmo_calcen: 0.5 (esolb+esolc) (Hartrees) =   -0.025530

 Solvation energy (screening term,uncorrected) =    -16.020511 kcal/mol

 Solvation energy (dispersion and cavitation terms) =      0.727025 kcal/mol
 Solvation Energy Contributions (Hartrees)
          esola   esolb+esolc
     0.02553031   -0.05106061
 esol last cycle   -0.02553031
 Old frequency:   -180.57197, new:   -177.62711
 ===================================================================================================
 Summary of a frequency scan in the requested range: 
 (One component per degenerate irreducible representations, degeneracy is not counted in the intens.)
 ---------------------------------------------------------------------------------------------------
 Frequency, cm**(-1)      Dipol moment derivatives (a.u.)      IR Intensity   Force const   Red.mass
    Old      New                X         Y         Z            km/mole          a.u.        a.u.
 ---------------------------------------------------------------------------------------------------
 Vibration symmetry: AA
   313.770      not re-calculated (not in the required range)
   349.552      not re-calculated (not in the required range)
   394.809      not re-calculated (not in the required range)
   521.242      not re-calculated (not in the required range)
   597.251      not re-calculated (not in the required range)
   609.321      not re-calculated (not in the required range)
   853.591      not re-calculated (not in the required range)
   999.927      not re-calculated (not in the required range)
  1043.633      not re-calculated (not in the required range)
  1056.356      not re-calculated (not in the required range)
  3575.441      not re-calculated (not in the required range)
  3583.412      not re-calculated (not in the required range)
  3593.527      not re-calculated (not in the required range)
 ---------------------------------------------------------------------------------------------------
 Vibration symmetry: AAA
  -180.572  -177.627          0.000    -0.000     0.045            2.017     -0.01802223   15.093656
   242.768      not re-calculated (not in the required range)
   356.255      not re-calculated (not in the required range)
   445.388      not re-calculated (not in the required range)
   500.583      not re-calculated (not in the required range)
 ===================================================================================================



 ============================
 Statistical Thermal Analysis  ***  ideal gas assumed  ***
 ============================
  
 Pressure:                  1.000000 atm.
 Temperature:             298.150000 K



 Moments of Inertia [amu*bohr^2] and principal axis
 ==================================================

         369.1362        413.6601        782.7963
 ------------------------------------------------
           0.8953         -0.4455          0.0000
           0.4455          0.8953          0.0000
           0.0000          0.0000          1.0000


 The rotational contribution to the molecular entropy includes
 a term, dependent on the symmetry number sigma. The results 
 reported below were computed using sigma = 1, determined from
 the point group symmetry of the input geometry (NOSYM). 
 If this is not the correct symmetry, try symmetrizing the molecule before
 running the calculation (note: linear molecules should be aligned along one
 of the Cartesian axes).
 Contributions from frequencies below 20 1/cm are not included in
 the vibrational sums. Their contributions, if any, are reported separately.


     Temp                                                       Transl     Rotat    Vibrat     Total
     ----                                                       ------     -----    ------     -----

     298.15   Entropy (cal/mole-K):                             40.762    26.283     9.790    76.834
              Internal Energy (Kcal/mole):                       0.889     0.889    29.165    30.943
              Constant Volume Heat Capacity (cal/mole-K):        2.981     2.981    15.510    21.471

              Summary of energy terms
                                                   hartree              eV         kcal/mol           kJ/mol
                                      --------------------     -----------       ----------      -----------
              Bond Energy:              -1.485172912252698        -40.4136          -931.96         -3899.32
              Internal Energy:           0.049310725582131          1.3418            30.94           129.47
              pV/n = RT:                 0.000944186013486          0.0257             0.59             2.48
              Enthalpy H:               -1.434918000657082        -39.0461          -900.42         -3767.38
              -T*S:                     -0.036506505901018         -0.9934           -22.91           -95.85
              Gibbs free energy:        -1.471424506558100        -40.0395          -923.33         -3863.22
 
 
 ==================================
 Memory not completely deallocated!
 ==================================
 
 Number of unbalanced allocate calls:               1
 Maximum number of active allocate calls:        2264
 
 *******************************************************************************

                             A D F   E X I T
 NORMAL TERMINATION



 =================
 Timing Statistics
 =================
  
 Total Used :                     CPU=      282.89      System=       44.95     Elapsed=      352.76

 Calls  Section                     ( Mean, Percentage )
 ---------------------------------------------------------------------------------------------------
     4  ><      ................      0.01    0.02             0.01    0.05             0.03    0.03
     1  INIT    ................      0.42    0.15             0.01    0.03             0.45    0.13
     1  GEOMET  ................      0.04    0.01             0.01    0.02             0.08    0.02
     2  FRAGM   ................      0.02    0.01             0.02    0.07             0.04    0.02
     2  INPUTA  ................      0.00    0.00             0.00    0.00             0.00    0.00
     2  ATDEN   ................      0.01    0.00             0.00    0.00             0.01    0.00
    32  MAINSY  ................      0.03    0.32             0.00    0.33             0.08    0.70
    32  SYMFIT  ................      0.00    0.04             0.00    0.02             0.00    0.03
    32  CORORT  ................      0.00    0.04             0.00    0.00             0.01    0.05
    32  SYMORB  ................      0.00    0.04             0.00    0.04             0.00    0.04
    32  CLSMAT  ................      0.01    0.08             0.00    0.08             0.01    0.09
    32  ORTHON  ................      0.01    0.08             0.00    0.08             0.01    0.09
    32  GENPT   ................      0.07    0.81             0.00    0.08             0.08    0.71
    32  PTBAS   ................      0.08    0.95             0.01    0.44             0.09    0.86
   490  FOCKY   ................      0.28   48.21             0.05   51.24             0.35   48.54
   490  FOCKTR  ................      0.00    0.55             0.00    0.26             0.00    0.47
   490  SDIIS   ................      0.00    0.47             0.00    0.46             0.01    0.81
    32  TOTEN   ................      0.48    5.38             0.03    1.88             0.55    4.99
    32  POPAN   ................      0.00    0.04             0.00    0.06             0.01    0.07
    32  DEBYE   ................      0.00    0.05             0.00    0.08             0.01    0.06
    30  INPUTE  ................      0.00    0.01             0.00    0.01             0.00    0.01
    30  SYMORE  ................      0.00    0.02             0.00    0.01             0.00    0.01
    61  ELNRGY  ................      0.21    4.63             0.00    0.44             0.23    3.99
    31  ENGRAD  ................      0.00    0.01             0.00    0.00             0.00    0.01
     1  COREPS  ................      0.25    0.09             0.01    0.03             0.29    0.08
     1  METS    ................      0.00    0.00             0.00    0.00             0.00    0.00
     1  CETS    ................      0.02    0.01             0.00    0.01             0.02    0.00
     1  POPUL   ................      0.01    0.00             0.00    0.00             0.01    0.00
     1  ENHESS  ................    107.45   37.99            19.89   44.26           134.60   38.15
     1  EXIT PROCEDURE .........      0.02    0.01             0.01    0.02             0.04    0.01


 Currently Open Files (EXIT00)
 ====================

 Unit    Access Format  Status   Type       Ident (file)
 -------------------------------------------------------
   3      SEQ    FORM   TRANSP  NORMAL      LOGFILE
                                          ( logfile )

 ***************************************************************************************************
 (LOGFILE)
 <Jun25-2026> <11:42:28>  DIRAC 2019  RunTime: Jun25-2026 11:42:28  Nodes: 1  Procs: 1
 <Jun25-2026> <11:42:29>  NORMAL TERMINATION
 <Jun25-2026> <11:42:29>  END
 <Jun25-2026> <11:42:29>  ADF 2019  RunTime: Jun25-2026 11:42:29  Nodes: 1  Procs: 1
 <Jun25-2026> <11:42:29>  Hydrogen (TZP)
 <Jun25-2026> <11:42:29>  RunType   : CREATE
 <Jun25-2026> <11:42:29>  Net Charge: 0 (Nuclei minus Electrons)
 <Jun25-2026> <11:42:29>  Symmetry  : ATOM
  Coordinates
    Atom         X           Y           Z   (Angstrom)
    1.H         0.000000    0.000000    0.000000
 <Jun25-2026> <11:42:29>  >>>> CORORT
 <Jun25-2026> <11:42:29>  >>>> CLSMAT
 <Jun25-2026> <11:42:29>  >>>> ORTHON
 <Jun25-2026> <11:42:29>  >>>> GENPT
 <Jun25-2026> <11:42:29>  Block Length=  64
 <Jun25-2026> <11:42:29>  >>>> PTBAS
 <Jun25-2026> <11:42:29>  >>>> CYCLE
 <Jun25-2026> <11:42:29>              |Error|         MaxErr       Wt(A-DIIS)
 <Jun25-2026> <11:42:29>      1      0.00000000      0.00000000
 <Jun25-2026> <11:42:29>      2      0.03153787      0.03011049
 <Jun25-2026> <11:42:29>      3      0.00861799      0.00834303    100.0
 <Jun25-2026> <11:42:29>      4      0.00173235      0.00171862      0.7
 <Jun25-2026> <11:42:29>      5      0.00004367      0.00003977      0.0
 <Jun25-2026> <11:42:29>      6      0.00000238      0.00000216      0.0
 <Jun25-2026> <11:42:29>      7      0.00000001      0.00000001      0.0
 <Jun25-2026> <11:42:29>  SCF converged
 <Jun25-2026> <11:42:29>      8      0.00000000      0.00000000      0.0
 <Jun25-2026> <11:42:29>  >>>> POPAN
 <Jun25-2026> <11:42:29>  >>>> DEBYE
 <Jun25-2026> <11:42:29>  NORMAL TERMINATION
 <Jun25-2026> <11:42:29>  END
 <Jun25-2026> <11:42:29>  DIRAC 2019  RunTime: Jun25-2026 11:42:29  Nodes: 1  Procs: 1
 <Jun25-2026> <11:42:30>  NORMAL TERMINATION
 <Jun25-2026> <11:42:30>  END
 <Jun25-2026> <11:42:30>  ADF 2019  RunTime: Jun25-2026 11:42:30  Nodes: 1  Procs: 1
 <Jun25-2026> <11:42:30>  Arsenic (TZP, 3p frozen)
 <Jun25-2026> <11:42:30>  RunType   : CREATE
 <Jun25-2026> <11:42:30>  Net Charge: 0 (Nuclei minus Electrons)
 <Jun25-2026> <11:42:30>  Symmetry  : ATOM
  Coordinates
    Atom         X           Y           Z   (Angstrom)
    1.As        0.000000    0.000000    0.000000
 <Jun25-2026> <11:42:30>  >>>> CORORT
 <Jun25-2026> <11:42:30>  >>>> CLSMAT
 <Jun25-2026> <11:42:30>  >>>> ORTHON
 <Jun25-2026> <11:42:30>  >>>> GENPT
 <Jun25-2026> <11:42:30>  Block Length=  93
 <Jun25-2026> <11:42:30>  >>>> PTBAS
 <Jun25-2026> <11:42:30>  >>>> CYCLE
 <Jun25-2026> <11:42:30>              |Error|         MaxErr       Wt(A-DIIS)
 <Jun25-2026> <11:42:30>      1      0.00000000      0.00000000
 <Jun25-2026> <11:42:30>      2     19.19959276      5.59805355    100.0
 <Jun25-2026> <11:42:30>      3      8.67465148      2.96233489    100.0
 <Jun25-2026> <11:42:30>      4      5.58997019      1.81448243    100.0
 <Jun25-2026> <11:42:30>      5      1.70654254      0.52892684    100.0
 <Jun25-2026> <11:42:30>      6      1.85023060      0.57109694    100.0
 <Jun25-2026> <11:42:30>      7      0.06833500      0.02025963     19.5
 <Jun25-2026> <11:42:30>      8      0.01714509      0.00517576      4.2
 <Jun25-2026> <11:42:30>      9      0.00095370      0.00028613      0.0
 <Jun25-2026> <11:42:30>     10      0.00000895      0.00000295      0.0
 <Jun25-2026> <11:42:30>     11      0.00000021      0.00000010      0.0
 <Jun25-2026> <11:42:30>     12      0.00000000      0.00000000      0.0
 <Jun25-2026> <11:42:30>  SCF converged
 <Jun25-2026> <11:42:30>     13      0.00000000      0.00000000      0.0
 <Jun25-2026> <11:42:30>  >>>> POPAN
 <Jun25-2026> <11:42:31>  >>>> DEBYE
 <Jun25-2026> <11:42:31>  NORMAL TERMINATION
 <Jun25-2026> <11:42:31>  END
 <Jun25-2026> <11:42:31>  DIRAC 2019  RunTime: Jun25-2026 11:42:31  Nodes: 1  Procs: 1
 <Jun25-2026> <11:42:31>  NORMAL TERMINATION
 <Jun25-2026> <11:42:31>  END
 <Jun25-2026> <11:42:31>  ADF 2019  RunTime: Jun25-2026 11:42:31  Nodes: 1  Procs: 1
 <Jun25-2026> <11:42:31>  Oxygen (TZP, 1s frozen)
 <Jun25-2026> <11:42:31>  RunType   : CREATE
 <Jun25-2026> <11:42:31>  Net Charge: 0 (Nuclei minus Electrons)
 <Jun25-2026> <11:42:31>  Symmetry  : ATOM
  Coordinates
    Atom         X           Y           Z   (Angstrom)
    1.O         0.000000    0.000000    0.000000
 <Jun25-2026> <11:42:31>  >>>> CORORT
 <Jun25-2026> <11:42:31>  >>>> CLSMAT
 <Jun25-2026> <11:42:31>  >>>> ORTHON
 <Jun25-2026> <11:42:31>  >>>> GENPT
 <Jun25-2026> <11:42:31>  Block Length=  68
 <Jun25-2026> <11:42:31>  >>>> PTBAS
 <Jun25-2026> <11:42:31>  >>>> CYCLE
 <Jun25-2026> <11:42:31>              |Error|         MaxErr       Wt(A-DIIS)
 <Jun25-2026> <11:42:31>      1      0.00000000      0.00000000
 <Jun25-2026> <11:42:31>      2      4.56299337      2.52897111
 <Jun25-2026> <11:42:31>      3      2.72315525      1.79866705    100.0
 <Jun25-2026> <11:42:31>      4      0.28902714      0.13064862    100.0
 <Jun25-2026> <11:42:31>      5      0.41661509      0.23264367    100.0
 <Jun25-2026> <11:42:31>      6      0.01372327      0.00671904      5.8
 <Jun25-2026> <11:42:31>      7      0.00110365      0.00063404      0.0
 <Jun25-2026> <11:42:31>      8      0.00003592      0.00002026      0.0
 <Jun25-2026> <11:42:31>      9      0.00000033      0.00000018      0.0
 <Jun25-2026> <11:42:31>     10      0.00000000      0.00000000      0.0
 <Jun25-2026> <11:42:31>  SCF converged
 <Jun25-2026> <11:42:31>     11      0.00000000      0.00000000      0.0
 <Jun25-2026> <11:42:31>  >>>> POPAN
 <Jun25-2026> <11:42:31>  >>>> DEBYE
 <Jun25-2026> <11:42:31>  NORMAL TERMINATION
 <Jun25-2026> <11:42:31>  END
 <Jun25-2026> <11:42:32>  ADF 2019  RunTime: Jun25-2026 11:42:32  Nodes: 1  Procs: 24
 <Jun25-2026> <11:42:32>  *** (NO TITLE) ***
 <Jun25-2026> <11:42:32>  RunType   : GEOMETRY OPTIMIZATION
 <Jun25-2026> <11:42:33>  Net Charge: 0 (Nuclei minus Electrons)
 <Jun25-2026> <11:42:33>  Symmetry  : C(S)
 <Jun25-2026> <11:42:33>  >>>> FRAGM
  Coordinates in Geometry Cycle 1
    Atom         X           Y           Z   (Angstrom)
    1.As        3.403000   -0.268500    0.000000
    2.O         4.269000    0.231500    0.000000
    3.O         2.536900   -0.768500    0.000000
    4.O         2.903000    0.597600    0.000000
    5.O         3.903000   -1.134500    0.000000
    6.H         4.805900   -0.078500    0.000000
    7.H         2.000000   -0.458500    0.000000
    8.H         3.213000    1.134500    0.000000
 <Jun25-2026> <11:42:33>  >>>> CORORT
 <Jun25-2026> <11:42:33>  >>>> CLSMAT
 <Jun25-2026> <11:42:33>  >>>> ORTHON
 <Jun25-2026> <11:42:33>  >>>> GENPT
 <Jun25-2026> <11:42:33>  Block Length= 128
 <Jun25-2026> <11:42:33>  >>>> PTBAS
 <Jun25-2026> <11:42:33>  combining surface points...
 <Jun25-2026> <11:42:33>  combining surface points...
 <Jun25-2026> <11:42:33>  combining surface points...
 <Jun25-2026> <11:42:33>  >>>> CYCLE
 <Jun25-2026> <11:42:33>              |Error|         MaxErr       Wt(A-DIIS)
 <Jun25-2026> <11:42:33>      1      4.55139652      0.46211394
 <Jun25-2026> <11:42:34>      2      3.53905268      0.61012179    100.0
 <Jun25-2026> <11:42:34>      3      3.72052397      0.62659716    100.0
 <Jun25-2026> <11:42:35>      4      1.59842374      0.34745847    100.0
 <Jun25-2026> <11:42:35>      5      1.91527017      0.47529533    100.0
 <Jun25-2026> <11:42:35>      6      0.45764995      0.07632771     76.1
 <Jun25-2026> <11:42:36>      7      1.38276705      0.27863406    100.0
 <Jun25-2026> <11:42:36>      8      1.02499619      0.21676985    100.0
 <Jun25-2026> <11:42:36>      9      0.34030448      0.08718310     87.1
 <Jun25-2026> <11:42:37>     10      1.05140745      0.24321469    100.0
 <Jun25-2026> <11:42:37>     11      0.29924277      0.05882990     58.4
 <Jun25-2026> <11:42:37>     12      1.10775276      0.24903336    100.0
 <Jun25-2026> <11:42:38>     13      0.19420366      0.02599447     25.2
 <Jun25-2026> <11:42:38>     14      1.00061623      0.22207370    100.0
 <Jun25-2026> <11:42:38>     15      0.15382324      0.03044306     29.7
 <Jun25-2026> <11:42:39>     16      0.02609551      0.00458435      3.6
 <Jun25-2026> <11:42:39>     17      0.06148086      0.01354356    100.0
 <Jun25-2026> <11:42:39>     18      0.12122746      0.02755791    100.0
 <Jun25-2026> <11:42:40>     19      0.04850019      0.01083271    100.0
 <Jun25-2026> <11:42:40>     20      0.01784866      0.00405478      3.1
 <Jun25-2026> <11:42:40>     21      0.02171650      0.00483983    100.0
 <Jun25-2026> <11:42:41>     22      0.02379790      0.00522234    100.0
 <Jun25-2026> <11:42:41>     23      0.00308810      0.00062130      0.0
 <Jun25-2026> <11:42:41>     24      0.00116447      0.00025108      0.0
 <Jun25-2026> <11:42:42>     25      0.00014491      0.00003241      0.0
 <Jun25-2026> <11:42:42>     26      0.00003312      0.00000676      0.0
 <Jun25-2026> <11:42:42>     27      0.00011104      0.00002464      0.0
 <Jun25-2026> <11:42:42>     28      0.00009838      0.00002191      0.0
 <Jun25-2026> <11:42:43>     29      0.00001604      0.00000360      0.0
 <Jun25-2026> <11:42:43>     30      0.00000049      0.00000012      0.0
 <Jun25-2026> <11:42:43>  SCF converged
 <Jun25-2026> <11:42:43>     31      0.00000021      0.00000005      0.0
 <Jun25-2026> <11:42:43>  >>>> TOTEN
 <Jun25-2026> <11:42:44>  >>>> POPAN
 <Jun25-2026> <11:42:44>  >>>> DEBYE
 <Jun25-2026> <11:42:44>  >>>> ENGRAD
 <Jun25-2026> <11:42:44>  current energy                                6.77269878 Hartree
 <Jun25-2026> <11:42:44>  energy change                       6.77269878     0.00100000    F
 <Jun25-2026> <11:42:44>  constrained gradient max            7.84843254     0.00100000    F
 <Jun25-2026> <11:42:44>  constrained gradient rms            3.62564310     0.00066667    F
 <Jun25-2026> <11:42:44>  gradient max                        7.84843254
 <Jun25-2026> <11:42:44>  gradient rms                        3.62564310
 <Jun25-2026> <11:42:44>  cart. step max                      0.07134506     0.01000000    F
 <Jun25-2026> <11:42:44>  cart. step rms                      0.03652472     0.00666667    F
  Coordinates in Geometry Cycle 2
    Atom         X           Y           Z   (Angstrom)
    1.As        3.402742   -0.273611    0.000000
    2.O         4.316527    0.259060    0.000000
    3.O         2.476664   -0.809676    0.000000
    4.O         2.867664    0.637543    0.000000
    5.O         3.957565   -1.205845    0.000000
    6.H         4.873226   -0.080465    0.000000
    7.H         1.929915   -0.463435    0.000000
    8.H         3.209497    1.191529    0.000000
 <Jun25-2026> <11:42:44>  >>>> CORORT
 <Jun25-2026> <11:42:44>  >>>> CLSMAT
 <Jun25-2026> <11:42:44>  >>>> ORTHON
 <Jun25-2026> <11:42:44>  >>>> GENPT
 <Jun25-2026> <11:42:45>  Block Length= 128
 <Jun25-2026> <11:42:45>  >>>> PTBAS
 <Jun25-2026> <11:42:45>  combining surface points...
 <Jun25-2026> <11:42:45>  combining surface points...
 <Jun25-2026> <11:42:45>  >>>> CYCLE
 <Jun25-2026> <11:42:45>              |Error|         MaxErr       Wt(A-DIIS)
 <Jun25-2026> <11:42:45>      1      1.09074090      0.13288035
 <Jun25-2026> <11:42:46>      2      3.67009822      0.77409538    100.0
 <Jun25-2026> <11:42:46>      3      3.31480830      0.65634029    100.0
 <Jun25-2026> <11:42:46>      4      3.30378018      0.65419064    100.0
 <Jun25-2026> <11:42:47>      5      5.27086191      1.25479384    100.0
 <Jun25-2026> <11:42:47>      6      0.78055960      0.15002916    100.0
 <Jun25-2026> <11:42:47>      7      1.73333220      0.28922431    100.0
 <Jun25-2026> <11:42:48>      8      0.43356038      0.11987453    100.0
 <Jun25-2026> <11:42:48>      9      1.70139197      0.44702806    100.0
 <Jun25-2026> <11:42:48>     10      0.41629207      0.09414595     94.1
 <Jun25-2026> <11:42:49>     11      1.32207837      0.29475306    100.0
 <Jun25-2026> <11:42:49>     12      0.11520544      0.02607142     25.3
 <Jun25-2026> <11:42:49>     13      0.05926615      0.01145748     10.6
 <Jun25-2026> <11:42:50>     14      0.00743370      0.00149380      0.5
 <Jun25-2026> <11:42:50>     15      0.00134166      0.00024088      0.0
 <Jun25-2026> <11:42:50>     16      0.00018052      0.00002781      0.0
 <Jun25-2026> <11:42:51>     17      0.00012026      0.00001759      0.0
 <Jun25-2026> <11:42:51>     18      0.00007450      0.00001347      0.0
 <Jun25-2026> <11:42:51>     19      0.00002160      0.00000421      0.0
 <Jun25-2026> <11:42:52>     20      0.00000435      0.00000080      0.0
 <Jun25-2026> <11:42:52>  SCF converged
 <Jun25-2026> <11:42:52>     21      0.00000133      0.00000023      0.0
 <Jun25-2026> <11:42:52>  >>>> TOTEN
 <Jun25-2026> <11:42:52>  >>>> POPAN
 <Jun25-2026> <11:42:52>  >>>> DEBYE
 <Jun25-2026> <11:42:52>  >>>> ENGRAD
 <Jun25-2026> <11:42:53>  current energy                                4.35493334 Hartree
 <Jun25-2026> <11:42:53>  energy change                      -2.41776544     0.00100000    F
 <Jun25-2026> <11:42:53>  constrained gradient max            5.67101601     0.00100000    F
 <Jun25-2026> <11:42:53>  constrained gradient rms            2.79984946     0.00066667    F
 <Jun25-2026> <11:42:53>  gradient max                        5.67101601
 <Jun25-2026> <11:42:53>  gradient rms                        2.79984946
 <Jun25-2026> <11:42:53>  cart. step max                      0.15219289     0.01000000    F
 <Jun25-2026> <11:42:53>  cart. step rms                      0.07734881     0.00666667    F
  Coordinates in Geometry Cycle 3
    Atom         X           Y           Z   (Angstrom)
    1.As        3.402334   -0.321150    0.000000
    2.O         4.439350    0.324379    0.000000
    3.O         2.388662   -0.911816    0.000000
    4.O         2.773651    0.750085    0.000000
    5.O         4.022977   -1.332368    0.000000
    6.H         5.025419   -0.096634    0.000000
    7.H         1.786702   -0.481341    0.000000
    8.H         3.194705    1.323946    0.000000
 <Jun25-2026> <11:42:53>  >>>> CORORT
 <Jun25-2026> <11:42:53>  >>>> CLSMAT
 <Jun25-2026> <11:42:53>  >>>> ORTHON
 <Jun25-2026> <11:42:53>  >>>> GENPT
 <Jun25-2026> <11:42:53>  Block Length= 128
 <Jun25-2026> <11:42:53>  >>>> PTBAS
 <Jun25-2026> <11:42:53>  combining surface points...
 <Jun25-2026> <11:42:53>  combining surface points...
 <Jun25-2026> <11:42:53>  >>>> CYCLE
 <Jun25-2026> <11:42:54>              |Error|         MaxErr       Wt(A-DIIS)
 <Jun25-2026> <11:42:54>      1      1.78711295      0.21101862
 <Jun25-2026> <11:42:54>      2      7.03947072      1.06962762    100.0
 <Jun25-2026> <11:42:54>      3      3.67750451      0.60708789    100.0
 <Jun25-2026> <11:42:55>      4      2.48953703      0.38018566    100.0
 <Jun25-2026> <11:42:55>      5      3.72356518      0.68731278    100.0
 <Jun25-2026> <11:42:56>      6      0.34997183      0.05094297     50.4
 <Jun25-2026> <11:42:56>      7      0.26157748      0.04258015     42.0
 <Jun25-2026> <11:42:56>      8      0.12136482      0.02342471     22.7
 <Jun25-2026> <11:42:57>      9      0.03902176      0.00820244      7.3
 <Jun25-2026> <11:42:57>     10      0.00718488      0.00155926      0.6
 <Jun25-2026> <11:42:57>     11      0.00074760      0.00011441      0.0
 <Jun25-2026> <11:42:58>     12      0.00031981      0.00007202      0.0
 <Jun25-2026> <11:42:58>     13      0.00004444      0.00001000      0.0
 <Jun25-2026> <11:42:58>     14      0.00001442      0.00000223      0.0
 <Jun25-2026> <11:42:58>     15      0.00000486      0.00000077      0.0
 <Jun25-2026> <11:42:58>  SCF converged
 <Jun25-2026> <11:42:59>     16      0.00000074      0.00000013      0.0
 <Jun25-2026> <11:42:59>  >>>> TOTEN
 <Jun25-2026> <11:42:59>  >>>> POPAN
 <Jun25-2026> <11:42:59>  >>>> DEBYE
 <Jun25-2026> <11:42:59>  >>>> ENGRAD
 <Jun25-2026> <11:43:00>  current energy                                1.16607965 Hartree
 <Jun25-2026> <11:43:00>  energy change                      -3.18885369     0.00100000    F
 <Jun25-2026> <11:43:00>  constrained gradient max            3.20212613     0.00100000    F
 <Jun25-2026> <11:43:00>  constrained gradient rms            1.42421936     0.00066667    F
 <Jun25-2026> <11:43:00>  gradient max                        3.20212613
 <Jun25-2026> <11:43:00>  gradient rms                        1.42421936
 <Jun25-2026> <11:43:00>  cart. step max                      0.16968256     0.01000000    F
 <Jun25-2026> <11:43:00>  cart. step rms                      0.08409955     0.00666667    F
  Coordinates in Geometry Cycle 4
    Atom         X           Y           Z   (Angstrom)
    1.As        3.417518   -0.360452    0.000000
    2.O         4.479609    0.459217    0.000000
    3.O         2.312930   -1.081498    0.000000
    4.O         2.634933    0.770737    0.000000
    5.O         4.092092   -1.387308    0.000000
    6.H         5.176259   -0.173689    0.000000
    7.H         1.633747   -0.453492    0.000000
    8.H         3.286712    1.481585    0.000000
 <Jun25-2026> <11:43:00>  >>>> CORORT
 <Jun25-2026> <11:43:00>  >>>> CLSMAT
 <Jun25-2026> <11:43:00>  >>>> ORTHON
 <Jun25-2026> <11:43:00>  >>>> GENPT
 <Jun25-2026> <11:43:00>  Block Length= 128
 <Jun25-2026> <11:43:00>  >>>> PTBAS
 <Jun25-2026> <11:43:00>  combining surface points...
 <Jun25-2026> <11:43:00>  combining surface points...
 <Jun25-2026> <11:43:00>  combining surface points...
 <Jun25-2026> <11:43:00>  >>>> CYCLE
 <Jun25-2026> <11:43:01>              |Error|         MaxErr       Wt(A-DIIS)
 <Jun25-2026> <11:43:01>      1      0.98714316      0.11844236
 <Jun25-2026> <11:43:01>      2      1.85522303      0.34510188    100.0
 <Jun25-2026> <11:43:01>      3      1.62294582      0.27788011    100.0
 <Jun25-2026> <11:43:02>      4      1.61839950      0.27853970    100.0
 <Jun25-2026> <11:43:02>      5      2.43970739      0.52712846    100.0
 <Jun25-2026> <11:43:02>      6      0.35304072      0.05822032     57.8
 <Jun25-2026> <11:43:03>      7      0.35401915      0.05622602     55.8
 <Jun25-2026> <11:43:03>      8      0.03659522      0.00763383      6.7
 <Jun25-2026> <11:43:03>      9      0.01337460      0.00266348      1.7
 <Jun25-2026> <11:43:04>     10      0.00277171      0.00046162      0.0
 <Jun25-2026> <11:43:04>     11      0.00119875      0.00027027      0.0
 <Jun25-2026> <11:43:04>     12      0.00024082      0.00005391      0.0
 <Jun25-2026> <11:43:05>     13      0.00001870      0.00000302      0.0
 <Jun25-2026> <11:43:05>     14      0.00000258      0.00000041      0.0
 <Jun25-2026> <11:43:05>  SCF converged
 <Jun25-2026> <11:43:05>     15      0.00000032      0.00000007      0.0
 <Jun25-2026> <11:43:05>  >>>> TOTEN
 <Jun25-2026> <11:43:06>  >>>> POPAN
 <Jun25-2026> <11:43:06>  >>>> DEBYE
 <Jun25-2026> <11:43:06>  >>>> ENGRAD
 <Jun25-2026> <11:43:06>  current energy                               -0.26925047 Hartree
 <Jun25-2026> <11:43:06>  energy change                      -1.43533012     0.00100000    F
 <Jun25-2026> <11:43:06>  constrained gradient max            2.32166474     0.00100000    F
 <Jun25-2026> <11:43:06>  constrained gradient rms            0.86138633     0.00066667    F
 <Jun25-2026> <11:43:06>  gradient max                        2.32166474
 <Jun25-2026> <11:43:06>  gradient rms                        0.86138633
 <Jun25-2026> <11:43:06>  cart. step max                      0.24753563     0.01000000    F
 <Jun25-2026> <11:43:06>  cart. step rms                      0.08134277     0.00666667    F
  Coordinates in Geometry Cycle 5
    Atom         X           Y           Z   (Angstrom)
    1.As        3.374978   -0.341467    0.000000
    2.O         4.535607    0.550503    0.000000
    3.O         2.260990   -1.157544    0.000000
    4.O         2.532686    0.895582    0.000000
    5.O         4.292608   -1.634844    0.000000
    6.H         5.162043   -0.201129    0.000000
    7.H         1.600895   -0.384472    0.000000
    8.H         3.273993    1.528471    0.000000
 <Jun25-2026> <11:43:06>  >>>> CORORT
 <Jun25-2026> <11:43:06>  >>>> CLSMAT
 <Jun25-2026> <11:43:06>  >>>> ORTHON
 <Jun25-2026> <11:43:06>  >>>> GENPT
 <Jun25-2026> <11:43:06>  Block Length= 128
 <Jun25-2026> <11:43:07>  >>>> PTBAS
 <Jun25-2026> <11:43:07>  combining surface points...
 <Jun25-2026> <11:43:07>  combining surface points...
 <Jun25-2026> <11:43:07>  combining surface points...
 <Jun25-2026> <11:43:07>  >>>> CYCLE
 <Jun25-2026> <11:43:07>              |Error|         MaxErr       Wt(A-DIIS)
 <Jun25-2026> <11:43:07>      1      0.84699108      0.14226580
 <Jun25-2026> <11:43:08>      2      2.51233044      0.77240142    100.0
 <Jun25-2026> <11:43:08>      3      2.45320459      0.74256133    100.0
 <Jun25-2026> <11:43:08>      4      2.45248238      0.74219051    100.0
 <Jun25-2026> <11:43:09>      5      4.62631607      1.89717921    100.0
 <Jun25-2026> <11:43:09>      6      0.70978740      0.22115869    100.0
 <Jun25-2026> <11:43:09>      7      1.09293087      0.31103372    100.0
 <Jun25-2026> <11:43:10>      8      0.17658175      0.02899555     28.3
 <Jun25-2026> <11:43:10>      9      0.15658579      0.02725036     26.5
 <Jun25-2026> <11:43:10>     10      0.03415346      0.00566392      4.7
 <Jun25-2026> <11:43:11>     11      0.01232693      0.00245401      1.5
 <Jun25-2026> <11:43:11>     12      0.00161506      0.00035912      0.0
 <Jun25-2026> <11:43:11>     13      0.00022066      0.00004378      0.0
 <Jun25-2026> <11:43:12>     14      0.00010237      0.00002148      0.0
 <Jun25-2026> <11:43:12>     15      0.00003882      0.00000932      0.0
 <Jun25-2026> <11:43:12>     16      0.00000508      0.00000107      0.0
 <Jun25-2026> <11:43:13>     17      0.00000067      0.00000014      0.0
 <Jun25-2026> <11:43:13>  SCF converged
 <Jun25-2026> <11:43:13>     18      0.00000010      0.00000002      0.0
 <Jun25-2026> <11:43:13>  >>>> TOTEN
 <Jun25-2026> <11:43:13>  >>>> POPAN
 <Jun25-2026> <11:43:13>  >>>> DEBYE
 <Jun25-2026> <11:43:14>  >>>> ENGRAD
 <Jun25-2026> <11:43:14>  current energy                               -1.06380096 Hartree
 <Jun25-2026> <11:43:14>  energy change                      -0.79455049     0.00100000    F
 <Jun25-2026> <11:43:14>  constrained gradient max            1.04138466     0.00100000    F
 <Jun25-2026> <11:43:14>  constrained gradient rms            0.35270799     0.00066667    F
 <Jun25-2026> <11:43:14>  gradient max                        1.04138466
 <Jun25-2026> <11:43:14>  gradient rms                        0.35270799
 <Jun25-2026> <11:43:14>  cart. step max                      0.17908540     0.01000000    F
 <Jun25-2026> <11:43:14>  cart. step rms                      0.05870071     0.00666667    F
  Coordinates in Geometry Cycle 6
    Atom         X           Y           Z   (Angstrom)
    1.As        3.409567   -0.367824    0.000000
    2.O         4.670487    0.636224    0.000000
    3.O         2.081905   -1.261023    0.000000
    4.O         2.505575    0.966464    0.000000
    5.O         4.310526   -1.657504    0.000000
    6.H         5.214528   -0.177300    0.000000
    7.H         1.560920   -0.414916    0.000000
    8.H         3.280291    1.530979    0.000000
 <Jun25-2026> <11:43:14>  >>>> CORORT
 <Jun25-2026> <11:43:14>  >>>> CLSMAT
 <Jun25-2026> <11:43:14>  >>>> ORTHON
 <Jun25-2026> <11:43:14>  >>>> GENPT
 <Jun25-2026> <11:43:14>  Block Length= 128
 <Jun25-2026> <11:43:14>  >>>> PTBAS
 <Jun25-2026> <11:43:14>  combining surface points...
 <Jun25-2026> <11:43:14>  combining surface points...
 <Jun25-2026> <11:43:14>  >>>> CYCLE
 <Jun25-2026> <11:43:15>              |Error|         MaxErr       Wt(A-DIIS)
 <Jun25-2026> <11:43:15>      1      0.46177412      0.05870629
 <Jun25-2026> <11:43:15>      2      0.77734818      0.15901665    100.0
 <Jun25-2026> <11:43:16>      3      0.30532214      0.06046424    100.0
 <Jun25-2026> <11:43:16>      4      0.54296880      0.12680607    100.0
 <Jun25-2026> <11:43:16>      5      0.09218346      0.01973064     18.9
 <Jun25-2026> <11:43:17>      6      0.05088557      0.01371698     12.8
 <Jun25-2026> <11:43:17>      7      0.02290352      0.00564358      4.7
 <Jun25-2026> <11:43:17>      8      0.00371713      0.00077704      0.0
 <Jun25-2026> <11:43:18>      9      0.00221834      0.00049930      0.0
 <Jun25-2026> <11:43:18>     10      0.00042454      0.00007146      0.0
 <Jun25-2026> <11:43:18>     11      0.00006932      0.00001348      0.0
 <Jun25-2026> <11:43:19>     12      0.00001198      0.00000263      0.0
 <Jun25-2026> <11:43:19>     13      0.00000108      0.00000024      0.0
 <Jun25-2026> <11:43:19>  SCF converged
 <Jun25-2026> <11:43:19>     14      0.00000029      0.00000005      0.0
 <Jun25-2026> <11:43:19>  >>>> TOTEN
 <Jun25-2026> <11:43:20>  >>>> POPAN
 <Jun25-2026> <11:43:20>  >>>> DEBYE
 <Jun25-2026> <11:43:20>  >>>> ENGRAD
 <Jun25-2026> <11:43:20>  current energy                               -1.34546721 Hartree
 <Jun25-2026> <11:43:20>  energy change                      -0.28166625     0.00100000    F
 <Jun25-2026> <11:43:20>  constrained gradient max            0.27428059     0.00100000    F
 <Jun25-2026> <11:43:20>  constrained gradient rms            0.12020569     0.00066667    F
 <Jun25-2026> <11:43:20>  gradient max                        0.27428059
 <Jun25-2026> <11:43:20>  gradient rms                        0.12020569
 <Jun25-2026> <11:43:20>  cart. step max                      0.07706692     0.01000000    F
 <Jun25-2026> <11:43:20>  cart. step rms                      0.03197720     0.00666667    F
  Coordinates in Geometry Cycle 7
    Atom         X           Y           Z   (Angstrom)
    1.As        3.415287   -0.395658    0.000000
    2.O         4.740456    0.674329    0.000000
    3.O         2.004838   -1.289777    0.000000
    4.O         2.475033    1.017256    0.000000
    5.O         4.345285   -1.691958    0.000000
    6.H         5.258404   -0.174199    0.000000
    7.H         1.519163   -0.437849    0.000000
    8.H         3.275332    1.552956    0.000000
 <Jun25-2026> <11:43:20>  >>>> CORORT
 <Jun25-2026> <11:43:20>  >>>> CLSMAT
 <Jun25-2026> <11:43:20>  >>>> ORTHON
 <Jun25-2026> <11:43:20>  >>>> GENPT
 <Jun25-2026> <11:43:20>  Block Length= 128
 <Jun25-2026> <11:43:20>  >>>> PTBAS
 <Jun25-2026> <11:43:21>  combining surface points...
 <Jun25-2026> <11:43:21>  combining surface points...
 <Jun25-2026> <11:43:21>  >>>> CYCLE
 <Jun25-2026> <11:43:21>              |Error|         MaxErr       Wt(A-DIIS)
 <Jun25-2026> <11:43:21>      1      0.20537065      0.03930807
 <Jun25-2026> <11:43:21>      2      0.49739338      0.14150547    100.0
 <Jun25-2026> <11:43:22>      3      0.16051846      0.02554455    100.0
 <Jun25-2026> <11:43:22>      4      0.30459284      0.06544142    100.0
 <Jun25-2026> <11:43:22>      5      0.06410368      0.01182475     10.9
 <Jun25-2026> <11:43:23>      6      0.04470926      0.01238027     10.9
 <Jun25-2026> <11:43:23>      7      0.01425242      0.00390641      2.9
 <Jun25-2026> <11:43:24>      8      0.00209155      0.00041734      0.0
 <Jun25-2026> <11:43:24>      9      0.00182225      0.00040983      0.0
 <Jun25-2026> <11:43:24>     10      0.00012811      0.00002381      0.0
 <Jun25-2026> <11:43:24>     11      0.00003773      0.00000975      0.0
 <Jun25-2026> <11:43:25>     12      0.00001085      0.00000208      0.0
 <Jun25-2026> <11:43:25>     13      0.00000172      0.00000047      0.0
 <Jun25-2026> <11:43:25>  SCF converged
 <Jun25-2026> <11:43:25>     14      0.00000036      0.00000007      0.0
 <Jun25-2026> <11:43:26>  >>>> TOTEN
 <Jun25-2026> <11:43:26>  >>>> POPAN
 <Jun25-2026> <11:43:26>  >>>> DEBYE
 <Jun25-2026> <11:43:26>  >>>> ENGRAD
 <Jun25-2026> <11:43:26>  current energy                               -1.41188488 Hartree
 <Jun25-2026> <11:43:26>  energy change                      -0.06641767     0.00100000    F
 <Jun25-2026> <11:43:26>  constrained gradient max            0.13413070     0.00100000    F
 <Jun25-2026> <11:43:26>  constrained gradient rms            0.06341503     0.00066667    F
 <Jun25-2026> <11:43:26>  gradient max                        0.13413070
 <Jun25-2026> <11:43:26>  gradient rms                        0.06341503
 <Jun25-2026> <11:43:26>  cart. step max                      0.08456823     0.01000000    F
 <Jun25-2026> <11:43:26>  cart. step rms                      0.03737929     0.00666667    F
  Coordinates in Geometry Cycle 8
    Atom         X           Y           Z   (Angstrom)
    1.As        3.419868   -0.423550    0.000000
    2.O         4.818133    0.702995    0.000000
    3.O         1.920270   -1.316897    0.000000
    4.O         2.444515    1.068679    0.000000
    5.O         4.390769   -1.737043    0.000000
    6.H         5.318962   -0.160918    0.000000
    7.H         1.452918   -0.466197    0.000000
    8.H         3.268367    1.588031    0.000000
 <Jun25-2026> <11:43:26>  >>>> CORORT
 <Jun25-2026> <11:43:27>  >>>> CLSMAT
 <Jun25-2026> <11:43:27>  >>>> ORTHON
 <Jun25-2026> <11:43:27>  >>>> GENPT
 <Jun25-2026> <11:43:27>  Block Length= 128
 <Jun25-2026> <11:43:27>  >>>> PTBAS
 <Jun25-2026> <11:43:27>  combining surface points...
 <Jun25-2026> <11:43:27>  combining surface points...
 <Jun25-2026> <11:43:27>  >>>> CYCLE
 <Jun25-2026> <11:43:27>              |Error|         MaxErr       Wt(A-DIIS)
 <Jun25-2026> <11:43:27>      1      0.19098972      0.04035132
 <Jun25-2026> <11:43:28>      2      0.52548899      0.15724996    100.0
 <Jun25-2026> <11:43:28>      3      0.16821894      0.02620318    100.0
 <Jun25-2026> <11:43:28>      4      0.38579570      0.07507254    100.0
 <Jun25-2026> <11:43:29>      5      0.08392252      0.01673190     15.9
 <Jun25-2026> <11:43:29>      6      0.05806181      0.01713779     15.9
 <Jun25-2026> <11:43:29>      7      0.02217383      0.00621867      5.3
 <Jun25-2026> <11:43:30>      8      0.00340436      0.00080837      0.0
 <Jun25-2026> <11:43:30>      9      0.00252344      0.00056612      0.0
 <Jun25-2026> <11:43:30>     10      0.00036655      0.00008104      0.0
 <Jun25-2026> <11:43:31>     11      0.00008013      0.00002066      0.0
 <Jun25-2026> <11:43:31>     12      0.00001874      0.00000547      0.0
 <Jun25-2026> <11:43:31>     13      0.00000149      0.00000034      0.0
 <Jun25-2026> <11:43:31>  SCF converged
 <Jun25-2026> <11:43:32>     14      0.00000039      0.00000006      0.0
 <Jun25-2026> <11:43:32>  >>>> TOTEN
 <Jun25-2026> <11:43:32>  >>>> POPAN
 <Jun25-2026> <11:43:32>  >>>> DEBYE
 <Jun25-2026> <11:43:32>  >>>> ENGRAD
 <Jun25-2026> <11:43:33>  current energy                               -1.44894738 Hartree
 <Jun25-2026> <11:43:33>  energy change                      -0.03706250     0.00100000    F
 <Jun25-2026> <11:43:33>  constrained gradient max            0.07796106     0.00100000    F
 <Jun25-2026> <11:43:33>  constrained gradient rms            0.02952956     0.00066667    F
 <Jun25-2026> <11:43:33>  gradient max                        0.07796106
 <Jun25-2026> <11:43:33>  gradient rms                        0.02952956
 <Jun25-2026> <11:43:33>  cart. step max                      0.05907561     0.01000000    F
 <Jun25-2026> <11:43:33>  cart. step rms                      0.02658870     0.00666667    F
  Coordinates in Geometry Cycle 9
    Atom         X           Y           Z   (Angstrom)
    1.As        3.422139   -0.442298    0.000000
    2.O         4.869557    0.712847    0.000000
    3.O         1.867460   -1.332663    0.000000
    4.O         2.428630    1.098114    0.000000
    5.O         4.422335   -1.768693    0.000000
    6.H         5.370861   -0.145981    0.000000
    7.H         1.393842   -0.484191    0.000000
    8.H         3.258977    1.617965    0.000000
 <Jun25-2026> <11:43:33>  >>>> CORORT
 <Jun25-2026> <11:43:33>  >>>> CLSMAT
 <Jun25-2026> <11:43:33>  >>>> ORTHON
 <Jun25-2026> <11:43:33>  >>>> GENPT
 <Jun25-2026> <11:43:33>  Block Length= 128
 <Jun25-2026> <11:43:33>  >>>> PTBAS
 <Jun25-2026> <11:43:33>  combining surface points...
 <Jun25-2026> <11:43:33>  combining surface points...
 <Jun25-2026> <11:43:33>  >>>> CYCLE
 <Jun25-2026> <11:43:34>              |Error|         MaxErr       Wt(A-DIIS)
 <Jun25-2026> <11:43:34>      1      0.13032965      0.03436201
 <Jun25-2026> <11:43:34>      2      0.43667446      0.13642320    100.0
 <Jun25-2026> <11:43:34>      3      0.30545973      0.09367761    100.0
 <Jun25-2026> <11:43:35>      4      0.29277761      0.09044769     90.4
 <Jun25-2026> <11:43:35>      5      0.82060981      0.25508686    100.0
 <Jun25-2026> <11:43:35>      6      0.19520041      0.04661674     46.1
 <Jun25-2026> <11:43:36>      7      0.07748825      0.01978059     19.0
 <Jun25-2026> <11:43:36>      8      0.04783829      0.01307058     12.2
 <Jun25-2026> <11:43:37>      9      0.01601599      0.00469973      3.7
 <Jun25-2026> <11:43:37>     10      0.00247042      0.00061623      0.0
 <Jun25-2026> <11:43:37>     11      0.00085327      0.00018657      0.0
 <Jun25-2026> <11:43:38>     12      0.00012915      0.00002539      0.0
 <Jun25-2026> <11:43:38>     13      0.00001705      0.00000316      0.0
 <Jun25-2026> <11:43:38>     14      0.00001283      0.00000346      0.0
 <Jun25-2026> <11:43:38>     15      0.00000110      0.00000030      0.0
 <Jun25-2026> <11:43:39>  SCF converged
 <Jun25-2026> <11:43:39>     16      0.00000014      0.00000003      0.0
 <Jun25-2026> <11:43:39>  >>>> TOTEN
 <Jun25-2026> <11:43:39>  >>>> POPAN
 <Jun25-2026> <11:43:39>  >>>> DEBYE
 <Jun25-2026> <11:43:39>  >>>> ENGRAD
 <Jun25-2026> <11:43:40>  current energy                               -1.46048552 Hartree
 <Jun25-2026> <11:43:40>  energy change                      -0.01153815     0.00100000    F
 <Jun25-2026> <11:43:40>  constrained gradient max            0.06343777     0.00100000    F
 <Jun25-2026> <11:43:40>  constrained gradient rms            0.02225571     0.00066667    F
 <Jun25-2026> <11:43:40>  gradient max                        0.06343777
 <Jun25-2026> <11:43:40>  gradient rms                        0.02225571
 <Jun25-2026> <11:43:40>  cart. step max                      0.05329636     0.01000000    F
 <Jun25-2026> <11:43:40>  cart. step rms                      0.02045846     0.00666667    F
  Coordinates in Geometry Cycle 10
    Atom         X           Y           Z   (Angstrom)
    1.As        3.423757   -0.455406    0.000000
    2.O         4.904168    0.713426    0.000000
    3.O         1.834305   -1.340659    0.000000
    4.O         2.421995    1.113680    0.000000
    5.O         4.442820   -1.790303    0.000000
    6.H         5.418322   -0.132893    0.000000
    7.H         1.340546   -0.498165    0.000000
    8.H         3.247888    1.645420    0.000000
 <Jun25-2026> <11:43:40>  >>>> CORORT
 <Jun25-2026> <11:43:40>  >>>> CLSMAT
 <Jun25-2026> <11:43:40>  >>>> ORTHON
 <Jun25-2026> <11:43:40>  >>>> GENPT
 <Jun25-2026> <11:43:40>  Block Length= 128
 <Jun25-2026> <11:43:40>  >>>> PTBAS
 <Jun25-2026> <11:43:40>  combining surface points...
 <Jun25-2026> <11:43:40>  combining surface points...
 <Jun25-2026> <11:43:40>  >>>> CYCLE
 <Jun25-2026> <11:43:41>              |Error|         MaxErr       Wt(A-DIIS)
 <Jun25-2026> <11:43:41>      1      0.10320666      0.03072817
 <Jun25-2026> <11:43:41>      2      0.38485518      0.12337479    100.0
 <Jun25-2026> <11:43:41>      3      0.12933416      0.03243521    100.0
 <Jun25-2026> <11:43:42>      4      0.10213282      0.02826397     27.5
 <Jun25-2026> <11:43:42>      5      0.19011737      0.04687466    100.0
 <Jun25-2026> <11:43:43>      6      0.04703931      0.01404187     13.2
 <Jun25-2026> <11:43:43>      7      0.02774980      0.00812691      7.2
 <Jun25-2026> <11:43:43>      8      0.00624056      0.00141737      0.4
 <Jun25-2026> <11:43:44>      9      0.00294960      0.00062545      0.0
 <Jun25-2026> <11:43:44>     10      0.00064310      0.00016811      0.0
 <Jun25-2026> <11:43:44>     11      0.00011887      0.00002595      0.0
 <Jun25-2026> <11:43:45>     12      0.00003120      0.00000914      0.0
 <Jun25-2026> <11:43:45>     13      0.00000326      0.00000070      0.0
 <Jun25-2026> <11:43:45>  SCF converged
 <Jun25-2026> <11:43:45>     14      0.00000063      0.00000013      0.0
 <Jun25-2026> <11:43:45>  >>>> TOTEN
 <Jun25-2026> <11:43:46>  >>>> POPAN
 <Jun25-2026> <11:43:46>  >>>> DEBYE
 <Jun25-2026> <11:43:46>  >>>> ENGRAD
 <Jun25-2026> <11:43:46>  current energy                               -1.46542658 Hartree
 <Jun25-2026> <11:43:46>  energy change                      -0.00494106     0.00100000    F
 <Jun25-2026> <11:43:46>  constrained gradient max            0.04803704     0.00100000    F
 <Jun25-2026> <11:43:46>  constrained gradient rms            0.02207807     0.00066667    F
 <Jun25-2026> <11:43:46>  gradient max                        0.04803704
 <Jun25-2026> <11:43:46>  gradient rms                        0.02207807
 <Jun25-2026> <11:43:46>  cart. step max                      0.08766137     0.01000000    F
 <Jun25-2026> <11:43:46>  cart. step rms                      0.03054394     0.00666667    F
  Coordinates in Geometry Cycle 11
    Atom         X           Y           Z   (Angstrom)
    1.As        3.426518   -0.470616    0.000000
    2.O         4.944887    0.704609    0.000000
    3.O         1.799357   -1.344348    0.000000
    4.O         2.421583    1.124578    0.000000
    5.O         4.463418   -1.816539    0.000000
    6.H         5.498921   -0.114118    0.000000
    7.H         1.252884   -0.522441    0.000000
    8.H         3.226232    1.693975    0.000000
 <Jun25-2026> <11:43:46>  >>>> CORORT
 <Jun25-2026> <11:43:46>  >>>> CLSMAT
 <Jun25-2026> <11:43:46>  >>>> ORTHON
 <Jun25-2026> <11:43:46>  >>>> GENPT
 <Jun25-2026> <11:43:46>  Block Length= 128
 <Jun25-2026> <11:43:46>  >>>> PTBAS
 <Jun25-2026> <11:43:46>  combining surface points...
 <Jun25-2026> <11:43:46>  combining surface points...
 <Jun25-2026> <11:43:46>  combining surface points...
 <Jun25-2026> <11:43:46>  >>>> CYCLE
 <Jun25-2026> <11:43:47>              |Error|         MaxErr       Wt(A-DIIS)
 <Jun25-2026> <11:43:47>      1      0.10720524      0.03037368
 <Jun25-2026> <11:43:47>      2      0.38782060      0.12741839    100.0
 <Jun25-2026> <11:43:48>      3      0.19771171      0.06095873    100.0
 <Jun25-2026> <11:43:48>      4      0.42020859      0.09337275    100.0
 <Jun25-2026> <11:43:49>      5      0.13363931      0.03881395     38.2
 <Jun25-2026> <11:43:49>      6      0.10737242      0.02712869     26.4
 <Jun25-2026> <11:43:49>      7      0.04682118      0.00914765      8.2
 <Jun25-2026> <11:43:50>      8      0.00975290      0.00238640      1.4
 <Jun25-2026> <11:43:50>      9      0.00299257      0.00068484      0.0
 <Jun25-2026> <11:43:50>     10      0.00082468      0.00018742      0.0
 <Jun25-2026> <11:43:51>     11      0.00009182      0.00001989      0.0
 <Jun25-2026> <11:43:51>     12      0.00001711      0.00000466      0.0
 <Jun25-2026> <11:43:51>     13      0.00000279      0.00000065      0.0
 <Jun25-2026> <11:43:51>  SCF converged
 <Jun25-2026> <11:43:52>     14      0.00000077      0.00000025      0.0
 <Jun25-2026> <11:43:52>  >>>> TOTEN
 <Jun25-2026> <11:43:52>  >>>> POPAN
 <Jun25-2026> <11:43:52>  >>>> DEBYE
 <Jun25-2026> <11:43:52>  >>>> ENGRAD
 <Jun25-2026> <11:43:53>  current energy                               -1.47029548 Hartree
 <Jun25-2026> <11:43:53>  energy change                      -0.00486890     0.00100000    F
 <Jun25-2026> <11:43:53>  constrained gradient max            0.04120701     0.00100000    F
 <Jun25-2026> <11:43:53>  constrained gradient rms            0.02294830     0.00066667    F
 <Jun25-2026> <11:43:53>  gradient max                        0.04120701
 <Jun25-2026> <11:43:53>  gradient rms                        0.02294830
 <Jun25-2026> <11:43:53>  cart. step max                      0.07270982     0.01000000    F
 <Jun25-2026> <11:43:53>  cart. step rms                      0.02506167     0.00666667    F
  Coordinates in Geometry Cycle 12
    Atom         X           Y           Z   (Angstrom)
    1.As        3.429749   -0.474734    0.000000
    2.O         4.960143    0.684857    0.000000
    3.O         1.792267   -1.334641    0.000000
    4.O         2.435264    1.116368    0.000000
    5.O         4.461808   -1.827439    0.000000
    6.H         5.570250   -0.100039    0.000000
    7.H         1.180174   -0.549302    0.000000
    8.H         3.204145    1.740031    0.000000
 <Jun25-2026> <11:43:53>  >>>> CORORT
 <Jun25-2026> <11:43:53>  >>>> CLSMAT
 <Jun25-2026> <11:43:53>  >>>> ORTHON
 <Jun25-2026> <11:43:53>  >>>> GENPT
 <Jun25-2026> <11:43:53>  Block Length= 128
 <Jun25-2026> <11:43:53>  >>>> PTBAS
 <Jun25-2026> <11:43:53>  combining surface points...
 <Jun25-2026> <11:43:53>  combining surface points...
 <Jun25-2026> <11:43:53>  combining surface points...
 <Jun25-2026> <11:43:53>  >>>> CYCLE
 <Jun25-2026> <11:43:53>              |Error|         MaxErr       Wt(A-DIIS)
 <Jun25-2026> <11:43:53>      1      0.09682172      0.02531599
 <Jun25-2026> <11:43:54>      2      0.31483035      0.10384127    100.0
 <Jun25-2026> <11:43:54>      3      0.34796308      0.11026426    100.0
 <Jun25-2026> <11:43:55>      4      0.24286082      0.04821015     47.7
 <Jun25-2026> <11:43:55>      5      0.16349415      0.03229730     31.6
 <Jun25-2026> <11:43:55>      6      0.07589557      0.02138217     20.6
 <Jun25-2026> <11:43:56>      7      0.03638048      0.00792654      7.0
 <Jun25-2026> <11:43:56>      8      0.00411618      0.00105339      0.1
 <Jun25-2026> <11:43:56>      9      0.00173748      0.00039683      0.0
 <Jun25-2026> <11:43:57>     10      0.00072177      0.00016886      0.0
 <Jun25-2026> <11:43:57>     11      0.00008096      0.00001590      0.0
 <Jun25-2026> <11:43:57>     12      0.00001828      0.00000453      0.0
 <Jun25-2026> <11:43:58>     13      0.00000196      0.00000040      0.0
 <Jun25-2026> <11:43:58>  SCF converged
 <Jun25-2026> <11:43:58>     14      0.00000069      0.00000015      0.0
 <Jun25-2026> <11:43:58>  >>>> TOTEN
 <Jun25-2026> <11:43:58>  >>>> POPAN
 <Jun25-2026> <11:43:58>  >>>> DEBYE
 <Jun25-2026> <11:43:59>  >>>> ENGRAD
 <Jun25-2026> <11:43:59>  current energy                               -1.47529824 Hartree
 <Jun25-2026> <11:43:59>  energy change                      -0.00500275     0.00100000    F
 <Jun25-2026> <11:43:59>  constrained gradient max            0.04126345     0.00100000    F
 <Jun25-2026> <11:43:59>  constrained gradient rms            0.02031880     0.00066667    F
 <Jun25-2026> <11:43:59>  gradient max                        0.04126345
 <Jun25-2026> <11:43:59>  gradient rms                        0.02031880
 <Jun25-2026> <11:43:59>  cart. step max                      0.07165985     0.01000000    F
 <Jun25-2026> <11:43:59>  cart. step rms                      0.02907682     0.00666667    F
  Coordinates in Geometry Cycle 13
    Atom         X           Y           Z   (Angstrom)
    1.As        3.435304   -0.466575    0.000000
    2.O         4.951131    0.647528    0.000000
    3.O         1.812981   -1.307290    0.000000
    4.O         2.470050    1.086926    0.000000
    5.O         4.430589   -1.824624    0.000000
    6.H         5.641910   -0.083767    0.000000
    7.H         1.114943   -0.587995    0.000000
    8.H         3.176891    1.790897    0.000000
 <Jun25-2026> <11:43:59>  >>>> CORORT
 <Jun25-2026> <11:43:59>  >>>> CLSMAT
 <Jun25-2026> <11:43:59>  >>>> ORTHON
 <Jun25-2026> <11:43:59>  >>>> GENPT
 <Jun25-2026> <11:43:59>  Block Length= 128
 <Jun25-2026> <11:43:59>  >>>> PTBAS
 <Jun25-2026> <11:43:59>  combining surface points...
 <Jun25-2026> <11:43:59>  combining surface points...
 <Jun25-2026> <11:43:59>  combining surface points...
 <Jun25-2026> <11:43:59>  >>>> CYCLE
 <Jun25-2026> <11:44:00>              |Error|         MaxErr       Wt(A-DIIS)
 <Jun25-2026> <11:44:00>      1      0.12408663      0.01996528
 <Jun25-2026> <11:44:00>      2      0.25043100      0.07652082    100.0
 <Jun25-2026> <11:44:01>      3      0.64892527      0.20432269    100.0
 <Jun25-2026> <11:44:01>      4      0.14337544      0.03593339     35.3
 <Jun25-2026> <11:44:01>      5      0.15338077      0.03209778     31.4
 <Jun25-2026> <11:44:02>      6      0.08162517      0.02127270     20.5
 <Jun25-2026> <11:44:02>      7      0.01829872      0.00476805      3.8
 <Jun25-2026> <11:44:02>      8      0.00515641      0.00145515      0.5
 <Jun25-2026> <11:44:03>      9      0.00252352      0.00058450      0.0
 <Jun25-2026> <11:44:03>     10      0.00038404      0.00005830      0.0
 <Jun25-2026> <11:44:03>     11      0.00010231      0.00002355      0.0
 <Jun25-2026> <11:44:04>     12      0.00001365      0.00000308      0.0
 <Jun25-2026> <11:44:04>     13      0.00000195      0.00000048      0.0
 <Jun25-2026> <11:44:04>  SCF converged
 <Jun25-2026> <11:44:04>     14      0.00000043      0.00000007      0.0
 <Jun25-2026> <11:44:05>  >>>> TOTEN
 <Jun25-2026> <11:44:05>  >>>> POPAN
 <Jun25-2026> <11:44:05>  >>>> DEBYE
 <Jun25-2026> <11:44:05>  >>>> ENGRAD
 <Jun25-2026> <11:44:05>  current energy                               -1.48123530 Hartree
 <Jun25-2026> <11:44:05>  energy change                      -0.00593707     0.00100000    F
 <Jun25-2026> <11:44:05>  constrained gradient max            0.03077468     0.00100000    F
 <Jun25-2026> <11:44:05>  constrained gradient rms            0.01479951     0.00066667    F
 <Jun25-2026> <11:44:05>  gradient max                        0.03077468
 <Jun25-2026> <11:44:05>  gradient rms                        0.01479951
 <Jun25-2026> <11:44:05>  cart. step max                      0.02567238     0.01000000    F
 <Jun25-2026> <11:44:05>  cart. step rms                      0.01039450     0.00666667    F
  Coordinates in Geometry Cycle 14
    Atom         X           Y           Z   (Angstrom)
    1.As        3.438996   -0.458943    0.000000
    2.O         4.936201    0.632269    0.000000
    3.O         1.830818   -1.293549    0.000000
    4.O         2.488700    1.072420    0.000000
    5.O         4.404917   -1.818528    0.000000
    6.H         5.644993   -0.075425    0.000000
    7.H         1.118417   -0.599879    0.000000
    8.H         3.170758    1.796735    0.000000
 <Jun25-2026> <11:44:06>  >>>> CORORT
 <Jun25-2026> <11:44:06>  >>>> CLSMAT
 <Jun25-2026> <11:44:06>  >>>> ORTHON
 <Jun25-2026> <11:44:06>  >>>> GENPT
 <Jun25-2026> <11:44:06>  Block Length= 128
 <Jun25-2026> <11:44:06>  >>>> PTBAS
 <Jun25-2026> <11:44:06>  combining surface points...
 <Jun25-2026> <11:44:06>  combining surface points...
 <Jun25-2026> <11:44:06>  combining surface points...
 <Jun25-2026> <11:44:06>  >>>> CYCLE
 <Jun25-2026> <11:44:06>              |Error|         MaxErr       Wt(A-DIIS)
 <Jun25-2026> <11:44:06>      1      0.08793512      0.02167759
 <Jun25-2026> <11:44:07>      2      0.26745484      0.08368091    100.0
 <Jun25-2026> <11:44:07>      3      0.09645505      0.02884616    100.0
 <Jun25-2026> <11:44:07>      4      0.07558010      0.02438115     23.6
 <Jun25-2026> <11:44:08>      5      0.12598454      0.03451508    100.0
 <Jun25-2026> <11:44:08>      6      0.12376171      0.02199094    100.0
 <Jun25-2026> <11:44:09>      7      0.09616531      0.02104779    100.0
 <Jun25-2026> <11:44:09>      8      0.02188900      0.00544726      4.5
 <Jun25-2026> <11:44:09>      9      0.00400701      0.00095695      0.0
 <Jun25-2026> <11:44:10>     10      0.00093681      0.00023057      0.0
 <Jun25-2026> <11:44:10>     11      0.00017172      0.00003087      0.0
 <Jun25-2026> <11:44:10>     12      0.00004137      0.00001108      0.0
 <Jun25-2026> <11:44:10>     13      0.00001269      0.00000281      0.0
 <Jun25-2026> <11:44:11>     14      0.00000121      0.00000029      0.0
 <Jun25-2026> <11:44:11>  SCF converged
 <Jun25-2026> <11:44:11>     15      0.00000041      0.00000008      0.0
 <Jun25-2026> <11:44:11>  >>>> TOTEN
 <Jun25-2026> <11:44:12>  >>>> POPAN
 <Jun25-2026> <11:44:12>  >>>> DEBYE
 <Jun25-2026> <11:44:12>  >>>> ENGRAD
 <Jun25-2026> <11:44:12>  current energy                               -1.48285210 Hartree
 <Jun25-2026> <11:44:12>  energy change                      -0.00161680     0.00100000    F
 <Jun25-2026> <11:44:12>  constrained gradient max            0.02136725     0.00100000    F
 <Jun25-2026> <11:44:12>  constrained gradient rms            0.01080257     0.00066667    F
 <Jun25-2026> <11:44:12>  gradient max                        0.02136725
 <Jun25-2026> <11:44:12>  gradient rms                        0.01080257
 <Jun25-2026> <11:44:12>  cart. step max                      0.01405486     0.01000000    F
 <Jun25-2026> <11:44:12>  cart. step rms                      0.00514830     0.00666667    T
  Coordinates in Geometry Cycle 15
    Atom         X           Y           Z   (Angstrom)
    1.As        3.442370   -0.456806    0.000000
    2.O         4.931448    0.628046    0.000000
    3.O         1.836325   -1.289806    0.000000
    4.O         2.496198    1.070913    0.000000
    5.O         4.390862   -1.821157    0.000000
    6.H         5.637476   -0.067437    0.000000
    7.H         1.129972   -0.603299    0.000000
    8.H         3.169149    1.794647    0.000000
 <Jun25-2026> <11:44:12>  >>>> CORORT
 <Jun25-2026> <11:44:12>  >>>> CLSMAT
 <Jun25-2026> <11:44:12>  >>>> ORTHON
 <Jun25-2026> <11:44:12>  >>>> GENPT
 <Jun25-2026> <11:44:12>  Block Length= 128
 <Jun25-2026> <11:44:12>  >>>> PTBAS
 <Jun25-2026> <11:44:12>  combining surface points...
 <Jun25-2026> <11:44:12>  combining surface points...
 <Jun25-2026> <11:44:12>  combining surface points...
 <Jun25-2026> <11:44:12>  >>>> CYCLE
 <Jun25-2026> <11:44:13>              |Error|         MaxErr       Wt(A-DIIS)
 <Jun25-2026> <11:44:13>      1      0.08516631      0.02481105
 <Jun25-2026> <11:44:13>      2      0.30546962      0.09748981    100.0
 <Jun25-2026> <11:44:14>      3      0.29753430      0.09503546    100.0
 <Jun25-2026> <11:44:14>      4      0.29752352      0.09502910     95.0
 <Jun25-2026> <11:44:14>      5      1.00362084      0.32018169    100.0
 <Jun25-2026> <11:44:15>      6      0.29082568      0.09104432     91.0
 <Jun25-2026> <11:44:15>      7      0.10168226      0.02426917     23.5
 <Jun25-2026> <11:44:15>      8      0.05427495      0.01279811     11.9
 <Jun25-2026> <11:44:16>      9      0.01715747      0.00503458      4.1
 <Jun25-2026> <11:44:16>     10      0.00409309      0.00119780      0.2
 <Jun25-2026> <11:44:17>     11      0.00156247      0.00031984      0.0
 <Jun25-2026> <11:44:17>     12      0.00046374      0.00011135      0.0
 <Jun25-2026> <11:44:17>     13      0.00027523      0.00006684      0.0
 <Jun25-2026> <11:44:17>     14      0.00002030      0.00000446      0.0
 <Jun25-2026> <11:44:18>     15      0.00000366      0.00000088      0.0
 <Jun25-2026> <11:44:18>  SCF converged
 <Jun25-2026> <11:44:18>     16      0.00000051      0.00000008      0.0
 <Jun25-2026> <11:44:18>  >>>> TOTEN
 <Jun25-2026> <11:44:19>  >>>> POPAN
 <Jun25-2026> <11:44:19>  >>>> DEBYE
 <Jun25-2026> <11:44:19>  >>>> ENGRAD
 <Jun25-2026> <11:44:19>  current energy                               -1.48349982 Hartree
 <Jun25-2026> <11:44:19>  energy change                      -0.00064772     0.00100000    T
 <Jun25-2026> <11:44:19>  constrained gradient max            0.02220061     0.00100000    F
 <Jun25-2026> <11:44:19>  constrained gradient rms            0.00693619     0.00066667    F
 <Jun25-2026> <11:44:19>  gradient max                        0.02220061
 <Jun25-2026> <11:44:19>  gradient rms                        0.00693619
 <Jun25-2026> <11:44:19>  cart. step max                      0.01160466     0.01000000    F
 <Jun25-2026> <11:44:19>  cart. step rms                      0.00445879     0.00666667    T
  Coordinates in Geometry Cycle 16
    Atom         X           Y           Z   (Angstrom)
    1.As        3.446777   -0.456958    0.000000
    2.O         4.932350    0.625519    0.000000
    3.O         1.837401   -1.289188    0.000000
    4.O         2.501373    1.073896    0.000000
    5.O         4.379258   -1.831622    0.000000
    6.H         5.637842   -0.057182    0.000000
    7.H         1.133855   -0.607578    0.000000
    8.H         3.164944    1.798212    0.000000
 <Jun25-2026> <11:44:19>  >>>> CORORT
 <Jun25-2026> <11:44:19>  >>>> CLSMAT
 <Jun25-2026> <11:44:19>  >>>> ORTHON
 <Jun25-2026> <11:44:19>  >>>> GENPT
 <Jun25-2026> <11:44:19>  Block Length= 128
 <Jun25-2026> <11:44:19>  >>>> PTBAS
 <Jun25-2026> <11:44:19>  combining surface points...
 <Jun25-2026> <11:44:19>  combining surface points...
 <Jun25-2026> <11:44:19>  combining surface points...
 <Jun25-2026> <11:44:19>  >>>> CYCLE
 <Jun25-2026> <11:44:20>              |Error|         MaxErr       Wt(A-DIIS)
 <Jun25-2026> <11:44:20>      1      0.08729985      0.02623113
 <Jun25-2026> <11:44:20>      2      0.32545506      0.10437174    100.0
 <Jun25-2026> <11:44:21>      3      0.24863005      0.08044146    100.0
 <Jun25-2026> <11:44:21>      4      0.24318191      0.07869648     78.5
 <Jun25-2026> <11:44:21>      5      0.71972961      0.23040773    100.0
 <Jun25-2026> <11:44:22>      6      0.16621371      0.04916284     48.6
 <Jun25-2026> <11:44:22>      7      0.07426452      0.01553267     14.7
 <Jun25-2026> <11:44:23>      8      0.02824957      0.00760256      6.7
 <Jun25-2026> <11:44:23>      9      0.01317273      0.00377419      2.8
 <Jun25-2026> <11:44:23>     10      0.00205949      0.00060248      0.0
 <Jun25-2026> <11:44:24>     11      0.00064972      0.00012310      0.0
 <Jun25-2026> <11:44:24>     12      0.00016470      0.00003996      0.0
 <Jun25-2026> <11:44:24>     13      0.00001906      0.00000421      0.0
 <Jun25-2026> <11:44:24>     14      0.00001335      0.00000283      0.0
 <Jun25-2026> <11:44:25>     15      0.00000121      0.00000033      0.0
 <Jun25-2026> <11:44:25>  SCF converged
 <Jun25-2026> <11:44:25>     16      0.00000010      0.00000002      0.0
 <Jun25-2026> <11:44:25>  >>>> TOTEN
 <Jun25-2026> <11:44:26>  >>>> POPAN
 <Jun25-2026> <11:44:26>  >>>> DEBYE
 <Jun25-2026> <11:44:26>  >>>> ENGRAD
 <Jun25-2026> <11:44:26>  current energy                               -1.48394206 Hartree
 <Jun25-2026> <11:44:26>  energy change                      -0.00044224     0.00100000    T
 <Jun25-2026> <11:44:26>  constrained gradient max            0.01994138     0.00100000    F
 <Jun25-2026> <11:44:26>  constrained gradient rms            0.00649505     0.00066667    F
 <Jun25-2026> <11:44:26>  gradient max                        0.01994138
 <Jun25-2026> <11:44:26>  gradient rms                        0.00649505
 <Jun25-2026> <11:44:26>  cart. step max                      0.02057526     0.01000000    F
 <Jun25-2026> <11:44:26>  cart. step rms                      0.00766444     0.00666667    F
  Coordinates in Geometry Cycle 17
    Atom         X           Y           Z   (Angstrom)
    1.As        3.453685   -0.457529    0.000000
    2.O         4.934748    0.623671    0.000000
    3.O         1.839192   -1.290927    0.000000
    4.O         2.506263    1.078932    0.000000
    5.O         4.363309   -1.852198    0.000000
    6.H         5.649667   -0.044079    0.000000
    7.H         1.130428   -0.614360    0.000000
    8.H         3.156507    1.811590    0.000000
 <Jun25-2026> <11:44:26>  >>>> CORORT
 <Jun25-2026> <11:44:26>  >>>> CLSMAT
 <Jun25-2026> <11:44:26>  >>>> ORTHON
 <Jun25-2026> <11:44:26>  >>>> GENPT
 <Jun25-2026> <11:44:26>  Block Length= 128
 <Jun25-2026> <11:44:26>  >>>> PTBAS
 <Jun25-2026> <11:44:26>  combining surface points...
 <Jun25-2026> <11:44:26>  combining surface points...
 <Jun25-2026> <11:44:26>  combining surface points...
 <Jun25-2026> <11:44:26>  >>>> CYCLE
 <Jun25-2026> <11:44:27>              |Error|         MaxErr       Wt(A-DIIS)
 <Jun25-2026> <11:44:27>      1      0.09075672      0.02713568
 <Jun25-2026> <11:44:27>      2      0.34160788      0.10984078    100.0
 <Jun25-2026> <11:44:28>      3      0.11543504      0.03470239    100.0
 <Jun25-2026> <11:44:28>      4      0.07733867      0.02507945     24.3
 <Jun25-2026> <11:44:28>      5      0.13585051      0.03719085    100.0
 <Jun25-2026> <11:44:29>      6      0.09544359      0.01747626    100.0
 <Jun25-2026> <11:44:29>      7      0.08825409      0.01872680    100.0
 <Jun25-2026> <11:44:30>      8      0.03893678      0.01169356     10.8
 <Jun25-2026> <11:44:30>      9      0.00680890      0.00196009      1.0
 <Jun25-2026> <11:44:30>     10      0.00132893      0.00030355      0.0
 <Jun25-2026> <11:44:31>     11      0.00027879      0.00006661      0.0
 <Jun25-2026> <11:44:31>     12      0.00004202      0.00000942      0.0
 <Jun25-2026> <11:44:31>     13      0.00001245      0.00000332      0.0
 <Jun25-2026> <11:44:31>     14      0.00000205      0.00000044      0.0
 <Jun25-2026> <11:44:32>  SCF converged
 <Jun25-2026> <11:44:32>     15      0.00000033      0.00000006      0.0
 <Jun25-2026> <11:44:32>  >>>> TOTEN
 <Jun25-2026> <11:44:32>  >>>> POPAN
 <Jun25-2026> <11:44:32>  >>>> DEBYE
 <Jun25-2026> <11:44:32>  >>>> ENGRAD
 <Jun25-2026> <11:44:33>  current energy                               -1.48448236 Hartree
 <Jun25-2026> <11:44:33>  energy change                      -0.00054029     0.00100000    T
 <Jun25-2026> <11:44:33>  constrained gradient max            0.01447252     0.00100000    F
 <Jun25-2026> <11:44:33>  constrained gradient rms            0.00604836     0.00066667    F
 <Jun25-2026> <11:44:33>  gradient max                        0.01447252
 <Jun25-2026> <11:44:33>  gradient rms                        0.00604836
 <Jun25-2026> <11:44:33>  cart. step max                      0.02319480     0.01000000    F
 <Jun25-2026> <11:44:33>  cart. step rms                      0.00813262     0.00666667    F
  Coordinates in Geometry Cycle 18
    Atom         X           Y           Z   (Angstrom)
    1.As        3.461049   -0.457979    0.000000
    2.O         4.935516    0.624664    0.000000
    3.O         1.842440   -1.294902    0.000000
    4.O         2.508829    1.083990    0.000000
    5.O         4.345171   -1.875393    0.000000
    6.H         5.662440   -0.032048    0.000000
    7.H         1.129271   -0.619491    0.000000
    8.H         3.149084    1.826260    0.000000
 <Jun25-2026> <11:44:33>  >>>> CORORT
 <Jun25-2026> <11:44:33>  >>>> CLSMAT
 <Jun25-2026> <11:44:33>  >>>> ORTHON
 <Jun25-2026> <11:44:33>  >>>> GENPT
 <Jun25-2026> <11:44:33>  Block Length= 128
 <Jun25-2026> <11:44:33>  >>>> PTBAS
 <Jun25-2026> <11:44:33>  combining surface points...
 <Jun25-2026> <11:44:33>  combining surface points...
 <Jun25-2026> <11:44:33>  >>>> CYCLE
 <Jun25-2026> <11:44:34>              |Error|         MaxErr       Wt(A-DIIS)
 <Jun25-2026> <11:44:34>      1      0.09304517      0.02768380
 <Jun25-2026> <11:44:34>      2      0.35530068      0.11437331    100.0
 <Jun25-2026> <11:44:34>      3      0.10638765      0.02499372    100.0
 <Jun25-2026> <11:44:35>      4      0.19120225      0.03887475    100.0
 <Jun25-2026> <11:44:35>      5      0.16167021      0.05001664    100.0
 <Jun25-2026> <11:44:36>      6      0.14064258      0.03186977    100.0
 <Jun25-2026> <11:44:36>      7      0.03916164      0.00866949      7.7
 <Jun25-2026> <11:44:36>      8      0.01565452      0.00468740      3.7
 <Jun25-2026> <11:44:37>      9      0.00227033      0.00066414      0.0
 <Jun25-2026> <11:44:37>     10      0.00084699      0.00015323      0.0
 <Jun25-2026> <11:44:37>     11      0.00027920      0.00007462      0.0
 <Jun25-2026> <11:44:38>     12      0.00004703      0.00001055      0.0
 <Jun25-2026> <11:44:38>     13      0.00001256      0.00000365      0.0
 <Jun25-2026> <11:44:38>     14      0.00000077      0.00000017      0.0
 <Jun25-2026> <11:44:38>  SCF converged
 <Jun25-2026> <11:44:38>     15      0.00000022      0.00000005      0.0
 <Jun25-2026> <11:44:39>  >>>> TOTEN
 <Jun25-2026> <11:44:39>  >>>> POPAN
 <Jun25-2026> <11:44:39>  >>>> DEBYE
 <Jun25-2026> <11:44:39>  >>>> ENGRAD
 <Jun25-2026> <11:44:40>  current energy                               -1.48484023 Hartree
 <Jun25-2026> <11:44:40>  energy change                      -0.00035787     0.00100000    T
 <Jun25-2026> <11:44:40>  constrained gradient max            0.01014416     0.00100000    F
 <Jun25-2026> <11:44:40>  constrained gradient rms            0.00439309     0.00066667    F
 <Jun25-2026> <11:44:40>  gradient max                        0.01014416
 <Jun25-2026> <11:44:40>  gradient rms                        0.00439309
 <Jun25-2026> <11:44:40>  cart. step max                      0.00849487     0.01000000    T
 <Jun25-2026> <11:44:40>  cart. step rms                      0.00317971     0.00666667    T
  Coordinates in Geometry Cycle 19
    Atom         X           Y           Z   (Angstrom)
    1.As        3.462809   -0.458652    0.000000
    2.O         4.932883    0.628965    0.000000
    3.O         1.844987   -1.298229    0.000000
    4.O         2.506705    1.083904    0.000000
    5.O         4.336677   -1.882924    0.000000
    6.H         5.663885   -0.029044    0.000000
    7.H         1.135682   -0.617230    0.000000
    8.H         3.150172    1.828310    0.000000
 <Jun25-2026> <11:44:40>  >>>> CORORT
 <Jun25-2026> <11:44:40>  >>>> CLSMAT
 <Jun25-2026> <11:44:40>  >>>> ORTHON
 <Jun25-2026> <11:44:40>  >>>> GENPT
 <Jun25-2026> <11:44:40>  Block Length= 128
 <Jun25-2026> <11:44:40>  >>>> PTBAS
 <Jun25-2026> <11:44:40>  combining surface points...
 <Jun25-2026> <11:44:40>  combining surface points...
 <Jun25-2026> <11:44:40>  >>>> CYCLE
 <Jun25-2026> <11:44:40>              |Error|         MaxErr       Wt(A-DIIS)
 <Jun25-2026> <11:44:40>      1      0.09003944      0.02729060
 <Jun25-2026> <11:44:41>      2      0.35474762      0.11369699    100.0
 <Jun25-2026> <11:44:41>      3      0.11218455      0.02973289    100.0
 <Jun25-2026> <11:44:41>      4      0.23236900      0.05214554    100.0
 <Jun25-2026> <11:44:42>      5      0.11052427      0.03410900     33.4
 <Jun25-2026> <11:44:42>      6      0.05511719      0.01275747     11.9
 <Jun25-2026> <11:44:43>      7      0.01867297      0.00480222      3.8
 <Jun25-2026> <11:44:43>      8      0.00650541      0.00180502      0.8
 <Jun25-2026> <11:44:43>      9      0.00221750      0.00052869      0.0
 <Jun25-2026> <11:44:44>     10      0.00038587      0.00007665      0.0
 <Jun25-2026> <11:44:44>     11      0.00010304      0.00002079      0.0
 <Jun25-2026> <11:44:44>     12      0.00002768      0.00000723      0.0
 <Jun25-2026> <11:44:45>     13      0.00000208      0.00000036      0.0
 <Jun25-2026> <11:44:45>  SCF converged
 <Jun25-2026> <11:44:45>     14      0.00000076      0.00000015      0.0
 <Jun25-2026> <11:44:45>  >>>> TOTEN
 <Jun25-2026> <11:44:45>  >>>> POPAN
 <Jun25-2026> <11:44:45>  >>>> DEBYE
 <Jun25-2026> <11:44:45>  >>>> ENGRAD
 <Jun25-2026> <11:44:46>  current energy                               -1.48494973 Hartree
 <Jun25-2026> <11:44:46>  energy change                      -0.00010950     0.00100000    T
 <Jun25-2026> <11:44:46>  constrained gradient max            0.00639426     0.00100000    F
 <Jun25-2026> <11:44:46>  constrained gradient rms            0.00247287     0.00066667    F
 <Jun25-2026> <11:44:46>  gradient max                        0.00639426
 <Jun25-2026> <11:44:46>  gradient rms                        0.00247287
 <Jun25-2026> <11:44:46>  cart. step max                      0.00389642     0.01000000    T
 <Jun25-2026> <11:44:46>  cart. step rms                      0.00160732     0.00666667    T
  Coordinates in Geometry Cycle 20
    Atom         X           Y           Z   (Angstrom)
    1.As        3.462563   -0.459935    0.000000
    2.O         4.931527    0.631498    0.000000
    3.O         1.845662   -1.299367    0.000000
    4.O         2.505366    1.082333    0.000000
    5.O         4.333076   -1.884454    0.000000
    6.H         5.664356   -0.027192    0.000000
    7.H         1.139578   -0.614542    0.000000
    8.H         3.151673    1.826759    0.000000
 <Jun25-2026> <11:44:46>  >>>> CORORT
 <Jun25-2026> <11:44:46>  >>>> CLSMAT
 <Jun25-2026> <11:44:46>  >>>> ORTHON
 <Jun25-2026> <11:44:46>  >>>> GENPT
 <Jun25-2026> <11:44:46>  Block Length= 128
 <Jun25-2026> <11:44:46>  >>>> PTBAS
 <Jun25-2026> <11:44:46>  combining surface points...
 <Jun25-2026> <11:44:46>  combining surface points...
 <Jun25-2026> <11:44:46>  >>>> CYCLE
 <Jun25-2026> <11:44:47>              |Error|         MaxErr       Wt(A-DIIS)
 <Jun25-2026> <11:44:47>      1      0.08859038      0.02704920
 <Jun25-2026> <11:44:47>      2      0.35231919      0.11265586    100.0
 <Jun25-2026> <11:44:48>      3      0.09793830      0.01905684    100.0
 <Jun25-2026> <11:44:48>      4      0.11845922      0.02572859    100.0
 <Jun25-2026> <11:44:48>      5      0.29306037      0.07933858    100.0
 <Jun25-2026> <11:44:49>      6      0.09936487      0.02712235     26.4
 <Jun25-2026> <11:44:49>      7      0.02820967      0.00729772      6.4
 <Jun25-2026> <11:44:49>      8      0.01206172      0.00317066      2.2
 <Jun25-2026> <11:44:50>      9      0.00126050      0.00029944      0.0
 <Jun25-2026> <11:44:50>     10      0.00035327      0.00007891      0.0
 <Jun25-2026> <11:44:50>     11      0.00007453      0.00001872      0.0
 <Jun25-2026> <11:44:51>     12      0.00001950      0.00000530      0.0
 <Jun25-2026> <11:44:51>     13      0.00000848      0.00000213      0.0
 <Jun25-2026> <11:44:51>     14      0.00000124      0.00000024      0.0
 <Jun25-2026> <11:44:51>  SCF converged
 <Jun25-2026> <11:44:52>     15      0.00000017      0.00000004      0.0
 <Jun25-2026> <11:44:52>  >>>> TOTEN
 <Jun25-2026> <11:44:52>  >>>> POPAN
 <Jun25-2026> <11:44:52>  >>>> DEBYE
 <Jun25-2026> <11:44:52>  >>>> ENGRAD
 <Jun25-2026> <11:44:53>  current energy                               -1.48498555 Hartree
 <Jun25-2026> <11:44:53>  energy change                      -0.00003582     0.00100000    T
 <Jun25-2026> <11:44:53>  constrained gradient max            0.00576244     0.00100000    F
 <Jun25-2026> <11:44:53>  constrained gradient rms            0.00203019     0.00066667    F
 <Jun25-2026> <11:44:53>  gradient max                        0.00576244
 <Jun25-2026> <11:44:53>  gradient rms                        0.00203019
 <Jun25-2026> <11:44:53>  cart. step max                      0.00407963     0.01000000    T
 <Jun25-2026> <11:44:53>  cart. step rms                      0.00199374     0.00666667    T
  Coordinates in Geometry Cycle 21
    Atom         X           Y           Z   (Angstrom)
    1.As        3.461723   -0.462504    0.000000
    2.O         4.930875    0.633849    0.000000
    3.O         1.845345   -1.299820    0.000000
    4.O         2.504387    1.079748    0.000000
    5.O         4.328996   -1.885914    0.000000
    6.H         5.666773   -0.023121    0.000000
    7.H         1.142869   -0.611008    0.000000
    8.H         3.152831    1.823870    0.000000
 <Jun25-2026> <11:44:53>  >>>> CORORT
 <Jun25-2026> <11:44:53>  >>>> CLSMAT
 <Jun25-2026> <11:44:53>  >>>> ORTHON
 <Jun25-2026> <11:44:53>  >>>> GENPT
 <Jun25-2026> <11:44:53>  Block Length= 128
 <Jun25-2026> <11:44:53>  >>>> PTBAS
 <Jun25-2026> <11:44:53>  combining surface points...
 <Jun25-2026> <11:44:53>  combining surface points...
 <Jun25-2026> <11:44:53>  >>>> CYCLE
 <Jun25-2026> <11:44:53>              |Error|         MaxErr       Wt(A-DIIS)
 <Jun25-2026> <11:44:53>      1      0.08838088      0.02698810
 <Jun25-2026> <11:44:54>      2      0.35099474      0.11215869    100.0
 <Jun25-2026> <11:44:54>      3      0.09811454      0.02164334    100.0
 <Jun25-2026> <11:44:55>      4      0.09612956      0.02122958     20.4
 <Jun25-2026> <11:44:55>      5      0.14720727      0.03526802    100.0
 <Jun25-2026> <11:44:55>      6      0.03019868      0.00631642      5.4
 <Jun25-2026> <11:44:56>      7      0.01297353      0.00316114      2.2
 <Jun25-2026> <11:44:56>      8      0.00646878      0.00187466      0.9
 <Jun25-2026> <11:44:56>      9      0.00164192      0.00043669      0.0
 <Jun25-2026> <11:44:57>     10      0.00036152      0.00007322      0.0
 <Jun25-2026> <11:44:57>     11      0.00011356      0.00002419      0.0
 <Jun25-2026> <11:44:57>     12      0.00003055      0.00000918      0.0
 <Jun25-2026> <11:44:58>     13      0.00000301      0.00000062      0.0
 <Jun25-2026> <11:44:58>  SCF converged
 <Jun25-2026> <11:44:58>     14      0.00000083      0.00000024      0.0
 <Jun25-2026> <11:44:58>  >>>> TOTEN
 <Jun25-2026> <11:44:58>  >>>> POPAN
 <Jun25-2026> <11:44:58>  >>>> DEBYE
 <Jun25-2026> <11:44:58>  >>>> ENGRAD
 <Jun25-2026> <11:44:59>  current energy                               -1.48502403 Hartree
 <Jun25-2026> <11:44:59>  energy change                      -0.00003848     0.00100000    T
 <Jun25-2026> <11:44:59>  constrained gradient max            0.00553109     0.00100000    F
 <Jun25-2026> <11:44:59>  constrained gradient rms            0.00209216     0.00066667    F
 <Jun25-2026> <11:44:59>  gradient max                        0.00553109
 <Jun25-2026> <11:44:59>  gradient rms                        0.00209216
 <Jun25-2026> <11:44:59>  cart. step max                      0.00672372     0.01000000    T
 <Jun25-2026> <11:44:59>  cart. step rms                      0.00258254     0.00666667    T
  Coordinates in Geometry Cycle 22
    Atom         X           Y           Z   (Angstrom)
    1.As        3.460449   -0.466225    0.000000
    2.O         4.931124    0.635527    0.000000
    3.O         1.843793   -1.299427    0.000000
    4.O         2.503953    1.076553    0.000000
    5.O         4.324712   -1.888136    0.000000
    6.H         5.671761   -0.016397    0.000000
    7.H         1.144940   -0.606901    0.000000
    8.H         3.153068    1.820105    0.000000
 <Jun25-2026> <11:44:59>  >>>> CORORT
 <Jun25-2026> <11:44:59>  >>>> CLSMAT
 <Jun25-2026> <11:44:59>  >>>> ORTHON
 <Jun25-2026> <11:44:59>  >>>> GENPT
 <Jun25-2026> <11:44:59>  Block Length= 128
 <Jun25-2026> <11:44:59>  >>>> PTBAS
 <Jun25-2026> <11:44:59>  combining surface points...
 <Jun25-2026> <11:44:59>  combining surface points...
 <Jun25-2026> <11:44:59>  combining surface points...
 <Jun25-2026> <11:44:59>  >>>> CYCLE
 <Jun25-2026> <11:45:00>              |Error|         MaxErr       Wt(A-DIIS)
 <Jun25-2026> <11:45:00>      1      0.08805417      0.02695899
 <Jun25-2026> <11:45:00>      2      0.34950965      0.11166136    100.0
 <Jun25-2026> <11:45:01>      3      0.10273544      0.02726411    100.0
 <Jun25-2026> <11:45:01>      4      0.07665086      0.01962712     18.8
 <Jun25-2026> <11:45:01>      5      0.13329052      0.03257664    100.0
 <Jun25-2026> <11:45:02>      6      0.04307057      0.00891225      8.0
 <Jun25-2026> <11:45:02>      7      0.01373401      0.00383326      2.9
 <Jun25-2026> <11:45:02>      8      0.00660058      0.00192012      0.9
 <Jun25-2026> <11:45:03>      9      0.00172931      0.00045803      0.0
 <Jun25-2026> <11:45:03>     10      0.00036862      0.00007238      0.0
 <Jun25-2026> <11:45:03>     11      0.00011891      0.00002567      0.0
 <Jun25-2026> <11:45:04>     12      0.00003204      0.00000957      0.0
 <Jun25-2026> <11:45:04>     13      0.00000326      0.00000072      0.0
 <Jun25-2026> <11:45:04>  SCF converged
 <Jun25-2026> <11:45:04>     14      0.00000082      0.00000021      0.0
 <Jun25-2026> <11:45:04>  >>>> TOTEN
 <Jun25-2026> <11:45:05>  >>>> POPAN
 <Jun25-2026> <11:45:05>  >>>> DEBYE
 <Jun25-2026> <11:45:05>  >>>> ENGRAD
 <Jun25-2026> <11:45:05>  current energy                               -1.48506464 Hartree
 <Jun25-2026> <11:45:05>  energy change                      -0.00004061     0.00100000    T
 <Jun25-2026> <11:45:05>  constrained gradient max            0.00457434     0.00100000    F
 <Jun25-2026> <11:45:05>  constrained gradient rms            0.00233112     0.00066667    F
 <Jun25-2026> <11:45:05>  gradient max                        0.00457434
 <Jun25-2026> <11:45:05>  gradient rms                        0.00233112
 <Jun25-2026> <11:45:05>  cart. step max                      0.00719397     0.01000000    T
 <Jun25-2026> <11:45:05>  cart. step rms                      0.00251973     0.00666667    T
  Coordinates in Geometry Cycle 23
    Atom         X           Y           Z   (Angstrom)
    1.As        3.459146   -0.469646    0.000000
    2.O         4.931819    0.635876    0.000000
    3.O         1.841563   -1.298327    0.000000
    4.O         2.504033    1.073874    0.000000
    5.O         4.321938   -1.890757    0.000000
    6.H         5.677483   -0.009203    0.000000
    7.H         1.145407   -0.603306    0.000000
    8.H         3.152410    1.816589    0.000000
 <Jun25-2026> <11:45:05>  >>>> CORORT
 <Jun25-2026> <11:45:05>  >>>> CLSMAT
 <Jun25-2026> <11:45:05>  >>>> ORTHON
 <Jun25-2026> <11:45:05>  >>>> GENPT
 <Jun25-2026> <11:45:05>  Block Length= 128
 <Jun25-2026> <11:45:06>  >>>> PTBAS
 <Jun25-2026> <11:45:06>  combining surface points...
 <Jun25-2026> <11:45:06>  combining surface points...
 <Jun25-2026> <11:45:06>  combining surface points...
 <Jun25-2026> <11:45:06>  >>>> CYCLE
 <Jun25-2026> <11:45:06>              |Error|         MaxErr       Wt(A-DIIS)
 <Jun25-2026> <11:45:06>      1      0.08744959      0.02695318
 <Jun25-2026> <11:45:07>      2      0.34794719      0.11116713    100.0
 <Jun25-2026> <11:45:07>      3      0.11143467      0.03278244    100.0
 <Jun25-2026> <11:45:07>      4      0.07222889      0.02233077     21.5
 <Jun25-2026> <11:45:08>      5      0.13044479      0.03433579    100.0
 <Jun25-2026> <11:45:08>      6      0.07997495      0.01511181     14.3
 <Jun25-2026> <11:45:08>      7      0.01727565      0.00497378      4.0
 <Jun25-2026> <11:45:09>      8      0.00707162      0.00214877      1.2
 <Jun25-2026> <11:45:09>      9      0.00199934      0.00047401      0.0
 <Jun25-2026> <11:45:09>     10      0.00042247      0.00009671      0.0
 <Jun25-2026> <11:45:10>     11      0.00013282      0.00002598      0.0
 <Jun25-2026> <11:45:10>     12      0.00003257      0.00000924      0.0
 <Jun25-2026> <11:45:10>     13      0.00000299      0.00000082      0.0
 <Jun25-2026> <11:45:10>  SCF converged
 <Jun25-2026> <11:45:11>     14      0.00000050      0.00000010      0.0
 <Jun25-2026> <11:45:11>  >>>> TOTEN
 <Jun25-2026> <11:45:11>  >>>> POPAN
 <Jun25-2026> <11:45:11>  >>>> DEBYE
 <Jun25-2026> <11:45:11>  >>>> ENGRAD
 <Jun25-2026> <11:45:12>  current energy                               -1.48509878 Hartree
 <Jun25-2026> <11:45:12>  energy change                      -0.00003415     0.00100000    T
 <Jun25-2026> <11:45:12>  constrained gradient max            0.00592239     0.00100000    F
 <Jun25-2026> <11:45:12>  constrained gradient rms            0.00229545     0.00066667    F
 <Jun25-2026> <11:45:12>  gradient max                        0.00592239
 <Jun25-2026> <11:45:12>  gradient rms                        0.00229545
 <Jun25-2026> <11:45:12>  cart. step max                      0.00663505     0.01000000    T
 <Jun25-2026> <11:45:12>  cart. step rms                      0.00223946     0.00666667    T
  Coordinates in Geometry Cycle 24
    Atom         X           Y           Z   (Angstrom)
    1.As        3.457914   -0.471964    0.000000
    2.O         4.931909    0.634871    0.000000
    3.O         1.839188   -1.296739    0.000000
    4.O         2.504261    1.071902    0.000000
    5.O         4.321330   -1.893659    0.000000
    6.H         5.682516   -0.002568    0.000000
    7.H         1.145190   -0.600053    0.000000
    8.H         3.151492    1.813312    0.000000
 <Jun25-2026> <11:45:12>  >>>> CORORT
 <Jun25-2026> <11:45:12>  >>>> CLSMAT
 <Jun25-2026> <11:45:12>  >>>> ORTHON
 <Jun25-2026> <11:45:12>  >>>> GENPT
 <Jun25-2026> <11:45:12>  Block Length= 128
 <Jun25-2026> <11:45:12>  >>>> PTBAS
 <Jun25-2026> <11:45:12>  combining surface points...
 <Jun25-2026> <11:45:12>  combining surface points...
 <Jun25-2026> <11:45:12>  combining surface points...
 <Jun25-2026> <11:45:12>  >>>> CYCLE
 <Jun25-2026> <11:45:13>              |Error|         MaxErr       Wt(A-DIIS)
 <Jun25-2026> <11:45:13>      1      0.08695053      0.02698446
 <Jun25-2026> <11:45:13>      2      0.34769222      0.11110752    100.0
 <Jun25-2026> <11:45:13>      3      0.11830187      0.03612732    100.0
 <Jun25-2026> <11:45:14>      4      0.07558924      0.02480149     24.0
 <Jun25-2026> <11:45:14>      5      0.13442239      0.03720340    100.0
 <Jun25-2026> <11:45:14>      6      0.10139491      0.01969945    100.0
 <Jun25-2026> <11:45:15>      7      0.08578720      0.01759495    100.0
 <Jun25-2026> <11:45:15>      8      0.03903951      0.01145065     10.6
 <Jun25-2026> <11:45:15>      9      0.00709139      0.00188233      0.9
 <Jun25-2026> <11:45:16>     10      0.00126422      0.00027475      0.0
 <Jun25-2026> <11:45:16>     11      0.00025094      0.00005204      0.0
 <Jun25-2026> <11:45:16>     12      0.00004304      0.00000970      0.0
 <Jun25-2026> <11:45:17>     13      0.00001231      0.00000324      0.0
 <Jun25-2026> <11:45:17>     14      0.00000204      0.00000047      0.0
 <Jun25-2026> <11:45:17>  SCF converged
 <Jun25-2026> <11:45:17>     15      0.00000019      0.00000004      0.0
 <Jun25-2026> <11:45:17>  >>>> TOTEN
 <Jun25-2026> <11:45:18>  >>>> POPAN
 <Jun25-2026> <11:45:18>  >>>> DEBYE
 <Jun25-2026> <11:45:18>  >>>> ENGRAD
 <Jun25-2026> <11:45:18>  current energy                               -1.48513052 Hartree
 <Jun25-2026> <11:45:18>  energy change                      -0.00003173     0.00100000    T
 <Jun25-2026> <11:45:18>  constrained gradient max            0.00542929     0.00100000    F
 <Jun25-2026> <11:45:18>  constrained gradient rms            0.00177394     0.00066667    F
 <Jun25-2026> <11:45:18>  gradient max                        0.00542929
 <Jun25-2026> <11:45:18>  gradient rms                        0.00177394
 <Jun25-2026> <11:45:18>  cart. step max                      0.00537930     0.01000000    T
 <Jun25-2026> <11:45:18>  cart. step rms                      0.00183501     0.00666667    T
  Coordinates in Geometry Cycle 25
    Atom         X           Y           Z   (Angstrom)
    1.As        3.456957   -0.473207    0.000000
    2.O         4.930509    0.633669    0.000000
    3.O         1.837506   -1.295421    0.000000
    4.O         2.504163    1.070194    0.000000
    5.O         4.321527   -1.896401    0.000000
    6.H         5.685678    0.002811    0.000000
    7.H         1.146015   -0.596772    0.000000
    8.H         3.151445    1.810228    0.000000
 <Jun25-2026> <11:45:18>  >>>> CORORT
 <Jun25-2026> <11:45:18>  >>>> CLSMAT
 <Jun25-2026> <11:45:18>  >>>> ORTHON
 <Jun25-2026> <11:45:18>  >>>> GENPT
 <Jun25-2026> <11:45:19>  Block Length= 128
 <Jun25-2026> <11:45:19>  >>>> PTBAS
 <Jun25-2026> <11:45:19>  combining surface points...
 <Jun25-2026> <11:45:19>  combining surface points...
 <Jun25-2026> <11:45:19>  combining surface points...
 <Jun25-2026> <11:45:19>  >>>> CYCLE
 <Jun25-2026> <11:45:19>              |Error|         MaxErr       Wt(A-DIIS)
 <Jun25-2026> <11:45:19>      1      0.08686744      0.02700403
 <Jun25-2026> <11:45:20>      2      0.34845126      0.11139065    100.0
 <Jun25-2026> <11:45:20>      3      0.11146605      0.03283235    100.0
 <Jun25-2026> <11:45:20>      4      0.07155796      0.02205663     21.3
 <Jun25-2026> <11:45:21>      5      0.12927763      0.03398164    100.0
 <Jun25-2026> <11:45:21>      6      0.07956326      0.01530519     14.4
 <Jun25-2026> <11:45:21>      7      0.01699013      0.00488897      3.9
 <Jun25-2026> <11:45:22>      8      0.00705518      0.00213806      1.1
 <Jun25-2026> <11:45:22>      9      0.00200555      0.00047276      0.0
 <Jun25-2026> <11:45:22>     10      0.00043625      0.00009992      0.0
 <Jun25-2026> <11:45:23>     11      0.00013534      0.00002579      0.0
 <Jun25-2026> <11:45:23>     12      0.00003273      0.00000927      0.0
 <Jun25-2026> <11:45:23>     13      0.00000293      0.00000079      0.0
 <Jun25-2026> <11:45:24>  SCF converged
 <Jun25-2026> <11:45:24>     14      0.00000051      0.00000010      0.0
 <Jun25-2026> <11:45:24>  >>>> TOTEN
 <Jun25-2026> <11:45:24>  >>>> POPAN
 <Jun25-2026> <11:45:24>  >>>> DEBYE
 <Jun25-2026> <11:45:24>  >>>> ENGRAD
 <Jun25-2026> <11:45:25>  current energy                               -1.48515047 Hartree
 <Jun25-2026> <11:45:25>  energy change                      -0.00001995     0.00100000    T
 <Jun25-2026> <11:45:25>  constrained gradient max            0.00375372     0.00100000    F
 <Jun25-2026> <11:45:25>  constrained gradient rms            0.00134127     0.00066667    F
 <Jun25-2026> <11:45:25>  gradient max                        0.00375372
 <Jun25-2026> <11:45:25>  gradient rms                        0.00134127
 <Jun25-2026> <11:45:25>  cart. step max                      0.00322421     0.01000000    T
 <Jun25-2026> <11:45:25>  cart. step rms                      0.00149733     0.00666667    T
  Coordinates in Geometry Cycle 26
    Atom         X           Y           Z   (Angstrom)
    1.As        3.456547   -0.473438    0.000000
    2.O         4.927361    0.633075    0.000000
    3.O         1.836777   -1.295053    0.000000
    4.O         2.503468    1.068865    0.000000
    5.O         4.322227   -1.898226    0.000000
    6.H         5.685809    0.005930    0.000000
    7.H         1.148523   -0.593548    0.000000
    8.H         3.153089    1.807497    0.000000
 <Jun25-2026> <11:45:25>  >>>> CORORT
 <Jun25-2026> <11:45:25>  >>>> CLSMAT
 <Jun25-2026> <11:45:25>  >>>> ORTHON
 <Jun25-2026> <11:45:25>  >>>> GENPT
 <Jun25-2026> <11:45:25>  Block Length= 128
 <Jun25-2026> <11:45:25>  >>>> PTBAS
 <Jun25-2026> <11:45:25>  combining surface points...
 <Jun25-2026> <11:45:25>  combining surface points...
 <Jun25-2026> <11:45:25>  combining surface points...
 <Jun25-2026> <11:45:25>  >>>> CYCLE
 <Jun25-2026> <11:45:26>              |Error|         MaxErr       Wt(A-DIIS)
 <Jun25-2026> <11:45:26>      1      0.08715775      0.02702923
 <Jun25-2026> <11:45:26>      2      0.34979367      0.11183772    100.0
 <Jun25-2026> <11:45:26>      3      0.10150588      0.02640153    100.0
 <Jun25-2026> <11:45:27>      4      0.07774662      0.01887668     18.1
 <Jun25-2026> <11:45:27>      5      0.13240202      0.03194281    100.0
 <Jun25-2026> <11:45:27>      6      0.03859761      0.00872545      7.8
 <Jun25-2026> <11:45:28>      7      0.01336294      0.00358661      2.6
 <Jun25-2026> <11:45:28>      8      0.00652421      0.00188153      0.9
 <Jun25-2026> <11:45:28>      9      0.00170824      0.00045345      0.0
 <Jun25-2026> <11:45:29>     10      0.00038377      0.00007539      0.0
 <Jun25-2026> <11:45:29>     11      0.00012031      0.00002509      0.0
 <Jun25-2026> <11:45:29>     12      0.00003194      0.00000956      0.0
 <Jun25-2026> <11:45:30>     13      0.00000311      0.00000067      0.0
 <Jun25-2026> <11:45:30>  SCF converged
 <Jun25-2026> <11:45:30>     14      0.00000085      0.00000024      0.0
 <Jun25-2026> <11:45:30>  >>>> TOTEN
 <Jun25-2026> <11:45:31>  >>>> POPAN
 <Jun25-2026> <11:45:31>  >>>> DEBYE
 <Jun25-2026> <11:45:31>  >>>> ENGRAD
 <Jun25-2026> <11:45:31>  current energy                               -1.48516190 Hartree
 <Jun25-2026> <11:45:31>  energy change                      -0.00001143     0.00100000    T
 <Jun25-2026> <11:45:31>  constrained gradient max            0.00277059     0.00100000    F
 <Jun25-2026> <11:45:31>  constrained gradient rms            0.00093279     0.00066667    F
 <Jun25-2026> <11:45:31>  gradient max                        0.00277059
 <Jun25-2026> <11:45:31>  gradient rms                        0.00093279
 <Jun25-2026> <11:45:31>  cart. step max                      0.00218963     0.01000000    T
 <Jun25-2026> <11:45:31>  cart. step rms                      0.00099411     0.00666667    T
  Coordinates in Geometry Cycle 27
    Atom         X           Y           Z   (Angstrom)
    1.As        3.456563   -0.473984    0.000000
    2.O         4.925171    0.633023    0.000000
    3.O         1.836106   -1.295222    0.000000
    4.O         2.503085    1.068030    0.000000
    5.O         4.322467   -1.899152    0.000000
    6.H         5.685694    0.008016    0.000000
    7.H         1.150074   -0.591443    0.000000
    8.H         3.154640    1.805832    0.000000
 <Jun25-2026> <11:45:31>  >>>> CORORT
 <Jun25-2026> <11:45:31>  >>>> CLSMAT
 <Jun25-2026> <11:45:31>  >>>> ORTHON
 <Jun25-2026> <11:45:31>  >>>> GENPT
 <Jun25-2026> <11:45:31>  Block Length= 128
 <Jun25-2026> <11:45:31>  >>>> PTBAS
 <Jun25-2026> <11:45:31>  combining surface points...
 <Jun25-2026> <11:45:31>  combining surface points...
 <Jun25-2026> <11:45:31>  combining surface points...
 <Jun25-2026> <11:45:31>  >>>> CYCLE
 <Jun25-2026> <11:45:32>              |Error|         MaxErr       Wt(A-DIIS)
 <Jun25-2026> <11:45:32>      1      0.08743246      0.02708392
 <Jun25-2026> <11:45:32>      2      0.35160360      0.11250247    100.0
 <Jun25-2026> <11:45:33>      3      0.10063503      0.02546786    100.0
 <Jun25-2026> <11:45:33>      4      0.08067664      0.01867778     17.9
 <Jun25-2026> <11:45:33>      5      0.13487082      0.03223482    100.0
 <Jun25-2026> <11:45:34>      6      0.03460977      0.00809142      7.2
 <Jun25-2026> <11:45:34>      7      0.01324096      0.00345360      2.5
 <Jun25-2026> <11:45:35>      8      0.00651755      0.00188145      0.9
 <Jun25-2026> <11:45:35>      9      0.00167549      0.00044655      0.0
 <Jun25-2026> <11:45:35>     10      0.00037688      0.00007507      0.0
 <Jun25-2026> <11:45:36>     11      0.00011864      0.00002494      0.0
 <Jun25-2026> <11:45:36>     12      0.00003152      0.00000946      0.0
 <Jun25-2026> <11:45:36>     13      0.00000306      0.00000065      0.0
 <Jun25-2026> <11:45:36>  SCF converged
 <Jun25-2026> <11:45:36>     14      0.00000087      0.00000025      0.0
 <Jun25-2026> <11:45:37>  >>>> TOTEN
 <Jun25-2026> <11:45:37>  >>>> POPAN
 <Jun25-2026> <11:45:37>  >>>> DEBYE
 <Jun25-2026> <11:45:37>  >>>> ENGRAD
 <Jun25-2026> <11:45:38>  current energy                               -1.48516467 Hartree
 <Jun25-2026> <11:45:38>  energy change                      -0.00000277     0.00100000    T
 <Jun25-2026> <11:45:38>  constrained gradient max            0.00239001     0.00100000    F
 <Jun25-2026> <11:45:38>  constrained gradient rms            0.00083699     0.00066667    F
 <Jun25-2026> <11:45:38>  gradient max                        0.00239001
 <Jun25-2026> <11:45:38>  gradient rms                        0.00083699
 <Jun25-2026> <11:45:38>  cart. step max                      0.00200633     0.01000000    T
 <Jun25-2026> <11:45:38>  cart. step rms                      0.00081895     0.00666667    T
  Coordinates in Geometry Cycle 28
    Atom         X           Y           Z   (Angstrom)
    1.As        3.456857   -0.474927    0.000000
    2.O         4.923445    0.633010    0.000000
    3.O         1.835079   -1.295588    0.000000
    4.O         2.503121    1.067511    0.000000
    5.O         4.322755   -1.899650    0.000000
    6.H         5.685755    0.010023    0.000000
    7.H         1.150652   -0.589918    0.000000
    8.H         3.156136    1.804638    0.000000
 <Jun25-2026> <11:45:38>  >>>> CORORT
 <Jun25-2026> <11:45:38>  >>>> CLSMAT
 <Jun25-2026> <11:45:38>  >>>> ORTHON
 <Jun25-2026> <11:45:38>  >>>> GENPT
 <Jun25-2026> <11:45:38>  Block Length= 128
 <Jun25-2026> <11:45:38>  >>>> PTBAS
 <Jun25-2026> <11:45:38>  combining surface points...
 <Jun25-2026> <11:45:38>  combining surface points...
 <Jun25-2026> <11:45:38>  combining surface points...
 <Jun25-2026> <11:45:38>  >>>> CYCLE
 <Jun25-2026> <11:45:38>              |Error|         MaxErr       Wt(A-DIIS)
 <Jun25-2026> <11:45:38>      1      0.08748809      0.02709216
 <Jun25-2026> <11:45:39>      2      0.35196803      0.11262457    100.0
 <Jun25-2026> <11:45:39>      3      0.10141017      0.02617375    100.0
 <Jun25-2026> <11:45:40>      4      0.07874283      0.01880123     18.0
 <Jun25-2026> <11:45:40>      5      0.13359846      0.03217519    100.0
 <Jun25-2026> <11:45:40>      6      0.03706472      0.00855899      7.6
 <Jun25-2026> <11:45:41>      7      0.01341190      0.00354905      2.6
 <Jun25-2026> <11:45:41>      8      0.00660218      0.00191602      0.9
 <Jun25-2026> <11:45:41>      9      0.00167990      0.00044732      0.0
 <Jun25-2026> <11:45:42>     10      0.00037865      0.00007635      0.0
 <Jun25-2026> <11:45:42>     11      0.00011985      0.00002519      0.0
 <Jun25-2026> <11:45:42>     12      0.00003164      0.00000949      0.0
 <Jun25-2026> <11:45:43>     13      0.00000306      0.00000067      0.0
 <Jun25-2026> <11:45:43>  SCF converged
 <Jun25-2026> <11:45:43>     14      0.00000086      0.00000024      0.0
 <Jun25-2026> <11:45:43>  >>>> TOTEN
 <Jun25-2026> <11:45:43>  >>>> POPAN
 <Jun25-2026> <11:45:43>  >>>> DEBYE
 <Jun25-2026> <11:45:43>  >>>> ENGRAD
 <Jun25-2026> <11:45:44>  current energy                               -1.48516841 Hartree
 <Jun25-2026> <11:45:44>  energy change                      -0.00000374     0.00100000    T
 <Jun25-2026> <11:45:44>  constrained gradient max            0.00178880     0.00100000    F
 <Jun25-2026> <11:45:44>  constrained gradient rms            0.00063750     0.00066667    T
 <Jun25-2026> <11:45:44>  gradient max                        0.00178880
 <Jun25-2026> <11:45:44>  gradient rms                        0.00063750
 <Jun25-2026> <11:45:44>  cart. step max                      0.00195873     0.01000000    T
 <Jun25-2026> <11:45:44>  cart. step rms                      0.00072503     0.00666667    T
  Coordinates in Geometry Cycle 29
    Atom         X           Y           Z   (Angstrom)
    1.As        3.457376   -0.476211    0.000000
    2.O         4.922393    0.632819    0.000000
    3.O         1.833683   -1.295975    0.000000
    4.O         2.503867    1.067462    0.000000
    5.O         4.323141   -1.899743    0.000000
    6.H         5.686260    0.011981    0.000000
    7.H         1.149782   -0.589373    0.000000
    8.H         3.157297    1.804140    0.000000
 <Jun25-2026> <11:45:44>  >>>> CORORT
 <Jun25-2026> <11:45:44>  >>>> CLSMAT
 <Jun25-2026> <11:45:44>  >>>> ORTHON
 <Jun25-2026> <11:45:44>  >>>> GENPT
 <Jun25-2026> <11:45:44>  Block Length= 128
 <Jun25-2026> <11:45:44>  >>>> PTBAS
 <Jun25-2026> <11:45:44>  combining surface points...
 <Jun25-2026> <11:45:44>  combining surface points...
 <Jun25-2026> <11:45:44>  combining surface points...
 <Jun25-2026> <11:45:44>  >>>> CYCLE
 <Jun25-2026> <11:45:45>              |Error|         MaxErr       Wt(A-DIIS)
 <Jun25-2026> <11:45:45>      1      0.08735298      0.02705333
 <Jun25-2026> <11:45:45>      2      0.35101096      0.11230208    100.0
 <Jun25-2026> <11:45:46>      3      0.10351873      0.02798082    100.0
 <Jun25-2026> <11:45:46>      4      0.07454503      0.01936328     18.5
 <Jun25-2026> <11:45:46>      5      0.13082759      0.03219285    100.0
 <Jun25-2026> <11:45:47>      6      0.04596151      0.00990810      9.0
 <Jun25-2026> <11:45:47>      7      0.01389002      0.00384176      2.9
 <Jun25-2026> <11:45:47>      8      0.00675404      0.00198425      1.0
 <Jun25-2026> <11:45:48>      9      0.00171791      0.00045248      0.0
 <Jun25-2026> <11:45:48>     10      0.00038593      0.00007958      0.0
 <Jun25-2026> <11:45:48>     11      0.00012323      0.00002575      0.0
 <Jun25-2026> <11:45:49>     12      0.00003211      0.00000959      0.0
 <Jun25-2026> <11:45:49>     13      0.00000311      0.00000073      0.0
 <Jun25-2026> <11:45:49>  SCF converged
 <Jun25-2026> <11:45:49>     14      0.00000078      0.00000020      0.0
 <Jun25-2026> <11:45:49>  >>>> TOTEN
 <Jun25-2026> <11:45:50>  >>>> POPAN
 <Jun25-2026> <11:45:50>  >>>> DEBYE
 <Jun25-2026> <11:45:50>  >>>> ENGRAD
 <Jun25-2026> <11:45:50>  current energy                               -1.48517291 Hartree
 <Jun25-2026> <11:45:50>  energy change                      -0.00000450     0.00100000    T
 <Jun25-2026> <11:45:50>  constrained gradient max            0.00076314     0.00100000    T
 <Jun25-2026> <11:45:50>  constrained gradient rms            0.00025776     0.00066667    T
 <Jun25-2026> <11:45:50>  gradient max                        0.00076314
 <Jun25-2026> <11:45:50>  gradient rms                        0.00025776
 <Jun25-2026> <11:45:50>  cart. step max                      0.00044303     0.01000000    T
 <Jun25-2026> <11:45:50>  cart. step rms                      0.00017406     0.00666667    T
 <Jun25-2026> <11:45:50>  GEOMETRY CONVERGED
 <Jun25-2026> <11:45:50>  Calculating Energy Terms for Final Geometry
  Coordinates in Geometry Cycle 29
    Atom         X           Y           Z   (Angstrom)
    1.As        3.457376   -0.476211    0.000000
    2.O         4.922393    0.632819    0.000000
    3.O         1.833683   -1.295975    0.000000
    4.O         2.503867    1.067462    0.000000
    5.O         4.323141   -1.899743    0.000000
    6.H         5.686260    0.011981    0.000000
    7.H         1.149782   -0.589373    0.000000
    8.H         3.157297    1.804140    0.000000
 <Jun25-2026> <11:45:50>  >>>> CORORT
 <Jun25-2026> <11:45:50>  >>>> CLSMAT
 <Jun25-2026> <11:45:50>  >>>> ORTHON
 <Jun25-2026> <11:45:50>  >>>> GENPT
 <Jun25-2026> <11:45:51>  Block Length= 128
 <Jun25-2026> <11:45:51>  >>>> PTBAS
 <Jun25-2026> <11:45:51>  combining surface points...
 <Jun25-2026> <11:45:51>  combining surface points...
 <Jun25-2026> <11:45:51>  combining surface points...
 <Jun25-2026> <11:45:51>  >>>> CYCLE
 <Jun25-2026> <11:45:51>              |Error|         MaxErr       Wt(A-DIIS)
 <Jun25-2026> <11:45:51>      1      0.08715258      0.03070837
 <Jun25-2026> <11:45:52>      2      0.34898906      0.14542098    100.0
 <Jun25-2026> <11:45:52>      3      0.10279565      0.03251018    100.0
 <Jun25-2026> <11:45:52>      4      0.07517138      0.02378003     23.0
 <Jun25-2026> <11:45:53>      5      0.14037301      0.03477278    100.0
 <Jun25-2026> <11:45:53>      6      0.03815368      0.00781572      6.9
 <Jun25-2026> <11:45:53>      7      0.01353266      0.00356512      2.6
 <Jun25-2026> <11:45:54>      8      0.00674980      0.00187925      0.9
 <Jun25-2026> <11:45:54>      9      0.00170904      0.00042144      0.0
 <Jun25-2026> <11:45:55>     10      0.00039079      0.00007417      0.0
 <Jun25-2026> <11:45:55>     11      0.00012366      0.00002575      0.0
 <Jun25-2026> <11:45:55>     12      0.00003190      0.00001064      0.0
 <Jun25-2026> <11:45:55>     13      0.00000314      0.00000069      0.0
 <Jun25-2026> <11:45:56>  SCF converged
 <Jun25-2026> <11:45:56>     14      0.00000079      0.00000020      0.0
 <Jun25-2026> <11:45:56>  >>>> TOTEN
 <Jun25-2026> <11:45:57>  QTAIM: determining topology...
 <Jun25-2026> <11:45:57>  >>>> POPAN
 <Jun25-2026> <11:45:57>  >>>> DEBYE
 <Jun25-2026> <11:45:57>  >>>> AMETS
 <Jun25-2026> <11:45:57>  >>>> POPUL
 <Jun25-2026> <11:45:57>   Bond Energy          -1.48517291 a.u.
 <Jun25-2026> <11:45:57>   Bond Energy         -40.41361120 eV
 <Jun25-2026> <11:45:57>   Bond Energy        -931.96       kcal/mol
 <Jun25-2026> <11:45:57>  >>>> ENHESS
 <Jun25-2026> <11:45:57>  === NUCLEUS:     1
 <Jun25-2026> <11:46:15>  === NUCLEUS:     2
 <Jun25-2026> <11:46:32>  === NUCLEUS:     3
 <Jun25-2026> <11:46:49>  === NUCLEUS:     4
 <Jun25-2026> <11:47:06>  === NUCLEUS:     5
 <Jun25-2026> <11:47:22>  === NUCLEUS:     6
 <Jun25-2026> <11:47:38>  === NUCLEUS:     7
 <Jun25-2026> <11:47:54>  === NUCLEUS:     8
 <Jun25-2026> <11:48:11>  >>>> CALC_HESS_PMAT
 <Jun25-2026> <11:48:11>  >>>> CALC_HESS_WMAT
 <Jun25-2026> <11:48:12>  Symmetry  : NOSYM
 <Jun25-2026> <11:48:12>  >>>> FRAGM
 <Jun25-2026> <11:48:12>  Geometry symmetry displacement    1 out of    2
  Coordinates in Geometry Cycle 29
    Atom         X           Y           Z   (Angstrom)
    1.As        3.457376   -0.476211    0.000036
    2.O         4.922393    0.632819   -0.001252
    3.O         1.833683   -1.295975   -0.001208
    4.O         2.503867    1.067462    0.001210
    5.O         4.323141   -1.899743    0.001164
    6.H         5.686260    0.011981   -0.001286
    7.H         1.149782   -0.589373   -0.001565
    8.H         3.157297    1.804140    0.001500
 <Jun25-2026> <11:48:12>  >>>> CORORT
 <Jun25-2026> <11:48:12>  >>>> CLSMAT
 <Jun25-2026> <11:48:12>  >>>> ORTHON
 <Jun25-2026> <11:48:12>  >>>> GENPT
 <Jun25-2026> <11:48:12>  Block Length= 128
 <Jun25-2026> <11:48:12>  >>>> PTBAS
 <Jun25-2026> <11:48:12>  combining surface points...
 <Jun25-2026> <11:48:12>  combining surface points...
 <Jun25-2026> <11:48:12>  combining surface points...
 <Jun25-2026> <11:48:12>  >>>> CYCLE
 <Jun25-2026> <11:48:13>              |Error|         MaxErr       Wt(A-DIIS)
 <Jun25-2026> <11:48:13>      1      0.08716231      0.02700155
 <Jun25-2026> <11:48:13>      2      0.34898950      0.11161620    100.0
 <Jun25-2026> <11:48:13>      3      0.10278817      0.02751618    100.0
 <Jun25-2026> <11:48:14>      4      0.07518315      0.01936608     18.6
 <Jun25-2026> <11:48:14>      5      0.13134799      0.03220175    100.0
 <Jun25-2026> <11:48:15>      6      0.04438170      0.00946248      8.5
 <Jun25-2026> <11:48:15>      7      0.01374106      0.00381475      2.8
 <Jun25-2026> <11:48:15>      8      0.00669153      0.00195708      1.0
 <Jun25-2026> <11:48:16>      9      0.00171816      0.00045563      0.0
 <Jun25-2026> <11:48:16>     10      0.00038074      0.00007624      0.0
 <Jun25-2026> <11:48:16>     11      0.00012146      0.00002559      0.0
 <Jun25-2026> <11:48:17>     12      0.00003211      0.00000960      0.0
 <Jun25-2026> <11:48:17>     13      0.00000316      0.00000072      0.0
 <Jun25-2026> <11:48:17>  SCF converged
 <Jun25-2026> <11:48:17>     14      0.00000080      0.00000021      0.0
 <Jun25-2026> <11:48:18>  >>>> TOTEN
 <Jun25-2026> <11:48:18>  >>>> POPAN
 <Jun25-2026> <11:48:18>  >>>> DEBYE
 <Jun25-2026> <11:48:18>  >>>> ENGRAD
 <Jun25-2026> <11:48:18>  Geometry symmetry displacement    2 out of    2
  Coordinates in Geometry Cycle 29
    Atom         X           Y           Z   (Angstrom)
    1.As        3.457376   -0.476211   -0.000036
    2.O         4.922393    0.632819    0.001252
    3.O         1.833683   -1.295975    0.001208
    4.O         2.503867    1.067462   -0.001210
    5.O         4.323141   -1.899743   -0.001164
    6.H         5.686260    0.011981    0.001286
    7.H         1.149782   -0.589373    0.001565
    8.H         3.157297    1.804140   -0.001500
 <Jun25-2026> <11:48:18>  >>>> CORORT
 <Jun25-2026> <11:48:18>  >>>> CLSMAT
 <Jun25-2026> <11:48:18>  >>>> ORTHON
 <Jun25-2026> <11:48:18>  >>>> GENPT
 <Jun25-2026> <11:48:18>  Block Length= 128
 <Jun25-2026> <11:48:18>  >>>> PTBAS
 <Jun25-2026> <11:48:18>  combining surface points...
 <Jun25-2026> <11:48:18>  combining surface points...
 <Jun25-2026> <11:48:18>  combining surface points...
 <Jun25-2026> <11:48:18>  >>>> CYCLE
 <Jun25-2026> <11:48:19>              |Error|         MaxErr       Wt(A-DIIS)
 <Jun25-2026> <11:48:19>      1      0.08719123      0.02700198
 <Jun25-2026> <11:48:19>      2      0.34899007      0.11161623    100.0
 <Jun25-2026> <11:48:20>      3      0.10275759      0.02749269    100.0
 <Jun25-2026> <11:48:20>      4      0.07522864      0.01935907     18.5
 <Jun25-2026> <11:48:21>      5      0.13137999      0.03220064    100.0
 <Jun25-2026> <11:48:21>      6      0.04425342      0.00944159      8.5
 <Jun25-2026> <11:48:21>      7      0.01373351      0.00381109      2.8
 <Jun25-2026> <11:48:22>      8      0.00668953      0.00195615      1.0
 <Jun25-2026> <11:48:22>      9      0.00171763      0.00045560      0.0
 <Jun25-2026> <11:48:23>     10      0.00038062      0.00007617      0.0
 <Jun25-2026> <11:48:23>     11      0.00012140      0.00002559      0.0
 <Jun25-2026> <11:48:23>     12      0.00003210      0.00000960      0.0
 <Jun25-2026> <11:48:24>     13      0.00000316      0.00000072      0.0
 <Jun25-2026> <11:48:24>  SCF converged
 <Jun25-2026> <11:48:24>     14      0.00000080      0.00000021      0.0
 <Jun25-2026> <11:48:24>  >>>> TOTEN
 <Jun25-2026> <11:48:24>  >>>> POPAN
 <Jun25-2026> <11:48:24>  >>>> DEBYE
 <Jun25-2026> <11:48:24>  >>>> ENGRAD
 <Jun25-2026> <11:48:25>  Old frequency:   -180.57197, new:   -177.62711
 <Jun25-2026> <11:48:25>  NOTE: Some frequencies have been re-calculated by numerical differentiation
 <Jun25-2026> <11:48:25>        Check the text output file for new values!
 <Jun25-2026> <11:48:25>  NORMAL TERMINATION
 <Jun25-2026> <11:48:25>  END
