
 *******************************************************************************
 *                                                                             *
 *  -------------------------------------                                      *
 *   Amsterdam Density Functional  (ADF)         2019                          *
 *  -------------------------------------                                      *
 *                                               r74351 2019-04-25             *
 *                                                                             *
 *                                                                             *
 *                            =====================                            *
 *                            |                   |                            *
 *                            |     D I R A C     |                            *
 *                            |                   |                            *
 *                            =====================                            *
 *                                                                             *
 *                                                                             *
 *   Online information and documentation:  https://www.scm.com/support/       *
 *   E-mail:  support@scm.com   info@scm.com                                   *
 *                                                                             *
 *   Scientific publications using ADF results must be properly referenced     *
 *   See the User Manuals (or the web site) for recommended citations          *
 *   The terms and conditions of the End User License Agreement apply to       *
 *   the use of ADF, https://www.scm.com/license-terms/                        *
 *                                                                             *
 **********************  x86_64_linux_intel / intelmpi  ************************
 
 Licensed to: Dr. Carles Bo / Institute of Chemical Research of Catalonia ( (ICIQ) / Tarragona / Spain 2025-12-15 16:27:40
 SCM User ID: u7609
  
 DIRAC 2019  RunTime: Jun25-2026 11:34:14  Nodes: 1  Procs: 1

 Temporary files are created in /scratch/kid_0.1448781939

1
 ARSENIC ATOM 3p CORE RELATIVISTIC, Point Nuc, A and c from l
 N J RN H ZN XION ANUC CLIGHT
 5000   12100.00000000197.36710137 33.00000000  0.00000000   74.921596  0.1370360E+03
  PH   PHI     EPS        DEL        DELRVR
  0.30  0.30     2500.00  0.00001000  0.00001000
 IDIRC  NC1  NDEBU NPRIN  IPUN IRCOR IWCOR
   1   300     0     0     0     0     7
   XALPHA      XLATTER      RNUC
  0.70000000  0.00000000  0.00000000 Point Charge
   XN   XL   XJ      XE          XZ      XDELL
  1.0  0.0  0.5   -1500.000       2.000     0.00000
  2.0  0.0  0.5    -350.000       2.000     0.00000
  2.0  1.0  0.5    -350.000       2.000     0.00000
  2.0  1.0  1.5    -350.000       4.000     0.00000
  3.0  0.0  0.5     -75.000       2.000     0.00000
  3.0  1.0  0.5     -75.000       2.000     0.00000
  3.0  1.0  1.5     -75.000       4.000     0.00000
  3.0  2.0  1.5     -50.000       4.000     0.00000
  3.0  2.0  2.5     -50.000       6.000     0.00000
  4.0  0.0  0.5      -0.500       2.000     0.00000
  4.0  1.0  0.5      -0.800       2.000     0.00000
  4.0  1.0  1.5      -0.800       1.000     0.00000
 ICORP=  0  NPCL=  0  DEMP=0.00  PEPS=0.000000
 R(1)=  0.1000000E-08 D=  0.1005080E+01 RNUC=  0.0000000E+00
 converged at cycle   41  DENSITY AVERAGING    0.2400
  MAXIMUM ERROR IN R.V(R) IS   0.65316951E-05
 Q,EY,EV,EZ,ESUM,ETOT,RHO  0.330000E+02 -0.108798E+03 -0.362780E+04 -0.545764E+04 -0.131669E+04 -0.225881E+04  0.869284E-12


 DIRAC CALCULATION
1                    ARSENIC ATOM 3p CORE RELATIVISTIC, Point Nuc, A and c from libtc


 EXCHANGE COEFFICIENT=  0.7000000           TAIL CORRECTION=  0.           NUCLEAR RADIUS=  0.000E+00
0                       ORBITAL    N    L    J     ELECTRONS     EIGENVALUE                DELTA OF EIGENV.

                          1S1/2  1.0  0.0  0.5     2.000       -0.4301882E+03                 0.4178920E-04
                          2S1/2  2.0  0.0  0.5     2.000       -0.5458544E+02                 0.2725580E-04
                          2P1/2  2.0  1.0  0.5     2.000       -0.4883579E+02                 0.3010595E-04
                          2P3/2  2.0  1.0  1.5     4.000       -0.4749133E+02                 0.2977383E-04
                          3S1/2  3.0  0.0  0.5     2.000       -0.6945843E+01                 0.1243735E-04
                          3P1/2  3.0  1.0  0.5     2.000       -0.5009288E+01                 0.1249183E-04
                          3P3/2  3.0  1.0  1.5     4.000       -0.4823611E+01                 0.1229132E-04
                          3D3/2  3.0  2.0  1.5     4.000       -0.1494862E+01                 0.1163404E-04
                          3D5/2  3.0  2.0  2.5     6.000       -0.1467846E+01                 0.1155861E-04
                          4S1/2  4.0  0.0  0.5     2.000       -0.5068946E+00                 0.3802706E-05
                          4P1/2  4.0  1.0  0.5     2.000       -0.1717044E+00                 0.2792612E-05
                          4P3/2  4.0  1.0  1.5     1.000       -0.1615248E+00                 0.2711173E-05


                                        NUCLEAR CHARGE=   33.000000
                            INTEGRAL OF CHARGE DENSITY=   33.000000
                           SUM OF THE ORBITAL ENERGIES=  -1316.6942
                                          TOTAL ENERGY=  -2258.8114
                                        KINETIC ENERGY=   2311.1055
                             NUCLEAR ATTRACTION ENERGY=  -5457.6351
                             ELECTRON REPULSION ENERGY=    969.3167
                                       EXCHANGE ENERGY=    -81.5985

 *******************************************************************************

                             D I R A C   E X I T
 NORMAL TERMINATION



 =================
 Timing Statistics
 =================
  
 Total Used :                     CPU=        0.38      System=        0.00     Elapsed=        0.52

 Calls  Section                     ( Mean, Percentage )
 ---------------------------------------------------------------------------------------------------
     2  ><      ................      0.00    0.00             0.00    0.00             0.00    0.00
     1  EXIT PROCEDURE .........      0.38  100.00             0.00  100.00             0.52  100.00


 Currently Open Files (EXIT00)
 ====================

 Unit    Access Format  Status   Type       Ident (file)
 -------------------------------------------------------
   3      SEQ    FORM   TRANSP  NORMAL      LOGFILE
                                          ( logfile )
 
Create As   file=TZP-As.3p
XC
  GGA PBE
End
relativistic ZORA
Corepotentials t12.rel
End

 *******************************************************************************
 *                                                                             *
 *  -------------------------------------                                      *
 *   Amsterdam Density Functional  (ADF)         2019                          *
 *  -------------------------------------                                      *
 *                                               r74351 2019-04-25             *
 *                                                                             *
 *                                                                             *
 *                              =================                              *
 *                              |               |                              *
 *                              |     A D F     |                              *
 *                              |               |                              *
 *                              =================                              *
 *                                                                             *
 *                                                                             *
 *   Online information and documentation:  https://www.scm.com/support/       *
 *   E-mail:  support@scm.com   info@scm.com                                   *
 *                                                                             *
 *   Scientific publications using ADF results must be properly referenced     *
 *   See the User Manuals (or the web site) for recommended citations          *
 *   The terms and conditions of the End User License Agreement apply to       *
 *   the use of ADF, https://www.scm.com/license-terms/                        *
 *                                                                             *
 **********************  x86_64_linux_intel / intelmpi  ************************
 
 Licensed to: Dr. Carles Bo / Institute of Chemical Research of Catalonia ( (ICIQ) / Tarragona / Spain 2025-12-15 16:27:40
 SCM User ID: u7609
  
 ADF 2019  RunTime: Jun25-2026 11:34:15  Nodes: 1  Procs: 1

 Temporary files are created in /scratch/kid_0.1795708358

 Arsenic (TZP, 3p frozen)



 ===========================
 A T T A C H E D   F I L E S
 ===========================
  
 CREATE - Data File:    TZP-As.3p
                        Arsenic (TZP, 3p frozen)
 Core Potentials:
         file : t12.rel



 ===============================
 M O D E L   P A R A M E T E R S
 ===============================
  
 DENSITY FUNCTIONAL POTENTIAL (scf)
    LDA:                               PW92                                    == Not Default ==
    Gradient Corrections:              PBEc PBEx                               == Not Default ==

 SPIN  (restricted / unrestr.)
    Molecule:                          Restricted                               

 OTHER ASPECTS
    Relativistic Corrections:          scalar (ZORA,MAPA)                      == Not Default ==

    Nuclear Charge Density Model:      Point Charge Nuclei                      
    Core Treatment:                    Frozen Orbital(s)                        

    Hyperfine or Zeeman Interaction:   ---                                      



 =====================================
 S Y M M E T R Y ,   E L E C T R O N S
 =====================================
  
 Symmetry: ATOM

 Irreducible Representations, including subspecies
 -------------------------------------------------
 S
 P:x  P:y  P:z
 D:z2  D:x2-y2  D:xy  D:xz  D:yz
 F:z3  F:z  F:xyz  F:z2x  F:z2y  F:x  F:y


 Configuration of Valence Electrons
 ==================================

          Occupation Numbers
          -------------------------------------------------
 S        2
 P        3
 D        10
 F        0
          -------------------------------------------------

 Total:   15

 Net Charge: 0 (Nuclei minus Electrons)

 Preset values for MO occupations will be applied through SCF cycle no. 1000000
 Thereafter, the program will assign electrons to MOs that are spatially
 similar to the occupied MOs in a "reference" cycle ("KeepOrbitals").
 The reference cycle is always the PREVIOUS cycle: it will evolve with
 the SCF procedure.



 ================================
 (Slater-type)  F U N C T I O N S  ***  (Basis and Fit)  ***
 ================================
  

 Atom Type    1  (As)
 ==============

 Valence Basis Sets:  15
 -----------------------
   1 S   23.550000
   2 S   12.700000
   3 S    6.550000
   2 P   15.150000
   3 P    6.150000
   3 D    2.850000
   3 D    5.250000
   3 D    9.800000
   4 S    1.500000
   4 S    2.300000
   4 S    3.300000
   4 P    1.000000
   4 P    1.700000
   4 P    2.850000
   4 D    1.600000

 Frozen Core Shells
 ------------------
    S:  3
    P:  2


 BAS: List of all Elementary Cartesian Basis Functions
 =====================================================

 The numbering in the list below (to the right of the function characteristics) is referred
 to in print-outs of MO eigenvectors and Mulliken populations in the BAS representation
 (as contrasted to the SFO representation).

 Notes:
 1. The functions are characterized by a polynomial prefactor (powers of x,y,z and r) and
    an exponential decay factor alpha.
 2. Since the basis sets are specific for an atom TYPE, the individual functions occur on
    all atoms of that type.
 3. The word 'Core' in the left margin signals that it is a Core Function (CF) : not a
    degree of freedom in the valence set, but only used to ensure orthogonalization of
    the other valence basis functions on the frozen Core Orbitals.


 (power of) X  Y  Z  R     Alpha  on Atom
            ==========     =====     ==========

 As                                   1
                                  ---------------------------------------------------------------------------
    Core    0  0  0  0    23.550      1
    Core    0  0  0  1    12.700      2
    Core    0  0  0  2     6.550      3
    Core    1  0  0  0    15.150      4
    Core    0  1  0  0    15.150      5
    Core    0  0  1  0    15.150      6
    Core    1  0  0  1     6.150      7
    Core    0  1  0  1     6.150      8
    Core    0  0  1  1     6.150      9
            2  0  0  0     2.850     10
            1  1  0  0     2.850     11
            1  0  1  0     2.850     12
            0  2  0  0     2.850     13
            0  1  1  0     2.850     14
            0  0  2  0     2.850     15
            2  0  0  0     5.250     16
            1  1  0  0     5.250     17
            1  0  1  0     5.250     18
            0  2  0  0     5.250     19
            0  1  1  0     5.250     20
            0  0  2  0     5.250     21
            2  0  0  0     9.800     22
            1  1  0  0     9.800     23
            1  0  1  0     9.800     24
            0  2  0  0     9.800     25
            0  1  1  0     9.800     26
            0  0  2  0     9.800     27
            0  0  0  3     1.500     28
            0  0  0  3     2.300     29
            0  0  0  3     3.300     30
            1  0  0  2     1.000     31
            0  1  0  2     1.000     32
            0  0  1  2     1.000     33
            1  0  0  2     1.700     34
            0  1  0  2     1.700     35
            0  0  1  2     1.700     36
            1  0  0  2     2.850     37
            0  1  0  2     2.850     38
            0  0  1  2     2.850     39
            2  0  0  1     1.600     40
            1  1  0  1     1.600     41
            1  0  1  1     1.600     42
            0  2  0  1     1.600     43
            0  1  1  1     1.600     44
            0  0  2  1     1.600     45

 Total number of charge fitting functions (nprimf)       167
 Total number of Cartesian basis functions (naos)         45
 Total number of Cartesian core functions  (ncos)          9



 BAS: List of all Elementary Cartesian Basis Functions
 =====================================================

 The numbering in the list below (to the right of the function characteristics) is referred
 to in print-outs of MO eigenvectors and Mulliken populations in the BAS representation
 (as contrasted to the SFO representation).

 Notes:
 1. The functions are characterized by a polynomial prefactor (powers of x,y,z and r) and
    an exponential decay factor alpha.
 2. Since the basis sets are specific for an atom TYPE, the individual functions occur on
    all atoms of that type.
 3. The word 'Core' in the left margin signals that it is a Core Function (CF) : not a
    degree of freedom in the valence set, but only used to ensure orthogonalization of
    the other valence basis functions on the frozen Core Orbitals.


 (power of) X  Y  Z  R     Alpha  on Atom
            ==========     =====     ==========

 As                                   1
                                  ---------------------------------------------------------------------------
    Core    0  0  0  0    23.550      1
    Core    0  0  0  1    12.700      2
    Core    0  0  0  2     6.550      3
    Core    1  0  0  0    15.150      4
    Core    0  1  0  0    15.150      5
    Core    0  0  1  0    15.150      6
    Core    1  0  0  1     6.150      7
    Core    0  1  0  1     6.150      8
    Core    0  0  1  1     6.150      9
            2  0  0  0     2.850     10
            1  1  0  0     2.850     11
            1  0  1  0     2.850     12
            0  2  0  0     2.850     13
            0  1  1  0     2.850     14
            0  0  2  0     2.850     15
            2  0  0  0     5.250     16
            1  1  0  0     5.250     17
            1  0  1  0     5.250     18
            0  2  0  0     5.250     19
            0  1  1  0     5.250     20
            0  0  2  0     5.250     21
            2  0  0  0     9.800     22
            1  1  0  0     9.800     23
            1  0  1  0     9.800     24
            0  2  0  0     9.800     25
            0  1  1  0     9.800     26
            0  0  2  0     9.800     27
            0  0  0  3     1.500     28
            0  0  0  3     2.300     29
            0  0  0  3     3.300     30
            1  0  0  2     1.000     31
            0  1  0  2     1.000     32
            0  0  1  2     1.000     33
            1  0  0  2     1.700     34
            0  1  0  2     1.700     35
            0  0  1  2     1.700     36
            1  0  0  2     2.850     37
            0  1  0  2     2.850     38
            0  0  1  2     2.850     39
            2  0  0  1     1.600     40
            1  1  0  1     1.600     41
            1  0  1  1     1.600     42
            0  2  0  1     1.600     43
            0  1  1  1     1.600     44
            0  0  2  1     1.600     45
1
 ***************************************************************************************************



                                              ***********************
                                              *  T E C H N I C A L  *
                                              ***********************
  



 =============================================================
 P A R A L L E L I Z A T I O N  and  V E C T O R I Z A T I O N
 =============================================================
  
 Nr of parallel processes:                                1
 Maximum vector length in NumInt loops:                 128



 =====================
 S C F   U P D A T E S
 =====================
  
 Max. nr. of cycles:                               300
 Convergence criterion:                              0.0000000100
   secondary criterion:                              0.0000000100

 Mix parameter (when DIIS does not apply):           0.2000000000
 Special mix parameter for the first cycle:          1.0000000000
 Mixed ADIIS+SDIIS will be used                  
    Max number of expansion vectors:                10
    Pure ADIIS when Max([F,P]) is above              0.1000000000
    Pure SDIIS when Max([F,P]) is below              0.0010000000
 Automatic ElectronSmearing (in case of problematic SCF convergence) disabled



 =================
 P R E C I S I O N  ***  (General: NumInt, NeglectFunctionTails, ...)  ***
 =================
  

 NumInt:           Target precision:                12.0000000000
 -------           Initial precision:               10.0000000000
                   Min. precision (optimization):   10.0000000000

 Neglect Functions:          Basis functions:        0.1000000000E-13
 ------------------          Fit functions:          0.1000000000E-13



 ===========================
 L I N E A R   S C A L I N G
 ===========================
  

 Cut-off radii density fit:                        0.1000000000E-97
 Overlap cut-off criterion AO matrix elements:     0.1000000000E-97
 Cut-offs for Coulomb potential and fitted density:0.1000000000E-97
 Cut-off criterion for Coulomb multipole terms:    0.1000000000E-97
 Progressive Convergence parameter:                 0.000000000    
1
 ***************************************************************************************************



                                            ***************************
                                            *  C O M P U T A T I O N  *
                                            ***************************
  

 Number of elements of the density matrix on this node (used, total):      1035      1035



 ===========================================
 Numerical Integration : Fuzzy Cells (Becke)
 ===========================================
  
 Becke grid quality: VERYGOOD       
  
 Lebedev angular grid order:             min:  13 max:  41
 Nr. of radial points:                   min:  93 max:  93

 Total nr. of points:         93
 Nr. of blocks:                1
 Block length:                93
 Nr. of dummy points:          0


 Test of Precision of the Numerical Integration Grid
 ===================================================

 Integral of the Total Core Density:                  18.00000012814097
 Relative Error:                                       7.119E-09



 ========================
 Density Fitting (zlmFit)
 ========================
  
 ZlmFit Fit Quality: VERYGOOD       
  
 Max L-expansion:                        min:   0 max:   0
 Nr. of radial interpolation points:     min: 220 max: 220



 =====
 S C F  ***  ScaSCF  ***
 =====
  

 CYCLE    1
 SCF Error: norm([F,P])=      0.000000000000, max([F,P])=      0.000000000000
 orbitals (Q,E):
 ---------------
 S :1...3            ( 2.00   -10.9066)  ( 0.00    -5.8456)  ( 0.00    -3.5132)
 P :1...3            ( 3.00    -9.5557)  ( 0.00    -4.8098)  ( 0.00    -2.6649)
 D :1...4            (10.00   -18.7917)  ( 0.00    -8.9303)  ( 0.00    -4.6064)  ( 0.00    -0.6267)

 CYCLE    2
  SDIIS (wt  0.000):  1.0000 -0.0000
 A-DIIS (wt  1.000):  0.1740  0.8260
  DIIS coefficients:  0.1740  0.8260
 SCF Error: norm([F,P])=     19.199592758926, max([F,P])=      5.598053547829
 orbitals (Q,E):
 ---------------
 S :1...2            ( 2.00    -1.2636)  ( 0.00    -0.4287)
 P :1...2            ( 3.00    -0.8821)  ( 0.00    -0.3651)
 D :1...2            (10.00    -1.4435)  ( 0.00    -0.3676)

 CYCLE    3
  SDIIS (wt  0.000):  0.2866  0.7134
 A-DIIS (wt  1.000):  0.1246  0.8754
  DIIS coefficients:  0.1246  0.8754
 SCF Error: norm([F,P])=      8.674651484537, max([F,P])=      2.962334885290
 orbitals (Q,E):
 ---------------
 S :1...2            ( 2.00    -0.6044)  ( 0.00     0.1421)
 P :1...2            ( 3.00    -0.2128)  ( 0.00    -0.0262)
 D :1...2            (10.00    -2.6624)  ( 0.00     0.2539)

 CYCLE    4
  SDIIS (wt  0.000): -0.1308  0.2902  0.8407
 A-DIIS (wt  1.000):  0.0000  0.2682  0.7318
  DIIS coefficients:  0.0000  0.2682  0.7318
 SCF Error: norm([F,P])=      5.589970191324, max([F,P])=      1.814482428551
 orbitals (Q,E):
 ---------------
 S :1...2            ( 2.00    -0.4510)  ( 0.00     0.1720)
 P :1...2            ( 3.00    -0.1415)  ( 0.00     0.0773)
 D :1...2            (10.00    -1.1679)  ( 0.00     0.2734)

 CYCLE    5
  SDIIS (wt  0.000): -0.0276 -0.0386  0.2689  0.7972
 A-DIIS (wt  1.000):  0.0000  0.0000  0.0103  0.9897
  DIIS coefficients:  0.0000  0.0000  0.0103  0.9897
 SCF Error: norm([F,P])=      1.706542539946, max([F,P])=      0.528926835340
 orbitals (Q,E):
 ---------------
 S :1...2            ( 2.00    -0.6736)  ( 0.00     0.0800)
 P :1...2            ( 3.00    -0.2957)  ( 0.00     0.0613)
 D :1...2            (10.00    -1.9740)  ( 0.00     0.1542)

 CYCLE    6
  SDIIS (wt  0.000):  0.0045 -0.0317 -0.0736  0.5550  0.5458
 A-DIIS (wt  1.000):  0.0000  0.0000  0.0000  0.5346  0.4654
  DIIS coefficients:  0.0000  0.0000  0.0000  0.5346  0.4654
 SCF Error: norm([F,P])=      1.850230601511, max([F,P])=      0.571096941777
 orbitals (Q,E):
 ---------------
 S :1...2            ( 2.00    -0.5452)  ( 0.00     0.1335)
 P :1...2            ( 3.00    -0.2024)  ( 0.00     0.0943)
 D :1...2            (10.00    -1.5222)  ( 0.00     0.2202)

 CYCLE    7
  SDIIS (wt  0.805): -0.0006 -0.0035  0.0185  0.0266 -0.0785  1.0374
 A-DIIS (wt  0.195):  0.0000  0.0000  0.0000  0.0000  0.0000  1.0000
  DIIS coefficients: -0.0005 -0.0028  0.0149  0.0214 -0.0632  1.0302
 SCF Error: norm([F,P])=      0.068334999667, max([F,P])=      0.020259629685
 orbitals (Q,E):
 ---------------
 S :1...2            ( 2.00    -0.5302)  ( 0.00     0.1425)
 P :1...2            ( 3.00    -0.1907)  ( 0.00     0.1003)
 D :1...2            (10.00    -1.4921)  ( 0.00     0.2298)

 CYCLE    8
  SDIIS (wt  0.958): -0.0001 -0.0004  0.0010 -0.0000  0.0019  0.0685  0.9292
 A-DIIS (wt  0.042):  0.0000  0.0000  0.0000  0.0000  0.0000  0.0000  1.0000
  DIIS coefficients: -0.0001 -0.0004  0.0009 -0.0000  0.0019  0.0656  0.9322
 SCF Error: norm([F,P])=      0.017145088197, max([F,P])=      0.005175763861
 orbitals (Q,E):
 ---------------
 S :1...2            ( 2.00    -0.5312)  ( 0.00     0.1421)
 P :1...2            ( 3.00    -0.1914)  ( 0.00     0.0999)
 D :1...2            (10.00    -1.4963)  ( 0.00     0.2294)

 CYCLE    9
  SDIIS (wt  1.000): -0.0000 -0.0000  0.0001  0.0004 -0.0004  0.0044  0.0310  0.9645
  DIIS coefficients: -0.0000 -0.0000  0.0001  0.0004 -0.0004  0.0044  0.0310  0.9645
 SCF Error: norm([F,P])=      0.000953701374, max([F,P])=      0.000286129434
 orbitals (Q,E):
 ---------------
 S :1...2            ( 2.00    -0.5311)  ( 0.00     0.1422)
 P :1...2            ( 3.00    -0.1913)  ( 0.00     0.0998)
 D :1...2            (10.00    -1.4961)  ( 0.00     0.2294)

 CYCLE   10
  SDIIS (wt  1.000):  0.0000 -0.0000 -0.0000  0.0000 -0.0004 -0.0028 -0.0791  1.0823
  DIIS coefficients:  0.0000 -0.0000 -0.0000  0.0000 -0.0004 -0.0028 -0.0791  1.0823
 SCF Error: norm([F,P])=      0.000008950577, max([F,P])=      0.000002946709
 orbitals (Q,E):
 ---------------
 S :1...2            ( 2.00    -0.5311)  ( 0.00     0.1422)
 P :1...2            ( 3.00    -0.1913)  ( 0.00     0.0998)
 D :1...2            (10.00    -1.4961)  ( 0.00     0.2294)

 CYCLE   11
  SDIIS (wt  1.000):  0.0000 -0.0000 -0.0002  0.0225  0.9777
  DIIS coefficients:  0.0000 -0.0000 -0.0002  0.0225  0.9777
 SCF Error: norm([F,P])=      0.000000209867, max([F,P])=      0.000000103319
 orbitals (Q,E):
 ---------------
 S :1...2            ( 2.00    -0.5311)  ( 0.00     0.1422)
 P :1...2            ( 3.00    -0.1913)  ( 0.00     0.0998)
 D :1...2            (10.00    -1.4961)  ( 0.00     0.2294)

 CYCLE   12
  SDIIS (wt  1.000):  0.0000  0.0000  0.0001  0.0101  0.9898
  DIIS coefficients:  0.0000  0.0000  0.0001  0.0101  0.9898
 SCF Error: norm([F,P])=      0.000000001785, max([F,P])=      0.000000000917
 orbitals (Q,E):
 ---------------
 S :1...2            ( 2.00    -0.5311)  ( 0.00     0.1422)
 P :1...2            ( 3.00    -0.1913)  ( 0.00     0.0998)
 D :1...2            (10.00    -1.4961)  ( 0.00     0.2294)

 SCF CONVERGED

 CYCLE   13
1
 ***************************************************************************************************



                                                *******************
                                                *  R E S U L T S  *
                                                *******************
  
 *** Using FIT density in Focky
  SDIIS (wt  1.000):  0.0000  0.0000 -0.0226  1.0226
  DIIS coefficients:  0.0000  0.0000 -0.0226  1.0226
 SCF Error: norm([F,P])=      0.000000000051, max([F,P])=      0.000000000021

 Scaled ZORA Orbital Energies, per Irrep and Spin:
 =================================================
                        Occup              E (au)              E (eV)       Diff (eV) with prev. cycle
                        -----      --------------------        ------       --------------------------
 S
               1        2.000     -0.53114466722003E+00       -14.453               6.62E-10
               2        0.000      0.14215438596604E+00         3.868
               3        0.000      0.17216142752443E+01        46.848
 P
               1        3.000     -0.19132943979086E+00        -5.206               5.49E-10
               2        0.000      0.99809755452340E-01         2.716
               3        0.000      0.10339434996014E+01        28.135
 D
               1       10.000     -0.14961022381771E+01       -40.711               9.21E-10
               2        0.000      0.22939657187106E+00         6.242
               3        0.000      0.20969152317437E+01        57.060
               4        0.000      0.15338867230161E+02       417.392


 Partially Occupied:
               1 P                -0.19132943979086E+00
  
 HOMO :        1 S                -0.53114466722003E+00
 LUMO :        2 P                 0.99809755452340E-01
  


 Orbital Energies, all Irreps
 ========================================

 Irrep        no.  (spin)   Occup              E (au)                E (eV)
 ---------------------------------------------------------------------------
 D             1            10.00       -0.14961022381771E+01       -40.7110
 S             1             2.00       -0.53114466722003E+00       -14.4532
 P             1             3.00       -0.19132943979086E+00        -5.2063
 P             2             0.00        0.99809755452340E-01         2.7160
 S             2             0.00        0.14215438596604E+00         3.8682
 D             2             0.00        0.22939657187106E+00         6.2422
 P             3             0.00        0.10339434996014E+01        28.1350
 S             3             0.00        0.17216142752443E+01        46.8475
 D             3             0.00        0.20969152317437E+01        57.0600
 D             4             0.00        0.15338867230161E+02       417.3918


 Scaled ZORA Orbital Energies of the Core Orbitals:
 ==================================================

 (Note that the atoms are grouped by atomtype, see the labels, and may hence NOT be in input order)

 AtomType  Orbital  Atom                   E (au)                        E (eV)
 --------  -------  ----           --------------------        ----------------
 As          1S        1          -0.43028437600576E+03              -11708.634
             2S        1          -0.54574102667993E+02               -1485.037
             3S        1          -0.69765525152922E+01                -189.842
             2P        1          -0.47878984002603E+02               -1302.853
             3P        1          -0.49149829778856E+01                -133.743



 =======================================
 M U L L I K E N   P O P U L A T I O N S
 =======================================
  
 The survey below gives for each atom:
 a) the total charge (Z minus electrons)
 b) the net spin polarization (nr of electrons spin-A minus spin-B)
 c) for each spin the atomic electron valence density (integrated) per L-value.

 Atom              Charge    Spin density          S         P         D         F
 ----              ------    ------------       ------    ------    ------    ------
 1 As              0.0000                       2.0000    3.0000   10.0000    0.0000

 Populations of individual BAS functions
 ----------------------------------------
 1 As          -0.0021 -0.0018  0.0364  0.0011  0.0011  0.0011  0.0117  0.0117  0.0117  0.2817
                0.4225  0.4225  0.2817  0.4225  0.2817  0.7664  1.1496  1.1496  0.7664  1.1496
                0.7664  0.2854  0.4280  0.4280  0.2854  0.4280  0.2854  0.3561  1.0521  0.5593
                0.1502  0.1502  0.1502  0.5888  0.5888  0.5888  0.2482  0.2482  0.2482 -0.0001
               -0.0001 -0.0001 -0.0001 -0.0001 -0.0001

 Gross Charges per Atom (Z minus electrons)
 ==========================================
             0.0000
 Net Total:  0.00000000



 =======================================================================
 Electrostatic potential at the Nuclei due to electrons and other nuclei
 =======================================================================
  
         Atom                  Potential
         ----                  ---------
     1)   As                165.27994216
 
 
 ========================
 No memory problems found
 ========================
 
 Maximum number of active allocate calls:         389
 
 *******************************************************************************

                             A D F   E X I T
 NORMAL TERMINATION



 =================
 Timing Statistics
 =================
  
 Total Used :                     CPU=        0.70      System=        0.03     Elapsed=        0.83

 Calls  Section                     ( Mean, Percentage )
 ---------------------------------------------------------------------------------------------------
     3  ><      ................      0.00    0.00             0.00   14.29             0.00    0.80
     1  INIT    ................      0.06    8.57             0.01   28.57             0.10   11.73
     1  GEOMET  ................      0.02    2.86             0.00    0.00             0.03    3.72
     1  INPUTA  ................      0.00    0.57             0.00    0.00             0.00    0.49
     1  MAINSY  ................      0.02    2.29             0.00    0.00             0.02    2.66
     1  SYMFIT  ................      0.00    0.00             0.00    0.00             0.00    0.20
     1  CORORT  ................      0.00    0.57             0.00    0.00             0.00    0.32
     1  SYMORB  ................      0.00    0.00             0.00    0.00             0.00    0.11
     1  CLSMAT  ................      0.00    0.57             0.00    0.00             0.01    0.86
     1  ORTHON  ................      0.01    1.14             0.00    0.00             0.01    0.80
     1  GENPT   ................      0.02    2.86             0.00    0.00             0.02    2.84
     1  PTBAS   ................      0.00    0.57             0.00    0.00             0.01    0.80
    13  FOCKY   ................      0.04   69.14             0.00   14.29             0.04   59.91
    13  FOCKTR  ................      0.00    0.57             0.00    0.00             0.00    0.95
    13  SDIIS   ................      0.00    4.00             0.00    0.00             0.00    6.55
     1  COREPS  ................      0.03    4.00             0.00   14.29             0.03    4.06
     1  POPAN   ................      0.00    0.57             0.00   14.29             0.01    0.77
     1  DEBYE   ................      0.00    0.00             0.00    0.00             0.00    0.39
     1  EXIT PROCEDURE .........      0.01    1.71             0.00   14.29             0.02    2.05


 Currently Open Files (EXIT00)
 ====================

 Unit    Access Format  Status   Type       Ident (file)
 -------------------------------------------------------
   3      SEQ    FORM   TRANSP  NORMAL      LOGFILE
                                          ( logfile )

 ***************************************************************************************************
 (LOGFILE)
 <Jun25-2026> <11:34:14>  DIRAC 2019  RunTime: Jun25-2026 11:34:14  Nodes: 1  Procs: 1
 <Jun25-2026> <11:34:15>  NORMAL TERMINATION
 <Jun25-2026> <11:34:15>  END
 <Jun25-2026> <11:34:15>  ADF 2019  RunTime: Jun25-2026 11:34:15  Nodes: 1  Procs: 1
 <Jun25-2026> <11:34:15>  Arsenic (TZP, 3p frozen)
 <Jun25-2026> <11:34:15>  RunType   : CREATE
 <Jun25-2026> <11:34:15>  Net Charge: 0 (Nuclei minus Electrons)
 <Jun25-2026> <11:34:15>  Symmetry  : ATOM
  Coordinates
    Atom         X           Y           Z   (Angstrom)
    1.As        0.000000    0.000000    0.000000
 <Jun25-2026> <11:34:15>  >>>> CORORT
 <Jun25-2026> <11:34:15>  >>>> CLSMAT
 <Jun25-2026> <11:34:15>  >>>> ORTHON
 <Jun25-2026> <11:34:15>  >>>> GENPT
 <Jun25-2026> <11:34:15>  Block Length=  93
 <Jun25-2026> <11:34:15>  >>>> PTBAS
 <Jun25-2026> <11:34:15>  >>>> CYCLE
 <Jun25-2026> <11:34:15>              |Error|         MaxErr       Wt(A-DIIS)
 <Jun25-2026> <11:34:15>      1      0.00000000      0.00000000
 <Jun25-2026> <11:34:15>      2     19.19959276      5.59805355    100.0
 <Jun25-2026> <11:34:15>      3      8.67465148      2.96233489    100.0
 <Jun25-2026> <11:34:16>      4      5.58997019      1.81448243    100.0
 <Jun25-2026> <11:34:16>      5      1.70654254      0.52892684    100.0
 <Jun25-2026> <11:34:16>      6      1.85023060      0.57109694    100.0
 <Jun25-2026> <11:34:16>      7      0.06833500      0.02025963     19.5
 <Jun25-2026> <11:34:16>      8      0.01714509      0.00517576      4.2
 <Jun25-2026> <11:34:16>      9      0.00095370      0.00028613      0.0
 <Jun25-2026> <11:34:16>     10      0.00000895      0.00000295      0.0
 <Jun25-2026> <11:34:16>     11      0.00000021      0.00000010      0.0
 <Jun25-2026> <11:34:16>     12      0.00000000      0.00000000      0.0
 <Jun25-2026> <11:34:16>  SCF converged
 <Jun25-2026> <11:34:16>     13      0.00000000      0.00000000      0.0
 <Jun25-2026> <11:34:16>  >>>> POPAN
 <Jun25-2026> <11:34:16>  >>>> DEBYE
 <Jun25-2026> <11:34:16>  NORMAL TERMINATION
 <Jun25-2026> <11:34:16>  END

 *******************************************************************************
 *                                                                             *
 *  -------------------------------------                                      *
 *   Amsterdam Density Functional  (ADF)         2019                          *
 *  -------------------------------------                                      *
 *                                               r74351 2019-04-25             *
 *                                                                             *
 *                                                                             *
 *                            =====================                            *
 *                            |                   |                            *
 *                            |     D I R A C     |                            *
 *                            |                   |                            *
 *                            =====================                            *
 *                                                                             *
 *                                                                             *
 *   Online information and documentation:  https://www.scm.com/support/       *
 *   E-mail:  support@scm.com   info@scm.com                                   *
 *                                                                             *
 *   Scientific publications using ADF results must be properly referenced     *
 *   See the User Manuals (or the web site) for recommended citations          *
 *   The terms and conditions of the End User License Agreement apply to       *
 *   the use of ADF, https://www.scm.com/license-terms/                        *
 *                                                                             *
 **********************  x86_64_linux_intel / intelmpi  ************************
 
 Licensed to: Dr. Carles Bo / Institute of Chemical Research of Catalonia ( (ICIQ) / Tarragona / Spain 2025-12-15 16:27:40
 SCM User ID: u7609
  
 DIRAC 2019  RunTime: Jun25-2026 11:34:16  Nodes: 1  Procs: 1

 Temporary files are created in /scratch/kid_0.967865906

1
 OXYGEN ATOM 1s CORE RELATIVISTIC, Point Nuc, A and c from li
 N J RN H ZN XION ANUC CLIGHT
 5000    4100.00000000197.36710137  8.00000000  0.00000000   15.994914  0.1370360E+03
  PH   PHI     EPS        DEL        DELRVR
  0.30  0.30     2500.00  0.00001000  0.00001000
 IDIRC  NC1  NDEBU NPRIN  IPUN IRCOR IWCOR
   1   300     0     0     0     0     1
   XALPHA      XLATTER      RNUC
  0.70000000  0.00000000  0.00000000 Point Charge
   XN   XL   XJ      XE          XZ      XDELL
  1.0  0.0  0.5      -5.000       2.000     0.00000
  2.0  0.0  0.5      -1.000       2.000     0.00000
  2.0  1.0  0.5      -1.000       2.000     0.00000
  2.0  1.0  1.5      -1.000       2.000     0.00000
 ICORP=  0  NPCL=  0  DEMP=0.00  PEPS=0.000000
 R(1)=  0.1000000E-08 D=  0.1005080E+01 RNUC=  0.0000000E+00
 converged at cycle   28  DENSITY AVERAGING    0.2400
  MAXIMUM ERROR IN R.V(R) IS   0.81125670E-05
 Q,EY,EV,EZ,ESUM,ETOT,RHO  0.800000E+01 -0.101247E+02 -0.114961E+03 -0.177573E+03 -0.405053E+02 -0.743427E+02  0.414766E-14


 DIRAC CALCULATION
1                    OXYGEN ATOM 1s CORE RELATIVISTIC, Point Nuc, A and c from libtc


 EXCHANGE COEFFICIENT=  0.7000000           TAIL CORRECTION=  0.           NUCLEAR RADIUS=  0.000E+00
0                       ORBITAL    N    L    J     ELECTRONS     EIGENVALUE                DELTA OF EIGENV.

                          1S1/2  1.0  0.0  0.5     2.000       -0.1880014E+02                 0.7264358E-06
                          2S1/2  2.0  0.0  0.5     2.000       -0.8412236E+00                 0.5932752E-05
                          2P1/2  2.0  1.0  0.5     2.000       -0.3063203E+00                 0.5998471E-05
                          2P3/2  2.0  1.0  1.5     2.000       -0.3049609E+00                 0.5986971E-05


                                        NUCLEAR CHARGE=    8.000000
                            INTEGRAL OF CHARGE DENSITY=    8.000000
                           SUM OF THE ORBITAL ENERGIES=    -40.5053
                                          TOTAL ENERGY=    -74.3427
                                        KINETIC ENERGY=     74.4552
                             NUCLEAR ATTRACTION ENERGY=   -177.5730
                             ELECTRON REPULSION ENERGY=     36.3686
                                       EXCHANGE ENERGY=     -7.5935

 *******************************************************************************

                             D I R A C   E X I T
 NORMAL TERMINATION



 =================
 Timing Statistics
 =================
  
 Total Used :                     CPU=        0.13      System=        0.00     Elapsed=        0.15

 Calls  Section                     ( Mean, Percentage )
 ---------------------------------------------------------------------------------------------------
     2  ><      ................      0.00    0.00             0.00    0.00             0.00    0.00
     1  EXIT PROCEDURE .........      0.13  100.00             0.00    0.00             0.15  100.00


 Currently Open Files (EXIT00)
 ====================

 Unit    Access Format  Status   Type       Ident (file)
 -------------------------------------------------------
   3      SEQ    FORM   TRANSP  NORMAL      LOGFILE
                                          ( logfile )
 
Create O   file=TZP-O.1s
XC
  GGA PBE
End
relativistic ZORA
Corepotentials t12.rel
End

 *******************************************************************************
 *                                                                             *
 *  -------------------------------------                                      *
 *   Amsterdam Density Functional  (ADF)         2019                          *
 *  -------------------------------------                                      *
 *                                               r74351 2019-04-25             *
 *                                                                             *
 *                                                                             *
 *                              =================                              *
 *                              |               |                              *
 *                              |     A D F     |                              *
 *                              |               |                              *
 *                              =================                              *
 *                                                                             *
 *                                                                             *
 *   Online information and documentation:  https://www.scm.com/support/       *
 *   E-mail:  support@scm.com   info@scm.com                                   *
 *                                                                             *
 *   Scientific publications using ADF results must be properly referenced     *
 *   See the User Manuals (or the web site) for recommended citations          *
 *   The terms and conditions of the End User License Agreement apply to       *
 *   the use of ADF, https://www.scm.com/license-terms/                        *
 *                                                                             *
 **********************  x86_64_linux_intel / intelmpi  ************************
 
 Licensed to: Dr. Carles Bo / Institute of Chemical Research of Catalonia ( (ICIQ) / Tarragona / Spain 2025-12-15 16:27:40
 SCM User ID: u7609
  
 ADF 2019  RunTime: Jun25-2026 11:34:16  Nodes: 1  Procs: 1

 Temporary files are created in /scratch/kid_0.2014962225

 Oxygen (TZP, 1s frozen)



 ===========================
 A T T A C H E D   F I L E S
 ===========================
  
 CREATE - Data File:    TZP-O.1s
                        Oxygen (TZP, 1s frozen)
 Core Potentials:
         file : t12.rel



 ===============================
 M O D E L   P A R A M E T E R S
 ===============================
  
 DENSITY FUNCTIONAL POTENTIAL (scf)
    LDA:                               PW92                                    == Not Default ==
    Gradient Corrections:              PBEc PBEx                               == Not Default ==

 SPIN  (restricted / unrestr.)
    Molecule:                          Restricted                               

 OTHER ASPECTS
    Relativistic Corrections:          scalar (ZORA,MAPA)                      == Not Default ==

    Nuclear Charge Density Model:      Point Charge Nuclei                      
    Core Treatment:                    Frozen Orbital(s)                        

    Hyperfine or Zeeman Interaction:   ---                                      



 =====================================
 S Y M M E T R Y ,   E L E C T R O N S
 =====================================
  
 Symmetry: ATOM

 Irreducible Representations, including subspecies
 -------------------------------------------------
 S
 P:x  P:y  P:z
 D:z2  D:x2-y2  D:xy  D:xz  D:yz
 F:z3  F:z  F:xyz  F:z2x  F:z2y  F:x  F:y


 Configuration of Valence Electrons
 ==================================

          Occupation Numbers
          -------------------------------------------------
 S        2
 P        4
 D        0
 F        0
          -------------------------------------------------

 Total:   6

 Net Charge: 0 (Nuclei minus Electrons)

 Preset values for MO occupations will be applied through SCF cycle no. 1000000
 Thereafter, the program will assign electrons to MOs that are spatially
 similar to the occupied MOs in a "reference" cycle ("KeepOrbitals").
 The reference cycle is always the PREVIOUS cycle: it will evolve with
 the SCF procedure.



 ================================
 (Slater-type)  F U N C T I O N S  ***  (Basis and Fit)  ***
 ================================
  

 Atom Type    1  (O)
 ==============

 Valence Basis Sets:   8
 -----------------------
   1 S    7.360000
   2 S    1.720000
   2 S    2.880000
   2 S    7.580000
   2 P    1.120000
   2 P    2.080000
   2 P    4.080000
   3 D    2.000000

 Frozen Core Shells
 ------------------
    S:  1


 BAS: List of all Elementary Cartesian Basis Functions
 =====================================================

 The numbering in the list below (to the right of the function characteristics) is referred
 to in print-outs of MO eigenvectors and Mulliken populations in the BAS representation
 (as contrasted to the SFO representation).

 Notes:
 1. The functions are characterized by a polynomial prefactor (powers of x,y,z and r) and
    an exponential decay factor alpha.
 2. Since the basis sets are specific for an atom TYPE, the individual functions occur on
    all atoms of that type.
 3. The word 'Core' in the left margin signals that it is a Core Function (CF) : not a
    degree of freedom in the valence set, but only used to ensure orthogonalization of
    the other valence basis functions on the frozen Core Orbitals.


 (power of) X  Y  Z  R     Alpha  on Atom
            ==========     =====     ==========

 O                                    1
                                  ---------------------------------------------------------------------------
    Core    0  0  0  0     7.360      1
            0  0  0  1     1.720      2
            0  0  0  1     2.880      3
            0  0  0  1     7.580      4
            1  0  0  0     1.120      5
            0  1  0  0     1.120      6
            0  0  1  0     1.120      7
            1  0  0  0     2.080      8
            0  1  0  0     2.080      9
            0  0  1  0     2.080     10
            1  0  0  0     4.080     11
            0  1  0  0     4.080     12
            0  0  1  0     4.080     13
            2  0  0  0     2.000     14
            1  1  0  0     2.000     15
            1  0  1  0     2.000     16
            0  2  0  0     2.000     17
            0  1  1  0     2.000     18
            0  0  2  0     2.000     19

 Total number of charge fitting functions (nprimf)        82
 Total number of Cartesian basis functions (naos)         19
 Total number of Cartesian core functions  (ncos)          1



 BAS: List of all Elementary Cartesian Basis Functions
 =====================================================

 The numbering in the list below (to the right of the function characteristics) is referred
 to in print-outs of MO eigenvectors and Mulliken populations in the BAS representation
 (as contrasted to the SFO representation).

 Notes:
 1. The functions are characterized by a polynomial prefactor (powers of x,y,z and r) and
    an exponential decay factor alpha.
 2. Since the basis sets are specific for an atom TYPE, the individual functions occur on
    all atoms of that type.
 3. The word 'Core' in the left margin signals that it is a Core Function (CF) : not a
    degree of freedom in the valence set, but only used to ensure orthogonalization of
    the other valence basis functions on the frozen Core Orbitals.


 (power of) X  Y  Z  R     Alpha  on Atom
            ==========     =====     ==========

 O                                    1
                                  ---------------------------------------------------------------------------
    Core    0  0  0  0     7.360      1
            0  0  0  1     1.720      2
            0  0  0  1     2.880      3
            0  0  0  1     7.580      4
            1  0  0  0     1.120      5
            0  1  0  0     1.120      6
            0  0  1  0     1.120      7
            1  0  0  0     2.080      8
            0  1  0  0     2.080      9
            0  0  1  0     2.080     10
            1  0  0  0     4.080     11
            0  1  0  0     4.080     12
            0  0  1  0     4.080     13
            2  0  0  0     2.000     14
            1  1  0  0     2.000     15
            1  0  1  0     2.000     16
            0  2  0  0     2.000     17
            0  1  1  0     2.000     18
            0  0  2  0     2.000     19
1
 ***************************************************************************************************



                                              ***********************
                                              *  T E C H N I C A L  *
                                              ***********************
  



 =============================================================
 P A R A L L E L I Z A T I O N  and  V E C T O R I Z A T I O N
 =============================================================
  
 Nr of parallel processes:                                1
 Maximum vector length in NumInt loops:                 128



 =====================
 S C F   U P D A T E S
 =====================
  
 Max. nr. of cycles:                               300
 Convergence criterion:                              0.0000000100
   secondary criterion:                              0.0000000100

 Mix parameter (when DIIS does not apply):           0.2000000000
 Special mix parameter for the first cycle:          1.0000000000
 Mixed ADIIS+SDIIS will be used                  
    Max number of expansion vectors:                10
    Pure ADIIS when Max([F,P]) is above              0.1000000000
    Pure SDIIS when Max([F,P]) is below              0.0010000000
 Automatic ElectronSmearing (in case of problematic SCF convergence) disabled



 =================
 P R E C I S I O N  ***  (General: NumInt, NeglectFunctionTails, ...)  ***
 =================
  

 NumInt:           Target precision:                12.0000000000
 -------           Initial precision:               10.0000000000
                   Min. precision (optimization):   10.0000000000

 Neglect Functions:          Basis functions:        0.1000000000E-13
 ------------------          Fit functions:          0.1000000000E-13



 ===========================
 L I N E A R   S C A L I N G
 ===========================
  

 Cut-off radii density fit:                        0.1000000000E-97
 Overlap cut-off criterion AO matrix elements:     0.1000000000E-97
 Cut-offs for Coulomb potential and fitted density:0.1000000000E-97
 Cut-off criterion for Coulomb multipole terms:    0.1000000000E-97
 Progressive Convergence parameter:                 0.000000000    
1
 ***************************************************************************************************



                                            ***************************
                                            *  C O M P U T A T I O N  *
                                            ***************************
  

 Number of elements of the density matrix on this node (used, total):       190       190



 ===========================================
 Numerical Integration : Fuzzy Cells (Becke)
 ===========================================
  
 Becke grid quality: VERYGOOD       
  
 Lebedev angular grid order:             min:  13 max:  41
 Nr. of radial points:                   min:  68 max:  68

 Total nr. of points:         68
 Nr. of blocks:                1
 Block length:                68
 Nr. of dummy points:          0


 Test of Precision of the Numerical Integration Grid
 ===================================================

 Integral of the Total Core Density:                   1.99999999865610
 Relative Error:                                      -6.720E-10



 ========================
 Density Fitting (zlmFit)
 ========================
  
 ZlmFit Fit Quality: VERYGOOD       
  
 Max L-expansion:                        min:   0 max:   0
 Nr. of radial interpolation points:     min: 140 max: 140



 =====
 S C F  ***  ScaSCF  ***
 =====
  

 CYCLE    1
 SCF Error: norm([F,P])=      0.000000000000, max([F,P])=      0.000000000000
 orbitals (Q,E):
 ---------------
 S :1...3            ( 2.00    -5.3654)  ( 0.00    -2.2073)  ( 0.00    23.6692)
 P :1...3            ( 4.00    -5.0045)  ( 0.00    -2.0150)  ( 0.00    -0.3846)
 D :1...1            ( 0.00    -2.0410)

 CYCLE    2
 SCF Error: norm([F,P])=      4.562993374873, max([F,P])=      2.528971113813
 orbitals (Q,E):
 ---------------
 S :1...2            ( 2.00    -0.1548)  ( 0.00     1.6948)
 P :1...2            ( 4.00     0.1773)  ( 0.00     0.9552)
 D :1...1            ( 0.00     1.4649)

 CYCLE    3
  SDIIS (wt  0.000):  0.3378  0.6622
 A-DIIS (wt  1.000):  0.4814  0.5186
  DIIS coefficients:  0.4814  0.5186
 SCF Error: norm([F,P])=      2.723155250500, max([F,P])=      1.798667049295
 orbitals (Q,E):
 ---------------
 S :1...2            ( 2.00    -1.1093)  ( 0.00     0.7549)
 P :1...2            ( 4.00    -0.5518)  ( 0.00     0.2590)
 D :1...1            ( 0.00     0.8910)

 CYCLE    4
  SDIIS (wt  0.000):  0.0919  0.9081
 A-DIIS (wt  1.000):  0.0000  1.0000
  DIIS coefficients:  0.0000  1.0000
 SCF Error: norm([F,P])=      0.289027138405, max([F,P])=      0.130648623511
 orbitals (Q,E):
 ---------------
 S :1...2            ( 2.00    -0.7707)  ( 0.00     0.9912)
 P :1...2            ( 4.00    -0.2284)  ( 0.00     0.4046)
 D :1...1            ( 0.00     1.1288)

 CYCLE    5
  SDIIS (wt  0.000):  0.0260  0.6740  0.3001
 A-DIIS (wt  1.000):  0.0000  0.5764  0.4236
  DIIS coefficients:  0.0000  0.5764  0.4236
 SCF Error: norm([F,P])=      0.416615089426, max([F,P])=      0.232643669786
 orbitals (Q,E):
 ---------------
 S :1...2            ( 2.00    -0.8764)  ( 0.00     0.9107)
 P :1...2            ( 4.00    -0.3280)  ( 0.00     0.3557)
 D :1...1            ( 0.00     1.0703)

 CYCLE    6
  SDIIS (wt  0.942):  0.0005  0.0237 -0.0203  0.9960
 A-DIIS (wt  0.058):  0.0000  0.0000  0.0000  1.0000
  DIIS coefficients:  0.0005  0.0224 -0.0191  0.9962
 SCF Error: norm([F,P])=      0.013723272809, max([F,P])=      0.006719036732
 orbitals (Q,E):
 ---------------
 S :1...2            ( 2.00    -0.8830)  ( 0.00     0.9058)
 P :1...2            ( 4.00    -0.3343)  ( 0.00     0.3521)
 D :1...1            ( 0.00     1.0657)

 CYCLE    7
  SDIIS (wt  1.000): -0.0000  0.0016  0.0023  0.0424  0.9537
  DIIS coefficients: -0.0000  0.0016  0.0023  0.0424  0.9537
 SCF Error: norm([F,P])=      0.001103645928, max([F,P])=      0.000634039171
 orbitals (Q,E):
 ---------------
 S :1...2            ( 2.00    -0.8827)  ( 0.00     0.9060)
 P :1...2            ( 4.00    -0.3340)  ( 0.00     0.3523)
 D :1...1            ( 0.00     1.0659)

 CYCLE    8
  SDIIS (wt  1.000): -0.0000 -0.0001  0.0000 -0.0032  0.0268  0.9765
  DIIS coefficients: -0.0000 -0.0001  0.0000 -0.0032  0.0268  0.9765
 SCF Error: norm([F,P])=      0.000035919805, max([F,P])=      0.000020263970
 orbitals (Q,E):
 ---------------
 S :1...2            ( 2.00    -0.8827)  ( 0.00     0.9060)
 P :1...2            ( 4.00    -0.3340)  ( 0.00     0.3522)
 D :1...1            ( 0.00     1.0659)

 CYCLE    9
  SDIIS (wt  1.000): -0.0000  0.0008  0.0188  0.9804
  DIIS coefficients: -0.0000  0.0008  0.0188  0.9804
 SCF Error: norm([F,P])=      0.000000326384, max([F,P])=      0.000000183924
 orbitals (Q,E):
 ---------------
 S :1...2            ( 2.00    -0.8827)  ( 0.00     0.9060)
 P :1...2            ( 4.00    -0.3340)  ( 0.00     0.3522)
 D :1...1            ( 0.00     1.0659)

 CYCLE   10
  SDIIS (wt  1.000):  0.0000  0.0003  0.9996
  DIIS coefficients:  0.0000  0.0003  0.9996
 SCF Error: norm([F,P])=      0.000000000559, max([F,P])=      0.000000000306
 orbitals (Q,E):
 ---------------
 S :1...2            ( 2.00    -0.8827)  ( 0.00     0.9060)
 P :1...2            ( 4.00    -0.3340)  ( 0.00     0.3522)
 D :1...1            ( 0.00     1.0659)

 SCF CONVERGED

 CYCLE   11
1
 ***************************************************************************************************



                                                *******************
                                                *  R E S U L T S  *
                                                *******************
  
 *** Using FIT density in Focky
  SDIIS (wt  1.000): -0.0000  0.0143  0.9857
  DIIS coefficients: -0.0000  0.0143  0.9857
 SCF Error: norm([F,P])=      0.000000000010, max([F,P])=      0.000000000006

 Scaled ZORA Orbital Energies, per Irrep and Spin:
 =================================================
                        Occup              E (au)              E (eV)       Diff (eV) with prev. cycle
                        -----      --------------------        ------       --------------------------
 S
               1        2.000     -0.88272313143209E+00       -24.020              -9.28E-11
               2        0.000      0.90601345014671E+00        24.654
               3        0.000      0.29578810816937E+02       804.880
 P
               1        4.000     -0.33400585272070E+00        -9.089              -8.94E-11
               2        0.000      0.35224911365993E+00         9.585
               3        0.000      0.38342927625315E+01       104.336
 D
               1        0.000      0.10658965783141E+01        29.005


 Partially Occupied:
               1 P                -0.33400585272070E+00
  
 HOMO :        1 S                -0.88272313143209E+00
 LUMO :        2 P                 0.35224911365993E+00
  


 Orbital Energies, all Irreps
 ========================================

 Irrep        no.  (spin)   Occup              E (au)                E (eV)
 ---------------------------------------------------------------------------
 S             1             2.00       -0.88272313143209E+00       -24.0201
 P             1             4.00       -0.33400585272070E+00        -9.0888
 P             2             0.00        0.35224911365993E+00         9.5852
 S             2             0.00        0.90601345014671E+00        24.6539
 D             1             0.00        0.10658965783141E+01        29.0045
 P             3             0.00        0.38342927625315E+01       104.3364
 S             3             0.00        0.29578810816937E+02       804.8804


 Scaled ZORA Orbital Energies of the Core Orbitals:
 ==================================================

 (Note that the atoms are grouped by atomtype, see the labels, and may hence NOT be in input order)

 AtomType  Orbital  Atom                   E (au)                        E (eV)
 --------  -------  ----           --------------------        ----------------
 O           1S        1          -0.18925919758629E+02                -515.000



 =======================================
 M U L L I K E N   P O P U L A T I O N S
 =======================================
  
 The survey below gives for each atom:
 a) the total charge (Z minus electrons)
 b) the net spin polarization (nr of electrons spin-A minus spin-B)
 c) for each spin the atomic electron valence density (integrated) per L-value.

 Atom              Charge    Spin density          S         P         D         F
 ----              ------    ------------       ------    ------    ------    ------
 1 O              -0.0000                       2.0000    4.0000    0.0000    0.0000

 Populations of individual BAS functions
 ----------------------------------------
 1 O            0.0005  0.9226  1.0966 -0.0196  0.3346  0.3346  0.3346  0.7512  0.7512  0.7512
                0.2476  0.2476  0.2476  0.0000  0.0000  0.0000  0.0000  0.0000  0.0000

 Gross Charges per Atom (Z minus electrons)
 ==========================================
            -0.0000
 Net Total: -0.00000000



 =======================================================================
 Electrostatic potential at the Nuclei due to electrons and other nuclei
 =======================================================================
  
         Atom                  Potential
         ----                  ---------
     1)   O                  22.20265662
 
 
 ========================
 No memory problems found
 ========================
 
 Maximum number of active allocate calls:         389
 
 *******************************************************************************

                             A D F   E X I T
 NORMAL TERMINATION



 =================
 Timing Statistics
 =================
  
 Total Used :                     CPU=        0.45      System=        0.03     Elapsed=        0.57

 Calls  Section                     ( Mean, Percentage )
 ---------------------------------------------------------------------------------------------------
     3  ><      ................      0.00    0.88             0.00    0.00             0.00    1.14
     1  INIT    ................      0.07   15.04             0.00   12.50             0.09   15.50
     1  GEOMET  ................      0.02    3.54             0.00   12.50             0.03    5.46
     1  INPUTA  ................      0.00    0.89             0.00    0.00             0.00    0.72
     1  MAINSY  ................      0.01    2.65             0.00    0.00             0.02    3.29
     1  SYMFIT  ................      0.00    0.00             0.00    0.00             0.00    0.29
     1  CORORT  ................      0.00    0.89             0.00    0.00             0.00    0.53
     1  SYMORB  ................      0.00    0.00             0.00    0.00             0.00    0.16
     1  CLSMAT  ................      0.00    0.88             0.00    0.00             0.01    1.21
     1  ORTHON  ................      0.01    1.77             0.00    0.00             0.01    1.18
     1  GENPT   ................      0.01    2.65             0.00    0.00             0.02    3.18
     1  PTBAS   ................      0.01    1.77             0.00    0.00             0.01    1.11
    11  FOCKY   ................      0.02   54.87             0.00   50.00             0.03   49.34
    11  FOCKTR  ................      0.00    0.00             0.00    0.00             0.00    1.13
    11  SDIIS   ................      0.00    7.96             0.00    0.00             0.00    7.94
     1  COREPS  ................      0.01    1.77             0.01   25.00             0.02    3.45
     1  POPAN   ................      0.00    0.88             0.00    0.00             0.01    1.11
     1  DEBYE   ................      0.00    0.88             0.00    0.00             0.00    0.52
     1  EXIT PROCEDURE .........      0.01    2.65             0.00    0.00             0.02    2.73


 Currently Open Files (EXIT00)
 ====================

 Unit    Access Format  Status   Type       Ident (file)
 -------------------------------------------------------
   3      SEQ    FORM   TRANSP  NORMAL      LOGFILE
                                          ( logfile )

 ***************************************************************************************************
 (LOGFILE)
 <Jun25-2026> <11:34:14>  DIRAC 2019  RunTime: Jun25-2026 11:34:14  Nodes: 1  Procs: 1
 <Jun25-2026> <11:34:15>  NORMAL TERMINATION
 <Jun25-2026> <11:34:15>  END
 <Jun25-2026> <11:34:15>  ADF 2019  RunTime: Jun25-2026 11:34:15  Nodes: 1  Procs: 1
 <Jun25-2026> <11:34:15>  Arsenic (TZP, 3p frozen)
 <Jun25-2026> <11:34:15>  RunType   : CREATE
 <Jun25-2026> <11:34:15>  Net Charge: 0 (Nuclei minus Electrons)
 <Jun25-2026> <11:34:15>  Symmetry  : ATOM
  Coordinates
    Atom         X           Y           Z   (Angstrom)
    1.As        0.000000    0.000000    0.000000
 <Jun25-2026> <11:34:15>  >>>> CORORT
 <Jun25-2026> <11:34:15>  >>>> CLSMAT
 <Jun25-2026> <11:34:15>  >>>> ORTHON
 <Jun25-2026> <11:34:15>  >>>> GENPT
 <Jun25-2026> <11:34:15>  Block Length=  93
 <Jun25-2026> <11:34:15>  >>>> PTBAS
 <Jun25-2026> <11:34:15>  >>>> CYCLE
 <Jun25-2026> <11:34:15>              |Error|         MaxErr       Wt(A-DIIS)
 <Jun25-2026> <11:34:15>      1      0.00000000      0.00000000
 <Jun25-2026> <11:34:15>      2     19.19959276      5.59805355    100.0
 <Jun25-2026> <11:34:15>      3      8.67465148      2.96233489    100.0
 <Jun25-2026> <11:34:16>      4      5.58997019      1.81448243    100.0
 <Jun25-2026> <11:34:16>      5      1.70654254      0.52892684    100.0
 <Jun25-2026> <11:34:16>      6      1.85023060      0.57109694    100.0
 <Jun25-2026> <11:34:16>      7      0.06833500      0.02025963     19.5
 <Jun25-2026> <11:34:16>      8      0.01714509      0.00517576      4.2
 <Jun25-2026> <11:34:16>      9      0.00095370      0.00028613      0.0
 <Jun25-2026> <11:34:16>     10      0.00000895      0.00000295      0.0
 <Jun25-2026> <11:34:16>     11      0.00000021      0.00000010      0.0
 <Jun25-2026> <11:34:16>     12      0.00000000      0.00000000      0.0
 <Jun25-2026> <11:34:16>  SCF converged
 <Jun25-2026> <11:34:16>     13      0.00000000      0.00000000      0.0
 <Jun25-2026> <11:34:16>  >>>> POPAN
 <Jun25-2026> <11:34:16>  >>>> DEBYE
 <Jun25-2026> <11:34:16>  NORMAL TERMINATION
 <Jun25-2026> <11:34:16>  END
 <Jun25-2026> <11:34:16>  DIRAC 2019  RunTime: Jun25-2026 11:34:16  Nodes: 1  Procs: 1
 <Jun25-2026> <11:34:16>  NORMAL TERMINATION
 <Jun25-2026> <11:34:16>  END
 <Jun25-2026> <11:34:16>  ADF 2019  RunTime: Jun25-2026 11:34:16  Nodes: 1  Procs: 1
 <Jun25-2026> <11:34:16>  Oxygen (TZP, 1s frozen)
 <Jun25-2026> <11:34:16>  RunType   : CREATE
 <Jun25-2026> <11:34:16>  Net Charge: 0 (Nuclei minus Electrons)
 <Jun25-2026> <11:34:16>  Symmetry  : ATOM
  Coordinates
    Atom         X           Y           Z   (Angstrom)
    1.O         0.000000    0.000000    0.000000
 <Jun25-2026> <11:34:16>  >>>> CORORT
 <Jun25-2026> <11:34:16>  >>>> CLSMAT
 <Jun25-2026> <11:34:16>  >>>> ORTHON
 <Jun25-2026> <11:34:16>  >>>> GENPT
 <Jun25-2026> <11:34:16>  Block Length=  68
 <Jun25-2026> <11:34:16>  >>>> PTBAS
 <Jun25-2026> <11:34:16>  >>>> CYCLE
 <Jun25-2026> <11:34:17>              |Error|         MaxErr       Wt(A-DIIS)
 <Jun25-2026> <11:34:17>      1      0.00000000      0.00000000
 <Jun25-2026> <11:34:17>      2      4.56299337      2.52897111
 <Jun25-2026> <11:34:17>      3      2.72315525      1.79866705    100.0
 <Jun25-2026> <11:34:17>      4      0.28902714      0.13064862    100.0
 <Jun25-2026> <11:34:17>      5      0.41661509      0.23264367    100.0
 <Jun25-2026> <11:34:17>      6      0.01372327      0.00671904      5.8
 <Jun25-2026> <11:34:17>      7      0.00110365      0.00063404      0.0
 <Jun25-2026> <11:34:17>      8      0.00003592      0.00002026      0.0
 <Jun25-2026> <11:34:17>      9      0.00000033      0.00000018      0.0
 <Jun25-2026> <11:34:17>     10      0.00000000      0.00000000      0.0
 <Jun25-2026> <11:34:17>  SCF converged
 <Jun25-2026> <11:34:17>     11      0.00000000      0.00000000      0.0
 <Jun25-2026> <11:34:17>  >>>> POPAN
 <Jun25-2026> <11:34:17>  >>>> DEBYE
 <Jun25-2026> <11:34:17>  NORMAL TERMINATION
 <Jun25-2026> <11:34:17>  END


 Parallel Execution: Process Information
 ==============================================================================
 Rank   Node Name                              NodeID   MyNodeRank  NodeMaster
    0   kimik2195                                 0          0          0
    1   kimik2195                                 0          1         -1
    2   kimik2195                                 0          2         -1
    3   kimik2195                                 0          3         -1
    4   kimik2195                                 0          4         -1
    5   kimik2195                                 0          5         -1
    6   kimik2195                                 0          6         -1
    7   kimik2195                                 0          7         -1
    8   kimik2195                                 0          8         -1
    9   kimik2195                                 0          9         -1
   10   kimik2195                                 0         10         -1
   11   kimik2195                                 0         11         -1
   12   kimik2195                                 0         12         -1
   13   kimik2195                                 0         13         -1
   14   kimik2195                                 0         14         -1
   15   kimik2195                                 0         15         -1
   16   kimik2195                                 0         16         -1
   17   kimik2195                                 0         17         -1
   18   kimik2195                                 0         18         -1
   19   kimik2195                                 0         19         -1
   20   kimik2195                                 0         20         -1
   21   kimik2195                                 0         21         -1
   22   kimik2195                                 0         22         -1
   23   kimik2195                                 0         23         -1
 ==============================================================================


May use up to 61492MB of RAM as shared memory on node 0
 
AnalyticalFreq
end

NumericalQuality Good

QTAIM
    Enabled Yes
End

Relativistic Scalar ZORA

SOLVATION
  Surf Delley
  Solv name=Water cav0=0.0 cav1=0.0067639
  Charged method=CONJ
  C-Mat POT
  SCF VAR ALL
  CSMRSP
  Radii
    H=1.30
    O=1.72
    Mo=1.992
    Ta=2.025
    W=1.992
    V=1.908
    Nb=2.025
  P=2.13
    I=2.32
    Si=2.480
    As=1.967
    C=2.00
    Na=2.250
U=2.100
    SubEnd
end

ScanFreq -1000 0

XC
  GGA PBE
end

atoms
      1        As      3.403000     -0.268500      0.000000
      2         O      4.269000      0.231500      0.000000
      3         O      2.536900     -0.768500      0.000000
      4         O      2.903000      0.597600      0.000000
      5         O      3.903000     -1.134500      0.000000
end

charge -3

geometry
end

Fragments
As t21.As
O t21.O
End

 *******************************************************************************
 *                                                                             *
 *  -------------------------------------                                      *
 *   Amsterdam Density Functional  (ADF)         2019                          *
 *  -------------------------------------                                      *
 *                                               r74351 2019-04-25             *
 *                                                                             *
 *                                                                             *
 *                              =================                              *
 *                              |               |                              *
 *                              |     A D F     |                              *
 *                              |               |                              *
 *                              =================                              *
 *                                                                             *
 *                                                                             *
 *   Online information and documentation:  https://www.scm.com/support/       *
 *   E-mail:  support@scm.com   info@scm.com                                   *
 *                                                                             *
 *   Scientific publications using ADF results must be properly referenced     *
 *   See the User Manuals (or the web site) for recommended citations          *
 *   The terms and conditions of the End User License Agreement apply to       *
 *   the use of ADF, https://www.scm.com/license-terms/                        *
 *                                                                             *
 **********************  x86_64_linux_intel / intelmpi  ************************
 
 Licensed to: Dr. Carles Bo / Institute of Chemical Research of Catalonia ( (ICIQ) / Tarragona / Spain 2025-12-15 16:27:40
 SCM User ID: u7609
  
 ADF 2019  RunTime: Jun25-2026 11:34:18  Nodes: 1  Procs: 24

 Temporary files are created in /scratch/kid_0.455870308


Communication costs MPI_COMM_WORLD:      3.064 usec per message,   0.0129 usec per 8-byte item
Communication costs for intra-node:      3.050 usec per message,   0.0129 usec per 8-byte item

 *** (NO TITLE) ***



 ===========================
 A T T A C H E D   F I L E S
 ===========================
  



 ===============================
 M O D E L   P A R A M E T E R S
 ===============================
  
 DENSITY FUNCTIONAL POTENTIAL (scf)
    LDA:                               PW92                                    == Not Default ==
    Gradient Corrections:              PBEc PBEx                               == Not Default ==

 SPIN  (restricted / unrestr.)
    Molecule:                          Restricted                               
    Fragments:                         Restricted                               

 OTHER ASPECTS
    Relativistic Corrections:          scalar (ZORA,MAPA)                      == Not Default ==

    Nuclear Charge Density Model:      Point Charge Nuclei                      
    Core Treatment:                    Frozen Orbital(s)                        

    Hyperfine or Zeeman Interaction:   ---                                      

 SOLVATION
-------------------------------------------

  The Delley construction of COSMO surface surface is calculated

       Division Level for Surface Triangles (NDIV)                  3
       Final Division Level for Triangles (NFDIV)                   1
       Radius of the Solvent (RSOL)                           1.93000 angstr
  Dielectric Constant (EPSL)                                 78.39000

       COSMO equation is solved iteratively-               conjugate-gradient

       Maximun of Iterations for Charges (NCIX)                  1000
       Criterion for Charge convergence (CCNV)                1.0E-08

  COSMO charges included variationally in SCF

       COSMO included at every SCF cycle

  Geometry-dependent empirical factor                         0.00000

  C-Matrix calculated in cspmtx

  In cspmtx, C-Matrix calculated using fitted potential

-------------------------------------------



 Fragment File(s)
 ----------------
 As:
         file : t21.As
         jobid: ADF 2019  RunTime: Jun25-2026 11:34:15  Nodes: 1  Procs: 1
         title: Arsenic (TZP, 3p frozen)
 O:
         file : t21.O
         jobid: ADF 2019  RunTime: Jun25-2026 11:34:16  Nodes: 1  Procs: 1
         title: Oxygen (TZP, 1s frozen)



                                   *********************************************
                                   *  R U N   T Y P E : GEOMETRY OPTIMIZATION  *
                                   *********************************************
  



 ===============
 G E O M E T R Y  ***  Planar Molecule  ***
 ===============
  

 ATOMS
 =====                            X Y Z                    CHARGE                     RADIUS
                                (Angstrom)             Nucl     +Core       At.Mass (Angstrom)
                       --------------------------    ----------------       ------- ----------
    1  As              0.0000    0.0000    0.0000     33.00     15.00       74.9216    1.9670
    2  O               0.7071    0.7071    0.0000      8.00      6.00       15.9949    1.7200
    3  O              -0.7071   -0.7071    0.0000      8.00      6.00       15.9949    1.7200
    4  O              -0.7071    0.7071    0.0000      8.00      6.00       15.9949    1.7200
    5  O               0.7071   -0.7071    0.0000      8.00      6.00       15.9949    1.7200


 FRAGMENTS
 =========                                     Atoms in this Fragment     Cart. coord.s (Angstrom)
                                               -------------------------------------------------------
    1  As                                                1  As           0.0000    0.0000    0.0000
    2  O                                                 2  O            0.7071    0.7071    0.0000
    3  O                                                 3  O           -0.7071   -0.7071    0.0000
    4  O                                                 4  O           -0.7071    0.7071    0.0000
    5  O                                                 5  O            0.7071   -0.7071    0.0000


 Interatomic Distance Matrix (Angstrom)
 --------------------------------------

   1)     0.000
   2)     1.000   0.000
   3)     1.000   2.000   0.000
   4)     1.000   1.414   1.414   0.000
   5)     1.000   1.414   1.414   2.000   0.000

 Min. Distance =    1.0000
 Max. Distance =    2.0000



 =====================================
 S Y M M E T R Y ,   E L E C T R O N S
 =====================================
  
 Symmetry: D(4H)

 Irreducible Representations, including subspecies
 -------------------------------------------------
 A1.g
 A2.g
 B1.g
 B2.g
 E1.g:1  E1.g:2
 A1.u
 A2.u
 B1.u
 B2.u
 E1.u:1  E1.u:2


 Configuration of Valence Electrons
 ==================================
 ( determined in the SCF procedure )

 Total:   42

 Net Charge: -3 (Nuclei minus Electrons)

 Aufbau principle for MO occupations will be applied through SCF cycle no.     150
 Thereafter, the program will assign electrons to MOs that are spatially
 similar to the occupied MOs in a "reference" cycle ("KeepOrbitals").
 The reference cycle is always the PREVIOUS cycle: it will evolve with
 the SCF procedure.
1
 ***************************************************************************************************



                                      ****************************************
                                      *  B U I L D : (Fragments, Functions)  *
                                      ****************************************
  

 Total nr. of (C)SFOs (summation over all irreps) :   100

 Specify PRINT SFO in the input file to get a full list

 Nr. of SFOs for ir.rep.        A1.g :    15
 Nr. of SFOs for ir.rep.        A2.g :     4
 Nr. of SFOs for ir.rep.        B1.g :     8
 Nr. of SFOs for ir.rep.        B2.g :    12
 Nr. of SFOs for ir.rep.      E1.g:1 :     9
 Nr. of SFOs for ir.rep.      E1.g:2 :     9
 Nr. of SFOs for ir.rep.        A1.u :     1
 Nr. of SFOs for ir.rep.        A2.u :     7
 Nr. of SFOs for ir.rep.        B1.u :     4
 Nr. of SFOs for ir.rep.        B2.u :     1
 Nr. of SFOs for ir.rep.      E1.u:1 :    15
 Nr. of SFOs for ir.rep.      E1.u:2 :    15



 ================================
 (Slater-type)  F U N C T I O N S  ***  (Basis and Fit)  ***
 ================================
  

 Atom Type    1  (As)
 ==============

 Valence Basis Sets:  15
 -----------------------
   1 S   23.550000
   2 S   12.700000
   3 S    6.550000
   2 P   15.150000
   3 P    6.150000
   3 D    2.850000
   3 D    5.250000
   3 D    9.800000
   4 S    1.500000
   4 S    2.300000
   4 S    3.300000
   4 P    1.000000
   4 P    1.700000
   4 P    2.850000
   4 D    1.600000

 Frozen Core Shells
 ------------------
    S:  3
    P:  2

 Atom Type    2  (O)
 ==============

 Valence Basis Sets:   8
 -----------------------
   1 S    7.360000
   2 S    1.720000
   2 S    2.880000
   2 S    7.580000
   2 P    1.120000
   2 P    2.080000
   2 P    4.080000
   3 D    2.000000

 Frozen Core Shells
 ------------------
    S:  1


 BAS: List of all Elementary Cartesian Basis Functions
 =====================================================

 The numbering in the list below (to the right of the function characteristics) is referred
 to in print-outs of MO eigenvectors and Mulliken populations in the BAS representation
 (as contrasted to the SFO representation).

 Notes:
 1. The functions are characterized by a polynomial prefactor (powers of x,y,z and r) and
    an exponential decay factor alpha.
 2. Since the basis sets are specific for an atom TYPE, the individual functions occur on
    all atoms of that type.
 3. The word 'Core' in the left margin signals that it is a Core Function (CF) : not a
    degree of freedom in the valence set, but only used to ensure orthogonalization of
    the other valence basis functions on the frozen Core Orbitals.


 (power of) X  Y  Z  R     Alpha  on Atom
            ==========     =====     ==========

 As                                   1
                                  ---------------------------------------------------------------------------
    Core    0  0  0  0    23.550      1
    Core    0  0  0  1    12.700      2
    Core    0  0  0  2     6.550      3
    Core    1  0  0  0    15.150      4
    Core    0  1  0  0    15.150      5
    Core    0  0  1  0    15.150      6
    Core    1  0  0  1     6.150      7
    Core    0  1  0  1     6.150      8
    Core    0  0  1  1     6.150      9
            2  0  0  0     2.850     10
            1  1  0  0     2.850     11
            1  0  1  0     2.850     12
            0  2  0  0     2.850     13
            0  1  1  0     2.850     14
            0  0  2  0     2.850     15
            2  0  0  0     5.250     16
            1  1  0  0     5.250     17
            1  0  1  0     5.250     18
            0  2  0  0     5.250     19
            0  1  1  0     5.250     20
            0  0  2  0     5.250     21
            2  0  0  0     9.800     22
            1  1  0  0     9.800     23
            1  0  1  0     9.800     24
            0  2  0  0     9.800     25
            0  1  1  0     9.800     26
            0  0  2  0     9.800     27
            0  0  0  3     1.500     28
            0  0  0  3     2.300     29
            0  0  0  3     3.300     30
            1  0  0  2     1.000     31
            0  1  0  2     1.000     32
            0  0  1  2     1.000     33
            1  0  0  2     1.700     34
            0  1  0  2     1.700     35
            0  0  1  2     1.700     36
            1  0  0  2     2.850     37
            0  1  0  2     2.850     38
            0  0  1  2     2.850     39
            2  0  0  1     1.600     40
            1  1  0  1     1.600     41
            1  0  1  1     1.600     42
            0  2  0  1     1.600     43
            0  1  1  1     1.600     44
            0  0  2  1     1.600     45

 O                                    2    3    4    5
                                  ---------------------------------------------------------------------------
    Core    0  0  0  0     7.360     46   65   84  103
            0  0  0  1     1.720     47   66   85  104
            0  0  0  1     2.880     48   67   86  105
            0  0  0  1     7.580     49   68   87  106
            1  0  0  0     1.120     50   69   88  107
            0  1  0  0     1.120     51   70   89  108
            0  0  1  0     1.120     52   71   90  109
            1  0  0  0     2.080     53   72   91  110
            0  1  0  0     2.080     54   73   92  111
            0  0  1  0     2.080     55   74   93  112
            1  0  0  0     4.080     56   75   94  113
            0  1  0  0     4.080     57   76   95  114
            0  0  1  0     4.080     58   77   96  115
            2  0  0  0     2.000     59   78   97  116
            1  1  0  0     2.000     60   79   98  117
            1  0  1  0     2.000     61   80   99  118
            0  2  0  0     2.000     62   81  100  119
            0  1  1  0     2.000     63   82  101  120
            0  0  2  0     2.000     64   83  102  121

 Total number of charge fitting functions (nprimf)       495
 Total number of Cartesian basis functions (naos)        121
 Total number of Cartesian core functions  (ncos)         13



 Coordinates (Cartesian)
 =======================

     Atom                    bohr                                 angstrom                 Geometric Variables
                   X           Y           Z              X           Y           Z       (0:frozen, *:LT par.)
 --------------------------------------------------------------------------------------------------------------
     1 As      0.000000    0.000000    0.000000       0.000000    0.000000    0.000000      1       2       3
     2 O       1.336267    1.336267    0.000000       0.707122    0.707122    0.000000      4       5       6
     3 O      -1.336267   -1.336267    0.000000      -0.707122   -0.707122    0.000000      7       8       9
     4 O      -1.336267    1.336267    0.000000      -0.707122    0.707122    0.000000     10      11      12
     5 O       1.336267   -1.336267    0.000000       0.707122   -0.707122    0.000000     13      14      15
 --------------------------------------------------------------------------------------------------------------
1
 ***************************************************************************************************



                                              ***********************
                                              *  T E C H N I C A L  *
                                              ***********************
  



 =============================================================
 P A R A L L E L I Z A T I O N  and  V E C T O R I Z A T I O N
 =============================================================
  
 Nr of parallel processes:                               24
 Maximum vector length in NumInt loops:                 128



 ===============================
 G E O M E T R Y   U P D A T E S
 ===============================
  
 Optimization coordinates:                       Delocalized
 Optimization code branch:                       NEW
 Hessian update method:                          BFGS (Broyden-Fletcher-Goldfarb-Shanno)

 Iterative Geometry Improvements:
    Max. nr. of iterations:                         30
    Convergence criteria:
         Change in energy (hartree):                 0.0010000000
         Gradients (au/Angstrom):                    0.0010000000
         Cart/bondlength changes (Angstrom):         0.0100000000
    Max. step to take:
         Trust Radius:                               0.2000000000

 GDIIS (Geometry Direct Inversion in Iteration Space):
    First geometry cycle:                            0
    Max. number expansion vectors:                   5



 =====================
 S C F   U P D A T E S
 =====================
  
 Max. nr. of cycles:                               300
 Convergence criterion:                              0.0000010000
   secondary criterion:                              0.0010000000

 Mix parameter (when DIIS does not apply):           0.2000000000
 Mixed ADIIS+SDIIS will be used                  
    Max number of expansion vectors:                10
    Pure ADIIS when Max([F,P]) is above              0.1000000000
    Pure SDIIS when Max([F,P]) is below              0.0010000000



 =================
 P R E C I S I O N  ***  (General: NumInt, NeglectFunctionTails, ...)  ***
 =================
  

 NumInt:           Target precision:                 6.0000000000
 -------           Initial precision:                6.0000000000
                   Min. precision (optimization):    6.0000000000

 Neglect Functions:          Basis functions:        0.1000000000E-07
 ------------------          Fit functions:          0.1000000000E-07



 ===========================
 L I N E A R   S C A L I N G
 ===========================
  

 Cut-off radii density fit:                        0.1000000000E-09
 Overlap cut-off criterion AO matrix elements:     0.1000000000E-07
 Cut-offs for Coulomb potential and fitted density:0.1000000000E-09
 Cut-off criterion for Coulomb multipole terms:    0.1000000000E-09
 Progressive Convergence parameter:                 0.000000000    
1
 ***************************************************************************************************



                                            ***************************
                                            *  C O M P U T A T I O N  *
                                            ***************************
  

 Number of elements of the density matrix on this node (used, total):      1035      7381



 ===========================================
 Numerical Integration : Fuzzy Cells (Becke)
 ===========================================
  
 Becke grid quality: GOOD           
  
 Lebedev angular grid order:             min:  11 max:  35
 Nr. of radial points:                   min:  58 max:  80

 Total nr. of points:      88592
 Nr. of blocks:              704
 Block length:               126
 Nr. of dummy points:        112


 Test of Precision of the Numerical Integration Grid
 ===================================================

 Integral of the Total Core Density:                  25.99953438107557
 Relative Error:                                      -1.791E-05


 -------------------------------------------
  COSMO surface
  Area             =          261.153
  Volume           =          375.859
  Number of Points =          666
 -------------------------------------------



 ========================
 Density Fitting (zlmFit)
 ========================
  
 ZlmFit Fit Quality: GOOD           
  
 Max L-expansion:                        min:   8 max:   9
 Nr. of radial interpolation points:     min:  84 max: 132



 =====
 S C F  ***  ScaSCF  ***
 =====
  
 Initial density matrix is calculated as sum of fragments

 CYCLE    1
 SCF Error: norm([F,P])=      3.569167836904, max([F,P])=      0.651637892882
 orbitals (Q,E):
 ---------------
 A1.g :1...13        ( 2.00    -2.1777)  ( 2.00    -1.5614)  ( 2.00    -0.7370)  ( 0.00    -0.0485)
                     ( 0.00     0.1655)  ( 0.00     0.4942)  ( 0.00     0.8661)  ( 0.00     1.1271)
                     ( 0.00     1.6614)  ( 0.00     1.7912)  ( 0.00     3.4986)  ( 0.00     3.9438)
                     ( 0.00     7.9997)
 A2.g :1...4         ( 2.00    -0.4250)  ( 0.00     0.7489)  ( 0.00     2.4304)  ( 0.00     5.6060)
 B1.g :1...8         ( 2.00    -2.1847)  ( 2.00    -0.8932)  ( 0.00     0.1933)  ( 0.00     0.8497)
                     ( 0.00     1.2662)  ( 0.00     3.4027)  ( 0.00     4.2559)  ( 0.00    17.8206)
 B2.g :1...12        ( 2.00    -2.4285)  ( 2.00    -0.9226)  ( 2.00    -0.2476)  ( 0.00     0.2636)
                     ( 0.00     0.8551)  ( 0.00     1.8991)  ( 0.00     2.2082)  ( 0.00     2.7903)
                     ( 0.00     5.2800)  ( 0.00     8.1148)  ( 0.00    21.2000)  ( 0.00    37.5554)
 E1.g :1...9         ( 4.00    -2.0229)  ( 4.00    -0.6982)  ( 0.00     0.2669)  ( 0.00     0.5737)
                     ( 0.00     1.2918)  ( 0.00     1.5566)  ( 0.00     2.7922)  ( 0.00     4.6497)
                     ( 0.00    16.6160)
 A1.u :1...1         ( 0.00     1.6979)
 A2.u :1...7         ( 2.00    -0.9918)  ( 0.00    -0.0144)  ( 0.00     0.1231)  ( 0.00     0.4074)
                     ( 0.00     0.9216)  ( 0.00     1.8339)  ( 0.00     4.0882)
 B1.u :1...4         ( 2.00    -0.6549)  ( 0.00     0.4904)  ( 0.00     1.6776)  ( 0.00     4.1512)
 B2.u :1...1         ( 0.00     0.4912)
 E1.u :1...13        ( 4.00    -1.4691)  ( 4.00    -0.7180)  ( 4.00    -0.6182)  ( 0.00     0.0270)
                     ( 0.00     0.3997)  ( 0.00     0.4314)  ( 0.00     0.4432)  ( 0.00     1.2093)
                     ( 0.00     1.6239)  ( 0.00     1.8712)  ( 0.00     2.3477)  ( 0.00     2.8436)
                     ( 0.00     4.6052)

 CYCLE    2
  SDIIS (wt  0.000):  0.5491  0.4509
 A-DIIS (wt  1.000):  0.6278  0.3722
  DIIS coefficients:  0.6278  0.3722
 SCF Error: norm([F,P])=      4.065942198031, max([F,P])=      0.833569678435
 orbitals (Q,E):
 ---------------
 A1.g :1...4         ( 2.00    -1.5690)  ( 2.00    -1.0409)  ( 2.00    -0.2985)  ( 0.00     0.1032)
 A2.g :1...1         ( 0.00     0.1396)
 B1.g :1...3         ( 2.00    -1.5551)  ( 2.00    -0.3604)  ( 0.00     0.3131)
 B2.g :1...3         ( 2.00    -1.7673)  ( 2.00    -0.4532)  ( 0.00     0.2491)
 E1.g :1...3         ( 4.00    -1.4388)  ( 4.00    -0.2060)  ( 0.00     0.4320)
 A1.u :1...1         ( 0.00     2.0516)
 A2.u :1...3         ( 2.00    -0.5321)  ( 2.00     0.0554)  ( 0.00     0.3710)
 B1.u :1...2         ( 2.00    -0.1327)  ( 0.00     0.6541)
 B2.u :1...1         ( 0.00     0.8018)
 E1.u :1...5         ( 4.00    -0.9045)  ( 4.00    -0.2425)  ( 4.00    -0.0760)  ( 2.00     0.0857)
                     ( 0.00     0.5515)

 CYCLE    3
  SDIIS (wt  0.000):  0.1273  0.3192  0.5535
 A-DIIS (wt  1.000):  0.0000  0.3110  0.6890
  DIIS coefficients:  0.0000  0.3110  0.6890
 SCF Error: norm([F,P])=      2.303555392222, max([F,P])=      0.464765879341
 orbitals (Q,E):
 ---------------
 A1.g :1...5         ( 2.00    -2.1424)  ( 2.00    -1.3826)  ( 2.00    -0.4343)  ( 2.00     0.0183)
                     ( 0.00     0.2494)
 A2.g :1...2         ( 2.00    -0.0156)  ( 0.00     0.8683)
 B1.g :1...3         ( 2.00    -2.1685)  ( 2.00    -0.5991)  ( 0.00     0.2625)
 B2.g :1...3         ( 2.00    -2.3529)  ( 2.00    -0.6001)  ( 0.00     0.0230)
 E1.g :1...3         ( 4.00    -2.0679)  ( 4.00    -0.4001)  ( 0.00     0.3706)
 A1.u :1...1         ( 0.00     1.9380)
 A2.u :1...2         ( 2.00    -0.7394)  ( 0.00     0.0420)
 B1.u :1...2         ( 2.00    -0.2867)  ( 0.00     0.5972)
 B2.u :1...1         ( 0.00     0.6798)
 E1.u :1...4         ( 4.00    -1.1512)  ( 4.00    -0.3718)  ( 4.00    -0.2530)  ( 0.00     0.0681)

 CYCLE    4
  SDIIS (wt  0.000):  0.0854  0.4050  0.5096
 A-DIIS (wt  1.000):  0.0000  0.3469  0.6531
  DIIS coefficients:  0.0000  0.3469  0.6531
 SCF Error: norm([F,P])=      1.446820974709, max([F,P])=      0.306524123815
 orbitals (Q,E):
 ---------------
 A1.g :1...4         ( 2.00    -1.8372)  ( 2.00    -1.2079)  ( 2.00    -0.3860)  ( 0.00     0.0618)
 A2.g :1...2         ( 2.00     0.0437)  ( 0.00     0.8912)
 B1.g :1...3         ( 2.00    -1.8649)  ( 2.00    -0.4837)  ( 0.00     0.2873)
 B2.g :1...3         ( 2.00    -2.0757)  ( 2.00    -0.5401)  ( 0.00     0.1364)
 E1.g :1...3         ( 4.00    -1.7360)  ( 4.00    -0.3022)  ( 0.00     0.3956)
 A1.u :1...1         ( 0.00     2.0040)
 A2.u :1...3         ( 2.00    -0.6211)  ( 2.00     0.0340)  ( 0.00     0.3212)
 B1.u :1...2         ( 2.00    -0.2180)  ( 0.00     0.6223)
 B2.u :1...1         ( 0.00     0.7613)
 E1.u :1...4         ( 4.00    -1.0326)  ( 4.00    -0.3298)  ( 4.00    -0.1787)  ( 0.00     0.0684)

 CYCLE    5
  SDIIS (wt  0.000): -0.0539  0.1065  0.3411  0.6063
 A-DIIS (wt  1.000):  0.0000  0.0456  0.0000  0.9544
  DIIS coefficients:  0.0000  0.0456  0.0000  0.9544
 SCF Error: norm([F,P])=      0.602716128243, max([F,P])=      0.125323670100
 orbitals (Q,E):
 ---------------
 A1.g :1...5         ( 2.00    -1.9714)  ( 2.00    -1.2370)  ( 2.00    -0.3305)  ( 2.00     0.0553)
                     ( 0.00     0.2932)
 A2.g :1...1         ( 0.00     0.1271)
 B1.g :1...3         ( 2.00    -2.0008)  ( 2.00    -0.4516)  ( 0.00     0.3024)
 B2.g :1...3         ( 2.00    -2.1919)  ( 2.00    -0.4805)  ( 0.00     0.1371)
 E1.g :1...3         ( 4.00    -1.8989)  ( 4.00    -0.2792)  ( 0.00     0.4098)
 A1.u :1...1         ( 0.00     2.0434)
 A2.u :1...3         ( 2.00    -0.6180)  ( 2.00     0.0289)  ( 0.00     0.3117)
 B1.u :1...2         ( 2.00    -0.1637)  ( 0.00     0.6404)
 B2.u :1...1         ( 0.00     0.7802)
 E1.u :1...4         ( 4.00    -1.0040)  ( 4.00    -0.2619)  ( 4.00    -0.1183)  ( 0.00     0.0781)

 CYCLE    6
  SDIIS (wt  0.000): -0.0286 -0.0382  0.0784  0.7453  0.2431
 A-DIIS (wt  1.000):  0.0000  0.0000  0.0000  0.7681  0.2319
  DIIS coefficients:  0.0000  0.0000  0.0000  0.7681  0.2319
 SCF Error: norm([F,P])=      1.432621777027, max([F,P])=      0.261152482322
 orbitals (Q,E):
 ---------------
 A1.g :1...5         ( 2.00    -1.9529)  ( 2.00    -1.2677)  ( 2.00    -0.3861)  ( 2.00     0.0439)
                     ( 0.00     0.2756)
 A2.g :1...1         ( 0.00     0.0490)
 B1.g :1...3         ( 2.00    -1.9821)  ( 2.00    -0.5067)  ( 0.00     0.2877)
 B2.g :1...3         ( 2.00    -2.1830)  ( 2.00    -0.5410)  ( 0.00     0.1038)
 E1.g :1...3         ( 4.00    -1.8678)  ( 4.00    -0.3251)  ( 0.00     0.3896)
 A1.u :1...1         ( 0.00     1.9956)
 A2.u :1...3         ( 2.00    -0.6551)  ( 2.00     0.0240)  ( 0.00     0.2929)
 B1.u :1...2         ( 2.00    -0.2256)  ( 0.00     0.6176)
 B2.u :1...1         ( 0.00     0.7433)
 E1.u :1...4         ( 4.00    -1.0599)  ( 4.00    -0.3246)  ( 4.00    -0.1845)  ( 0.00     0.0695)

 CYCLE    7
  SDIIS (wt  0.000): -0.0108 -0.0329  0.0522  0.4331 -0.2610  0.8193
 A-DIIS (wt  1.000):  0.0000  0.0000  0.0000  0.6493  0.0000  0.3507
  DIIS coefficients:  0.0000  0.0000  0.0000  0.6493  0.0000  0.3507
 SCF Error: norm([F,P])=      0.728192017913, max([F,P])=      0.139766081245
 orbitals (Q,E):
 ---------------
 A1.g :1...4         ( 2.00    -1.9600)  ( 2.00    -1.2773)  ( 2.00    -0.3978)  ( 0.00     0.0399)
 A2.g :1...2         ( 2.00     0.0322)  ( 0.00     0.8879)
 B1.g :1...3         ( 2.00    -1.9907)  ( 2.00    -0.5217)  ( 0.00     0.2845)
 B2.g :1...3         ( 2.00    -2.1916)  ( 2.00    -0.5542)  ( 0.00     0.0941)
 E1.g :1...3         ( 4.00    -1.8737)  ( 4.00    -0.3353)  ( 0.00     0.3853)
 A1.u :1...1         ( 0.00     1.9849)
 A2.u :1...3         ( 2.00    -0.6632)  ( 2.00     0.0225)  ( 0.00     0.2888)
 B1.u :1...2         ( 2.00    -0.2372)  ( 0.00     0.6132)
 B2.u :1...1         ( 0.00     0.7343)
 E1.u :1...4         ( 4.00    -1.0732)  ( 4.00    -0.3377)  ( 4.00    -0.1991)  ( 0.00     0.0682)

 CYCLE    8
  SDIIS (wt  0.278): -0.0107  0.0210 -0.0018  0.1478 -0.2866  0.7253  0.4050
 A-DIIS (wt  0.722):  0.0000  0.0000  0.0000  0.2549  0.0000  0.3191  0.4260
  DIIS coefficients: -0.0030  0.0059 -0.0005  0.2251 -0.0798  0.4322  0.4201
 SCF Error: norm([F,P])=      0.401198042579, max([F,P])=      0.072437642175
 orbitals (Q,E):
 ---------------
 A1.g :1...4         ( 2.00    -1.8992)  ( 2.00    -1.2462)  ( 2.00    -0.3919)  ( 0.00     0.0463)
 A2.g :1...2         ( 2.00     0.0395)  ( 0.00     0.8901)
 B1.g :1...3         ( 2.00    -1.9253)  ( 2.00    -0.5031)  ( 0.00     0.2877)
 B2.g :1...3         ( 2.00    -2.1302)  ( 2.00    -0.5465)  ( 0.00     0.1177)
 E1.g :1...3         ( 4.00    -1.8060)  ( 4.00    -0.3201)  ( 0.00     0.3890)
 A1.u :1...1         ( 0.00     1.9909)
 A2.u :1...3         ( 2.00    -0.6467)  ( 2.00     0.0235)  ( 0.00     0.2992)
 B1.u :1...2         ( 2.00    -0.2277)  ( 0.00     0.6162)
 B2.u :1...1         ( 0.00     0.7425)
 E1.u :1...4         ( 4.00    -1.0533)  ( 4.00    -0.3329)  ( 4.00    -0.1878)  ( 0.00     0.0690)

 CYCLE    9
  SDIIS (wt  0.414): -0.0080  0.0188 -0.0044  0.0442 -0.2423  0.6500  0.2883  0.2533
 A-DIIS (wt  0.586):  0.0000  0.0000  0.0000  0.0000  0.0000  0.2926  0.0000  0.7074
  DIIS coefficients: -0.0033  0.0078 -0.0018  0.0183 -0.1003  0.4405  0.1193  0.5195
 SCF Error: norm([F,P])=      0.320491941794, max([F,P])=      0.059036451468
 orbitals (Q,E):
 ---------------
 A1.g :1...4         ( 2.00    -1.9134)  ( 2.00    -1.2529)  ( 2.00    -0.3933)  ( 0.00     0.0453)
 A2.g :1...2         ( 2.00     0.0380)  ( 0.00     0.8899)
 B1.g :1...3         ( 2.00    -1.9407)  ( 2.00    -0.5070)  ( 0.00     0.2873)
 B2.g :1...3         ( 2.00    -2.1448)  ( 2.00    -0.5482)  ( 0.00     0.1121)
 E1.g :1...3         ( 4.00    -1.8219)  ( 4.00    -0.3235)  ( 0.00     0.3884)
 A1.u :1...1         ( 0.00     1.9902)
 A2.u :1...3         ( 2.00    -0.6499)  ( 2.00     0.0233)  ( 0.00     0.2974)
 B1.u :1...2         ( 2.00    -0.2298)  ( 0.00     0.6158)
 B2.u :1...1         ( 0.00     0.7415)
 E1.u :1...4         ( 4.00    -1.0573)  ( 4.00    -0.3340)  ( 4.00    -0.1901)  ( 0.00     0.0689)

 CYCLE   10
  SDIIS (wt  0.414): -0.0076  0.0175 -0.0020 -0.2490 -0.2534  0.6518 -0.7419 -1.4154  3.0000
 A-DIIS (wt  0.586):  0.0000  0.0000  0.0000  0.0000  0.0000  0.2929  0.0000  0.6599  0.0472
  DIIS coefficients: -0.0031  0.0072 -0.0008 -0.1030 -0.1048  0.4414 -0.3070 -0.1988  1.2690
 SCF Error: norm([F,P])=      0.315463355017, max([F,P])=      0.062238489931
 orbitals (Q,E):
 ---------------
 A1.g :1...4         ( 2.00    -1.9122)  ( 2.00    -1.2519)  ( 2.00    -0.3922)  ( 0.00     0.0458)
 A2.g :1...2         ( 2.00     0.0392)  ( 0.00     0.8904)
 B1.g :1...3         ( 2.00    -1.9395)  ( 2.00    -0.5058)  ( 0.00     0.2877)
 B2.g :1...3         ( 2.00    -2.1436)  ( 2.00    -0.5470)  ( 0.00     0.1130)
 E1.g :1...3         ( 4.00    -1.8207)  ( 4.00    -0.3225)  ( 0.00     0.3888)
 A1.u :1...1         ( 0.00     1.9911)
 A2.u :1...3         ( 2.00    -0.6490)  ( 2.00     0.0235)  ( 0.00     0.2980)
 B1.u :1...2         ( 2.00    -0.2287)  ( 0.00     0.6162)
 B2.u :1...1         ( 0.00     0.7423)
 E1.u :1...4         ( 4.00    -1.0562)  ( 4.00    -0.3328)  ( 4.00    -0.1890)  ( 0.00     0.0691)

 CYCLE   11
  SDIIS (wt  0.414): -0.0071  0.0147 -0.0012 -0.3176 -0.2297  0.5981 -1.0457 -2.0000  0.9885  3.0000
 A-DIIS (wt  0.586):  0.0000  0.0000  0.0000  0.0000  0.0000  0.2928  0.0000  0.5499  0.0000  0.1573
  DIIS coefficients: -0.0030  0.0061 -0.0005 -0.1314 -0.0951  0.4191 -0.4327 -0.5052  0.4090  1.3335
 SCF Error: norm([F,P])=      0.309125503114, max([F,P])=      0.060929094616
 orbitals (Q,E):
 ---------------
 A1.g :1...4         ( 2.00    -1.9096)  ( 2.00    -1.2497)  ( 2.00    -0.3904)  ( 0.00     0.0465)
 A2.g :1...2         ( 2.00     0.0416)  ( 0.00     0.8911)
 B1.g :1...3         ( 2.00    -1.9366)  ( 2.00    -0.5034)  ( 0.00     0.2882)
 B2.g :1...3         ( 2.00    -2.1408)  ( 2.00    -0.5451)  ( 0.00     0.1150)
 E1.g :1...3         ( 4.00    -1.8181)  ( 4.00    -0.3206)  ( 0.00     0.3895)
 A1.u :1...1         ( 0.00     1.9927)
 A2.u :1...3         ( 2.00    -0.6473)  ( 2.00     0.0237)  ( 0.00     0.2989)
 B1.u :1...2         ( 2.00    -0.2268)  ( 0.00     0.6169)
 B2.u :1...1         ( 0.00     0.7437)
 E1.u :1...4         ( 4.00    -1.0539)  ( 4.00    -0.3309)  ( 4.00    -0.1867)  ( 0.00     0.0693)

 CYCLE   12
  SDIIS (wt  0.423):  0.0128 -0.0037 -0.3518 -0.1720  0.4654 -0.9972 -2.0000 -1.9535  3.0000  3.0000
 A-DIIS (wt  0.577):  0.0000  0.0000  0.0000  0.0000  0.2891  0.0000  0.2228  0.0000  0.0000  0.4881
  DIIS coefficients:  0.0054 -0.0016 -0.1488 -0.0728  0.3637 -0.4219 -0.7175 -0.8264  1.2691  1.5508
 SCF Error: norm([F,P])=      0.295679342934, max([F,P])=      0.058118101016
 orbitals (Q,E):
 ---------------
 A1.g :1...4         ( 2.00    -1.9028)  ( 2.00    -1.2442)  ( 2.00    -0.3862)  ( 0.00     0.0484)
 A2.g :1...2         ( 2.00     0.0476)  ( 0.00     0.8930)
 B1.g :1...3         ( 2.00    -1.9290)  ( 2.00    -0.4972)  ( 0.00     0.2894)
 B2.g :1...3         ( 2.00    -2.1333)  ( 2.00    -0.5403)  ( 0.00     0.1199)
 E1.g :1...3         ( 4.00    -1.8112)  ( 4.00    -0.3161)  ( 0.00     0.3912)
 A1.u :1...1         ( 0.00     1.9966)
 A2.u :1...3         ( 2.00    -0.6433)  ( 2.00     0.0244)  ( 0.00     0.3011)
 B1.u :1...2         ( 2.00    -0.2222)  ( 0.00     0.6186)
 B2.u :1...1         ( 0.00     0.7472)
 E1.u :1...4         ( 4.00    -1.0479)  ( 4.00    -0.3263)  ( 4.00    -0.1811)  ( 0.00     0.0698)

 CYCLE   13
  SDIIS (wt  0.496): -0.0011 -0.2229 -0.0925  0.2719 -0.6157 -2.0000 -2.0000  2.6602  3.0000
 A-DIIS (wt  0.504):  0.0000  0.0000  0.0000  0.2713  0.0000  0.0000  0.0000  0.0000  0.7287
  DIIS coefficients: -0.0005 -0.1104 -0.0458  0.2716 -0.3051 -0.9910 -0.9910  1.3181  1.8542
 SCF Error: norm([F,P])=      0.263385757991, max([F,P])=      0.050944764307
 orbitals (Q,E):
 ---------------
 A1.g :1...5         ( 2.00    -1.9002)  ( 2.00    -1.2394)  ( 2.00    -0.3798)  ( 2.00     0.0506)
                     ( 0.00     0.2799)
 A2.g :1...1         ( 0.00     0.0567)
 B1.g :1...3         ( 2.00    -1.9259)  ( 2.00    -0.4893)  ( 0.00     0.2911)
 B2.g :1...3         ( 2.00    -2.1300)  ( 2.00    -0.5332)  ( 0.00     0.1244)
 E1.g :1...3         ( 4.00    -1.8096)  ( 4.00    -0.3107)  ( 0.00     0.3935)
 A1.u :1...1         ( 0.00     2.0027)
 A2.u :1...3         ( 2.00    -0.6389)  ( 2.00     0.0252)  ( 0.00     0.3034)
 B1.u :1...2         ( 2.00    -0.2158)  ( 0.00     0.6210)
 B2.u :1...1         ( 0.00     0.7524)
 E1.u :1...4         ( 4.00    -1.0408)  ( 4.00    -0.3192)  ( 4.00    -0.1732)  ( 0.00     0.0705)

 CYCLE   14
  SDIIS (wt  0.000): -0.2135 -0.0931  0.3193 -0.6569 -2.0000 -2.0000  2.6890  3.0000 -0.0448
 A-DIIS (wt  1.000):  0.0000  0.0000  0.0000  0.0000  0.0000  0.0000  0.0184  0.7110  0.2706
  DIIS coefficients:  0.0000  0.0000  0.0000  0.0000  0.0000  0.0000  0.0184  0.7110  0.2706
 SCF Error: norm([F,P])=      0.690767869131, max([F,P])=      0.139386009923
 orbitals (Q,E):
 ---------------
 A1.g :1...5         ( 2.00    -1.9204)  ( 2.00    -1.2529)  ( 2.00    -0.3871)  ( 2.00     0.0467)
                     ( 0.00     0.2769)
 A2.g :1...1         ( 0.00     0.0468)
 B1.g :1...3         ( 2.00    -1.9477)  ( 2.00    -0.5013)  ( 0.00     0.2887)
 B2.g :1...3         ( 2.00    -2.1510)  ( 2.00    -0.5416)  ( 0.00     0.1134)
 E1.g :1...3         ( 4.00    -1.8309)  ( 4.00    -0.3201)  ( 0.00     0.3903)
 A1.u :1...1         ( 0.00     1.9958)
 A2.u :1...3         ( 2.00    -0.6479)  ( 2.00     0.0242)  ( 0.00     0.2980)
 B1.u :1...2         ( 2.00    -0.2245)  ( 0.00     0.6179)
 B2.u :1...1         ( 0.00     0.7457)
 E1.u :1...4         ( 4.00    -1.0529)  ( 4.00    -0.3268)  ( 4.00    -0.1834)  ( 0.00     0.0695)

 CYCLE   15
  SDIIS (wt  0.000): -0.1503 -0.3489 -0.1730  0.1534 -2.0000  2.4859 -1.9672  3.0000
 A-DIIS (wt  1.000):  0.0000  0.0000  0.0000  0.0000  0.0000  0.6979  0.0568  0.2454
  DIIS coefficients:  0.0000  0.0000  0.0000  0.0000  0.0000  0.6979  0.0568  0.2454
 SCF Error: norm([F,P])=      0.641777066553, max([F,P])=      0.129451078169
 orbitals (Q,E):
 ---------------
 A1.g :1...4         ( 2.00    -1.9072)  ( 2.00    -1.2464)  ( 2.00    -0.3862)  ( 0.00     0.0476)
 A2.g :1...2         ( 2.00     0.0476)  ( 0.00     0.8930)
 B1.g :1...3         ( 2.00    -1.9338)  ( 2.00    -0.4983)  ( 0.00     0.2892)
 B2.g :1...3         ( 2.00    -2.1378)  ( 2.00    -0.5403)  ( 0.00     0.1184)
 E1.g :1...3         ( 4.00    -1.8163)  ( 4.00    -0.3169)  ( 0.00     0.3910)
 A1.u :1...1         ( 0.00     1.9964)
 A2.u :1...3         ( 2.00    -0.6443)  ( 2.00     0.0242)  ( 0.00     0.3003)
 B1.u :1...2         ( 2.00    -0.2224)  ( 0.00     0.6185)
 B2.u :1...1         ( 0.00     0.7467)
 E1.u :1...4         ( 4.00    -1.0492)  ( 4.00    -0.3262)  ( 4.00    -0.1816)  ( 0.00     0.0698)

 CYCLE   16
  SDIIS (wt  0.508):  0.1616 -0.1689 -2.0000 -0.7766 -2.0000  3.0000  0.2842 -0.4654  2.9653
 A-DIIS (wt  0.492):  0.0000  0.0000  0.0000  0.0000  0.0000  0.0000  0.0000  0.2798  0.7202
  DIIS coefficients:  0.0821 -0.0859 -1.0165 -0.3947 -1.0165  1.5247  0.1444 -0.0990  1.8613
 SCF Error: norm([F,P])=      0.255479175916, max([F,P])=      0.049683318553
 orbitals (Q,E):
 ---------------
 A1.g :1...5         ( 2.00    -1.8985)  ( 2.00    -1.2333)  ( 2.00    -0.3704)  ( 2.00     0.0536)
                     ( 0.00     0.2824)
 A2.g :1...1         ( 0.00     0.0704)
 B1.g :1...3         ( 2.00    -1.9234)  ( 2.00    -0.4780)  ( 0.00     0.2935)
 B2.g :1...3         ( 2.00    -2.1270)  ( 2.00    -0.5227)  ( 0.00     0.1306)
 E1.g :1...3         ( 4.00    -1.8095)  ( 4.00    -0.3030)  ( 0.00     0.3969)
 A1.u :1...1         ( 0.00     2.0114)
 A2.u :1...3         ( 2.00    -0.6329)  ( 2.00     0.0263)  ( 0.00     0.3062)
 B1.u :1...2         ( 2.00    -0.2064)  ( 0.00     0.6246)
 B2.u :1...1         ( 0.00     0.7596)
 E1.u :1...4         ( 4.00    -1.0306)  ( 4.00    -0.3086)  ( 4.00    -0.1616)  ( 0.00     0.0715)

 CYCLE   17
  SDIIS (wt  0.000):  0.7571  0.2429
 A-DIIS (wt  1.000):  0.7451  0.2549
  DIIS coefficients:  0.7451  0.2549
 SCF Error: norm([F,P])=      0.773682143097, max([F,P])=      0.155706509720
 orbitals (Q,E):
 ---------------
 A1.g :1...5         ( 2.00    -1.9140)  ( 2.00    -1.2495)  ( 2.00    -0.3861)  ( 2.00     0.0476)
                     ( 0.00     0.2774)
 A2.g :1...1         ( 0.00     0.0483)
 B1.g :1...3         ( 2.00    -1.9406)  ( 2.00    -0.4986)  ( 0.00     0.2890)
 B2.g :1...3         ( 2.00    -2.1444)  ( 2.00    -0.5403)  ( 0.00     0.1161)
 E1.g :1...3         ( 4.00    -1.8238)  ( 4.00    -0.3183)  ( 0.00     0.3909)
 A1.u :1...1         ( 0.00     1.9969)
 A2.u :1...3         ( 2.00    -0.6461)  ( 2.00     0.0244)  ( 0.00     0.2991)
 B1.u :1...2         ( 2.00    -0.2232)  ( 0.00     0.6184)
 B2.u :1...1         ( 0.00     0.7470)
 E1.u :1...4         ( 4.00    -1.0504)  ( 4.00    -0.3258)  ( 4.00    -0.1816)  ( 0.00     0.0696)

 CYCLE   18
  SDIIS (wt  0.000): -1.6568 -2.0000  3.0000 -0.6272 -1.8129  1.5087 -0.3379  2.9261
 A-DIIS (wt  1.000):  0.0000  0.0000  0.0000  0.0000  0.0000  0.7212  0.0000  0.2788
  DIIS coefficients:  0.0000  0.0000  0.0000  0.0000  0.0000  0.7212  0.0000  0.2788
 SCF Error: norm([F,P])=      0.642505396924, max([F,P])=      0.129979029944
 orbitals (Q,E):
 ---------------
 A1.g :1...4         ( 2.00    -1.9112)  ( 2.00    -1.2483)  ( 2.00    -0.3864)  ( 0.00     0.0476)
 A2.g :1...2         ( 2.00     0.0475)  ( 0.00     0.8930)
 B1.g :1...3         ( 2.00    -1.9378)  ( 2.00    -0.4989)  ( 0.00     0.2891)
 B2.g :1...3         ( 2.00    -2.1417)  ( 2.00    -0.5406)  ( 0.00     0.1169)
 E1.g :1...3         ( 4.00    -1.8207)  ( 4.00    -0.3179)  ( 0.00     0.3908)
 A1.u :1...1         ( 0.00     1.9964)
 A2.u :1...3         ( 2.00    -0.6455)  ( 2.00     0.0243)  ( 0.00     0.2996)
 B1.u :1...2         ( 2.00    -0.2231)  ( 0.00     0.6183)
 B2.u :1...1         ( 0.00     0.7467)
 E1.u :1...4         ( 4.00    -1.0502)  ( 4.00    -0.3263)  ( 4.00    -0.1819)  ( 0.00     0.0697)

 CYCLE   19
  SDIIS (wt  0.497): -2.0000 -2.0000  2.2777  0.4787  1.7021 -0.3307 -0.1278 -2.0000  3.0000
 A-DIIS (wt  0.503):  0.0000  0.0000  0.0000  0.0000  0.0000  0.3414  0.0000  0.2797  0.3789
  DIIS coefficients: -0.9930 -0.9930  1.1309  0.2377  0.8451  0.0077 -0.0635 -0.8522  1.6803
 SCF Error: norm([F,P])=      0.258684056709, max([F,P])=      0.050845076989
 orbitals (Q,E):
 ---------------
 A1.g :1...5         ( 2.00    -1.9008)  ( 2.00    -1.2366)  ( 2.00    -0.3745)  ( 2.00     0.0522)
                     ( 0.00     0.2812)
 A2.g :1...1         ( 0.00     0.0646)
 B1.g :1...3         ( 2.00    -1.9262)  ( 2.00    -0.4831)  ( 0.00     0.2924)
 B2.g :1...3         ( 2.00    -2.1299)  ( 2.00    -0.5273)  ( 0.00     0.1274)
 E1.g :1...3         ( 4.00    -1.8114)  ( 4.00    -0.3065)  ( 0.00     0.3954)
 A1.u :1...1         ( 0.00     2.0077)
 A2.u :1...3         ( 2.00    -0.6356)  ( 2.00     0.0258)  ( 0.00     0.3049)
 B1.u :1...2         ( 2.00    -0.2105)  ( 0.00     0.6230)
 B2.u :1...1         ( 0.00     0.7565)
 E1.u :1...4         ( 4.00    -1.0353)  ( 4.00    -0.3132)  ( 4.00    -0.1666)  ( 0.00     0.0710)

 CYCLE   20
  SDIIS (wt  0.000):  0.3263 -2.0000  0.3501  2.3236
 A-DIIS (wt  1.000):  0.0000  0.0000  0.7369  0.2631
  DIIS coefficients:  0.0000  0.0000  0.7369  0.2631
 SCF Error: norm([F,P])=      0.738725097446, max([F,P])=      0.148783651598
 orbitals (Q,E):
 ---------------
 A1.g :1...5         ( 2.00    -1.9098)  ( 2.00    -1.2476)  ( 2.00    -0.3860)  ( 2.00     0.0479)
                     ( 0.00     0.2776)
 A2.g :1...1         ( 0.00     0.0482)
 B1.g :1...3         ( 2.00    -1.9362)  ( 2.00    -0.4979)  ( 0.00     0.2891)
 B2.g :1...3         ( 2.00    -2.1403)  ( 2.00    -0.5401)  ( 0.00     0.1175)
 E1.g :1...3         ( 4.00    -1.8191)  ( 4.00    -0.3175)  ( 0.00     0.3910)
 A1.u :1...1         ( 0.00     1.9969)
 A2.u :1...3         ( 2.00    -0.6452)  ( 2.00     0.0244)  ( 0.00     0.2996)
 B1.u :1...2         ( 2.00    -0.2229)  ( 0.00     0.6184)
 B2.u :1...1         ( 0.00     0.7471)
 E1.u :1...4         ( 4.00    -1.0495)  ( 4.00    -0.3259)  ( 4.00    -0.1813)  ( 0.00     0.0696)

 CYCLE   21
  SDIIS (wt  0.000):  1.1768 -0.3548  0.4751 -0.3469 -2.0000 -0.4315  2.4813
 A-DIIS (wt  1.000):  0.0000  0.0000  0.0000  0.0240  0.0000  0.6958  0.2803
  DIIS coefficients:  0.0000  0.0000  0.0000  0.0240  0.0000  0.6958  0.2803
 SCF Error: norm([F,P])=      0.641803454686, max([F,P])=      0.130145417573
 orbitals (Q,E):
 ---------------
 A1.g :1...4         ( 2.00    -1.9090)  ( 2.00    -1.2473)  ( 2.00    -0.3863)  ( 0.00     0.0477)
 A2.g :1...2         ( 2.00     0.0477)  ( 0.00     0.8930)
 B1.g :1...3         ( 2.00    -1.9355)  ( 2.00    -0.4983)  ( 0.00     0.2891)
 B2.g :1...3         ( 2.00    -2.1395)  ( 2.00    -0.5404)  ( 0.00     0.1177)
 E1.g :1...3         ( 4.00    -1.8183)  ( 4.00    -0.3174)  ( 0.00     0.3909)
 A1.u :1...1         ( 0.00     1.9965)
 A2.u :1...3         ( 2.00    -0.6449)  ( 2.00     0.0243)  ( 0.00     0.2999)
 B1.u :1...2         ( 2.00    -0.2228)  ( 0.00     0.6184)
 B2.u :1...1         ( 0.00     0.7468)
 E1.u :1...4         ( 4.00    -1.0495)  ( 4.00    -0.3262)  ( 4.00    -0.1816)  ( 0.00     0.0697)

 CYCLE   22
  SDIIS (wt  0.501):  0.9511  0.0481 -0.6285  0.7739 -2.0000  3.0000 -0.2753  0.4579 -1.3272
 A-DIIS (wt  0.499):  0.0000  0.0000  0.0000  0.0000  0.0000  0.0000  0.0000  0.2793  0.7207
  DIIS coefficients:  0.4761  0.0241 -0.3146  0.3874 -1.0013  1.5019 -0.1378  0.3687 -0.3045
 SCF Error: norm([F,P])=      0.257350496514, max([F,P])=      0.050436704250
 orbitals (Q,E):
 ---------------
 A1.g :1...4         ( 2.00    -1.9238)  ( 2.00    -1.2645)  ( 2.00    -0.4046)  ( 0.00     0.0412)
 A2.g :1...2         ( 2.00     0.0215)  ( 0.00     0.8847)
 B1.g :1...3         ( 2.00    -1.9522)  ( 2.00    -0.5221)  ( 0.00     0.2841)
 B2.g :1...3         ( 2.00    -2.1565)  ( 2.00    -0.5609)  ( 0.00     0.1015)
 E1.g :1...3         ( 4.00    -1.8312)  ( 4.00    -0.3345)  ( 0.00     0.3839)
 A1.u :1...1         ( 0.00     1.9797)
 A2.u :1...3         ( 2.00    -0.6596)  ( 2.00     0.0220)  ( 0.00     0.2923)
 B1.u :1...2         ( 2.00    -0.2421)  ( 0.00     0.6113)
 B2.u :1...1         ( 0.00     0.7323)
 E1.u :1...4         ( 4.00    -1.0719)  ( 4.00    -0.3466)  ( 4.00    -0.2050)  ( 0.00     0.0676)

 CYCLE   23
  SDIIS (wt  0.178):  0.3561  0.6439
 A-DIIS (wt  0.822):  0.3291  0.6709
  DIIS coefficients:  0.3339  0.6661
 SCF Error: norm([F,P])=      0.414963354814, max([F,P])=      0.082383100076
 orbitals (Q,E):
 ---------------
 A1.g :1...4         ( 2.00    -1.9095)  ( 2.00    -1.2486)  ( 2.00    -0.3884)  ( 0.00     0.0465)
 A2.g :1...2         ( 2.00     0.0445)  ( 0.00     0.8920)
 B1.g :1...3         ( 2.00    -1.9365)  ( 2.00    -0.5014)  ( 0.00     0.2885)
 B2.g :1...3         ( 2.00    -2.1403)  ( 2.00    -0.5428)  ( 0.00     0.1164)
 E1.g :1...3         ( 4.00    -1.8185)  ( 4.00    -0.3189)  ( 0.00     0.3901)
 A1.u :1...1         ( 0.00     1.9942)
 A2.u :1...3         ( 2.00    -0.6459)  ( 2.00     0.0238)  ( 0.00     0.2994)
 B1.u :1...2         ( 2.00    -0.2245)  ( 0.00     0.6176)
 B2.u :1...1         ( 0.00     0.7447)
 E1.u :1...4         ( 4.00    -1.0519)  ( 4.00    -0.3286)  ( 4.00    -0.1843)  ( 0.00     0.0696)

 CYCLE   24
  SDIIS (wt  0.482):  0.3187  2.0869  0.7375 -0.5886  3.0000  0.4918 -1.1864 -1.8599 -2.0000
 A-DIIS (wt  0.518):  0.0000  0.0240  0.0000  0.0000  0.6958  0.0000  0.2803  0.0000  0.0000
  DIIS coefficients:  0.1535  1.0179  0.3553 -0.2836  1.8060  0.2369 -0.4264 -0.8961 -0.9636
 SCF Error: norm([F,P])=      0.269293308681, max([F,P])=      0.052301187934
 orbitals (Q,E):
 ---------------
 A1.g :1...5         ( 2.00    -1.8912)  ( 2.00    -1.2240)  ( 2.00    -0.3603)  ( 2.00     0.0573)
                     ( 0.00     0.2855)
 A2.g :1...1         ( 0.00     0.0848)
 B1.g :1...3         ( 2.00    -1.9151)  ( 2.00    -0.4650)  ( 0.00     0.2962)
 B2.g :1...3         ( 2.00    -2.1184)  ( 2.00    -0.5114)  ( 0.00     0.1389)
 E1.g :1...3         ( 4.00    -1.8032)  ( 4.00    -0.2937)  ( 0.00     0.4008)
 A1.u :1...1         ( 0.00     2.0208)
 A2.u :1...3         ( 2.00    -0.6249)  ( 2.00     0.0276)  ( 0.00     0.3106)
 B1.u :1...2         ( 2.00    -0.1957)  ( 0.00     0.6286)
 B2.u :1...1         ( 0.00     0.7677)
 E1.u :1...4         ( 4.00    -1.0184)  ( 4.00    -0.2974)  ( 4.00    -0.1488)  ( 0.00     0.0728)

 CYCLE   25
  SDIIS (wt  0.000):  3.0000 -1.3152 -0.7213  0.0365
 A-DIIS (wt  1.000):  0.7605  0.0000  0.0000  0.2395
  DIIS coefficients:  0.7605  0.0000  0.0000  0.2395
 SCF Error: norm([F,P])=      0.863881610686, max([F,P])=      0.172997425836
 orbitals (Q,E):
 ---------------
 A1.g :1...5         ( 2.00    -1.9119)  ( 2.00    -1.2480)  ( 2.00    -0.3850)  ( 2.00     0.0482)
                     ( 0.00     0.2777)
 A2.g :1...1         ( 0.00     0.0499)
 B1.g :1...3         ( 2.00    -1.9383)  ( 2.00    -0.4969)  ( 0.00     0.2893)
 B2.g :1...3         ( 2.00    -2.1423)  ( 2.00    -0.5390)  ( 0.00     0.1174)
 E1.g :1...3         ( 4.00    -1.8217)  ( 4.00    -0.3171)  ( 0.00     0.3913)
 A1.u :1...1         ( 0.00     1.9980)
 A2.u :1...3         ( 2.00    -0.6451)  ( 2.00     0.0246)  ( 0.00     0.2996)
 B1.u :1...2         ( 2.00    -0.2221)  ( 0.00     0.6188)
 B2.u :1...1         ( 0.00     0.7479)
 E1.u :1...4         ( 4.00    -1.0488)  ( 4.00    -0.3246)  ( 4.00    -0.1801)  ( 0.00     0.0697)

 CYCLE   26
  SDIIS (wt  0.000):  3.0000 -1.2245 -0.8925 -0.2477  0.3647
 A-DIIS (wt  1.000):  0.7221  0.0000  0.0000  0.0000  0.2779
  DIIS coefficients:  0.7221  0.0000  0.0000  0.0000  0.2779
 SCF Error: norm([F,P])=      0.650829608472, max([F,P])=      0.131720599919
 orbitals (Q,E):
 ---------------
 A1.g :1...5         ( 2.00    -1.9100)  ( 2.00    -1.2477)  ( 2.00    -0.3863)  ( 2.00     0.0477)
                     ( 0.00     0.2776)
 A2.g :1...1         ( 0.00     0.0477)
 B1.g :1...3         ( 2.00    -1.9366)  ( 2.00    -0.4985)  ( 0.00     0.2891)
 B2.g :1...3         ( 2.00    -2.1405)  ( 2.00    -0.5405)  ( 0.00     0.1173)
 E1.g :1...3         ( 4.00    -1.8193)  ( 4.00    -0.3176)  ( 0.00     0.3909)
 A1.u :1...1         ( 0.00     1.9965)
 A2.u :1...3         ( 2.00    -0.6452)  ( 2.00     0.0243)  ( 0.00     0.2998)
 B1.u :1...2         ( 2.00    -0.2229)  ( 0.00     0.6183)
 B2.u :1...1         ( 0.00     0.7468)
 E1.u :1...4         ( 4.00    -1.0498)  ( 4.00    -0.3262)  ( 4.00    -0.1817)  ( 0.00     0.0697)

 CYCLE   27
  SDIIS (wt  0.000): -0.1075  2.6841  0.4563  1.0919 -1.9889 -0.5711  0.4046 -0.9693
 A-DIIS (wt  1.000):  0.0000  0.3191  0.0000  0.4009  0.0000  0.0000  0.0000  0.2800
  DIIS coefficients:  0.0000  0.3191  0.0000  0.4009  0.0000  0.0000  0.0000  0.2800
 SCF Error: norm([F,P])=      0.641079036551, max([F,P])=      0.130014510368
 orbitals (Q,E):
 ---------------
 A1.g :1...5         ( 2.00    -1.9102)  ( 2.00    -1.2478)  ( 2.00    -0.3864)  ( 1.00     0.0476)
                     ( 0.00     0.2776)
 A2.g :1...2         ( 1.00     0.0476)  ( 0.00     0.8929)
 B1.g :1...3         ( 2.00    -1.9367)  ( 2.00    -0.4986)  ( 0.00     0.2891)
 B2.g :1...3         ( 2.00    -2.1406)  ( 2.00    -0.5406)  ( 0.00     0.1173)
 E1.g :1...3         ( 4.00    -1.8195)  ( 4.00    -0.3177)  ( 0.00     0.3908)
 A1.u :1...1         ( 0.00     1.9965)
 A2.u :1...3         ( 2.00    -0.6452)  ( 2.00     0.0243)  ( 0.00     0.2997)
 B1.u :1...2         ( 2.00    -0.2230)  ( 0.00     0.6183)
 B2.u :1...1         ( 0.00     0.7467)
 E1.u :1...4         ( 4.00    -1.0499)  ( 4.00    -0.3263)  ( 4.00    -0.1818)  ( 0.00     0.0697)

 CYCLE   28
  SDIIS (wt  0.609):  1.3804 -0.8119 -1.8163  2.3429 -1.5036 -1.1999  0.7843 -0.1362  1.8085  0.1518
 A-DIIS (wt  0.391):  0.0000  0.0000  0.0000  0.0000  0.0000  0.4963  0.0000  0.0000  0.0770  0.4267
  DIIS coefficients:  0.8405 -0.4944 -1.1060  1.4267 -0.9156 -0.5366  0.4776 -0.0829  1.1314  0.2593
 SCF Error: norm([F,P])=      0.196694712011, max([F,P])=      0.039716408543
 orbitals (Q,E):
 ---------------
 A1.g :1...5         ( 2.00    -1.8942)  ( 2.00    -1.2269)  ( 2.00    -0.3629)  ( 2.00     0.0552)
                     ( 0.00     0.2844)
 A2.g :1...1         ( 0.00     0.0811)
 B1.g :1...3         ( 2.00    -1.9183)  ( 2.00    -0.4685)  ( 0.00     0.2955)
 B2.g :1...3         ( 2.00    -2.1217)  ( 2.00    -0.5143)  ( 0.00     0.1365)
 E1.g :1...3         ( 4.00    -1.8061)  ( 4.00    -0.2963)  ( 0.00     0.3997)
 A1.u :1...1         ( 0.00     2.0185)
 A2.u :1...3         ( 2.00    -0.6273)  ( 2.00     0.0269)  ( 0.00     0.3083)
 B1.u :1...2         ( 2.00    -0.1985)  ( 0.00     0.6275)
 B2.u :1...1         ( 0.00     0.7656)
 E1.u :1...4         ( 4.00    -1.0218)  ( 4.00    -0.3002)  ( 4.00    -0.1521)  ( 0.00     0.0724)

 CYCLE   29
  SDIIS (wt  0.000): -2.0000  3.0000
 A-DIIS (wt  1.000):  0.0000  1.0000
  DIIS coefficients:  0.0000  1.0000
 SCF Error: norm([F,P])=      0.841542978837, max([F,P])=      0.168755330218
 orbitals (Q,E):
 ---------------
 A1.g :1...4         ( 2.00    -2.1345)  ( 2.00    -1.4804)  ( 2.00    -0.6149)  ( 0.00    -0.0219)
 A2.g :1...2         ( 2.00    -0.2581)  ( 0.00     0.7971)
 B1.g :1...3         ( 2.00    -2.1697)  ( 2.00    -0.7711)  ( 0.00     0.2244)
 B2.g :1...4         ( 2.00    -2.3876)  ( 2.00    -0.7882)  ( 2.00    -0.1244)  ( 0.00     0.2998)
 E1.g :1...3         ( 4.00    -2.0197)  ( 4.00    -0.5507)  ( 0.00     0.3086)
 A1.u :1...1         ( 0.00     1.8059)
 A2.u :1...2         ( 2.00    -0.8572)  ( 0.00    -0.0014)
 B1.u :1...2         ( 2.00    -0.4815)  ( 0.00     0.5344)
 B2.u :1...1         ( 0.00     0.5828)
 E1.u :1...4         ( 4.00    -1.3293)  ( 4.00    -0.5774)  ( 4.00    -0.4661)  ( 0.00     0.0445)

 CYCLE   30
  SDIIS (wt  0.000): -2.0000  2.9538  0.0462
 A-DIIS (wt  1.000):  0.0000  0.8664  0.1336
  DIIS coefficients:  0.0000  0.8664  0.1336
 SCF Error: norm([F,P])=      3.207768603179, max([F,P])=      0.597912634437
 orbitals (Q,E):
 ---------------
 A1.g :1...4         ( 2.00    -1.8984)  ( 2.00    -1.2819)  ( 2.00    -0.4586)  ( 0.00     0.0335)
 A2.g :1...2         ( 2.00    -0.0591)  ( 0.00     0.8573)
 B1.g :1...3         ( 2.00    -1.9200)  ( 2.00    -0.5768)  ( 0.00     0.2674)
 B2.g :1...3         ( 2.00    -2.1308)  ( 2.00    -0.6202)  ( 0.00     0.0768)
 E1.g :1...3         ( 4.00    -1.7854)  ( 4.00    -0.3763)  ( 0.00     0.3652)
 A1.u :1...1         ( 0.00     1.9302)
 A2.u :1...3         ( 2.00    -0.6937)  ( 2.00     0.0230)  ( 0.00     0.2796)
 B1.u :1...2         ( 2.00    -0.3001)  ( 0.00     0.5909)
 B2.u :1...1         ( 0.00     0.6931)
 E1.u :1...4         ( 4.00    -1.1244)  ( 4.00    -0.4104)  ( 4.00    -0.2708)  ( 0.00     0.0621)

 CYCLE   31
  SDIIS (wt  0.000): -2.0000  0.2491  0.0008  0.9266  1.7441  0.0064  0.0730
 A-DIIS (wt  1.000):  0.0000  0.0000  0.0000  0.8550  0.0000  0.0000  0.1450
  DIIS coefficients:  0.0000  0.0000  0.0000  0.8550  0.0000  0.0000  0.1450
 SCF Error: norm([F,P])=      1.051049144862, max([F,P])=      0.190860360652
 orbitals (Q,E):
 ---------------
 A1.g :1...4         ( 2.00    -1.9459)  ( 2.00    -1.2785)  ( 2.00    -0.4114)  ( 0.00     0.0343)
 A2.g :1...2         ( 2.00     0.0130)  ( 0.00     0.8816)
 B1.g :1...3         ( 2.00    -1.9757)  ( 2.00    -0.5328)  ( 0.00     0.2816)
 B2.g :1...3         ( 2.00    -2.1794)  ( 2.00    -0.5686)  ( 0.00     0.0896)
 E1.g :1...3         ( 4.00    -1.8549)  ( 4.00    -0.3441)  ( 0.00     0.3805)
 A1.u :1...1         ( 0.00     1.9740)
 A2.u :1...3         ( 2.00    -0.6693)  ( 2.00     0.0199)  ( 0.00     0.2834)
 B1.u :1...2         ( 2.00    -0.2507)  ( 0.00     0.6081)
 B2.u :1...1         ( 0.00     0.7266)
 E1.u :1...4         ( 4.00    -1.0833)  ( 4.00    -0.3535)  ( 4.00    -0.2141)  ( 0.00     0.0664)

 CYCLE   32
  SDIIS (wt  0.000): -1.8029 -1.1060  0.8039  0.9391  1.9857 -0.0007  0.0311  0.1499
 A-DIIS (wt  1.000):  0.0000  0.0000  0.0000  0.6848  0.0000  0.0000  0.0000  0.3152
  DIIS coefficients:  0.0000  0.0000  0.0000  0.6848  0.0000  0.0000  0.0000  0.3152
 SCF Error: norm([F,P])=      0.472929992291, max([F,P])=      0.092286651345
 orbitals (Q,E):
 ---------------
 A1.g :1...4         ( 2.00    -1.9044)  ( 2.00    -1.2479)  ( 2.00    -0.3909)  ( 0.00     0.0433)
 A2.g :1...2         ( 2.00     0.0407)  ( 0.00     0.8906)
 B1.g :1...3         ( 2.00    -1.9309)  ( 2.00    -0.5031)  ( 0.00     0.2880)
 B2.g :1...3         ( 2.00    -2.1354)  ( 2.00    -0.5454)  ( 0.00     0.1165)
 E1.g :1...3         ( 4.00    -1.8121)  ( 4.00    -0.3202)  ( 0.00     0.3890)
 A1.u :1...1         ( 0.00     1.9921)
 A2.u :1...3         ( 2.00    -0.6471)  ( 2.00     0.0225)  ( 0.00     0.2964)
 B1.u :1...2         ( 2.00    -0.2270)  ( 0.00     0.6164)
 B2.u :1...1         ( 0.00     0.7432)
 E1.u :1...4         ( 4.00    -1.0534)  ( 4.00    -0.3316)  ( 4.00    -0.1871)  ( 0.00     0.0690)

 CYCLE   33
  SDIIS (wt  0.000): -1.3802 -0.5945  0.1888  0.8600  1.6354 -0.0001 -0.0095  0.0562  0.2439
 A-DIIS (wt  1.000):  0.0000 -0.0000  0.0000  0.5980  0.0000  0.0000  0.0000  0.0000  0.4020
  DIIS coefficients:  0.0000 -0.0000  0.0000  0.5980  0.0000  0.0000  0.0000  0.0000  0.4020
 SCF Error: norm([F,P])=      0.303541874433, max([F,P])=      0.058033682457
 orbitals (Q,E):
 ---------------
 A1.g :1...4         ( 2.00    -1.9173)  ( 2.00    -1.2527)  ( 2.00    -0.3893)  ( 0.00     0.0435)
 A2.g :1...2         ( 2.00     0.0434)  ( 0.00     0.8917)
 B1.g :1...3         ( 2.00    -1.9445)  ( 2.00    -0.5034)  ( 0.00     0.2882)
 B2.g :1...3         ( 2.00    -2.1481)  ( 2.00    -0.5439)  ( 0.00     0.1132)
 E1.g :1...3         ( 4.00    -1.8270)  ( 4.00    -0.3212)  ( 0.00     0.3894)
 A1.u :1...1         ( 0.00     1.9938)
 A2.u :1...3         ( 2.00    -0.6487)  ( 2.00     0.0229)  ( 0.00     0.2956)
 B1.u :1...2         ( 2.00    -0.2263)  ( 0.00     0.6170)
 B2.u :1...1         ( 0.00     0.7442)
 E1.u :1...4         ( 4.00    -1.0544)  ( 4.00    -0.3294)  ( 4.00    -0.1859)  ( 0.00     0.0692)

 CYCLE   34
  SDIIS (wt  0.000): -1.3584 -0.5790  0.1711  0.8502  1.6156 -0.0001 -0.0070  0.0295  0.2116  0.0664
 A-DIIS (wt  1.000):  0.0000  0.0000  0.0000  0.5914  0.0000  0.0000  0.0000  0.0000  0.0033  0.4052
  DIIS coefficients:  0.0000  0.0000  0.0000  0.5914  0.0000  0.0000  0.0000  0.0000  0.0033  0.4052
 SCF Error: norm([F,P])=      0.282379020113, max([F,P])=      0.055270029221
 orbitals (Q,E):
 ---------------
 A1.g :1...4         ( 2.00    -1.9087)  ( 2.00    -1.2485)  ( 2.00    -0.3884)  ( 0.00     0.0445)
 A2.g :1...2         ( 2.00     0.0444)  ( 0.00     0.8919)
 B1.g :1...3         ( 2.00    -1.9351)  ( 2.00    -0.5007)  ( 0.00     0.2885)
 B2.g :1...3         ( 2.00    -2.1394)  ( 2.00    -0.5428)  ( 0.00     0.1165)
 E1.g :1...3         ( 4.00    -1.8173)  ( 4.00    -0.3192)  ( 0.00     0.3898)
 A1.u :1...1         ( 0.00     1.9946)
 A2.u :1...3         ( 2.00    -0.6466)  ( 2.00     0.0231)  ( 0.00     0.2968)
 B1.u :1...2         ( 2.00    -0.2251)  ( 0.00     0.6173)
 B2.u :1...1         ( 0.00     0.7452)
 E1.u :1...4         ( 4.00    -1.0518)  ( 4.00    -0.3287)  ( 4.00    -0.1843)  ( 0.00     0.0693)

 CYCLE   35
  SDIIS (wt  0.000): -0.2483 -0.3365  0.4486  0.3949 -0.0002 -0.0076 -0.6891 -1.6287  0.8282  2.2387
 A-DIIS (wt  1.000):  0.0000  0.0673  0.4509  0.0000  0.0000  0.0000  0.0000  0.0000  0.0622  0.4196
  DIIS coefficients:  0.0000  0.0673  0.4509  0.0000  0.0000  0.0000  0.0000  0.0000  0.0622  0.4196
 SCF Error: norm([F,P])=      0.278889824861, max([F,P])=      0.054486578129
 orbitals (Q,E):
 ---------------
 A1.g :1...5         ( 2.00    -1.9127)  ( 2.00    -1.2501)  ( 2.00    -0.3882)  ( 2.00     0.0449)
                     ( 0.00     0.2764)
 A2.g :1...1         ( 0.00     0.0449)
 B1.g :1...3         ( 2.00    -1.9396)  ( 2.00    -0.5013)  ( 0.00     0.2885)
 B2.g :1...3         ( 2.00    -2.1435)  ( 2.00    -0.5427)  ( 0.00     0.1153)
 E1.g :1...3         ( 4.00    -1.8220)  ( 4.00    -0.3196)  ( 0.00     0.3899)
 A1.u :1...1         ( 0.00     1.9948)
 A2.u :1...3         ( 2.00    -0.6471)  ( 2.00     0.0233)  ( 0.00     0.2970)
 B1.u :1...2         ( 2.00    -0.2250)  ( 0.00     0.6175)
 B2.u :1...1         ( 0.00     0.7452)
 E1.u :1...4         ( 4.00    -1.0523)  ( 4.00    -0.3283)  ( 4.00    -0.1843)  ( 0.00     0.0693)

 CYCLE   36
  SDIIS (wt  0.000):  0.6024  0.0016 -0.0062 -1.5977 -2.0000  3.0000  1.7966 -0.7967
 A-DIIS (wt  1.000):  0.0000  0.0000  0.0000  0.0000  0.0000  0.0000  0.7083  0.2917
  DIIS coefficients:  0.0000  0.0000  0.0000  0.0000  0.0000  0.0000  0.7083  0.2917
 SCF Error: norm([F,P])=      0.626765730502, max([F,P])=      0.127188442646
 orbitals (Q,E):
 ---------------
 A1.g :1...4         ( 2.00    -1.9117)  ( 2.00    -1.2484)  ( 2.00    -0.3865)  ( 0.00     0.0474)
 A2.g :1...2         ( 2.00     0.0473)  ( 0.00     0.8929)
 B1.g :1...3         ( 2.00    -1.9386)  ( 2.00    -0.4993)  ( 0.00     0.2891)
 B2.g :1...3         ( 2.00    -2.1423)  ( 2.00    -0.5408)  ( 0.00     0.1167)
 E1.g :1...3         ( 4.00    -1.8213)  ( 4.00    -0.3178)  ( 0.00     0.3909)
 A1.u :1...1         ( 0.00     1.9963)
 A2.u :1...3         ( 2.00    -0.6452)  ( 2.00     0.0242)  ( 0.00     0.2998)
 B1.u :1...2         ( 2.00    -0.2229)  ( 0.00     0.6184)
 B2.u :1...1         ( 0.00     0.7465)
 E1.u :1...4         ( 4.00    -1.0503)  ( 4.00    -0.3264)  ( 4.00    -0.1821)  ( 0.00     0.0697)

 CYCLE   37
  SDIIS (wt  0.000):  0.6750  0.0877  0.0003  0.0248 -0.5185 -0.1544  2.0930 -0.1157 -0.2205 -0.8716
 A-DIIS (wt  1.000):  0.0311  0.0000  0.0000  0.0000  0.0000  0.0000  0.0000  0.0000  0.2679  0.7010
  DIIS coefficients:  0.0311  0.0000  0.0000  0.0000  0.0000  0.0000  0.0000  0.0000  0.2679  0.7010
 SCF Error: norm([F,P])=      0.257481827972, max([F,P])=      0.050549255238
 orbitals (Q,E):
 ---------------
 A1.g :1...5         ( 2.00    -1.9073)  ( 2.00    -1.2465)  ( 2.00    -0.3862)  ( 2.00     0.0477)
                     ( 0.00     0.2777)
 A2.g :1...1         ( 0.00     0.0478)
 B1.g :1...3         ( 2.00    -1.9337)  ( 2.00    -0.4979)  ( 0.00     0.2892)
 B2.g :1...3         ( 2.00    -2.1378)  ( 2.00    -0.5403)  ( 0.00     0.1183)
 E1.g :1...3         ( 4.00    -1.8163)  ( 4.00    -0.3170)  ( 0.00     0.3910)
 A1.u :1...1         ( 0.00     1.9966)
 A2.u :1...3         ( 2.00    -0.6446)  ( 2.00     0.0243)  ( 0.00     0.3000)
 B1.u :1...2         ( 2.00    -0.2227)  ( 0.00     0.6184)
 B2.u :1...1         ( 0.00     0.7469)
 E1.u :1...4         ( 4.00    -1.0492)  ( 4.00    -0.3261)  ( 4.00    -0.1815)  ( 0.00     0.0697)

 CYCLE   38
  SDIIS (wt  0.000):  0.6921  0.0016 -0.0145 -1.6337 -2.0000  3.0000  2.1900 -0.4337 -0.3293 -0.4725
 A-DIIS (wt  1.000):  0.0000  0.0000 -0.0000  0.0000  0.0000  0.0000  0.0000  0.0000  0.7195  0.2805
  DIIS coefficients:  0.0000  0.0000 -0.0000  0.0000  0.0000  0.0000  0.0000  0.0000  0.7195  0.2805
 SCF Error: norm([F,P])=      0.640534182307, max([F,P])=      0.129972734614
 orbitals (Q,E):
 ---------------
 A1.g :1...4         ( 2.00    -1.9094)  ( 2.00    -1.2476)  ( 2.00    -0.3863)  ( 0.00     0.0476)
 A2.g :1...2         ( 2.00     0.0476)  ( 0.00     0.8930)
 B1.g :1...3         ( 2.00    -1.9359)  ( 2.00    -0.4985)  ( 0.00     0.2891)
 B2.g :1...3         ( 2.00    -2.1399)  ( 2.00    -0.5405)  ( 0.00     0.1175)
 E1.g :1...3         ( 4.00    -1.8186)  ( 4.00    -0.3176)  ( 0.00     0.3909)
 A1.u :1...1         ( 0.00     1.9965)
 A2.u :1...3         ( 2.00    -0.6452)  ( 2.00     0.0243)  ( 0.00     0.2997)
 B1.u :1...2         ( 2.00    -0.2230)  ( 0.00     0.6183)
 B2.u :1...1         ( 0.00     0.7467)
 E1.u :1...4         ( 4.00    -1.0498)  ( 4.00    -0.3263)  ( 4.00    -0.1818)  ( 0.00     0.0697)

 CYCLE   39
  SDIIS (wt  0.499):  0.0013  0.0756 -1.4584 -2.0000  3.0000  0.8022  0.2926 -0.4822 -0.2640  1.0328
 A-DIIS (wt  0.501):  0.0000  0.0000  0.0000  0.0000  0.0000  0.0000  0.0000  0.3100  0.2801  0.4099
  DIIS coefficients:  0.0007  0.0377 -0.7271 -0.9971  1.4956  0.3999  0.1459 -0.0849  0.0089  0.7204
 SCF Error: norm([F,P])=      0.258548899197, max([F,P])=      0.050644591942
 orbitals (Q,E):
 ---------------
 A1.g :1...5         ( 2.00    -1.9013)  ( 2.00    -1.2362)  ( 2.00    -0.3733)  ( 2.00     0.0526)
                     ( 0.00     0.2815)
 A2.g :1...1         ( 0.00     0.0662)
 B1.g :1...3         ( 2.00    -1.9265)  ( 2.00    -0.4819)  ( 0.00     0.2927)
 B2.g :1...3         ( 2.00    -2.1301)  ( 2.00    -0.5260)  ( 0.00     0.1280)
 E1.g :1...3         ( 4.00    -1.8121)  ( 4.00    -0.3058)  ( 0.00     0.3958)
 A1.u :1...1         ( 0.00     2.0087)
 A2.u :1...3         ( 2.00    -0.6352)  ( 2.00     0.0260)  ( 0.00     0.3051)
 B1.u :1...2         ( 2.00    -0.2094)  ( 0.00     0.6234)
 B2.u :1...1         ( 0.00     0.7573)
 E1.u :1...4         ( 4.00    -1.0342)  ( 4.00    -0.3118)  ( 4.00    -0.1653)  ( 0.00     0.0712)

 CYCLE   40
  SDIIS (wt  0.000):  0.7486  0.2514
 A-DIIS (wt  1.000):  0.7392  0.2608
  DIIS coefficients:  0.7392  0.2608
 SCF Error: norm([F,P])=      0.749334012787, max([F,P])=      0.150964156680
 orbitals (Q,E):
 ---------------
 A1.g :1...5         ( 2.00    -1.9114)  ( 2.00    -1.2483)  ( 2.00    -0.3861)  ( 2.00     0.0478)
                     ( 0.00     0.2775)
 A2.g :1...1         ( 0.00     0.0483)
 B1.g :1...3         ( 2.00    -1.9379)  ( 2.00    -0.4982)  ( 0.00     0.2891)
 B2.g :1...3         ( 2.00    -2.1418)  ( 2.00    -0.5402)  ( 0.00     0.1170)
 E1.g :1...3         ( 4.00    -1.8209)  ( 4.00    -0.3177)  ( 0.00     0.3909)
 A1.u :1...1         ( 0.00     1.9969)
 A2.u :1...3         ( 2.00    -0.6455)  ( 2.00     0.0244)  ( 0.00     0.2995)
 B1.u :1...2         ( 2.00    -0.2230)  ( 0.00     0.6184)
 B2.u :1...1         ( 0.00     0.7470)
 E1.u :1...4         ( 4.00    -1.0498)  ( 4.00    -0.3259)  ( 4.00    -0.1814)  ( 0.00     0.0696)

 CYCLE   41
  SDIIS (wt  0.000): -1.5646 -1.6537  3.0000  0.2601 -1.5339 -1.0611  3.0000  1.5888 -1.0355
 A-DIIS (wt  1.000):  0.0000  0.0000  0.0000  0.0000  0.0000  0.0000  0.7201  0.0000  0.2799
  DIIS coefficients:  0.0000  0.0000  0.0000  0.0000  0.0000  0.0000  0.7201  0.0000  0.2799
 SCF Error: norm([F,P])=      0.642275899503, max([F,P])=      0.130115039013
 orbitals (Q,E):
 ---------------
 A1.g :1...5         ( 2.00    -1.9102)  ( 2.00    -1.2478)  ( 2.00    -0.3864)  ( 2.00     0.0477)
                     ( 0.00     0.2776)
 A2.g :1...1         ( 0.00     0.0477)
 B1.g :1...3         ( 2.00    -1.9368)  ( 2.00    -0.4986)  ( 0.00     0.2891)
 B2.g :1...3         ( 2.00    -2.1407)  ( 2.00    -0.5405)  ( 0.00     0.1173)
 E1.g :1...3         ( 4.00    -1.8196)  ( 4.00    -0.3176)  ( 0.00     0.3909)
 A1.u :1...1         ( 0.00     1.9965)
 A2.u :1...3         ( 2.00    -0.6452)  ( 2.00     0.0243)  ( 0.00     0.2998)
 B1.u :1...2         ( 2.00    -0.2229)  ( 0.00     0.6183)
 B2.u :1...1         ( 0.00     0.7467)
 E1.u :1...4         ( 4.00    -1.0498)  ( 4.00    -0.3263)  ( 4.00    -0.1818)  ( 0.00     0.0697)

 CYCLE   42
  SDIIS (wt  0.000): -1.6125 -2.0000  0.8104  1.0784  0.4234  0.3320  3.0000 -1.4850  0.4533
 A-DIIS (wt  1.000):  0.0000  0.0000  0.0000  0.0000  0.0000  0.0000  0.7199  0.0000  0.2801
  DIIS coefficients:  0.0000  0.0000  0.0000  0.0000  0.0000  0.0000  0.7199  0.0000  0.2801
 SCF Error: norm([F,P])=      0.641235717771, max([F,P])=      0.130039105227
 orbitals (Q,E):
 ---------------
 A1.g :1...4         ( 2.00    -1.9108)  ( 2.00    -1.2481)  ( 2.00    -0.3864)  ( 0.00     0.0476)
 A2.g :1...2         ( 2.00     0.0476)  ( 0.00     0.8929)
 B1.g :1...3         ( 2.00    -1.9374)  ( 2.00    -0.4988)  ( 0.00     0.2890)
 B2.g :1...3         ( 2.00    -2.1413)  ( 2.00    -0.5406)  ( 0.00     0.1170)
 E1.g :1...3         ( 4.00    -1.8202)  ( 4.00    -0.3178)  ( 0.00     0.3908)
 A1.u :1...1         ( 0.00     1.9964)
 A2.u :1...3         ( 2.00    -0.6453)  ( 2.00     0.0243)  ( 0.00     0.2996)
 B1.u :1...2         ( 2.00    -0.2231)  ( 0.00     0.6183)
 B2.u :1...1         ( 0.00     0.7467)
 E1.u :1...4         ( 4.00    -1.0500)  ( 4.00    -0.3263)  ( 4.00    -0.1819)  ( 0.00     0.0697)

 CYCLE   43
  SDIIS (wt  0.499): -2.0000 -2.0000  1.6715 -0.0329  0.2359  1.6530 -1.3655  1.7006 -1.8627  3.0000
 A-DIIS (wt  0.501):  0.0000  0.0000  0.0000  0.0000  0.0000  0.3628  0.0000  0.0000  0.2801  0.3570
  DIIS coefficients: -0.9980 -0.9980  0.8341 -0.0164  0.1177  1.0067 -0.6814  0.8486 -0.7892  1.6759
 SCF Error: norm([F,P])=      0.257680242451, max([F,P])=      0.050596721844
 orbitals (Q,E):
 ---------------
 A1.g :1...4         ( 2.00    -1.9141)  ( 2.00    -1.2530)  ( 2.00    -0.3923)  ( 0.00     0.0460)
 A2.g :1...2         ( 2.00     0.0390)  ( 0.00     0.8902)
 B1.g :1...3         ( 2.00    -1.9411)  ( 2.00    -0.5062)  ( 0.00     0.2876)
 B2.g :1...3         ( 2.00    -2.1452)  ( 2.00    -0.5472)  ( 0.00     0.1123)
 E1.g :1...3         ( 4.00    -1.8227)  ( 4.00    -0.3231)  ( 0.00     0.3886)
 A1.u :1...1         ( 0.00     1.9910)
 A2.u :1...3         ( 2.00    -0.6498)  ( 2.00     0.0237)  ( 0.00     0.2977)
 B1.u :1...2         ( 2.00    -0.2293)  ( 0.00     0.6160)
 B2.u :1...1         ( 0.00     0.7421)
 E1.u :1...4         ( 4.00    -1.0569)  ( 4.00    -0.3329)  ( 4.00    -0.1893)  ( 0.00     0.0690)

 CYCLE   44
  SDIIS (wt  0.390): -2.0000  0.4941  2.0561  0.4498
 A-DIIS (wt  0.610):  0.0000  0.0000  0.3039  0.6961
  DIIS coefficients: -0.7803  0.1928  0.9875  0.6000
 SCF Error: norm([F,P])=      0.311204179970, max([F,P])=      0.061375303077
 orbitals (Q,E):
 ---------------
 A1.g :1...4         ( 2.00    -1.9177)  ( 2.00    -1.2580)  ( 2.00    -0.3982)  ( 0.00     0.0433)
 A2.g :1...2         ( 2.00     0.0306)  ( 0.00     0.8875)
 B1.g :1...3         ( 2.00    -1.9454)  ( 2.00    -0.5139)  ( 0.00     0.2859)
 B2.g :1...3         ( 2.00    -2.1496)  ( 2.00    -0.5537)  ( 0.00     0.1076)
 E1.g :1...3         ( 4.00    -1.8256)  ( 4.00    -0.3283)  ( 0.00     0.3864)
 A1.u :1...1         ( 0.00     1.9854)
 A2.u :1...3         ( 2.00    -0.6541)  ( 2.00     0.0227)  ( 0.00     0.2951)
 B1.u :1...2         ( 2.00    -0.2352)  ( 0.00     0.6137)
 B2.u :1...1         ( 0.00     0.7372)
 E1.u :1...4         ( 4.00    -1.0639)  ( 4.00    -0.3395)  ( 4.00    -0.1968)  ( 0.00     0.0684)

 CYCLE   45
   MIX coefficients:  0.8000  0.2000
 SCF Error: norm([F,P])=      0.358806469115, max([F,P])=      0.070716372458
 orbitals (Q,E):
 ---------------
 A1.g :1...5         ( 2.00    -1.8279)  ( 2.00    -1.1603)  ( 2.00    -0.3058)  ( 2.00     0.0739)
                     ( 0.00     0.3069)
 A2.g :1...1         ( 0.00     0.1589)
 B1.g :1...3         ( 2.00    -1.8495)  ( 2.00    -0.3984)  ( 0.00     0.3134)
 B2.g :1...3         ( 2.00    -2.0485)  ( 2.00    -0.4501)  ( 0.00     0.1909)
 E1.g :1...3         ( 4.00    -1.7446)  ( 4.00    -0.2350)  ( 0.00     0.4234)
 A1.u :1...1         ( 0.00     2.0685)
 A2.u :1...3         ( 2.00    -0.5699)  ( 2.00     0.0318)  ( 0.00     0.3409)
 B1.u :1...2         ( 2.00    -0.1296)  ( 0.00     0.6529)
 B2.u :1...1         ( 0.00     0.8086)
 E1.u :1...4         ( 4.00    -0.9462)  ( 4.00    -0.2381)  ( 4.00    -0.0809)  ( 0.00     0.0830)

 CYCLE   46
  SDIIS (wt  0.000):  0.8332  0.1668
 A-DIIS (wt  1.000):  0.8375  0.1625
  DIIS coefficients:  0.8375  0.1625
 SCF Error: norm([F,P])=      1.484697708470, max([F,P])=      0.288354314066
 orbitals (Q,E):
 ---------------
 A1.g :1...5         ( 2.00    -1.9070)  ( 2.00    -1.2384)  ( 2.00    -0.3724)  ( 2.00     0.0517)
                     ( 0.00     0.2816)
 A2.g :1...1         ( 0.00     0.0678)
 B1.g :1...3         ( 2.00    -1.9326)  ( 2.00    -0.4821)  ( 0.00     0.2928)
 B2.g :1...3         ( 2.00    -2.1357)  ( 2.00    -0.5250)  ( 0.00     0.1269)
 E1.g :1...3         ( 4.00    -1.8188)  ( 4.00    -0.3059)  ( 0.00     0.3960)
 A1.u :1...1         ( 0.00     2.0092)
 A2.u :1...3         ( 2.00    -0.6358)  ( 2.00     0.0259)  ( 0.00     0.3043)
 B1.u :1...2         ( 2.00    -0.2086)  ( 0.00     0.6238)
 B2.u :1...1         ( 0.00     0.7571)
 E1.u :1...4         ( 4.00    -1.0347)  ( 4.00    -0.3105)  ( 4.00    -0.1646)  ( 0.00     0.0714)

 CYCLE   47
  SDIIS (wt  0.000):  3.0000 -0.0078 -2.0000  0.0645 -0.0567
 A-DIIS (wt  1.000):  0.7415  0.0000  0.0000  0.0000  0.2585
  DIIS coefficients:  0.7415  0.0000  0.0000  0.0000  0.2585
 SCF Error: norm([F,P])=      0.768940841651, max([F,P])=      0.155399447120
 orbitals (Q,E):
 ---------------
 A1.g :1...5         ( 2.00    -1.9071)  ( 2.00    -1.2461)  ( 2.00    -0.3855)  ( 2.00     0.0483)
                     ( 0.00     0.2778)
 A2.g :1...1         ( 0.00     0.0489)
 B1.g :1...3         ( 2.00    -1.9332)  ( 2.00    -0.4967)  ( 0.00     0.2893)
 B2.g :1...3         ( 2.00    -2.1375)  ( 2.00    -0.5396)  ( 0.00     0.1187)
 E1.g :1...3         ( 4.00    -1.8161)  ( 4.00    -0.3166)  ( 0.00     0.3912)
 A1.u :1...1         ( 0.00     1.9974)
 A2.u :1...3         ( 2.00    -0.6443)  ( 2.00     0.0245)  ( 0.00     0.3002)
 B1.u :1...2         ( 2.00    -0.2223)  ( 0.00     0.6186)
 B2.u :1...1         ( 0.00     0.7477)
 E1.u :1...4         ( 4.00    -1.0484)  ( 4.00    -0.3254)  ( 4.00    -0.1805)  ( 0.00     0.0697)

 CYCLE   48
  SDIIS (wt  0.000):  3.0000 -0.0902 -2.0000  0.0149 -0.3524  0.4277
 A-DIIS (wt  1.000):  0.7207  0.0000 -0.0000  0.0000  0.0000  0.2793
  DIIS coefficients:  0.7207  0.0000 -0.0000  0.0000  0.0000  0.2793
 SCF Error: norm([F,P])=      0.643556588904, max([F,P])=      0.130340162368
 orbitals (Q,E):
 ---------------
 A1.g :1...5         ( 2.00    -1.9105)  ( 2.00    -1.2480)  ( 2.00    -0.3864)  ( 2.00     0.0476)
                     ( 0.00     0.2775)
 A2.g :1...1         ( 0.00     0.0476)
 B1.g :1...3         ( 2.00    -1.9371)  ( 2.00    -0.4987)  ( 0.00     0.2890)
 B2.g :1...3         ( 2.00    -2.1410)  ( 2.00    -0.5406)  ( 0.00     0.1171)
 E1.g :1...3         ( 4.00    -1.8199)  ( 4.00    -0.3177)  ( 0.00     0.3908)
 A1.u :1...1         ( 0.00     1.9964)
 A2.u :1...3         ( 2.00    -0.6453)  ( 2.00     0.0243)  ( 0.00     0.2996)
 B1.u :1...2         ( 2.00    -0.2230)  ( 0.00     0.6183)
 B2.u :1...1         ( 0.00     0.7467)
 E1.u :1...4         ( 4.00    -1.0500)  ( 4.00    -0.3263)  ( 4.00    -0.1819)  ( 0.00     0.0696)

 CYCLE   49
  SDIIS (wt  0.000): -0.9372  3.0000 -0.1108 -2.0000  0.0516  0.0470  0.9054  0.0439
 A-DIIS (wt  1.000):  0.0000  0.7197  0.0000  0.0000  0.0000  0.0000  0.0000  0.2803
  DIIS coefficients:  0.0000  0.7197  0.0000  0.0000  0.0000  0.0000  0.0000  0.2803
 SCF Error: norm([F,P])=      0.640970327569, max([F,P])=      0.130036963468
 orbitals (Q,E):
 ---------------
 A1.g :1...5         ( 2.00    -1.9091)  ( 2.00    -1.2473)  ( 2.00    -0.3863)  ( 1.00     0.0477)
                     ( 0.00     0.2776)
 A2.g :1...2         ( 1.00     0.0477)  ( 0.00     0.8930)
 B1.g :1...3         ( 2.00    -1.9356)  ( 2.00    -0.4983)  ( 0.00     0.2891)
 B2.g :1...3         ( 2.00    -2.1396)  ( 2.00    -0.5404)  ( 0.00     0.1176)
 E1.g :1...3         ( 4.00    -1.8183)  ( 4.00    -0.3174)  ( 0.00     0.3909)
 A1.u :1...1         ( 0.00     1.9965)
 A2.u :1...3         ( 2.00    -0.6450)  ( 2.00     0.0243)  ( 0.00     0.2999)
 B1.u :1...2         ( 2.00    -0.2229)  ( 0.00     0.6184)
 B2.u :1...1         ( 0.00     0.7468)
 E1.u :1...4         ( 4.00    -1.0496)  ( 4.00    -0.3262)  ( 4.00    -0.1817)  ( 0.00     0.0697)

 CYCLE   50
  SDIIS (wt  0.609):  0.2561 -0.9873  2.3451 -0.7621 -0.9057  0.0296  0.0243  0.5614  0.4385
 A-DIIS (wt  0.391):  0.0000  0.0000  0.4240  0.0000  0.0000  0.0000  0.0000  0.0000  0.5760
  DIIS coefficients:  0.1559 -0.6008  1.5932 -0.4638 -0.5512  0.0180  0.0148  0.3417  0.4923
 SCF Error: norm([F,P])=      0.196753987472, max([F,P])=      0.039750773070
 orbitals (Q,E):
 ---------------
 A1.g :1...5         ( 2.00    -1.9032)  ( 2.00    -1.2387)  ( 2.00    -0.3760)  ( 2.00     0.0493)
                     ( 0.00     0.2800)
 A2.g :1...1         ( 0.00     0.0623)
 B1.g :1...3         ( 2.00    -1.9286)  ( 2.00    -0.4853)  ( 0.00     0.2919)
 B2.g :1...3         ( 2.00    -2.1323)  ( 2.00    -0.5290)  ( 0.00     0.1258)
 E1.g :1...3         ( 4.00    -1.8136)  ( 4.00    -0.3083)  ( 0.00     0.3945)
 A1.u :1...1         ( 0.00     2.0062)
 A2.u :1...3         ( 2.00    -0.6375)  ( 2.00     0.0249)  ( 0.00     0.3019)
 B1.u :1...2         ( 2.00    -0.2122)  ( 0.00     0.6222)
 B2.u :1...1         ( 0.00     0.7550)
 E1.u :1...4         ( 4.00    -1.0375)  ( 4.00    -0.3147)  ( 4.00    -0.1687)  ( 0.00     0.0707)

 CYCLE   51
  SDIIS (wt  0.000): -0.8430 -1.1570  3.0000
 A-DIIS (wt  1.000):  0.0000  0.0000  1.0000
  DIIS coefficients:  0.0000  0.0000  1.0000
 SCF Error: norm([F,P])=      0.728546337432, max([F,P])=      0.147104126096
 orbitals (Q,E):
 ---------------
 A1.g :1...4         ( 2.00    -2.1112)  ( 2.00    -1.4580)  ( 2.00    -0.5944)  ( 0.00    -0.0159)
 A2.g :1...2         ( 2.00    -0.2319)  ( 0.00     0.8051)
 B1.g :1...3         ( 2.00    -2.1463)  ( 2.00    -0.7477)  ( 0.00     0.2303)
 B2.g :1...4         ( 2.00    -2.3625)  ( 2.00    -0.7664)  ( 2.00    -0.1001)  ( 0.00     0.3066)
 E1.g :1...3         ( 4.00    -1.9983)  ( 4.00    -0.5285)  ( 0.00     0.3156)
 A1.u :1...1         ( 0.00     1.8219)
 A2.u :1...2         ( 2.00    -0.8363)  ( 0.00     0.0010)
 B1.u :1...2         ( 2.00    -0.4575)  ( 0.00     0.5416)
 B2.u :1...1         ( 0.00     0.5967)
 E1.u :1...4         ( 4.00    -1.3040)  ( 4.00    -0.5552)  ( 4.00    -0.4410)  ( 0.00     0.0468)

 CYCLE   52
  SDIIS (wt  0.000): -0.4028 -2.0000  3.0000  0.3811  0.0217
 A-DIIS (wt  1.000):  0.0000  0.0000  0.8595  0.0000  0.1405
  DIIS coefficients:  0.0000  0.0000  0.8595  0.0000  0.1405
 SCF Error: norm([F,P])=      3.074349906070, max([F,P])=      0.564261167625
 orbitals (Q,E):
 ---------------
 A1.g :1...4         ( 2.00    -1.8945)  ( 2.00    -1.2779)  ( 2.00    -0.4544)  ( 0.00     0.0348)
 A2.g :1...2         ( 2.00    -0.0539)  ( 0.00     0.8591)
 B1.g :1...3         ( 2.00    -1.9158)  ( 2.00    -0.5721)  ( 0.00     0.2686)
 B2.g :1...3         ( 2.00    -2.1264)  ( 2.00    -0.6158)  ( 0.00     0.0808)
 E1.g :1...3         ( 4.00    -1.7819)  ( 4.00    -0.3722)  ( 0.00     0.3668)
 A1.u :1...1         ( 0.00     1.9337)
 A2.u :1...3         ( 2.00    -0.6899)  ( 2.00     0.0235)  ( 0.00     0.2816)
 B1.u :1...2         ( 2.00    -0.2956)  ( 0.00     0.5925)
 B2.u :1...1         ( 0.00     0.6961)
 E1.u :1...4         ( 4.00    -1.1196)  ( 4.00    -0.4059)  ( 4.00    -0.2659)  ( 0.00     0.0625)

 CYCLE   53
  SDIIS (wt  0.000): -0.0320 -0.0200 -2.0000  1.9965  0.9802 -0.0298  0.0044  0.1008
 A-DIIS (wt  1.000):  0.0000  0.0000  0.0000  0.0000  0.8478  0.0000  0.0000  0.1522
  DIIS coefficients:  0.0000  0.0000  0.0000  0.0000  0.8478  0.0000  0.0000  0.1522
 SCF Error: norm([F,P])=      1.025939444831, max([F,P])=      0.184782043340
 orbitals (Q,E):
 ---------------
 A1.g :1...4         ( 2.00    -1.9473)  ( 2.00    -1.2787)  ( 2.00    -0.4108)  ( 0.00     0.0344)
 A2.g :1...2         ( 2.00     0.0140)  ( 0.00     0.8820)
 B1.g :1...3         ( 2.00    -1.9772)  ( 2.00    -0.5324)  ( 0.00     0.2817)
 B2.g :1...3         ( 2.00    -2.1807)  ( 2.00    -0.5679)  ( 0.00     0.0896)
 E1.g :1...3         ( 4.00    -1.8567)  ( 4.00    -0.3437)  ( 0.00     0.3808)
 A1.u :1...1         ( 0.00     1.9746)
 A2.u :1...3         ( 2.00    -0.6691)  ( 2.00     0.0200)  ( 0.00     0.2835)
 B1.u :1...2         ( 2.00    -0.2500)  ( 0.00     0.6083)
 B2.u :1...1         ( 0.00     0.7271)
 E1.u :1...4         ( 4.00    -1.0829)  ( 4.00    -0.3527)  ( 4.00    -0.2134)  ( 0.00     0.0665)

 CYCLE   54
  SDIIS (wt  0.000): -0.0105 -0.7342 -1.5298  1.2842  0.9141  0.8962 -0.0015  0.0352  0.1462
 A-DIIS (wt  1.000):  0.0000  0.0000  0.0000  0.0000  0.6823  0.0000  0.0000  0.0000  0.3177
  DIIS coefficients:  0.0000  0.0000  0.0000  0.0000  0.6823  0.0000  0.0000  0.0000  0.3177
 SCF Error: norm([F,P])=      0.468692126393, max([F,P])=      0.090805474385
 orbitals (Q,E):
 ---------------
 A1.g :1...4         ( 2.00    -1.9045)  ( 2.00    -1.2480)  ( 2.00    -0.3909)  ( 0.00     0.0433)
 A2.g :1...2         ( 2.00     0.0407)  ( 0.00     0.8906)
 B1.g :1...3         ( 2.00    -1.9310)  ( 2.00    -0.5031)  ( 0.00     0.2880)
 B2.g :1...3         ( 2.00    -2.1355)  ( 2.00    -0.5454)  ( 0.00     0.1165)
 E1.g :1...3         ( 4.00    -1.8122)  ( 4.00    -0.3202)  ( 0.00     0.3890)
 A1.u :1...1         ( 0.00     1.9921)
 A2.u :1...3         ( 2.00    -0.6471)  ( 2.00     0.0226)  ( 0.00     0.2964)
 B1.u :1...2         ( 2.00    -0.2270)  ( 0.00     0.6164)
 B2.u :1...1         ( 0.00     0.7432)
 E1.u :1...4         ( 4.00    -1.0534)  ( 4.00    -0.3315)  ( 4.00    -0.1871)  ( 0.00     0.0690)

 CYCLE   55
  SDIIS (wt  0.000): -0.0121 -0.3562 -0.7011  0.0044  0.8263  0.9056 -0.0001 -0.0334  0.0404  0.3263
 A-DIIS (wt  1.000):  0.0000  0.0000  0.0000  0.0000  0.5974  0.0000  0.0000  0.0000  0.0000  0.4026
  DIIS coefficients:  0.0000  0.0000  0.0000  0.0000  0.5974  0.0000  0.0000  0.0000  0.0000  0.4026
 SCF Error: norm([F,P])=      0.303464573578, max([F,P])=      0.058046271480
 orbitals (Q,E):
 ---------------
 A1.g :1...4         ( 2.00    -1.9181)  ( 2.00    -1.2531)  ( 2.00    -0.3893)  ( 0.00     0.0435)
 A2.g :1...2         ( 2.00     0.0433)  ( 0.00     0.8916)
 B1.g :1...3         ( 2.00    -1.9454)  ( 2.00    -0.5036)  ( 0.00     0.2882)
 B2.g :1...3         ( 2.00    -2.1490)  ( 2.00    -0.5440)  ( 0.00     0.1128)
 E1.g :1...3         ( 4.00    -1.8280)  ( 4.00    -0.3214)  ( 0.00     0.3893)
 A1.u :1...1         ( 0.00     1.9938)
 A2.u :1...3         ( 2.00    -0.6489)  ( 2.00     0.0229)  ( 0.00     0.2954)
 B1.u :1...2         ( 2.00    -0.2264)  ( 0.00     0.6169)
 B2.u :1...1         ( 0.00     0.7441)
 E1.u :1...4         ( 4.00    -1.0547)  ( 4.00    -0.3294)  ( 4.00    -0.1860)  ( 0.00     0.0692)

 CYCLE   56
  SDIIS (wt  0.000): -0.2172 -0.3291 -0.3497  0.7394  0.7279 -0.0001 -0.0106 -0.2194 -0.0252  0.6840
 A-DIIS (wt  1.000):  0.0000  0.0000  0.0000  0.5914  0.0000  0.0000  0.0000  0.0000  0.0124  0.3962
  DIIS coefficients:  0.0000  0.0000  0.0000  0.5914  0.0000  0.0000  0.0000  0.0000  0.0124  0.3962
 SCF Error: norm([F,P])=      0.283038882211, max([F,P])=      0.055297575672
 orbitals (Q,E):
 ---------------
 A1.g :1...4         ( 2.00    -1.9093)  ( 2.00    -1.2488)  ( 2.00    -0.3885)  ( 0.00     0.0444)
 A2.g :1...2         ( 2.00     0.0444)  ( 0.00     0.8919)
 B1.g :1...3         ( 2.00    -1.9358)  ( 2.00    -0.5009)  ( 0.00     0.2885)
 B2.g :1...3         ( 2.00    -2.1400)  ( 2.00    -0.5429)  ( 0.00     0.1162)
 E1.g :1...3         ( 4.00    -1.8180)  ( 4.00    -0.3193)  ( 0.00     0.3898)
 A1.u :1...1         ( 0.00     1.9945)
 A2.u :1...3         ( 2.00    -0.6468)  ( 2.00     0.0231)  ( 0.00     0.2967)
 B1.u :1...2         ( 2.00    -0.2252)  ( 0.00     0.6173)
 B2.u :1...1         ( 0.00     0.7451)
 E1.u :1...4         ( 4.00    -1.0520)  ( 4.00    -0.3287)  ( 4.00    -0.1844)  ( 0.00     0.0692)

 CYCLE   57
  SDIIS (wt  0.000): -0.0573 -0.7232  0.6396  0.6014 -0.0001 -0.0069 -0.4078 -0.5446  0.7924  0.7066
 A-DIIS (wt  1.000):  0.0000  0.1477  0.2873  0.0000  0.0000  0.0000  0.0000  0.0000  0.0000  0.5650
  DIIS coefficients:  0.0000  0.1477  0.2873  0.0000  0.0000  0.0000  0.0000  0.0000  0.0000  0.5650
 SCF Error: norm([F,P])=      0.278809985417, max([F,P])=      0.054538272170
 orbitals (Q,E):
 ---------------
 A1.g :1...4         ( 2.00    -1.9131)  ( 2.00    -1.2499)  ( 2.00    -0.3877)  ( 0.00     0.0457)
 A2.g :1...2         ( 2.00     0.0457)  ( 0.00     0.8923)
 B1.g :1...3         ( 2.00    -1.9400)  ( 2.00    -0.5008)  ( 0.00     0.2887)
 B2.g :1...3         ( 2.00    -2.1438)  ( 2.00    -0.5421)  ( 0.00     0.1155)
 E1.g :1...3         ( 4.00    -1.8226)  ( 4.00    -0.3192)  ( 0.00     0.3902)
 A1.u :1...1         ( 0.00     1.9952)
 A2.u :1...3         ( 2.00    -0.6466)  ( 2.00     0.0236)  ( 0.00     0.2979)
 B1.u :1...2         ( 2.00    -0.2244)  ( 0.00     0.6177)
 B2.u :1...1         ( 0.00     0.7456)
 E1.u :1...4         ( 4.00    -1.0518)  ( 4.00    -0.3277)  ( 4.00    -0.1836)  ( 0.00     0.0694)

 CYCLE   58
  SDIIS (wt  0.000): -0.6792  0.6711  0.5076 -0.0000  0.0001 -0.4202 -0.3469  1.3545  0.4897 -0.5767
 A-DIIS (wt  1.000):  0.1178  0.3425  0.0000  0.0000  0.0000  0.0000  0.0000  0.0000  0.0000  0.5397
  DIIS coefficients:  0.1178  0.3425  0.0000  0.0000  0.0000  0.0000  0.0000  0.0000  0.0000  0.5397
 SCF Error: norm([F,P])=      0.268161996255, max([F,P])=      0.052652069490
 orbitals (Q,E):
 ---------------
 A1.g :1...5         ( 2.00    -1.9097)  ( 2.00    -1.2484)  ( 2.00    -0.3876)  ( 2.00     0.0457)
                     ( 0.00     0.2768)
 A2.g :1...1         ( 0.00     0.0457)
 B1.g :1...3         ( 2.00    -1.9363)  ( 2.00    -0.5000)  ( 0.00     0.2888)
 B2.g :1...3         ( 2.00    -2.1404)  ( 2.00    -0.5419)  ( 0.00     0.1166)
 E1.g :1...3         ( 4.00    -1.8188)  ( 4.00    -0.3186)  ( 0.00     0.3902)
 A1.u :1...1         ( 0.00     1.9953)
 A2.u :1...3         ( 2.00    -0.6462)  ( 2.00     0.0236)  ( 0.00     0.2980)
 B1.u :1...2         ( 2.00    -0.2243)  ( 0.00     0.6177)
 B2.u :1...1         ( 0.00     0.7458)
 E1.u :1...4         ( 4.00    -1.0511)  ( 4.00    -0.3277)  ( 4.00    -0.1833)  ( 0.00     0.0694)

 CYCLE   59
  SDIIS (wt  0.000):  0.6238  0.4618  0.0001  0.0108 -0.5652 -0.5440  1.9314  0.9636 -1.2552 -0.6271
 A-DIIS (wt  1.000):  0.0000  0.0000  0.0000  0.0000  0.0000  0.0000  0.0000  0.0000  0.7086  0.2914
  DIIS coefficients:  0.0000  0.0000  0.0000  0.0000  0.0000  0.0000  0.0000  0.0000  0.7086  0.2914
 SCF Error: norm([F,P])=      0.630121006117, max([F,P])=      0.127937720017
 orbitals (Q,E):
 ---------------
 A1.g :1...4         ( 2.00    -1.9087)  ( 2.00    -1.2477)  ( 2.00    -0.3872)  ( 0.00     0.0474)
 A2.g :1...2         ( 2.00     0.0463)  ( 0.00     0.8925)
 B1.g :1...3         ( 2.00    -1.9353)  ( 2.00    -0.4994)  ( 0.00     0.2889)
 B2.g :1...3         ( 2.00    -2.1394)  ( 2.00    -0.5415)  ( 0.00     0.1172)
 E1.g :1...3         ( 4.00    -1.8177)  ( 4.00    -0.3181)  ( 0.00     0.3906)
 A1.u :1...1         ( 0.00     1.9957)
 A2.u :1...3         ( 2.00    -0.6454)  ( 2.00     0.0242)  ( 0.00     0.2997)
 B1.u :1...2         ( 2.00    -0.2238)  ( 0.00     0.6181)
 B2.u :1...1         ( 0.00     0.7461)
 E1.u :1...4         ( 4.00    -1.0505)  ( 4.00    -0.3273)  ( 4.00    -0.1828)  ( 0.00     0.0696)

 CYCLE   60
  SDIIS (wt  0.481):  1.5179  0.0013  0.0098 -1.7127 -2.0000  2.9530  1.6987 -1.7352  0.2672
 A-DIIS (wt  0.519):  0.0000  0.0000  0.0000  0.0000  0.0000  0.0000  0.0000  0.2854  0.7146
  DIIS coefficients:  0.7303  0.0006  0.0047 -0.8241 -0.9623  1.4209  0.8173 -0.6868  0.4993
 SCF Error: norm([F,P])=      0.267257601701, max([F,P])=      0.052365421821
 orbitals (Q,E):
 ---------------
 A1.g :1...5         ( 2.00    -1.8927)  ( 2.00    -1.2248)  ( 2.00    -0.3606)  ( 2.00     0.0571)
                     ( 0.00     0.2855)
 A2.g :1...1         ( 0.00     0.0844)
 B1.g :1...3         ( 2.00    -1.9168)  ( 2.00    -0.4657)  ( 0.00     0.2962)
 B2.g :1...3         ( 2.00    -2.1201)  ( 2.00    -0.5118)  ( 0.00     0.1383)
 E1.g :1...3         ( 4.00    -1.8049)  ( 4.00    -0.2941)  ( 0.00     0.4007)
 A1.u :1...1         ( 0.00     2.0205)
 A2.u :1...3         ( 2.00    -0.6252)  ( 2.00     0.0276)  ( 0.00     0.3104)
 B1.u :1...2         ( 2.00    -0.1960)  ( 0.00     0.6286)
 B2.u :1...1         ( 0.00     0.7674)
 E1.u :1...4         ( 4.00    -1.0191)  ( 4.00    -0.2977)  ( 4.00    -0.1493)  ( 0.00     0.0728)

 CYCLE   61
  SDIIS (wt  0.000):  0.7683  0.2317
 A-DIIS (wt  1.000):  0.7559  0.2441
  DIIS coefficients:  0.7559  0.2441
 SCF Error: norm([F,P])=      0.860754793386, max([F,P])=      0.172310425026
 orbitals (Q,E):
 ---------------
 A1.g :1...5         ( 2.00    -1.9124)  ( 2.00    -1.2482)  ( 2.00    -0.3851)  ( 2.00     0.0481)
                     ( 0.00     0.2777)
 A2.g :1...1         ( 0.00     0.0498)
 B1.g :1...3         ( 2.00    -1.9388)  ( 2.00    -0.4971)  ( 0.00     0.2893)
 B2.g :1...3         ( 2.00    -2.1427)  ( 2.00    -0.5392)  ( 0.00     0.1172)
 E1.g :1...3         ( 4.00    -1.8222)  ( 4.00    -0.3172)  ( 0.00     0.3913)
 A1.u :1...1         ( 0.00     1.9978)
 A2.u :1...3         ( 2.00    -0.6452)  ( 2.00     0.0246)  ( 0.00     0.2996)
 B1.u :1...2         ( 2.00    -0.2222)  ( 0.00     0.6187)
 B2.u :1...1         ( 0.00     0.7478)
 E1.u :1...4         ( 4.00    -1.0490)  ( 4.00    -0.3247)  ( 4.00    -0.1803)  ( 0.00     0.0697)

 CYCLE   62
  SDIIS (wt  0.000):  0.0156 -1.6867 -2.0000  3.0000  2.4466 -1.0459 -0.6131  0.4620  0.4214
 A-DIIS (wt  1.000):  0.0000  0.0000  0.0000  0.0000  0.0000  0.0000  0.7178  0.0000  0.2822
  DIIS coefficients:  0.0000  0.0000  0.0000  0.0000  0.0000  0.0000  0.7178  0.0000  0.2822
 SCF Error: norm([F,P])=      0.650772096472, max([F,P])=      0.131728000213
 orbitals (Q,E):
 ---------------
 A1.g :1...5         ( 2.00    -1.9107)  ( 2.00    -1.2480)  ( 2.00    -0.3864)  ( 2.00     0.0476)
                     ( 0.00     0.2776)
 A2.g :1...1         ( 0.00     0.0476)
 B1.g :1...3         ( 2.00    -1.9373)  ( 2.00    -0.4988)  ( 0.00     0.2891)
 B2.g :1...3         ( 2.00    -2.1412)  ( 2.00    -0.5406)  ( 0.00     0.1171)
 E1.g :1...3         ( 4.00    -1.8201)  ( 4.00    -0.3177)  ( 0.00     0.3908)
 A1.u :1...1         ( 0.00     1.9964)
 A2.u :1...3         ( 2.00    -0.6453)  ( 2.00     0.0243)  ( 0.00     0.2997)
 B1.u :1...2         ( 2.00    -0.2230)  ( 0.00     0.6183)
 B2.u :1...1         ( 0.00     0.7466)
 E1.u :1...4         ( 4.00    -1.0500)  ( 4.00    -0.3263)  ( 4.00    -0.1819)  ( 0.00     0.0697)

 CYCLE   63
  SDIIS (wt  0.000): -1.6842 -2.0000  3.0000  1.5067  0.2695  0.3886  0.6193  0.9001 -2.0000
 A-DIIS (wt  1.000):  0.0000  0.0000 -0.0000  0.0000  0.0000  0.7162  0.0000  0.0000  0.2838
  DIIS coefficients:  0.0000  0.0000 -0.0000  0.0000  0.0000  0.7162  0.0000  0.0000  0.2838
 SCF Error: norm([F,P])=      0.641436579809, max([F,P])=      0.130102824418
 orbitals (Q,E):
 ---------------
 A1.g :1...4         ( 2.00    -1.9117)  ( 2.00    -1.2486)  ( 2.00    -0.3865)  ( 0.00     0.0474)
 A2.g :1...2         ( 2.00     0.0474)  ( 0.00     0.8929)
 B1.g :1...3         ( 2.00    -1.9385)  ( 2.00    -0.4992)  ( 0.00     0.2890)
 B2.g :1...3         ( 2.00    -2.1423)  ( 2.00    -0.5408)  ( 0.00     0.1167)
 E1.g :1...3         ( 4.00    -1.8213)  ( 4.00    -0.3180)  ( 0.00     0.3908)
 A1.u :1...1         ( 0.00     1.9963)
 A2.u :1...3         ( 2.00    -0.6456)  ( 2.00     0.0242)  ( 0.00     0.2995)
 B1.u :1...2         ( 2.00    -0.2232)  ( 0.00     0.6183)
 B2.u :1...1         ( 0.00     0.7465)
 E1.u :1...4         ( 4.00    -1.0504)  ( 4.00    -0.3264)  ( 4.00    -0.1821)  ( 0.00     0.0697)

 CYCLE   64
  SDIIS (wt  0.499): -2.0000 -2.0000  2.5827 -0.9661  0.8558 -0.7324 -0.2475  0.5077  3.0000
 A-DIIS (wt  0.501):  0.0000  0.0000  0.0000  0.0000  0.0000  0.0000  0.0000  0.2806  0.7194
  DIIS coefficients: -0.9988 -0.9988  1.2898 -0.4825  0.4274 -0.3658 -0.1236  0.3940  1.8584
 SCF Error: norm([F,P])=      0.257766717315, max([F,P])=      0.050558083395
 orbitals (Q,E):
 ---------------
 A1.g :1...4         ( 2.00    -1.9135)  ( 2.00    -1.2529)  ( 2.00    -0.3926)  ( 0.00     0.0458)
 A2.g :1...2         ( 2.00     0.0387)  ( 0.00     0.8901)
 B1.g :1...3         ( 2.00    -1.9405)  ( 2.00    -0.5063)  ( 0.00     0.2874)
 B2.g :1...3         ( 2.00    -2.1447)  ( 2.00    -0.5475)  ( 0.00     0.1124)
 E1.g :1...3         ( 4.00    -1.8220)  ( 4.00    -0.3232)  ( 0.00     0.3885)
 A1.u :1...1         ( 0.00     1.9908)
 A2.u :1...3         ( 2.00    -0.6499)  ( 2.00     0.0236)  ( 0.00     0.2974)
 B1.u :1...2         ( 2.00    -0.2295)  ( 0.00     0.6159)
 B2.u :1...1         ( 0.00     0.7419)
 E1.u :1...4         ( 4.00    -1.0570)  ( 4.00    -0.3332)  ( 4.00    -0.1896)  ( 0.00     0.0689)

 CYCLE   65
   MIX coefficients:  0.8000  0.2000
 SCF Error: norm([F,P])=      0.313069985235, max([F,P])=      0.061676805648
 orbitals (Q,E):
 ---------------
 A1.g :1...5         ( 2.00    -1.8355)  ( 2.00    -1.1690)  ( 2.00    -0.3137)  ( 2.00     0.0716)
                     ( 0.00     0.3038)
 A2.g :1...1         ( 0.00     0.1482)
 B1.g :1...3         ( 2.00    -1.8574)  ( 2.00    -0.4076)  ( 0.00     0.3109)
 B2.g :1...3         ( 2.00    -2.0571)  ( 2.00    -0.4590)  ( 0.00     0.1841)
 E1.g :1...3         ( 4.00    -1.7514)  ( 4.00    -0.2433)  ( 0.00     0.4201)
 A1.u :1...1         ( 0.00     2.0616)
 A2.u :1...3         ( 2.00    -0.5776)  ( 2.00     0.0312)  ( 0.00     0.3366)
 B1.u :1...2         ( 2.00    -0.1392)  ( 0.00     0.6493)
 B2.u :1...1         ( 0.00     0.8028)
 E1.u :1...4         ( 4.00    -0.9564)  ( 4.00    -0.2467)  ( 4.00    -0.0905)  ( 0.00     0.0813)

 CYCLE   66
  SDIIS (wt  0.000):  0.8221  0.1779
 A-DIIS (wt  1.000):  0.8228  0.1772
  DIIS coefficients:  0.8228  0.1772
 SCF Error: norm([F,P])=      1.383810037074, max([F,P])=      0.270211675145
 orbitals (Q,E):
 ---------------
 A1.g :1...5         ( 2.00    -1.9102)  ( 2.00    -1.2414)  ( 2.00    -0.3751)  ( 2.00     0.0507)
                     ( 0.00     0.2806)
 A2.g :1...1         ( 0.00     0.0640)
 B1.g :1...3         ( 2.00    -1.9361)  ( 2.00    -0.4857)  ( 0.00     0.2920)
 B2.g :1...3         ( 2.00    -2.1392)  ( 2.00    -0.5281)  ( 0.00     0.1242)
 E1.g :1...3         ( 4.00    -1.8218)  ( 4.00    -0.3087)  ( 0.00     0.3949)
 A1.u :1...1         ( 0.00     2.0067)
 A2.u :1...3         ( 2.00    -0.6383)  ( 2.00     0.0256)  ( 0.00     0.3030)
 B1.u :1...2         ( 2.00    -0.2117)  ( 0.00     0.6227)
 B2.u :1...1         ( 0.00     0.7550)
 E1.u :1...4         ( 4.00    -1.0383)  ( 4.00    -0.3135)  ( 4.00    -0.1681)  ( 0.00     0.0710)

 CYCLE   67
  SDIIS (wt  0.000):  2.9294 -2.0000  0.1141 -0.0436
 A-DIIS (wt  1.000):  0.7367  0.0000  0.0000  0.2633
  DIIS coefficients:  0.7367  0.0000  0.0000  0.2633
 SCF Error: norm([F,P])=      0.744491484964, max([F,P])=      0.150369820261
 orbitals (Q,E):
 ---------------
 A1.g :1...5         ( 2.00    -1.9054)  ( 2.00    -1.2453)  ( 2.00    -0.3856)  ( 2.00     0.0484)
                     ( 0.00     0.2779)
 A2.g :1...1         ( 0.00     0.0488)
 B1.g :1...3         ( 2.00    -1.9314)  ( 2.00    -0.4965)  ( 0.00     0.2893)
 B2.g :1...3         ( 2.00    -2.1358)  ( 2.00    -0.5395)  ( 0.00     0.1192)
 E1.g :1...3         ( 4.00    -1.8142)  ( 4.00    -0.3163)  ( 0.00     0.3913)
 A1.u :1...1         ( 0.00     1.9974)
 A2.u :1...3         ( 2.00    -0.6440)  ( 2.00     0.0245)  ( 0.00     0.3005)
 B1.u :1...2         ( 2.00    -0.2222)  ( 0.00     0.6187)
 B2.u :1...1         ( 0.00     0.7477)
 E1.u :1...4         ( 4.00    -1.0480)  ( 4.00    -0.3255)  ( 4.00    -0.1805)  ( 0.00     0.0697)

 CYCLE   68
  SDIIS (wt  0.000): -0.8999  3.0000 -1.0264  2.6160 -2.0000  0.1299 -1.2315  0.4118
 A-DIIS (wt  1.000):  0.0000  0.0000  0.2797  0.7194  0.0000  0.0000  0.0000  0.0009
  DIIS coefficients:  0.0000  0.0000  0.2797  0.7194  0.0000  0.0000  0.0000  0.0009
 SCF Error: norm([F,P])=      0.643217874582, max([F,P])=      0.130246440321
 orbitals (Q,E):
 ---------------
 A1.g :1...4         ( 2.00    -1.9080)  ( 2.00    -1.2468)  ( 2.00    -0.3862)  ( 0.00     0.0478)
 A2.g :1...2         ( 2.00     0.0478)  ( 0.00     0.8930)
 B1.g :1...3         ( 2.00    -1.9344)  ( 2.00    -0.4980)  ( 0.00     0.2892)
 B2.g :1...3         ( 2.00    -2.1385)  ( 2.00    -0.5403)  ( 0.00     0.1180)
 E1.g :1...3         ( 4.00    -1.8171)  ( 4.00    -0.3172)  ( 0.00     0.3909)
 A1.u :1...1         ( 0.00     1.9966)
 A2.u :1...3         ( 2.00    -0.6448)  ( 2.00     0.0243)  ( 0.00     0.3000)
 B1.u :1...2         ( 2.00    -0.2228)  ( 0.00     0.6184)
 B2.u :1...1         ( 0.00     0.7469)
 E1.u :1...4         ( 4.00    -1.0493)  ( 4.00    -0.3261)  ( 4.00    -0.1815)  ( 0.00     0.0697)

 CYCLE   69
  SDIIS (wt  0.500): -0.4172  3.0000  0.9789 -0.0575 -2.0000  0.0842 -1.5665 -1.7345  2.7124
 A-DIIS (wt  0.500):  0.0000  0.0000  0.2801  0.3794  0.0000  0.0000  0.0000  0.0000  0.3405
  DIIS coefficients: -0.2086  1.4999  0.6295  0.1610 -0.9999  0.0421 -0.7832 -0.8672  1.5264
 SCF Error: norm([F,P])=      0.258146118696, max([F,P])=      0.050504053962
 orbitals (Q,E):
 ---------------
 A1.g :1...4         ( 2.00    -1.9140)  ( 2.00    -1.2522)  ( 2.00    -0.3907)  ( 0.00     0.0460)
 A2.g :1...2         ( 2.00     0.0413)  ( 0.00     0.8909)
 B1.g :1...3         ( 2.00    -1.9409)  ( 2.00    -0.5043)  ( 0.00     0.2879)
 B2.g :1...3         ( 2.00    -2.1450)  ( 2.00    -0.5454)  ( 0.00     0.1133)
 E1.g :1...3         ( 4.00    -1.8229)  ( 4.00    -0.3219)  ( 0.00     0.3891)
 A1.u :1...1         ( 0.00     1.9925)
 A2.u :1...3         ( 2.00    -0.6490)  ( 2.00     0.0237)  ( 0.00     0.2977)
 B1.u :1...2         ( 2.00    -0.2277)  ( 0.00     0.6166)
 B2.u :1...1         ( 0.00     0.7432)
 E1.u :1...4         ( 4.00    -1.0554)  ( 4.00    -0.3311)  ( 4.00    -0.1875)  ( 0.00     0.0691)

 CYCLE   70
   MIX coefficients:  0.8000  0.2000
 SCF Error: norm([F,P])=      0.297297381490, max([F,P])=      0.058510055508
 orbitals (Q,E):
 ---------------
 A1.g :1...5         ( 2.00    -1.8404)  ( 2.00    -1.1716)  ( 2.00    -0.3147)  ( 2.00     0.0711)
                     ( 0.00     0.3032)
 A2.g :1...1         ( 0.00     0.1468)
 B1.g :1...3         ( 2.00    -1.8626)  ( 2.00    -0.4096)  ( 0.00     0.3105)
 B2.g :1...3         ( 2.00    -2.0621)  ( 2.00    -0.4602)  ( 0.00     0.1821)
 E1.g :1...3         ( 4.00    -1.7566)  ( 4.00    -0.2450)  ( 0.00     0.4196)
 A1.u :1...1         ( 0.00     2.0606)
 A2.u :1...3         ( 2.00    -0.5793)  ( 2.00     0.0311)  ( 0.00     0.3357)
 B1.u :1...2         ( 2.00    -0.1406)  ( 0.00     0.6488)
 B2.u :1...1         ( 0.00     0.8018)
 E1.u :1...4         ( 4.00    -0.9585)  ( 4.00    -0.2478)  ( 4.00    -0.0920)  ( 0.00     0.0811)

 CYCLE   71
  SDIIS (wt  0.000):  2.3550 -1.4722  0.1172
 A-DIIS (wt  1.000):  0.8418  0.0000  0.1582
  DIIS coefficients:  0.8418  0.0000  0.1582
 SCF Error: norm([F,P])=      1.370334236151, max([F,P])=      0.268216253735
 orbitals (Q,E):
 ---------------
 A1.g :1...5         ( 2.00    -1.9105)  ( 2.00    -1.2415)  ( 2.00    -0.3750)  ( 2.00     0.0510)
                     ( 0.00     0.2806)
 A2.g :1...1         ( 0.00     0.0642)
 B1.g :1...3         ( 2.00    -1.9362)  ( 2.00    -0.4853)  ( 0.00     0.2920)
 B2.g :1...3         ( 2.00    -2.1395)  ( 2.00    -0.5280)  ( 0.00     0.1240)
 E1.g :1...3         ( 4.00    -1.8221)  ( 4.00    -0.3088)  ( 0.00     0.3950)
 A1.u :1...1         ( 0.00     2.0070)
 A2.u :1...3         ( 2.00    -0.6385)  ( 2.00     0.0257)  ( 0.00     0.3029)
 B1.u :1...2         ( 2.00    -0.2118)  ( 0.00     0.6227)
 B2.u :1...1         ( 0.00     0.7553)
 E1.u :1...4         ( 4.00    -1.0382)  ( 4.00    -0.3134)  ( 4.00    -0.1679)  ( 0.00     0.0710)

 CYCLE   72
  SDIIS (wt  0.000):  2.2949 -1.4923  0.1974
 A-DIIS (wt  1.000):  0.7375  0.0000  0.2625
  DIIS coefficients:  0.7375  0.0000  0.2625
 SCF Error: norm([F,P])=      0.741963073407, max([F,P])=      0.149556989646
 orbitals (Q,E):
 ---------------
 A1.g :1...5         ( 2.00    -1.9093)  ( 2.00    -1.2472)  ( 2.00    -0.3859)  ( 2.00     0.0481)
                     ( 0.00     0.2777)
 A2.g :1...1         ( 0.00     0.0485)
 B1.g :1...3         ( 2.00    -1.9357)  ( 2.00    -0.4976)  ( 0.00     0.2892)
 B2.g :1...3         ( 2.00    -2.1398)  ( 2.00    -0.5400)  ( 0.00     0.1177)
 E1.g :1...3         ( 4.00    -1.8186)  ( 4.00    -0.3172)  ( 0.00     0.3911)
 A1.u :1...1         ( 0.00     1.9971)
 A2.u :1...3         ( 2.00    -0.6449)  ( 2.00     0.0245)  ( 0.00     0.2999)
 B1.u :1...2         ( 2.00    -0.2226)  ( 0.00     0.6185)
 B2.u :1...1         ( 0.00     0.7473)
 E1.u :1...4         ( 4.00    -1.0491)  ( 4.00    -0.3257)  ( 4.00    -0.1811)  ( 0.00     0.0697)

 CYCLE   73
  SDIIS (wt  0.000):  1.2637 -1.8965 -2.0000  1.3931 -2.0000  1.8751  1.0624  1.3021
 A-DIIS (wt  1.000):  0.4704  0.0000  0.0000  0.2499  0.0000  0.0000  0.0000  0.2797
  DIIS coefficients:  0.4704  0.0000  0.0000  0.2499  0.0000  0.0000  0.0000  0.2797
 SCF Error: norm([F,P])=      0.642543612210, max([F,P])=      0.130148241857
 orbitals (Q,E):
 ---------------
 A1.g :1...4         ( 2.00    -1.9099)  ( 2.00    -1.2477)  ( 2.00    -0.3864)  ( 0.00     0.0476)
 A2.g :1...2         ( 2.00     0.0476)  ( 0.00     0.8929)
 B1.g :1...3         ( 2.00    -1.9364)  ( 2.00    -0.4986)  ( 0.00     0.2891)
 B2.g :1...3         ( 2.00    -2.1404)  ( 2.00    -0.5405)  ( 0.00     0.1173)
 E1.g :1...3         ( 4.00    -1.8192)  ( 4.00    -0.3176)  ( 0.00     0.3908)
 A1.u :1...1         ( 0.00     1.9965)
 A2.u :1...3         ( 2.00    -0.6452)  ( 2.00     0.0243)  ( 0.00     0.2997)
 B1.u :1...2         ( 2.00    -0.2230)  ( 0.00     0.6183)
 B2.u :1...1         ( 0.00     0.7467)
 E1.u :1...4         ( 4.00    -1.0498)  ( 4.00    -0.3263)  ( 4.00    -0.1818)  ( 0.00     0.0697)

 CYCLE   74
  SDIIS (wt  0.500): -2.0000  0.6487 -2.0000 -2.0000  1.8841 -2.0000 -0.6620  1.7055  2.4237  3.0000
 A-DIIS (wt  0.500):  0.0000  0.0000  0.0000  0.0000  0.0000  0.0000  0.0000  0.0000  0.2795  0.7205
  DIIS coefficients: -0.9991  0.3241 -0.9991 -0.9991  0.9412 -0.9991 -0.3307  0.8520  1.3506  1.8593
 SCF Error: norm([F,P])=      0.257674983990, max([F,P])=      0.050543406464
 orbitals (Q,E):
 ---------------
 A1.g :1...5         ( 2.00    -1.9049)  ( 2.00    -1.2407)  ( 2.00    -0.3781)  ( 2.00     0.0507)
                     ( 0.00     0.2800)
 A2.g :1...1         ( 0.00     0.0594)
 B1.g :1...3         ( 2.00    -1.9307)  ( 2.00    -0.4881)  ( 0.00     0.2913)
 B2.g :1...3         ( 2.00    -2.1344)  ( 2.00    -0.5313)  ( 0.00     0.1239)
 E1.g :1...3         ( 4.00    -1.8152)  ( 4.00    -0.3102)  ( 0.00     0.3940)
 A1.u :1...1         ( 0.00     2.0042)
 A2.u :1...3         ( 2.00    -0.6390)  ( 2.00     0.0254)  ( 0.00     0.3029)
 B1.u :1...2         ( 2.00    -0.2144)  ( 0.00     0.6215)
 B2.u :1...1         ( 0.00     0.7533)
 E1.u :1...4         ( 4.00    -1.0402)  ( 4.00    -0.3170)  ( 4.00    -0.1714)  ( 0.00     0.0706)

 CYCLE   75
  SDIIS (wt  0.000): -0.9681 -1.0319  3.0000
 A-DIIS (wt  1.000):  0.0000  0.0000  1.0000
  DIIS coefficients:  0.0000  0.0000  1.0000
 SCF Error: norm([F,P])=      0.708841486231, max([F,P])=      0.143211993800
 orbitals (Q,E):
 ---------------
 A1.g :1...4         ( 2.00    -2.1078)  ( 2.00    -1.4549)  ( 2.00    -0.5912)  ( 0.00    -0.0152)
 A2.g :1...2         ( 2.00    -0.2277)  ( 0.00     0.8063)
 B1.g :1...3         ( 2.00    -2.1428)  ( 2.00    -0.7440)  ( 0.00     0.2311)
 B2.g :1...4         ( 2.00    -2.3587)  ( 2.00    -0.7630)  ( 2.00    -0.0964)  ( 0.00     0.3076)
 E1.g :1...3         ( 4.00    -1.9953)  ( 4.00    -0.5252)  ( 0.00     0.3166)
 A1.u :1...1         ( 0.00     1.8243)
 A2.u :1...2         ( 2.00    -0.8334)  ( 0.00     0.0013)
 B1.u :1...2         ( 2.00    -0.4538)  ( 0.00     0.5425)
 B2.u :1...1         ( 0.00     0.5986)
 E1.u :1...4         ( 4.00    -1.3002)  ( 4.00    -0.5517)  ( 4.00    -0.4370)  ( 0.00     0.0470)

 CYCLE   76
  SDIIS (wt  0.000): -0.9931  1.9813  0.0119
 A-DIIS (wt  1.000):  0.0000  0.8419  0.1581
  DIIS coefficients:  0.0000  0.8419  0.1581
 SCF Error: norm([F,P])=      3.050991874242, max([F,P])=      0.558225680004
 orbitals (Q,E):
 ---------------
 A1.g :1...4         ( 2.00    -1.8760)  ( 2.00    -1.2672)  ( 2.00    -0.4520)  ( 0.00     0.0378)
 A2.g :1...2         ( 2.00    -0.0514)  ( 0.00     0.8595)
 B1.g :1...3         ( 2.00    -1.8947)  ( 2.00    -0.5655)  ( 0.00     0.2692)
 B2.g :1...3         ( 2.00    -2.1066)  ( 2.00    -0.6132)  ( 0.00     0.0890)
 E1.g :1...3         ( 4.00    -1.7602)  ( 4.00    -0.3674)  ( 0.00     0.3681)
 A1.u :1...1         ( 0.00     1.9358)
 A2.u :1...3         ( 2.00    -0.6851)  ( 2.00     0.0250)  ( 0.00     0.2852)
 B1.u :1...2         ( 2.00    -0.2929)  ( 0.00     0.5935)
 B2.u :1...1         ( 0.00     0.6989)
 E1.u :1...4         ( 4.00    -1.1134)  ( 4.00    -0.4040)  ( 4.00    -0.2621)  ( 0.00     0.0628)

 CYCLE   77
  SDIIS (wt  0.000): -0.5085 -1.2074  2.6375  0.0201  0.0584
 A-DIIS (wt  1.000):  0.0000  0.0000  0.5229  0.0000  0.4771
  DIIS coefficients:  0.0000  0.0000  0.5229  0.0000  0.4771
 SCF Error: norm([F,P])=      1.086720472715, max([F,P])=      0.216357333217
 orbitals (Q,E):
 ---------------
 A1.g :1...4         ( 2.00    -1.9850)  ( 2.00    -1.2928)  ( 2.00    -0.4099)  ( 0.00     0.0343)
 A2.g :1...2         ( 2.00     0.0158)  ( 0.00     0.8831)
 B1.g :1...3         ( 2.00    -2.0197)  ( 2.00    -0.5407)  ( 0.00     0.2813)
 B2.g :1...3         ( 2.00    -2.2185)  ( 2.00    -0.5680)  ( 0.00     0.0789)
 E1.g :1...3         ( 4.00    -1.9005)  ( 4.00    -0.3469)  ( 0.00     0.3809)
 A1.u :1...1         ( 0.00     1.9742)
 A2.u :1...3         ( 2.00    -0.6719)  ( 2.00     0.0205)  ( 0.00     0.2844)
 B1.u :1...2         ( 2.00    -0.2478)  ( 0.00     0.6092)
 B2.u :1...1         ( 0.00     0.7249)
 E1.u :1...4         ( 4.00    -1.0888)  ( 4.00    -0.3506)  ( 4.00    -0.2143)  ( 0.00     0.0672)

 CYCLE   78
  SDIIS (wt  0.000): -0.2179 -1.4144  3.0000 -0.6594 -0.0099  0.0513  0.2503
 A-DIIS (wt  1.000):  0.0000  0.0000  0.3742  0.0000  0.0000  0.0000  0.6258
  DIIS coefficients:  0.0000  0.0000  0.3742  0.0000  0.0000  0.0000  0.6258
 SCF Error: norm([F,P])=      0.545479165795, max([F,P])=      0.117069100260
 orbitals (Q,E):
 ---------------
 A1.g :1...4         ( 2.00    -1.8581)  ( 2.00    -1.2261)  ( 2.00    -0.3881)  ( 0.00     0.0497)
 A2.g :1...2         ( 2.00     0.0432)  ( 0.00     0.8912)
 B1.g :1...3         ( 2.00    -1.8801)  ( 2.00    -0.4913)  ( 0.00     0.2896)
 B2.g :1...3         ( 2.00    -2.0882)  ( 2.00    -0.5418)  ( 0.00     0.1333)
 E1.g :1...3         ( 4.00    -1.7590)  ( 4.00    -0.3108)  ( 0.00     0.3911)
 A1.u :1...1         ( 0.00     1.9940)
 A2.u :1...3         ( 2.00    -0.6373)  ( 2.00     0.0240)  ( 0.00     0.3049)
 B1.u :1...2         ( 2.00    -0.2228)  ( 0.00     0.6178)
 B2.u :1...1         ( 0.00     0.7467)
 E1.u :1...4         ( 4.00    -1.0419)  ( 4.00    -0.3300)  ( 4.00    -0.1816)  ( 0.00     0.0696)

 CYCLE   79
  SDIIS (wt  0.000):  0.0945  0.0062 -0.4081  0.3028  1.0046
 A-DIIS (wt  1.000):  0.3111  0.0000  0.0000  0.2864  0.4025
  DIIS coefficients:  0.3111  0.0000  0.0000  0.2864  0.4025
 SCF Error: norm([F,P])=      0.475064196420, max([F,P])=      0.118652038886
 orbitals (Q,E):
 ---------------
 A1.g :1...4         ( 2.00    -1.9189)  ( 2.00    -1.2531)  ( 2.00    -0.3890)  ( 0.00     0.0460)
 A2.g :1...2         ( 2.00     0.0439)  ( 0.00     0.8919)
 B1.g :1...3         ( 2.00    -1.9464)  ( 2.00    -0.5035)  ( 0.00     0.2883)
 B2.g :1...3         ( 2.00    -2.1498)  ( 2.00    -0.5437)  ( 0.00     0.1128)
 E1.g :1...3         ( 4.00    -1.8290)  ( 4.00    -0.3211)  ( 0.00     0.3897)
 A1.u :1...1         ( 0.00     1.9940)
 A2.u :1...3         ( 2.00    -0.6483)  ( 2.00     0.0238)  ( 0.00     0.2979)
 B1.u :1...2         ( 2.00    -0.2260)  ( 0.00     0.6173)
 B2.u :1...1         ( 0.00     0.7443)
 E1.u :1...4         ( 4.00    -1.0545)  ( 4.00    -0.3290)  ( 4.00    -0.1856)  ( 0.00     0.0694)

 CYCLE   80
  SDIIS (wt  0.460):  0.1635  0.6825  1.0887  3.0000 -2.0000 -0.0013 -0.1939 -0.7653 -0.5664 -0.4079
 A-DIIS (wt  0.540):  0.0000  0.0000  0.2795  0.7205  0.0000  0.0000  0.0000  0.0000  0.0000  0.0000
  DIIS coefficients:  0.0752  0.3140  0.6518  1.7694 -0.9202 -0.0006 -0.0892 -0.3521 -0.2606 -0.1877
 SCF Error: norm([F,P])=      0.279622585395, max([F,P])=      0.054448402425
 orbitals (Q,E):
 ---------------
 A1.g :1...5         ( 2.00    -1.8988)  ( 2.00    -1.2331)  ( 2.00    -0.3698)  ( 2.00     0.0538)
                     ( 0.00     0.2826)
 A2.g :1...1         ( 0.00     0.0713)
 B1.g :1...3         ( 2.00    -1.9236)  ( 2.00    -0.4774)  ( 0.00     0.2937)
 B2.g :1...3         ( 2.00    -2.1272)  ( 2.00    -0.5220)  ( 0.00     0.1309)
 E1.g :1...3         ( 4.00    -1.8099)  ( 4.00    -0.3025)  ( 0.00     0.3972)
 A1.u :1...1         ( 0.00     2.0120)
 A2.u :1...3         ( 2.00    -0.6325)  ( 2.00     0.0264)  ( 0.00     0.3065)
 B1.u :1...2         ( 2.00    -0.2057)  ( 0.00     0.6249)
 B2.u :1...1         ( 0.00     0.7600)
 E1.u :1...4         ( 4.00    -1.0301)  ( 4.00    -0.3078)  ( 4.00    -0.1609)  ( 0.00     0.0716)

 CYCLE   81
  SDIIS (wt  0.000): -0.0018 -0.2212 -0.8086 -0.2344  2.2342  0.0317
 A-DIIS (wt  1.000):  0.0000  0.0000  0.0000  0.0000  0.7342  0.2658
  DIIS coefficients:  0.0000  0.0000  0.0000  0.0000  0.7342  0.2658
 SCF Error: norm([F,P])=      0.780093335440, max([F,P])=      0.156997003894
 orbitals (Q,E):
 ---------------
 A1.g :1...5         ( 2.00    -1.9023)  ( 2.00    -1.2439)  ( 2.00    -0.3853)  ( 2.00     0.0486)
                     ( 0.00     0.2780)
 A2.g :1...1         ( 0.00     0.0491)
 B1.g :1...3         ( 2.00    -1.9280)  ( 2.00    -0.4957)  ( 0.00     0.2894)
 B2.g :1...3         ( 2.00    -2.1326)  ( 2.00    -0.5392)  ( 0.00     0.1204)
 E1.g :1...3         ( 4.00    -1.8107)  ( 4.00    -0.3157)  ( 0.00     0.3914)
 A1.u :1...1         ( 0.00     1.9975)
 A2.u :1...3         ( 2.00    -0.6434)  ( 2.00     0.0245)  ( 0.00     0.3008)
 B1.u :1...2         ( 2.00    -0.2218)  ( 0.00     0.6187)
 B2.u :1...1         ( 0.00     0.7479)
 E1.u :1...4         ( 4.00    -1.0472)  ( 4.00    -0.3253)  ( 4.00    -0.1800)  ( 0.00     0.0698)

 CYCLE   82
  SDIIS (wt  0.000):  0.3206 -2.0000 -0.0017 -0.3190 -0.9122 -0.0879  2.5250  2.0783 -0.6032
 A-DIIS (wt  1.000):  0.0000  0.0000  0.0000  0.0000  0.0000  0.0000  0.7105  0.0000  0.2895
  DIIS coefficients:  0.0000  0.0000  0.0000  0.0000  0.0000  0.0000  0.7105  0.0000  0.2895
 SCF Error: norm([F,P])=      0.645918632246, max([F,P])=      0.130763078342
 orbitals (Q,E):
 ---------------
 A1.g :1...4         ( 2.00    -1.9054)  ( 2.00    -1.2457)  ( 2.00    -0.3862)  ( 0.00     0.0478)
 A2.g :1...2         ( 2.00     0.0477)  ( 0.00     0.8930)
 B1.g :1...3         ( 2.00    -1.9317)  ( 2.00    -0.4976)  ( 0.00     0.2892)
 B2.g :1...3         ( 2.00    -2.1359)  ( 2.00    -0.5402)  ( 0.00     0.1190)
 E1.g :1...3         ( 4.00    -1.8142)  ( 4.00    -0.3167)  ( 0.00     0.3910)
 A1.u :1...1         ( 0.00     1.9965)
 A2.u :1...3         ( 2.00    -0.6442)  ( 2.00     0.0243)  ( 0.00     0.3003)
 B1.u :1...2         ( 2.00    -0.2225)  ( 0.00     0.6184)
 B2.u :1...1         ( 0.00     0.7469)
 E1.u :1...4         ( 4.00    -1.0487)  ( 4.00    -0.3262)  ( 4.00    -0.1813)  ( 0.00     0.0697)

 CYCLE   83
  SDIIS (wt  0.503):  1.7200 -2.0000 -0.0013 -0.2401 -0.5579 -0.6948 -2.0000  2.1003 -0.3263  3.0000
 A-DIIS (wt  0.497):  0.7218  0.0000  0.0000  0.0000  0.0000  0.0000  0.0000  0.0000  0.2782  0.0000
  DIIS coefficients:  1.2234 -1.0051 -0.0006 -0.1206 -0.2804 -0.3492 -1.0051  1.0555 -0.0256  1.5076
 SCF Error: norm([F,P])=      0.259172764480, max([F,P])=      0.050248388018
 orbitals (Q,E):
 ---------------
 A1.g :1...5         ( 2.00    -1.8922)  ( 2.00    -1.2237)  ( 2.00    -0.3591)  ( 2.00     0.0577)
                     ( 0.00     0.2859)
 A2.g :1...1         ( 0.00     0.0865)
 B1.g :1...3         ( 2.00    -1.9161)  ( 2.00    -0.4638)  ( 0.00     0.2966)
 B2.g :1...3         ( 2.00    -2.1193)  ( 2.00    -0.5101)  ( 0.00     0.1393)
 E1.g :1...3         ( 4.00    -1.8046)  ( 4.00    -0.2928)  ( 0.00     0.4013)
 A1.u :1...1         ( 0.00     2.0220)
 A2.u :1...3         ( 2.00    -0.6242)  ( 2.00     0.0277)  ( 0.00     0.3109)
 B1.u :1...2         ( 2.00    -0.1945)  ( 0.00     0.6292)
 B2.u :1...1         ( 0.00     0.7686)
 E1.u :1...4         ( 4.00    -1.0174)  ( 4.00    -0.2960)  ( 4.00    -0.1474)  ( 0.00     0.0730)

 CYCLE   84
  SDIIS (wt  0.000):  0.7770  0.2230
 A-DIIS (wt  1.000):  0.7628  0.2372
  DIIS coefficients:  0.7628  0.2372
 SCF Error: norm([F,P])=      0.874572154519, max([F,P])=      0.174942943182
 orbitals (Q,E):
 ---------------
 A1.g :1...5         ( 2.00    -1.9154)  ( 2.00    -1.2495)  ( 2.00    -0.3852)  ( 2.00     0.0480)
                     ( 0.00     0.2775)
 A2.g :1...1         ( 0.00     0.0498)
 B1.g :1...3         ( 2.00    -1.9420)  ( 2.00    -0.4976)  ( 0.00     0.2892)
 B2.g :1...3         ( 2.00    -2.1457)  ( 2.00    -0.5393)  ( 0.00     0.1162)
 E1.g :1...3         ( 4.00    -1.8256)  ( 4.00    -0.3178)  ( 0.00     0.3912)
 A1.u :1...1         ( 0.00     1.9979)
 A2.u :1...3         ( 2.00    -0.6458)  ( 2.00     0.0246)  ( 0.00     0.2992)
 B1.u :1...2         ( 2.00    -0.2224)  ( 0.00     0.6187)
 B2.u :1...1         ( 0.00     0.7477)
 E1.u :1...4         ( 4.00    -1.0497)  ( 4.00    -0.3247)  ( 4.00    -0.1805)  ( 0.00     0.0697)

 CYCLE   85
  SDIIS (wt  0.000): -0.0011 -0.2565 -0.7318 -0.6056 -0.1874 -0.5160  3.0000  0.6774 -0.3788
 A-DIIS (wt  1.000):  0.0000  0.0000  0.0000  0.0000  0.0000  0.0000  0.7224  0.0000  0.2776
  DIIS coefficients:  0.0000  0.0000  0.0000  0.0000  0.0000  0.0000  0.7224  0.0000  0.2776
 SCF Error: norm([F,P])=      0.652023593410, max([F,P])=      0.131661335621
 orbitals (Q,E):
 ---------------
 A1.g :1...4         ( 2.00    -1.9125)  ( 2.00    -1.2489)  ( 2.00    -0.3865)  ( 0.00     0.0475)
 A2.g :1...2         ( 2.00     0.0475)  ( 0.00     0.8929)
 B1.g :1...3         ( 2.00    -1.9392)  ( 2.00    -0.4992)  ( 0.00     0.2890)
 B2.g :1...3         ( 2.00    -2.1430)  ( 2.00    -0.5408)  ( 0.00     0.1164)
 E1.g :1...3         ( 4.00    -1.8221)  ( 4.00    -0.3181)  ( 0.00     0.3908)
 A1.u :1...1         ( 0.00     1.9964)
 A2.u :1...3         ( 2.00    -0.6457)  ( 2.00     0.0243)  ( 0.00     0.2994)
 B1.u :1...2         ( 2.00    -0.2232)  ( 0.00     0.6183)
 B2.u :1...1         ( 0.00     0.7466)
 E1.u :1...4         ( 4.00    -1.0505)  ( 4.00    -0.3264)  ( 4.00    -0.1821)  ( 0.00     0.0696)

 CYCLE   86
  SDIIS (wt  0.497): -0.2741 -0.5024 -0.3126 -2.0000 -2.0000  0.0560  1.2678  1.7109  0.0543  3.0000
 A-DIIS (wt  0.503):  0.0000  0.0000  0.0000  0.0000  0.0000  0.2328  0.0000  0.0000  0.0465  0.7208
  DIIS coefficients: -0.1362 -0.2497 -0.1553 -0.9939 -0.9939  0.1449  0.6300  0.8502  0.0504  1.8534
 SCF Error: norm([F,P])=      0.258547672967, max([F,P])=      0.050804156138
 orbitals (Q,E):
 ---------------
 A1.g :1...5         ( 2.00    -1.8923)  ( 2.00    -1.2255)  ( 2.00    -0.3619)  ( 2.00     0.0568)
                     ( 0.00     0.2851)
 A2.g :1...1         ( 0.00     0.0825)
 B1.g :1...3         ( 2.00    -1.9163)  ( 2.00    -0.4671)  ( 0.00     0.2958)
 B2.g :1...3         ( 2.00    -2.1198)  ( 2.00    -0.5132)  ( 0.00     0.1376)
 E1.g :1...3         ( 4.00    -1.8042)  ( 4.00    -0.2951)  ( 0.00     0.4002)
 A1.u :1...1         ( 0.00     2.0193)
 A2.u :1...3         ( 2.00    -0.6261)  ( 2.00     0.0274)  ( 0.00     0.3099)
 B1.u :1...2         ( 2.00    -0.1974)  ( 0.00     0.6280)
 B2.u :1...1         ( 0.00     0.7664)
 E1.u :1...4         ( 4.00    -1.0204)  ( 4.00    -0.2992)  ( 4.00    -0.1509)  ( 0.00     0.0727)

 CYCLE   87
  SDIIS (wt  0.000):  0.7720  0.2280
 A-DIIS (wt  1.000):  0.7565  0.2435
  DIIS coefficients:  0.7565  0.2435
 SCF Error: norm([F,P])=      0.848711345196, max([F,P])=      0.170095194070
 orbitals (Q,E):
 ---------------
 A1.g :1...5         ( 2.00    -1.9081)  ( 2.00    -1.2463)  ( 2.00    -0.3849)  ( 2.00     0.0485)
                     ( 0.00     0.2778)
 A2.g :1...1         ( 0.00     0.0500)
 B1.g :1...3         ( 2.00    -1.9342)  ( 2.00    -0.4961)  ( 0.00     0.2894)
 B2.g :1...3         ( 2.00    -2.1384)  ( 2.00    -0.5389)  ( 0.00     0.1187)
 E1.g :1...3         ( 4.00    -1.8174)  ( 4.00    -0.3164)  ( 0.00     0.3914)
 A1.u :1...1         ( 0.00     1.9980)
 A2.u :1...3         ( 2.00    -0.6444)  ( 2.00     0.0246)  ( 0.00     0.3001)
 B1.u :1...2         ( 2.00    -0.2218)  ( 0.00     0.6188)
 B2.u :1...1         ( 0.00     0.7481)
 E1.u :1...4         ( 4.00    -1.0480)  ( 4.00    -0.3246)  ( 4.00    -0.1798)  ( 0.00     0.0697)

 CYCLE   88
  SDIIS (wt  0.000): -0.4202 -2.0000  1.2395  3.0000 -0.8021  1.9828 -2.0000
 A-DIIS (wt  1.000):  0.0000  0.1716  0.0000  0.5484  0.0000  0.0000  0.2799
  DIIS coefficients:  0.0000  0.1716  0.0000  0.5484  0.0000  0.0000  0.2799
 SCF Error: norm([F,P])=      0.649499268160, max([F,P])=      0.131602846895
 orbitals (Q,E):
 ---------------
 A1.g :1...4         ( 2.00    -1.9125)  ( 2.00    -1.2489)  ( 2.00    -0.3866)  ( 0.00     0.0474)
 A2.g :1...2         ( 2.00     0.0474)  ( 0.00     0.8929)
 B1.g :1...3         ( 2.00    -1.9393)  ( 2.00    -0.4993)  ( 0.00     0.2890)
 B2.g :1...3         ( 2.00    -2.1431)  ( 2.00    -0.5408)  ( 0.00     0.1164)
 E1.g :1...3         ( 4.00    -1.8222)  ( 4.00    -0.3182)  ( 0.00     0.3907)
 A1.u :1...1         ( 0.00     1.9963)
 A2.u :1...3         ( 2.00    -0.6458)  ( 2.00     0.0243)  ( 0.00     0.2994)
 B1.u :1...2         ( 2.00    -0.2233)  ( 0.00     0.6182)
 B2.u :1...1         ( 0.00     0.7465)
 E1.u :1...4         ( 4.00    -1.0505)  ( 4.00    -0.3264)  ( 4.00    -0.1822)  ( 0.00     0.0696)

 CYCLE   89
  SDIIS (wt  0.498): -2.0000 -2.0000  1.5879 -0.2341  0.1893  2.7117 -2.0000  2.7452
 A-DIIS (wt  0.502):  0.0000  0.0000  0.0000  0.0838  0.0000  0.0000  0.2788  0.6374
  DIIS coefficients: -0.9953 -0.9953  0.7902 -0.0744  0.0942  1.3495 -0.8552  1.6863
 SCF Error: norm([F,P])=      0.258427409585, max([F,P])=      0.050733372515
 orbitals (Q,E):
 ---------------
 A1.g :1...4         ( 2.00    -1.9179)  ( 2.00    -1.2582)  ( 2.00    -0.3983)  ( 0.00     0.0436)
 A2.g :1...2         ( 2.00     0.0305)  ( 0.00     0.8874)
 B1.g :1...3         ( 2.00    -1.9456)  ( 2.00    -0.5137)  ( 0.00     0.2858)
 B2.g :1...3         ( 2.00    -2.1499)  ( 2.00    -0.5538)  ( 0.00     0.1073)
 E1.g :1...3         ( 4.00    -1.8259)  ( 4.00    -0.3285)  ( 0.00     0.3863)
 A1.u :1...1         ( 0.00     1.9855)
 A2.u :1...3         ( 2.00    -0.6543)  ( 2.00     0.0228)  ( 0.00     0.2951)
 B1.u :1...2         ( 2.00    -0.2354)  ( 0.00     0.6137)
 B2.u :1...1         ( 0.00     0.7374)
 E1.u :1...4         ( 4.00    -1.0640)  ( 4.00    -0.3396)  ( 4.00    -0.1969)  ( 0.00     0.0683)

 CYCLE   90
   MIX coefficients:  0.8000  0.2000
 SCF Error: norm([F,P])=      0.362099638532, max([F,P])=      0.071643484936
 orbitals (Q,E):
 ---------------
 A1.g :1...5         ( 2.00    -1.8325)  ( 2.00    -1.1665)  ( 2.00    -0.3120)  ( 2.00     0.0722)
                     ( 0.00     0.3045)
 A2.g :1...1         ( 0.00     0.1505)
 B1.g :1...3         ( 2.00    -1.8542)  ( 2.00    -0.4054)  ( 0.00     0.3114)
 B2.g :1...3         ( 2.00    -2.0539)  ( 2.00    -0.4570)  ( 0.00     0.1859)
 E1.g :1...3         ( 4.00    -1.7483)  ( 4.00    -0.2413)  ( 0.00     0.4208)
 A1.u :1...1         ( 0.00     2.0631)
 A2.u :1...3         ( 2.00    -0.5757)  ( 2.00     0.0314)  ( 0.00     0.3377)
 B1.u :1...2         ( 2.00    -0.1371)  ( 0.00     0.6501)
 B2.u :1...1         ( 0.00     0.8041)
 E1.u :1...4         ( 4.00    -0.9540)  ( 4.00    -0.2448)  ( 4.00    -0.0883)  ( 0.00     0.0817)

 CYCLE   91
  SDIIS (wt  0.000):  2.4278 -1.4896  0.0617
 A-DIIS (wt  1.000):  0.8455  0.0000  0.1545
  DIIS coefficients:  0.8455  0.0000  0.1545
 SCF Error: norm([F,P])=      1.405875908898, max([F,P])=      0.274031786039
 orbitals (Q,E):
 ---------------
 A1.g :1...5         ( 2.00    -1.9055)  ( 2.00    -1.2387)  ( 2.00    -0.3738)  ( 2.00     0.0516)
                     ( 0.00     0.2811)
 A2.g :1...1         ( 0.00     0.0658)
 B1.g :1...3         ( 2.00    -1.9308)  ( 2.00    -0.4831)  ( 0.00     0.2924)
 B2.g :1...3         ( 2.00    -2.1344)  ( 2.00    -0.5266)  ( 0.00     0.1263)
 E1.g :1...3         ( 4.00    -1.8167)  ( 4.00    -0.3071)  ( 0.00     0.3955)
 A1.u :1...1         ( 0.00     2.0081)
 A2.u :1...3         ( 2.00    -0.6368)  ( 2.00     0.0258)  ( 0.00     0.3038)
 B1.u :1...2         ( 2.00    -0.2104)  ( 0.00     0.6232)
 B2.u :1...1         ( 0.00     0.7564)
 E1.u :1...4         ( 4.00    -1.0360)  ( 4.00    -0.3122)  ( 4.00    -0.1662)  ( 0.00     0.0711)

 CYCLE   92
  SDIIS (wt  0.000):  3.0000 -1.9578  0.1474 -0.1896
 A-DIIS (wt  1.000):  0.7380  0.0000  0.0000  0.2620
  DIIS coefficients:  0.7380  0.0000  0.0000  0.2620
 SCF Error: norm([F,P])=      0.749291219142, max([F,P])=      0.151405348724
 orbitals (Q,E):
 ---------------
 A1.g :1...5         ( 2.00    -1.9063)  ( 2.00    -1.2457)  ( 2.00    -0.3856)  ( 2.00     0.0483)
                     ( 0.00     0.2778)
 A2.g :1...1         ( 0.00     0.0488)
 B1.g :1...3         ( 2.00    -1.9323)  ( 2.00    -0.4967)  ( 0.00     0.2893)
 B2.g :1...3         ( 2.00    -2.1367)  ( 2.00    -0.5396)  ( 0.00     0.1189)
 E1.g :1...3         ( 4.00    -1.8152)  ( 4.00    -0.3166)  ( 0.00     0.3912)
 A1.u :1...1         ( 0.00     1.9973)
 A2.u :1...3         ( 2.00    -0.6442)  ( 2.00     0.0245)  ( 0.00     0.3003)
 B1.u :1...2         ( 2.00    -0.2223)  ( 0.00     0.6186)
 B2.u :1...1         ( 0.00     0.7476)
 E1.u :1...4         ( 4.00    -1.0483)  ( 4.00    -0.3255)  ( 4.00    -0.1806)  ( 0.00     0.0697)

 CYCLE   93
  SDIIS (wt  0.000):  0.4172 -0.1555  2.8864 -2.0000 -0.0297 -1.1924  1.0741
 A-DIIS (wt  1.000):  0.0000  0.0000  0.7200  0.0000  0.0000  0.0000  0.2800
  DIIS coefficients:  0.0000  0.0000  0.7200  0.0000  0.0000  0.0000  0.2800
 SCF Error: norm([F,P])=      0.643176034161, max([F,P])=      0.130291134214
 orbitals (Q,E):
 ---------------
 A1.g :1...4         ( 2.00    -1.9091)  ( 2.00    -1.2473)  ( 2.00    -0.3863)  ( 0.00     0.0477)
 A2.g :1...2         ( 2.00     0.0477)  ( 0.00     0.8929)
 B1.g :1...3         ( 2.00    -1.9355)  ( 2.00    -0.4983)  ( 0.00     0.2891)
 B2.g :1...3         ( 2.00    -2.1395)  ( 2.00    -0.5405)  ( 0.00     0.1177)
 E1.g :1...3         ( 4.00    -1.8183)  ( 4.00    -0.3174)  ( 0.00     0.3909)
 A1.u :1...1         ( 0.00     1.9965)
 A2.u :1...3         ( 2.00    -0.6450)  ( 2.00     0.0243)  ( 0.00     0.2998)
 B1.u :1...2         ( 2.00    -0.2229)  ( 0.00     0.6183)
 B2.u :1...1         ( 0.00     0.7468)
 E1.u :1...4         ( 4.00    -1.0496)  ( 4.00    -0.3262)  ( 4.00    -0.1817)  ( 0.00     0.0697)

 CYCLE   94
  SDIIS (wt  0.500):  1.2078  0.4178  2.3753 -0.1064 -2.0000  0.0653 -1.9598 -2.0000  3.0000
 A-DIIS (wt  0.500):  0.0000  0.0000  0.2781  0.1960  0.0000  0.0000  0.0000  0.0000  0.5259
  DIIS coefficients:  0.6044  0.2091  1.3276  0.0447 -1.0008  0.0327 -0.9807 -1.0008  1.7639
 SCF Error: norm([F,P])=      0.257628809141, max([F,P])=      0.050459862593
 orbitals (Q,E):
 ---------------
 A1.g :1...5         ( 2.00    -1.9050)  ( 2.00    -1.2406)  ( 2.00    -0.3777)  ( 2.00     0.0508)
                     ( 0.00     0.2801)
 A2.g :1...1         ( 0.00     0.0599)
 B1.g :1...3         ( 2.00    -1.9307)  ( 2.00    -0.4877)  ( 0.00     0.2914)
 B2.g :1...3         ( 2.00    -2.1345)  ( 2.00    -0.5309)  ( 0.00     0.1241)
 E1.g :1...3         ( 4.00    -1.8154)  ( 4.00    -0.3100)  ( 0.00     0.3941)
 A1.u :1...1         ( 0.00     2.0045)
 A2.u :1...3         ( 2.00    -0.6389)  ( 2.00     0.0254)  ( 0.00     0.3030)
 B1.u :1...2         ( 2.00    -0.2141)  ( 0.00     0.6216)
 B2.u :1...1         ( 0.00     0.7536)
 E1.u :1...4         ( 4.00    -1.0398)  ( 4.00    -0.3167)  ( 4.00    -0.1710)  ( 0.00     0.0706)

 CYCLE   95
  SDIIS (wt  0.000):  0.7393  0.2607
 A-DIIS (wt  1.000):  0.7329  0.2671
  DIIS coefficients:  0.7329  0.2671
 SCF Error: norm([F,P])=      0.712042921144, max([F,P])=      0.143856456519
 orbitals (Q,E):
 ---------------
 A1.g :1...5         ( 2.00    -1.9113)  ( 2.00    -1.2483)  ( 2.00    -0.3863)  ( 2.00     0.0477)
                     ( 0.00     0.2775)
 A2.g :1...1         ( 0.00     0.0479)
 B1.g :1...3         ( 2.00    -1.9378)  ( 2.00    -0.4985)  ( 0.00     0.2890)
 B2.g :1...3         ( 2.00    -2.1418)  ( 2.00    -0.5404)  ( 0.00     0.1169)
 E1.g :1...3         ( 4.00    -1.8208)  ( 4.00    -0.3178)  ( 0.00     0.3909)
 A1.u :1...1         ( 0.00     1.9967)
 A2.u :1...3         ( 2.00    -0.6455)  ( 2.00     0.0244)  ( 0.00     0.2995)
 B1.u :1...2         ( 2.00    -0.2231)  ( 0.00     0.6183)
 B2.u :1...1         ( 0.00     0.7469)
 E1.u :1...4         ( 4.00    -1.0500)  ( 4.00    -0.3261)  ( 4.00    -0.1817)  ( 0.00     0.0696)

 CYCLE   96
  SDIIS (wt  0.000):  0.7546 -0.0663 -2.0000 -0.0327 -1.3102 -1.2085  3.0000  1.8631
 A-DIIS (wt  1.000):  0.0000  0.0000  0.0000  0.0000  0.0000  0.0000  0.7203  0.2797
  DIIS coefficients:  0.0000  0.0000  0.0000  0.0000  0.0000  0.0000  0.7203  0.2797
 SCF Error: norm([F,P])=      0.640903550965, max([F,P])=      0.129873847388
 orbitals (Q,E):
 ---------------
 A1.g :1...5         ( 2.00    -1.9106)  ( 2.00    -1.2480)  ( 2.00    -0.3864)  ( 1.00     0.0476)
                     ( 0.00     0.2776)
 A2.g :1...2         ( 1.00     0.0476)  ( 0.00     0.8929)
 B1.g :1...3         ( 2.00    -1.9372)  ( 2.00    -0.4987)  ( 0.00     0.2891)
 B2.g :1...3         ( 2.00    -2.1411)  ( 2.00    -0.5406)  ( 0.00     0.1171)
 E1.g :1...3         ( 4.00    -1.8200)  ( 4.00    -0.3177)  ( 0.00     0.3908)
 A1.u :1...1         ( 0.00     1.9964)
 A2.u :1...3         ( 2.00    -0.6453)  ( 2.00     0.0243)  ( 0.00     0.2997)
 B1.u :1...2         ( 2.00    -0.2230)  ( 0.00     0.6183)
 B2.u :1...1         ( 0.00     0.7467)
 E1.u :1...4         ( 4.00    -1.0500)  ( 4.00    -0.3263)  ( 4.00    -0.1819)  ( 0.00     0.0697)

 CYCLE   97
  SDIIS (wt  0.609):  2.2104  0.5264 -1.5011  0.0232 -1.1759 -2.0000  1.7363  2.0983 -1.2984  0.3808
 A-DIIS (wt  0.391):  0.0000  0.0740  0.0000  0.0000  0.0000  0.0000  0.3495  0.0000  0.0000  0.5765
  DIIS coefficients:  1.3464  0.3495 -0.9144  0.0142 -0.7163 -1.2182  1.1943  1.2781 -0.7909  0.4573
 SCF Error: norm([F,P])=      0.196866419595, max([F,P])=      0.039696799477
 orbitals (Q,E):
 ---------------
 A1.g :1...5         ( 2.00    -1.9002)  ( 2.00    -1.2352)  ( 2.00    -0.3722)  ( 2.00     0.0509)
                     ( 0.00     0.2812)
 A2.g :1...1         ( 0.00     0.0677)
 B1.g :1...3         ( 2.00    -1.9253)  ( 2.00    -0.4804)  ( 0.00     0.2929)
 B2.g :1...3         ( 2.00    -2.1290)  ( 2.00    -0.5248)  ( 0.00     0.1290)
 E1.g :1...3         ( 4.00    -1.8111)  ( 4.00    -0.3048)  ( 0.00     0.3960)
 A1.u :1...1         ( 0.00     2.0097)
 A2.u :1...3         ( 2.00    -0.6345)  ( 2.00     0.0254)  ( 0.00     0.3036)
 B1.u :1...2         ( 2.00    -0.2082)  ( 0.00     0.6237)
 B2.u :1...1         ( 0.00     0.7581)
 E1.u :1...4         ( 4.00    -1.0329)  ( 4.00    -0.3105)  ( 4.00    -0.1639)  ( 0.00     0.0712)

 CYCLE   98
   MIX coefficients:  0.8000  0.2000
 SCF Error: norm([F,P])=      0.760243297267, max([F,P])=      0.153181940903
 orbitals (Q,E):
 ---------------
 A1.g :1...4         ( 2.00    -2.0984)  ( 2.00    -1.4460)  ( 2.00    -0.5833)  ( 0.00    -0.0129)
 A2.g :1...2         ( 2.00    -0.2176)  ( 0.00     0.8094)
 B1.g :1...3         ( 2.00    -2.1332)  ( 2.00    -0.7348)  ( 0.00     0.2334)
 B2.g :1...4         ( 2.00    -2.3486)  ( 2.00    -0.7545)  ( 2.00    -0.0869)  ( 0.00     0.3103)
 E1.g :1...3         ( 4.00    -1.9866)  ( 4.00    -0.5166)  ( 0.00     0.3193)
 A1.u :1...1         ( 0.00     1.8305)
 A2.u :1...2         ( 2.00    -0.8253)  ( 0.00     0.0022)
 B1.u :1...2         ( 2.00    -0.4444)  ( 0.00     0.5453)
 B2.u :1...1         ( 0.00     0.6040)
 E1.u :1...4         ( 4.00    -1.2903)  ( 4.00    -0.5431)  ( 4.00    -0.4273)  ( 0.00     0.0479)

 CYCLE   99
  SDIIS (wt  0.000): -0.1797 -1.8811  2.0403  3.0000 -2.0000  0.0204
 A-DIIS (wt  1.000):  0.0000  0.0000  0.8529  0.0000  0.0000  0.1471
  DIIS coefficients:  0.0000  0.0000  0.8529  0.0000  0.0000  0.1471
 SCF Error: norm([F,P])=      2.996649318188, max([F,P])=      0.544829651629
 orbitals (Q,E):
 ---------------
 A1.g :1...4         ( 2.00    -1.8938)  ( 2.00    -1.2762)  ( 2.00    -0.4518)  ( 0.00     0.0356)
 A2.g :1...2         ( 2.00    -0.0506)  ( 0.00     0.8602)
 B1.g :1...3         ( 2.00    -1.9152)  ( 2.00    -0.5696)  ( 0.00     0.2692)
 B2.g :1...3         ( 2.00    -2.1254)  ( 2.00    -0.6130)  ( 0.00     0.0826)
 E1.g :1...3         ( 4.00    -1.7819)  ( 4.00    -0.3700)  ( 0.00     0.3677)
 A1.u :1...1         ( 0.00     1.9359)
 A2.u :1...3         ( 2.00    -0.6878)  ( 2.00     0.0240)  ( 0.00     0.2827)
 B1.u :1...2         ( 2.00    -0.2928)  ( 0.00     0.5935)
 B2.u :1...1         ( 0.00     0.6980)
 E1.u :1...4         ( 4.00    -1.1169)  ( 4.00    -0.4030)  ( 4.00    -0.2630)  ( 0.00     0.0628)

 CYCLE  100
  SDIIS (wt  0.000):  0.9525  0.9081 -0.9337  0.0094  0.0637
 A-DIIS (wt  1.000):  0.0000  0.8418 -0.0000  0.0000  0.1582
  DIIS coefficients:  0.0000  0.8418 -0.0000  0.0000  0.1582
 SCF Error: norm([F,P])=      1.001460911348, max([F,P])=      0.180538447562
 orbitals (Q,E):
 ---------------
 A1.g :1...4         ( 2.00    -1.9446)  ( 2.00    -1.2768)  ( 2.00    -0.4096)  ( 0.00     0.0349)
 A2.g :1...2         ( 2.00     0.0155)  ( 0.00     0.8825)
 B1.g :1...3         ( 2.00    -1.9743)  ( 2.00    -0.5307)  ( 0.00     0.2821)
 B2.g :1...3         ( 2.00    -2.1779)  ( 2.00    -0.5666)  ( 0.00     0.0913)
 E1.g :1...3         ( 4.00    -1.8538)  ( 4.00    -0.3423)  ( 0.00     0.3812)
 A1.u :1...1         ( 0.00     1.9756)
 A2.u :1...3         ( 2.00    -0.6677)  ( 2.00     0.0201)  ( 0.00     0.2843)
 B1.u :1...2         ( 2.00    -0.2486)  ( 0.00     0.6088)
 B2.u :1...1         ( 0.00     0.7280)
 E1.u :1...4         ( 4.00    -1.0811)  ( 4.00    -0.3515)  ( 4.00    -0.2118)  ( 0.00     0.0666)

 CYCLE  101
  SDIIS (wt  0.000): -2.0000  1.0458  0.8967  0.8779 -0.0016  0.0350  0.1462
 A-DIIS (wt  1.000):  0.0000  0.0000  0.6781  0.0000  0.0000  0.0000  0.3219
  DIIS coefficients:  0.0000  0.0000  0.6781  0.0000  0.0000  0.0000  0.3219
 SCF Error: norm([F,P])=      0.457125936634, max([F,P])=      0.088857963542
 orbitals (Q,E):
 ---------------
 A1.g :1...4         ( 2.00    -1.9035)  ( 2.00    -1.2473)  ( 2.00    -0.3905)  ( 0.00     0.0435)
 A2.g :1...2         ( 2.00     0.0412)  ( 0.00     0.8908)
 B1.g :1...3         ( 2.00    -1.9299)  ( 2.00    -0.5025)  ( 0.00     0.2881)
 B2.g :1...3         ( 2.00    -2.1345)  ( 2.00    -0.5450)  ( 0.00     0.1170)
 E1.g :1...3         ( 4.00    -1.8111)  ( 4.00    -0.3198)  ( 0.00     0.3891)
 A1.u :1...1         ( 0.00     1.9924)
 A2.u :1...3         ( 2.00    -0.6467)  ( 2.00     0.0226)  ( 0.00     0.2966)
 B1.u :1...2         ( 2.00    -0.2266)  ( 0.00     0.6166)
 B2.u :1...1         ( 0.00     0.7435)
 E1.u :1...4         ( 4.00    -1.0529)  ( 4.00    -0.3312)  ( 4.00    -0.1866)  ( 0.00     0.0691)

 CYCLE  102
  SDIIS (wt  0.000): -1.5784  0.5109  0.8264  0.9419 -0.0002 -0.0216  0.0608  0.2602
 A-DIIS (wt  1.000):  0.0000  0.0000  0.5969  0.0000  0.0000  0.0000  0.0000  0.4031
  DIIS coefficients:  0.0000  0.0000  0.5969  0.0000  0.0000  0.0000  0.0000  0.4031
 SCF Error: norm([F,P])=      0.302252946020, max([F,P])=      0.057577622918
 orbitals (Q,E):
 ---------------
 A1.g :1...4         ( 2.00    -1.9173)  ( 2.00    -1.2527)  ( 2.00    -0.3893)  ( 0.00     0.0436)
 A2.g :1...2         ( 2.00     0.0434)  ( 0.00     0.8916)
 B1.g :1...3         ( 2.00    -1.9445)  ( 2.00    -0.5034)  ( 0.00     0.2882)
 B2.g :1...3         ( 2.00    -2.1482)  ( 2.00    -0.5439)  ( 0.00     0.1131)
 E1.g :1...3         ( 4.00    -1.8270)  ( 4.00    -0.3212)  ( 0.00     0.3893)
 A1.u :1...1         ( 0.00     1.9938)
 A2.u :1...3         ( 2.00    -0.6487)  ( 2.00     0.0229)  ( 0.00     0.2956)
 B1.u :1...2         ( 2.00    -0.2263)  ( 0.00     0.6170)
 B2.u :1...1         ( 0.00     0.7442)
 E1.u :1...4         ( 4.00    -1.0544)  ( 4.00    -0.3294)  ( 4.00    -0.1859)  ( 0.00     0.0692)

 CYCLE  103
  SDIIS (wt  0.000): -1.4691  0.4238  0.7942  0.9169 -0.0002 -0.0111 -0.0466  0.1276  0.2644
 A-DIIS (wt  1.000):  0.0000  0.0000  0.5918  0.0000  0.0000  0.0000  0.0000  0.0217  0.3864
  DIIS coefficients:  0.0000  0.0000  0.5918  0.0000  0.0000  0.0000  0.0000  0.0217  0.3864
 SCF Error: norm([F,P])=      0.282577690653, max([F,P])=      0.055312626356
 orbitals (Q,E):
 ---------------
 A1.g :1...4         ( 2.00    -1.9086)  ( 2.00    -1.2485)  ( 2.00    -0.3884)  ( 0.00     0.0445)
 A2.g :1...2         ( 2.00     0.0444)  ( 0.00     0.8919)
 B1.g :1...3         ( 2.00    -1.9351)  ( 2.00    -0.5007)  ( 0.00     0.2885)
 B2.g :1...3         ( 2.00    -2.1393)  ( 2.00    -0.5428)  ( 0.00     0.1165)
 E1.g :1...3         ( 4.00    -1.8173)  ( 4.00    -0.3192)  ( 0.00     0.3898)
 A1.u :1...1         ( 0.00     1.9946)
 A2.u :1...3         ( 2.00    -0.6466)  ( 2.00     0.0231)  ( 0.00     0.2968)
 B1.u :1...2         ( 2.00    -0.2251)  ( 0.00     0.6173)
 B2.u :1...1         ( 0.00     0.7452)
 E1.u :1...4         ( 4.00    -1.0518)  ( 4.00    -0.3287)  ( 4.00    -0.1843)  ( 0.00     0.0693)

 CYCLE  104
  SDIIS (wt  0.000): -0.9724  0.0079  0.6956  0.8139 -0.0002 -0.0159 -0.2352 -0.4525  0.3084  0.8504
 A-DIIS (wt  1.000):  0.0000  0.0694  0.4464  0.0000  0.0000  0.0000  0.0000  0.0000  0.0295  0.4547
  DIIS coefficients:  0.0000  0.0694  0.4464  0.0000  0.0000  0.0000  0.0000  0.0000  0.0295  0.4547
 SCF Error: norm([F,P])=      0.278901805478, max([F,P])=      0.054475891954
 orbitals (Q,E):
 ---------------
 A1.g :1...5         ( 2.00    -1.9127)  ( 2.00    -1.2500)  ( 2.00    -0.3882)  ( 2.00     0.0449)
                     ( 0.00     0.2764)
 A2.g :1...1         ( 0.00     0.0449)
 B1.g :1...3         ( 2.00    -1.9395)  ( 2.00    -0.5012)  ( 0.00     0.2885)
 B2.g :1...3         ( 2.00    -2.1434)  ( 2.00    -0.5426)  ( 0.00     0.1153)
 E1.g :1...3         ( 4.00    -1.8220)  ( 4.00    -0.3196)  ( 0.00     0.3899)
 A1.u :1...1         ( 0.00     1.9948)
 A2.u :1...3         ( 2.00    -0.6470)  ( 2.00     0.0233)  ( 0.00     0.2971)
 B1.u :1...2         ( 2.00    -0.2250)  ( 0.00     0.6175)
 B2.u :1...1         ( 0.00     0.7452)
 E1.u :1...4         ( 4.00    -1.0523)  ( 4.00    -0.3283)  ( 4.00    -0.1843)  ( 0.00     0.0693)

 CYCLE  105
  SDIIS (wt  0.000):  1.1872  0.0014 -0.0494 -1.7307 -2.0000  3.0000  2.0248 -1.4333
 A-DIIS (wt  1.000):  0.0000  0.0000  0.0000  0.0000  0.0000  0.0000  0.7084  0.2916
  DIIS coefficients:  0.0000  0.0000  0.0000  0.0000  0.0000  0.0000  0.7084  0.2916
 SCF Error: norm([F,P])=      0.626951669289, max([F,P])=      0.127227173114
 orbitals (Q,E):
 ---------------
 A1.g :1...4         ( 2.00    -1.9118)  ( 2.00    -1.2484)  ( 2.00    -0.3865)  ( 0.00     0.0473)
 A2.g :1...2         ( 2.00     0.0473)  ( 0.00     0.8929)
 B1.g :1...3         ( 2.00    -1.9387)  ( 2.00    -0.4993)  ( 0.00     0.2891)
 B2.g :1...3         ( 2.00    -2.1424)  ( 2.00    -0.5408)  ( 0.00     0.1167)
 E1.g :1...3         ( 4.00    -1.8214)  ( 4.00    -0.3178)  ( 0.00     0.3908)
 A1.u :1...1         ( 0.00     1.9963)
 A2.u :1...3         ( 2.00    -0.6452)  ( 2.00     0.0242)  ( 0.00     0.2998)
 B1.u :1...2         ( 2.00    -0.2229)  ( 0.00     0.6184)
 B2.u :1...1         ( 0.00     0.7465)
 E1.u :1...4         ( 4.00    -1.0503)  ( 4.00    -0.3264)  ( 4.00    -0.1821)  ( 0.00     0.0697)

 CYCLE  106
  SDIIS (wt  0.000):  0.6097  0.2968  0.0001  0.0151 -0.6841 -0.4002  2.1979  0.1717 -0.4540 -0.7531
 A-DIIS (wt  1.000):  0.3319  0.0000  0.0000  0.0000  0.0000  0.0000  0.0000  0.0000  0.1205  0.5476
  DIIS coefficients:  0.3319  0.0000  0.0000  0.0000  0.0000  0.0000  0.0000  0.0000  0.1205  0.5476
 SCF Error: norm([F,P])=      0.257525340091, max([F,P])=      0.050558704793
 orbitals (Q,E):
 ---------------
 A1.g :1...4         ( 2.00    -1.9091)  ( 2.00    -1.2481)  ( 2.00    -0.3875)  ( 0.00     0.0459)
 A2.g :1...2         ( 2.00     0.0459)  ( 0.00     0.8924)
 B1.g :1...3         ( 2.00    -1.9355)  ( 2.00    -0.4997)  ( 0.00     0.2888)
 B2.g :1...3         ( 2.00    -2.1397)  ( 2.00    -0.5417)  ( 0.00     0.1169)
 E1.g :1...3         ( 4.00    -1.8180)  ( 4.00    -0.3185)  ( 0.00     0.3903)
 A1.u :1...1         ( 0.00     1.9955)
 A2.u :1...3         ( 2.00    -0.6460)  ( 2.00     0.0237)  ( 0.00     0.2981)
 B1.u :1...2         ( 2.00    -0.2242)  ( 0.00     0.6178)
 B2.u :1...1         ( 0.00     0.7459)
 E1.u :1...4         ( 4.00    -1.0509)  ( 4.00    -0.3275)  ( 4.00    -0.1832)  ( 0.00     0.0694)

 CYCLE  107
  SDIIS (wt  0.477):  1.2604  0.0007 -0.0518 -1.7119 -2.0000  3.0000  0.2256 -1.5273 -0.5076  2.3121
 A-DIIS (wt  0.523):  0.0000  0.0000  0.0000  0.0000  0.0000  0.0000  0.0000  0.2876  0.0000  0.7124
  DIIS coefficients:  0.6007  0.0003 -0.0247 -0.8158 -0.9531  1.4297  0.1075 -0.5773 -0.2419  1.4747
 SCF Error: norm([F,P])=      0.269939732517, max([F,P])=      0.052821433357
 orbitals (Q,E):
 ---------------
 A1.g :1...5         ( 2.00    -1.8904)  ( 2.00    -1.2224)  ( 2.00    -0.3584)  ( 2.00     0.0580)
                     ( 0.00     0.2862)
 A2.g :1...1         ( 0.00     0.0876)
 B1.g :1...3         ( 2.00    -1.9142)  ( 2.00    -0.4626)  ( 0.00     0.2968)
 B2.g :1...3         ( 2.00    -2.1174)  ( 2.00    -0.5093)  ( 0.00     0.1403)
 E1.g :1...3         ( 4.00    -1.8028)  ( 4.00    -0.2919)  ( 0.00     0.4016)
 A1.u :1...1         ( 0.00     2.0227)
 A2.u :1...3         ( 2.00    -0.6233)  ( 2.00     0.0278)  ( 0.00     0.3114)
 B1.u :1...2         ( 2.00    -0.1936)  ( 0.00     0.6294)
 B2.u :1...1         ( 0.00     0.7693)
 E1.u :1...4         ( 4.00    -1.0161)  ( 4.00    -0.2952)  ( 4.00    -0.1463)  ( 0.00     0.0731)

 CYCLE  108
  SDIIS (wt  0.000):  0.5959  0.1817  0.2224
 A-DIIS (wt  1.000):  0.7625  0.0000  0.2375
  DIIS coefficients:  0.7625  0.0000  0.2375
 SCF Error: norm([F,P])=      0.881847775484, max([F,P])=      0.176320755491
 orbitals (Q,E):
 ---------------
 A1.g :1...5         ( 2.00    -1.9084)  ( 2.00    -1.2463)  ( 2.00    -0.3845)  ( 2.00     0.0485)
                     ( 0.00     0.2779)
 A2.g :1...1         ( 0.00     0.0505)
 B1.g :1...3         ( 2.00    -1.9344)  ( 2.00    -0.4957)  ( 0.00     0.2895)
 B2.g :1...3         ( 2.00    -2.1387)  ( 2.00    -0.5384)  ( 0.00     0.1188)
 E1.g :1...3         ( 4.00    -1.8178)  ( 4.00    -0.3162)  ( 0.00     0.3915)
 A1.u :1...1         ( 0.00     1.9984)
 A2.u :1...3         ( 2.00    -0.6443)  ( 2.00     0.0247)  ( 0.00     0.3001)
 B1.u :1...2         ( 2.00    -0.2216)  ( 0.00     0.6190)
 B2.u :1...1         ( 0.00     0.7484)
 E1.u :1...4         ( 4.00    -1.0477)  ( 4.00    -0.3242)  ( 4.00    -0.1794)  ( 0.00     0.0698)

 CYCLE  109
  SDIIS (wt  0.000): -0.0412 -1.6631 -2.0000  3.0000 -0.4003 -1.0890  3.0000  0.5587 -0.3651
 A-DIIS (wt  1.000):  0.0000  0.0000  0.0000  0.0000  0.0000  0.6889  0.0325  0.0000  0.2786
  DIIS coefficients:  0.0000  0.0000  0.0000  0.0000  0.0000  0.6889  0.0325  0.0000  0.2786
 SCF Error: norm([F,P])=      0.652002635681, max([F,P])=      0.132113139296
 orbitals (Q,E):
 ---------------
 A1.g :1...5         ( 2.00    -1.9086)  ( 2.00    -1.2472)  ( 2.00    -0.3863)  ( 2.00     0.0478)
                     ( 0.00     0.2776)
 A2.g :1...1         ( 0.00     0.0478)
 B1.g :1...3         ( 2.00    -1.9350)  ( 2.00    -0.4982)  ( 0.00     0.2891)
 B2.g :1...3         ( 2.00    -2.1391)  ( 2.00    -0.5404)  ( 0.00     0.1178)
 E1.g :1...3         ( 4.00    -1.8178)  ( 4.00    -0.3174)  ( 0.00     0.3909)
 A1.u :1...1         ( 0.00     1.9966)
 A2.u :1...3         ( 2.00    -0.6449)  ( 2.00     0.0243)  ( 0.00     0.2999)
 B1.u :1...2         ( 2.00    -0.2229)  ( 0.00     0.6184)
 B2.u :1...1         ( 0.00     0.7468)
 E1.u :1...4         ( 4.00    -1.0495)  ( 4.00    -0.3262)  ( 4.00    -0.1816)  ( 0.00     0.0697)

 CYCLE  110
  SDIIS (wt  0.000): -1.7592 -2.0000  3.0000  0.0811 -0.3853  2.3533  0.5533  0.5261 -1.3693
 A-DIIS (wt  1.000):  0.0000  0.0000  0.0000  0.0000  0.7089  0.0104  0.0000  0.0000  0.2807
  DIIS coefficients:  0.0000  0.0000  0.0000  0.0000  0.7089  0.0104  0.0000  0.0000  0.2807
 SCF Error: norm([F,P])=      0.640599298641, max([F,P])=      0.129977573316
 orbitals (Q,E):
 ---------------
 A1.g :1...4         ( 2.00    -1.9088)  ( 2.00    -1.2473)  ( 2.00    -0.3863)  ( 0.00     0.0477)
 A2.g :1...2         ( 2.00     0.0477)  ( 0.00     0.8930)
 B1.g :1...3         ( 2.00    -1.9352)  ( 2.00    -0.4983)  ( 0.00     0.2891)
 B2.g :1...3         ( 2.00    -2.1393)  ( 2.00    -0.5404)  ( 0.00     0.1177)
 E1.g :1...3         ( 4.00    -1.8180)  ( 4.00    -0.3174)  ( 0.00     0.3909)
 A1.u :1...1         ( 0.00     1.9965)
 A2.u :1...3         ( 2.00    -0.6450)  ( 2.00     0.0243)  ( 0.00     0.2998)
 B1.u :1...2         ( 2.00    -0.2229)  ( 0.00     0.6184)
 B2.u :1...1         ( 0.00     0.7468)
 E1.u :1...4         ( 4.00    -1.0496)  ( 4.00    -0.3262)  ( 4.00    -0.1817)  ( 0.00     0.0697)

 CYCLE  111
  SDIIS (wt  0.499): -1.6642 -2.0000  1.1077  1.1428  0.1977 -0.5217 -0.8842  0.6219  3.0000
 A-DIIS (wt  0.501):  0.0000  0.0000  0.0000  0.0000  0.3234  0.0000  0.0000  0.2801  0.3964
  DIIS coefficients: -0.8303 -0.9978  0.5526  0.5701  0.2607 -0.2603 -0.4411  0.4506  1.6954
 SCF Error: norm([F,P])=      0.258566533482, max([F,P])=      0.050608350911
 orbitals (Q,E):
 ---------------
 A1.g :1...4         ( 2.00    -1.9136)  ( 2.00    -1.2522)  ( 2.00    -0.3912)  ( 0.00     0.0463)
 A2.g :1...2         ( 2.00     0.0407)  ( 0.00     0.8907)
 B1.g :1...3         ( 2.00    -1.9406)  ( 2.00    -0.5048)  ( 0.00     0.2878)
 B2.g :1...3         ( 2.00    -2.1446)  ( 2.00    -0.5460)  ( 0.00     0.1132)
 E1.g :1...3         ( 4.00    -1.8224)  ( 4.00    -0.3221)  ( 0.00     0.3890)
 A1.u :1...1         ( 0.00     1.9920)
 A2.u :1...3         ( 2.00    -0.6490)  ( 2.00     0.0238)  ( 0.00     0.2980)
 B1.u :1...2         ( 2.00    -0.2281)  ( 0.00     0.6164)
 B2.u :1...1         ( 0.00     0.7429)
 E1.u :1...4         ( 4.00    -1.0557)  ( 4.00    -0.3317)  ( 4.00    -0.1879)  ( 0.00     0.0691)

 CYCLE  112
   MIX coefficients:  0.8000  0.2000
 SCF Error: norm([F,P])=      0.301151845292, max([F,P])=      0.059348130686
 orbitals (Q,E):
 ---------------
 A1.g :1...5         ( 2.00    -1.8394)  ( 2.00    -1.1710)  ( 2.00    -0.3144)  ( 2.00     0.0712)
                     ( 0.00     0.3034)
 A2.g :1...1         ( 0.00     0.1472)
 B1.g :1...3         ( 2.00    -1.8615)  ( 2.00    -0.4091)  ( 0.00     0.3106)
 B2.g :1...3         ( 2.00    -2.0611)  ( 2.00    -0.4599)  ( 0.00     0.1826)
 E1.g :1...3         ( 4.00    -1.7556)  ( 4.00    -0.2445)  ( 0.00     0.4197)
 A1.u :1...1         ( 0.00     2.0609)
 A2.u :1...3         ( 2.00    -0.5789)  ( 2.00     0.0312)  ( 0.00     0.3360)
 B1.u :1...2         ( 2.00    -0.1402)  ( 0.00     0.6489)
 B2.u :1...1         ( 0.00     0.8021)
 E1.u :1...4         ( 4.00    -0.9580)  ( 4.00    -0.2474)  ( 4.00    -0.0916)  ( 0.00     0.0812)

 CYCLE  113
  SDIIS (wt  0.000):  0.8264  0.1736
 A-DIIS (wt  1.000):  0.8253  0.1747
  DIIS coefficients:  0.8253  0.1747
 SCF Error: norm([F,P])=      1.374128560756, max([F,P])=      0.268818551483
 orbitals (Q,E):
 ---------------
 A1.g :1...5         ( 2.00    -1.9081)  ( 2.00    -1.2406)  ( 2.00    -0.3752)  ( 2.00     0.0509)
                     ( 0.00     0.2807)
 A2.g :1...1         ( 0.00     0.0639)
 B1.g :1...3         ( 2.00    -1.9338)  ( 2.00    -0.4853)  ( 0.00     0.2920)
 B2.g :1...3         ( 2.00    -2.1372)  ( 2.00    -0.5281)  ( 0.00     0.1248)
 E1.g :1...3         ( 4.00    -1.8194)  ( 4.00    -0.3085)  ( 0.00     0.3950)
 A1.u :1...1         ( 0.00     2.0067)
 A2.u :1...3         ( 2.00    -0.6380)  ( 2.00     0.0256)  ( 0.00     0.3032)
 B1.u :1...2         ( 2.00    -0.2117)  ( 0.00     0.6227)
 B2.u :1...1         ( 0.00     0.7551)
 E1.u :1...4         ( 4.00    -1.0379)  ( 4.00    -0.3136)  ( 4.00    -0.1680)  ( 0.00     0.0710)

 CYCLE  114
  SDIIS (wt  0.000):  2.7649 -2.0000 -0.1037  0.3388
 A-DIIS (wt  1.000):  0.7371  0.0000  0.0000  0.2629
  DIIS coefficients:  0.7371  0.0000  0.0000  0.2629
 SCF Error: norm([F,P])=      0.741218181067, max([F,P])=      0.149859465393
 orbitals (Q,E):
 ---------------
 A1.g :1...5         ( 2.00    -1.9096)  ( 2.00    -1.2473)  ( 2.00    -0.3860)  ( 2.00     0.0480)
                     ( 0.00     0.2776)
 A2.g :1...1         ( 0.00     0.0484)
 B1.g :1...3         ( 2.00    -1.9360)  ( 2.00    -0.4977)  ( 0.00     0.2892)
 B2.g :1...3         ( 2.00    -2.1400)  ( 2.00    -0.5401)  ( 0.00     0.1176)
 E1.g :1...3         ( 4.00    -1.8189)  ( 4.00    -0.3173)  ( 0.00     0.3910)
 A1.u :1...1         ( 0.00     1.9970)
 A2.u :1...3         ( 2.00    -0.6449)  ( 2.00     0.0244)  ( 0.00     0.2999)
 B1.u :1...2         ( 2.00    -0.2227)  ( 0.00     0.6185)
 B2.u :1...1         ( 0.00     0.7473)
 E1.u :1...4         ( 4.00    -1.0492)  ( 4.00    -0.3258)  ( 4.00    -0.1811)  ( 0.00     0.0697)

 CYCLE  115
  SDIIS (wt  0.000):  1.6792 -2.0000 -0.4615  1.0085  3.0000 -2.0000  0.0021 -0.4383  0.2100
 A-DIIS (wt  1.000):  0.2194  0.0000  0.0000  0.0000  0.5009  0.0000  0.0000  0.0000  0.2798
  DIIS coefficients:  0.2194  0.0000  0.0000  0.0000  0.5009  0.0000  0.0000  0.0000  0.2798
 SCF Error: norm([F,P])=      0.642188476491, max([F,P])=      0.130053136852
 orbitals (Q,E):
 ---------------
 A1.g :1...5         ( 2.00    -1.9106)  ( 2.00    -1.2480)  ( 2.00    -0.3864)  ( 1.00     0.0476)
                     ( 0.00     0.2775)
 A2.g :1...2         ( 1.00     0.0476)  ( 0.00     0.8929)
 B1.g :1...3         ( 2.00    -1.9372)  ( 2.00    -0.4987)  ( 0.00     0.2890)
 B2.g :1...3         ( 2.00    -2.1411)  ( 2.00    -0.5406)  ( 0.00     0.1171)
 E1.g :1...3         ( 4.00    -1.8200)  ( 4.00    -0.3178)  ( 0.00     0.3908)
 A1.u :1...1         ( 0.00     1.9964)
 A2.u :1...3         ( 2.00    -0.6453)  ( 2.00     0.0243)  ( 0.00     0.2996)
 B1.u :1...2         ( 2.00    -0.2231)  ( 0.00     0.6183)
 B2.u :1...1         ( 0.00     0.7466)
 E1.u :1...4         ( 4.00    -1.0500)  ( 4.00    -0.3263)  ( 4.00    -0.1819)  ( 0.00     0.0697)

 CYCLE  116
  SDIIS (wt  0.609):  2.2062 -0.3343 -0.0742 -0.7173 -2.0000  0.0397  0.0529  0.2118  0.7717  0.8434
 A-DIIS (wt  0.391):  0.4948  0.0000  0.0000  0.0741  0.0000  0.0000  0.0000  0.0000  0.0000  0.4310
  DIIS coefficients:  1.5374 -0.2037 -0.0452 -0.4080 -1.2184  0.0242  0.0322  0.1291  0.4701  0.6823
 SCF Error: norm([F,P])=      0.196679582960, max([F,P])=      0.039688976136
 orbitals (Q,E):
 ---------------
 A1.g :1...4         ( 2.00    -1.9136)  ( 2.00    -1.2518)  ( 2.00    -0.3906)  ( 0.00     0.0430)
 A2.g :1...2         ( 2.00     0.0414)  ( 0.00     0.8910)
 B1.g :1...3         ( 2.00    -1.9406)  ( 2.00    -0.5042)  ( 0.00     0.2879)
 B2.g :1...3         ( 2.00    -2.1446)  ( 2.00    -0.5453)  ( 0.00     0.1136)
 E1.g :1...3         ( 4.00    -1.8225)  ( 4.00    -0.3216)  ( 0.00     0.3889)
 A1.u :1...1         ( 0.00     1.9926)
 A2.u :1...3         ( 2.00    -0.6488)  ( 2.00     0.0226)  ( 0.00     0.2953)
 B1.u :1...2         ( 2.00    -0.2273)  ( 0.00     0.6165)
 B2.u :1...1         ( 0.00     0.7434)
 E1.u :1...4         ( 4.00    -1.0550)  ( 4.00    -0.3309)  ( 4.00    -0.1872)  ( 0.00     0.0690)

 CYCLE  117
  SDIIS (wt  0.000): -0.1102  0.2691 -0.9336  0.5002 -1.1276  0.0296 -0.0964  0.7480  0.7425  0.9784
 A-DIIS (wt  1.000):  0.0000  0.0000  0.0500  0.0000  0.0000  0.0000  0.0000  0.0000  0.4966  0.4534
  DIIS coefficients:  0.0000  0.0000  0.0500  0.0000  0.0000  0.0000  0.0000  0.0000  0.4966  0.4534
 SCF Error: norm([F,P])=      0.294145932053, max([F,P])=      0.057803757926
 orbitals (Q,E):
 ---------------
 A1.g :1...5         ( 2.00    -1.9107)  ( 2.00    -1.2492)  ( 2.00    -0.3883)  ( 2.00     0.0447)
                     ( 0.00     0.2764)
 A2.g :1...1         ( 0.00     0.0447)
 B1.g :1...3         ( 2.00    -1.9374)  ( 2.00    -0.5010)  ( 0.00     0.2886)
 B2.g :1...3         ( 2.00    -2.1414)  ( 2.00    -0.5427)  ( 0.00     0.1160)
 E1.g :1...3         ( 4.00    -1.8197)  ( 4.00    -0.3193)  ( 0.00     0.3899)
 A1.u :1...1         ( 0.00     1.9947)
 A2.u :1...3         ( 2.00    -0.6467)  ( 2.00     0.0232)  ( 0.00     0.2971)
 B1.u :1...2         ( 2.00    -0.2249)  ( 0.00     0.6174)
 B2.u :1...1         ( 0.00     0.7452)
 E1.u :1...4         ( 4.00    -1.0520)  ( 4.00    -0.3284)  ( 4.00    -0.1842)  ( 0.00     0.0693)

 CYCLE  118
  SDIIS (wt  0.000):  0.6847  0.3153
 A-DIIS (wt  1.000):  0.6999  0.3001
  DIIS coefficients:  0.6999  0.3001
 SCF Error: norm([F,P])=      0.625811944434, max([F,P])=      0.127107546385
 orbitals (Q,E):
 ---------------
 A1.g :1...4         ( 2.00    -1.9085)  ( 2.00    -1.2469)  ( 2.00    -0.3863)  ( 0.00     0.0475)
 A2.g :1...2         ( 2.00     0.0474)  ( 0.00     0.8930)
 B1.g :1...3         ( 2.00    -1.9352)  ( 2.00    -0.4986)  ( 0.00     0.2892)
 B2.g :1...3         ( 2.00    -2.1391)  ( 2.00    -0.5405)  ( 0.00     0.1179)
 E1.g :1...3         ( 4.00    -1.8177)  ( 4.00    -0.3171)  ( 0.00     0.3910)
 A1.u :1...1         ( 0.00     1.9964)
 A2.u :1...3         ( 2.00    -0.6444)  ( 2.00     0.0241)  ( 0.00     0.3003)
 B1.u :1...2         ( 2.00    -0.2225)  ( 0.00     0.6185)
 B2.u :1...1         ( 0.00     0.7467)
 E1.u :1...4         ( 4.00    -1.0494)  ( 4.00    -0.3263)  ( 4.00    -0.1817)  ( 0.00     0.0698)

 CYCLE  119
  SDIIS (wt  0.000): -1.1767  0.6949 -0.6832  0.0185 -0.1587  0.5283  0.7596  0.5506  0.6924 -0.2258
 A-DIIS (wt  1.000):  0.0000  0.0000  0.0000  0.0000  0.0000  0.0000  0.3086  0.0000  0.1312  0.5602
  DIIS coefficients:  0.0000  0.0000  0.0000  0.0000  0.0000  0.0000  0.3086  0.0000  0.1312  0.5602
 SCF Error: norm([F,P])=      0.256757787147, max([F,P])=      0.050252063138
 orbitals (Q,E):
 ---------------
 A1.g :1...4         ( 2.00    -1.9121)  ( 2.00    -1.2495)  ( 2.00    -0.3876)  ( 0.00     0.0458)
 A2.g :1...2         ( 2.00     0.0458)  ( 0.00     0.8924)
 B1.g :1...3         ( 2.00    -1.9388)  ( 2.00    -0.5004)  ( 0.00     0.2887)
 B2.g :1...3         ( 2.00    -2.1428)  ( 2.00    -0.5420)  ( 0.00     0.1158)
 E1.g :1...3         ( 4.00    -1.8214)  ( 4.00    -0.3191)  ( 0.00     0.3902)
 A1.u :1...1         ( 0.00     1.9953)
 A2.u :1...3         ( 2.00    -0.6467)  ( 2.00     0.0236)  ( 0.00     0.2978)
 B1.u :1...2         ( 2.00    -0.2245)  ( 0.00     0.6177)
 B2.u :1...1         ( 0.00     0.7457)
 E1.u :1...4         ( 4.00    -1.0517)  ( 4.00    -0.3276)  ( 4.00    -0.1835)  ( 0.00     0.0694)

 CYCLE  120
  SDIIS (wt  0.000):  0.3160 -0.0017 -0.0750 -0.7245  0.9323  1.3455  0.6918 -0.3383 -1.1461
 A-DIIS (wt  1.000):  0.0000  0.0000  0.0000  0.2796  0.0000  0.0000  0.0000  0.7100  0.0104
  DIIS coefficients:  0.0000  0.0000  0.0000  0.2796  0.0000  0.0000  0.0000  0.7100  0.0104
 SCF Error: norm([F,P])=      0.269393301565, max([F,P])=      0.052905341602
 orbitals (Q,E):
 ---------------
 A1.g :1...4         ( 2.00    -1.9117)  ( 2.00    -1.2487)  ( 2.00    -0.3865)  ( 0.00     0.0474)
 A2.g :1...2         ( 2.00     0.0474)  ( 0.00     0.8929)
 B1.g :1...3         ( 2.00    -1.9384)  ( 2.00    -0.4991)  ( 0.00     0.2890)
 B2.g :1...3         ( 2.00    -2.1422)  ( 2.00    -0.5408)  ( 0.00     0.1166)
 E1.g :1...3         ( 4.00    -1.8212)  ( 4.00    -0.3181)  ( 0.00     0.3907)
 A1.u :1...1         ( 0.00     1.9963)
 A2.u :1...3         ( 2.00    -0.6457)  ( 2.00     0.0242)  ( 0.00     0.2994)
 B1.u :1...2         ( 2.00    -0.2233)  ( 0.00     0.6182)
 B2.u :1...1         ( 0.00     0.7465)
 E1.u :1...4         ( 4.00    -1.0505)  ( 4.00    -0.3264)  ( 4.00    -0.1822)  ( 0.00     0.0696)

 CYCLE  121
  SDIIS (wt  0.000):  0.2096 -0.0003 -0.0284 -0.7300  0.9051  0.8599  0.6439 -0.1826 -0.0649 -0.6124
 A-DIIS (wt  1.000):  0.0000  0.0000  0.0000  0.0000  0.2948  0.0000  0.1390  0.0000  0.0000  0.5662
  DIIS coefficients:  0.0000  0.0000  0.0000  0.0000  0.2948  0.0000  0.1390  0.0000  0.0000  0.5662
 SCF Error: norm([F,P])=      0.259276943783, max([F,P])=      0.050873788758
 orbitals (Q,E):
 ---------------
 A1.g :1...4         ( 2.00    -1.9095)  ( 2.00    -1.2482)  ( 2.00    -0.3874)  ( 0.00     0.0461)
 A2.g :1...2         ( 2.00     0.0461)  ( 0.00     0.8924)
 B1.g :1...3         ( 2.00    -1.9361)  ( 2.00    -0.4996)  ( 0.00     0.2888)
 B2.g :1...3         ( 2.00    -2.1401)  ( 2.00    -0.5416)  ( 0.00     0.1169)
 E1.g :1...3         ( 4.00    -1.8186)  ( 4.00    -0.3184)  ( 0.00     0.3904)
 A1.u :1...1         ( 0.00     1.9956)
 A2.u :1...3         ( 2.00    -0.6459)  ( 2.00     0.0237)  ( 0.00     0.2984)
 B1.u :1...2         ( 2.00    -0.2240)  ( 0.00     0.6179)
 B2.u :1...1         ( 0.00     0.7460)
 E1.u :1...4         ( 4.00    -1.0508)  ( 4.00    -0.3274)  ( 4.00    -0.1830)  ( 0.00     0.0695)

 CYCLE  122
  SDIIS (wt  0.000):  0.9101  1.1073 -0.1348  0.0014 -0.8792 -0.0047
 A-DIIS (wt  1.000):  0.2445  0.0000  0.1664  0.0000  0.0000  0.5892
  DIIS coefficients:  0.2445  0.0000  0.1664  0.0000  0.0000  0.5892
 SCF Error: norm([F,P])=      0.267580480126, max([F,P])=      0.052469901875
 orbitals (Q,E):
 ---------------
 A1.g :1...5         ( 2.00    -1.9116)  ( 2.00    -1.2490)  ( 2.00    -0.3873)  ( 2.00     0.0461)
                     ( 0.00     0.2770)
 A2.g :1...1         ( 0.00     0.0461)
 B1.g :1...3         ( 2.00    -1.9384)  ( 2.00    -0.5001)  ( 0.00     0.2888)
 B2.g :1...3         ( 2.00    -2.1423)  ( 2.00    -0.5417)  ( 0.00     0.1162)
 E1.g :1...3         ( 4.00    -1.8210)  ( 4.00    -0.3186)  ( 0.00     0.3904)
 A1.u :1...1         ( 0.00     1.9956)
 A2.u :1...3         ( 2.00    -0.6461)  ( 2.00     0.0238)  ( 0.00     0.2984)
 B1.u :1...2         ( 2.00    -0.2240)  ( 0.00     0.6179)
 B2.u :1...1         ( 0.00     0.7459)
 E1.u :1...4         ( 4.00    -1.0512)  ( 4.00    -0.3273)  ( 4.00    -0.1831)  ( 0.00     0.0695)

 CYCLE  123
  SDIIS (wt  0.000): -2.0000  1.7819  2.2428  2.5578 -2.0000 -1.5825
 A-DIIS (wt  1.000):  0.0000  0.0000  0.4443  0.2741  0.0000  0.2816
  DIIS coefficients:  0.0000  0.0000  0.4443  0.2741  0.0000  0.2816
 SCF Error: norm([F,P])=      0.633528542973, max([F,P])=      0.128528083483
 orbitals (Q,E):
 ---------------
 A1.g :1...5         ( 2.00    -1.9097)  ( 2.00    -1.2476)  ( 2.00    -0.3863)  ( 2.00     0.0477)
                     ( 0.00     0.2776)
 A2.g :1...1         ( 0.00     0.0477)
 B1.g :1...3         ( 2.00    -1.9363)  ( 2.00    -0.4985)  ( 0.00     0.2891)
 B2.g :1...3         ( 2.00    -2.1402)  ( 2.00    -0.5405)  ( 0.00     0.1174)
 E1.g :1...3         ( 4.00    -1.8190)  ( 4.00    -0.3175)  ( 0.00     0.3909)
 A1.u :1...1         ( 0.00     1.9965)
 A2.u :1...3         ( 2.00    -0.6451)  ( 2.00     0.0243)  ( 0.00     0.2998)
 B1.u :1...2         ( 2.00    -0.2229)  ( 0.00     0.6184)
 B2.u :1...1         ( 0.00     0.7468)
 E1.u :1...4         ( 4.00    -1.0498)  ( 4.00    -0.3262)  ( 4.00    -0.1817)  ( 0.00     0.0697)

 CYCLE  124
  SDIIS (wt  0.000): -0.6842  0.8600  0.5122 -0.2350 -0.8618  0.8379  0.9017 -0.3309
 A-DIIS (wt  1.000):  0.0000  0.0000  0.0000  0.2708  0.4486  0.0000  0.0000  0.2806
  DIIS coefficients:  0.0000  0.0000  0.0000  0.2708  0.4486  0.0000  0.0000  0.2806
 SCF Error: norm([F,P])=      0.640608036553, max([F,P])=      0.129956861905
 orbitals (Q,E):
 ---------------
 A1.g :1...4         ( 2.00    -1.9097)  ( 2.00    -1.2476)  ( 2.00    -0.3864)  ( 0.00     0.0476)
 A2.g :1...2         ( 2.00     0.0476)  ( 0.00     0.8930)
 B1.g :1...3         ( 2.00    -1.9363)  ( 2.00    -0.4985)  ( 0.00     0.2891)
 B2.g :1...3         ( 2.00    -2.1402)  ( 2.00    -0.5405)  ( 0.00     0.1174)
 E1.g :1...3         ( 4.00    -1.8190)  ( 4.00    -0.3176)  ( 0.00     0.3909)
 A1.u :1...1         ( 0.00     1.9965)
 A2.u :1...3         ( 2.00    -0.6451)  ( 2.00     0.0243)  ( 0.00     0.2997)
 B1.u :1...2         ( 2.00    -0.2230)  ( 0.00     0.6183)
 B2.u :1...1         ( 0.00     0.7467)
 E1.u :1...4         ( 4.00    -1.0498)  ( 4.00    -0.3263)  ( 4.00    -0.1818)  ( 0.00     0.0697)

 CYCLE  125
  SDIIS (wt  0.000):  0.8602  0.5360  0.7909  0.2372  0.4331 -0.1385 -0.7652 -0.9537
 A-DIIS (wt  1.000):  0.0605  0.0000  0.0000  0.0000  0.0000  0.0000  0.2507  0.6888
  DIIS coefficients:  0.0605  0.0000  0.0000  0.0000  0.0000  0.0000  0.2507  0.6888
 SCF Error: norm([F,P])=      0.257974737675, max([F,P])=      0.050602226726
 orbitals (Q,E):
 ---------------
 A1.g :1...5         ( 2.00    -1.9107)  ( 2.00    -1.2482)  ( 2.00    -0.3866)  ( 1.00     0.0472)
                     ( 0.00     0.2774)
 A2.g :1...2         ( 1.00     0.0472)  ( 0.00     0.8928)
 B1.g :1...3         ( 2.00    -1.9373)  ( 2.00    -0.4990)  ( 0.00     0.2890)
 B2.g :1...3         ( 2.00    -2.1412)  ( 2.00    -0.5409)  ( 0.00     0.1169)
 E1.g :1...3         ( 4.00    -1.8201)  ( 4.00    -0.3180)  ( 0.00     0.3907)
 A1.u :1...1         ( 0.00     1.9962)
 A2.u :1...3         ( 2.00    -0.6455)  ( 2.00     0.0242)  ( 0.00     0.2993)
 B1.u :1...2         ( 2.00    -0.2233)  ( 0.00     0.6182)
 B2.u :1...1         ( 0.00     0.7465)
 E1.u :1...4         ( 4.00    -1.0503)  ( 4.00    -0.3265)  ( 4.00    -0.1822)  ( 0.00     0.0696)

 CYCLE  126
  SDIIS (wt  0.613):  0.9698  0.8084  0.0119 -0.6958 -0.0456 -0.1932 -0.7289  0.8735
 A-DIIS (wt  0.387):  0.0000  0.0000  0.6727  0.0000  0.0000  0.0000  0.2352  0.0921
  DIIS coefficients:  0.5948  0.4957  0.2675 -0.4267 -0.0280 -0.1185 -0.3561  0.5713
 SCF Error: norm([F,P])=      0.194701398072, max([F,P])=      0.039288406472
 orbitals (Q,E):
 ---------------
 A1.g :1...4         ( 2.00    -1.9125)  ( 2.00    -1.2506)  ( 2.00    -0.3893)  ( 0.00     0.0440)
 A2.g :1...2         ( 2.00     0.0432)  ( 0.00     0.8916)
 B1.g :1...3         ( 2.00    -1.9394)  ( 2.00    -0.5025)  ( 0.00     0.2884)
 B2.g :1...3         ( 2.00    -2.1434)  ( 2.00    -0.5438)  ( 0.00     0.1147)
 E1.g :1...3         ( 4.00    -1.8215)  ( 4.00    -0.3204)  ( 0.00     0.3895)
 A1.u :1...1         ( 0.00     1.9938)
 A2.u :1...3         ( 2.00    -0.6476)  ( 2.00     0.0230)  ( 0.00     0.2964)
 B1.u :1...2         ( 2.00    -0.2260)  ( 0.00     0.6171)
 B2.u :1...1         ( 0.00     0.7444)
 E1.u :1...4         ( 4.00    -1.0534)  ( 4.00    -0.3295)  ( 4.00    -0.1856)  ( 0.00     0.0692)

 CYCLE  127
  SDIIS (wt  0.000): -0.2118  0.0918  0.8174  0.3025
 A-DIIS (wt  1.000):  0.0000  0.0815  0.4279  0.4906
  DIIS coefficients:  0.0000  0.0815  0.4279  0.4906
 SCF Error: norm([F,P])=      0.284030606151, max([F,P])=      0.055806708343
 orbitals (Q,E):
 ---------------
 A1.g :1...5         ( 2.00    -1.9106)  ( 2.00    -1.2490)  ( 2.00    -0.3880)  ( 2.00     0.0451)
                     ( 0.00     0.2766)
 A2.g :1...1         ( 0.00     0.0451)
 B1.g :1...3         ( 2.00    -1.9373)  ( 2.00    -0.5006)  ( 0.00     0.2886)
 B2.g :1...3         ( 2.00    -2.1413)  ( 2.00    -0.5424)  ( 0.00     0.1161)
 E1.g :1...3         ( 4.00    -1.8196)  ( 4.00    -0.3190)  ( 0.00     0.3900)
 A1.u :1...1         ( 0.00     1.9950)
 A2.u :1...3         ( 2.00    -0.6465)  ( 2.00     0.0234)  ( 0.00     0.2975)
 B1.u :1...2         ( 2.00    -0.2246)  ( 0.00     0.6176)
 B2.u :1...1         ( 0.00     0.7454)
 E1.u :1...4         ( 4.00    -1.0517)  ( 4.00    -0.3281)  ( 4.00    -0.1839)  ( 0.00     0.0694)

 CYCLE  128
  SDIIS (wt  0.000):  0.0000 -2.0000  3.0000
 A-DIIS (wt  1.000):  0.0000  0.0000  1.0000
  DIIS coefficients:  0.0000  0.0000  1.0000
 SCF Error: norm([F,P])=      0.627834076182, max([F,P])=      0.127491417059
 orbitals (Q,E):
 ---------------
 A1.g :1...4         ( 2.00    -2.0929)  ( 2.00    -1.4399)  ( 2.00    -0.5769)  ( 0.00    -0.0111)
 A2.g :1...2         ( 2.00    -0.2094)  ( 0.00     0.8121)
 B1.g :1...3         ( 2.00    -2.1280)  ( 2.00    -0.7279)  ( 0.00     0.2353)
 B2.g :1...4         ( 2.00    -2.3427)  ( 2.00    -0.7478)  ( 2.00    -0.0801)  ( 0.00     0.3126)
 E1.g :1...3         ( 4.00    -1.9821)  ( 4.00    -0.5099)  ( 0.00     0.3216)
 A1.u :1...1         ( 0.00     1.8355)
 A2.u :1...2         ( 2.00    -0.8190)  ( 0.00     0.0028)
 B1.u :1...2         ( 2.00    -0.4370)  ( 0.00     0.5477)
 B2.u :1...1         ( 0.00     0.6083)
 E1.u :1...4         ( 4.00    -1.2828)  ( 4.00    -0.5361)  ( 4.00    -0.4195)  ( 0.00     0.0487)

 CYCLE  129
  SDIIS (wt  0.000):  0.8487  0.1513
 A-DIIS (wt  1.000):  0.8545  0.1455
  DIIS coefficients:  0.8545  0.1455
 SCF Error: norm([F,P])=      2.957879715078, max([F,P])=      0.534006620612
 orbitals (Q,E):
 ---------------
 A1.g :1...4         ( 2.00    -1.8899)  ( 2.00    -1.2737)  ( 2.00    -0.4511)  ( 0.00     0.0362)
 A2.g :1...2         ( 2.00    -0.0497)  ( 0.00     0.8606)
 B1.g :1...3         ( 2.00    -1.9110)  ( 2.00    -0.5680)  ( 0.00     0.2697)
 B2.g :1...3         ( 2.00    -2.1215)  ( 2.00    -0.6122)  ( 0.00     0.0845)
 E1.g :1...3         ( 4.00    -1.7775)  ( 4.00    -0.3686)  ( 0.00     0.3682)
 A1.u :1...1         ( 0.00     1.9367)
 A2.u :1...3         ( 2.00    -0.6863)  ( 2.00     0.0240)  ( 0.00     0.2839)
 B1.u :1...2         ( 2.00    -0.2918)  ( 0.00     0.5939)
 B2.u :1...1         ( 0.00     0.6989)
 E1.u :1...4         ( 4.00    -1.1152)  ( 4.00    -0.4023)  ( 4.00    -0.2618)  ( 0.00     0.0629)

 CYCLE  130
  SDIIS (wt  0.000):  1.1439 -0.2179  0.0130  0.0610
 A-DIIS (wt  1.000):  0.8446  0.0000  0.0000  0.1554
  DIIS coefficients:  0.8446  0.0000  0.0000  0.1554
 SCF Error: norm([F,P])=      1.010399921213, max([F,P])=      0.183954787711
 orbitals (Q,E):
 ---------------
 A1.g :1...4         ( 2.00    -1.9456)  ( 2.00    -1.2775)  ( 2.00    -0.4101)  ( 0.00     0.0347)
 A2.g :1...2         ( 2.00     0.0149)  ( 0.00     0.8823)
 B1.g :1...3         ( 2.00    -1.9754)  ( 2.00    -0.5313)  ( 0.00     0.2820)
 B2.g :1...3         ( 2.00    -2.1789)  ( 2.00    -0.5671)  ( 0.00     0.0906)
 E1.g :1...3         ( 4.00    -1.8548)  ( 4.00    -0.3428)  ( 0.00     0.3811)
 A1.u :1...1         ( 0.00     1.9752)
 A2.u :1...3         ( 2.00    -0.6682)  ( 2.00     0.0201)  ( 0.00     0.2840)
 B1.u :1...2         ( 2.00    -0.2491)  ( 0.00     0.6086)
 B2.u :1...1         ( 0.00     0.7276)
 E1.u :1...4         ( 4.00    -1.0818)  ( 4.00    -0.3520)  ( 4.00    -0.2125)  ( 0.00     0.0666)

 CYCLE  131
  SDIIS (wt  0.104):  0.3824 -0.0297  0.0514  0.5959
 A-DIIS (wt  0.896):  0.3711  0.0000  0.0000  0.6289
  DIIS coefficients:  0.3723 -0.0031  0.0053  0.6255
 SCF Error: norm([F,P])=      0.461905507481, max([F,P])=      0.089708955505
 orbitals (Q,E):
 ---------------
 A1.g :1...4         ( 2.00    -1.8943)  ( 2.00    -1.2417)  ( 2.00    -0.3885)  ( 0.00     0.0471)
 A2.g :1...2         ( 2.00     0.0438)  ( 0.00     0.8917)
 B1.g :1...3         ( 2.00    -1.9206)  ( 2.00    -0.4992)  ( 0.00     0.2889)
 B2.g :1...3         ( 2.00    -2.1252)  ( 2.00    -0.5428)  ( 0.00     0.1215)
 E1.g :1...3         ( 4.00    -1.8013)  ( 4.00    -0.3161)  ( 0.00     0.3905)
 A1.u :1...1         ( 0.00     1.9938)
 A2.u :1...3         ( 2.00    -0.6425)  ( 2.00     0.0235)  ( 0.00     0.3016)
 B1.u :1...2         ( 2.00    -0.2234)  ( 0.00     0.6178)
 B2.u :1...1         ( 0.00     0.7451)
 E1.u :1...4         ( 4.00    -1.0487)  ( 4.00    -0.3293)  ( 4.00    -0.1836)  ( 0.00     0.0697)

 CYCLE  132
  SDIIS (wt  0.475):  3.0000  0.0418  0.0019 -0.0998 -1.1906 -0.7533
 A-DIIS (wt  0.525):  0.7050  0.2950  0.0000  0.0000  0.0000  0.0000
  DIIS coefficients:  1.7949  0.1747  0.0009 -0.0474 -0.5654 -0.3577
 SCF Error: norm([F,P])=      0.295369339563, max([F,P])=      0.052987614206
 orbitals (Q,E):
 ---------------
 A1.g :1...5         ( 2.00    -1.9005)  ( 2.00    -1.2362)  ( 2.00    -0.3741)  ( 2.00     0.0521)
                     ( 0.00     0.2814)
 A2.g :1...1         ( 0.00     0.0649)
 B1.g :1...3         ( 2.00    -1.9259)  ( 2.00    -0.4828)  ( 0.00     0.2926)
 B2.g :1...3         ( 2.00    -2.1295)  ( 2.00    -0.5268)  ( 0.00     0.1278)
 E1.g :1...3         ( 4.00    -1.8111)  ( 4.00    -0.3061)  ( 0.00     0.3956)
 A1.u :1...1         ( 0.00     2.0080)
 A2.u :1...3         ( 2.00    -0.6352)  ( 2.00     0.0258)  ( 0.00     0.3051)
 B1.u :1...2         ( 2.00    -0.2100)  ( 0.00     0.6233)
 B2.u :1...1         ( 0.00     0.7567)
 E1.u :1...4         ( 4.00    -1.0349)  ( 4.00    -0.3127)  ( 4.00    -0.1663)  ( 0.00     0.0712)

 CYCLE  133
  SDIIS (wt  0.000):  0.0032 -0.2879 -0.0657  1.2594  0.0911
 A-DIIS (wt  1.000):  0.0000  0.0000  0.0000  0.7308  0.2692
  DIIS coefficients:  0.0000  0.0000  0.0000  0.7308  0.2692
 SCF Error: norm([F,P])=      0.741541479908, max([F,P])=      0.149397195731
 orbitals (Q,E):
 ---------------
 A1.g :1...4         ( 2.00    -1.9303)  ( 2.00    -1.2577)  ( 2.00    -0.3881)  ( 0.00     0.0457)
 A2.g :1...2         ( 2.00     0.0456)  ( 0.00     0.8926)
 B1.g :1...3         ( 2.00    -1.9583)  ( 2.00    -0.5041)  ( 0.00     0.2883)
 B2.g :1...3         ( 2.00    -2.1610)  ( 2.00    -0.5428)  ( 0.00     0.1095)
 E1.g :1...3         ( 4.00    -1.8419)  ( 4.00    -0.3225)  ( 0.00     0.3898)
 A1.u :1...1         ( 0.00     1.9951)
 A2.u :1...3         ( 2.00    -0.6504)  ( 2.00     0.0240)  ( 0.00     0.2965)
 B1.u :1...2         ( 2.00    -0.2260)  ( 0.00     0.6176)
 B2.u :1...1         ( 0.00     0.7447)
 E1.u :1...4         ( 4.00    -1.0560)  ( 4.00    -0.3276)  ( 4.00    -0.1851)  ( 0.00     0.0694)

 CYCLE  134
  SDIIS (wt  0.476):  3.0000 -0.9033 -0.0004  0.0499 -2.0000 -1.0553  0.7771  1.1320
 A-DIIS (wt  0.524):  0.7050  0.2950  0.0000  0.0000  0.0000  0.0000  0.0000  0.0000
  DIIS coefficients:  1.7980 -0.2757 -0.0002  0.0238 -0.9525 -0.5026  0.3701  0.5391
 SCF Error: norm([F,P])=      0.290618556760, max([F,P])=      0.052852020958
 orbitals (Q,E):
 ---------------
 A1.g :1...5         ( 2.00    -1.8956)  ( 2.00    -1.2294)  ( 2.00    -0.3662)  ( 2.00     0.0550)
                     ( 0.00     0.2837)
 A2.g :1...1         ( 0.00     0.0766)
 B1.g :1...3         ( 2.00    -1.9201)  ( 2.00    -0.4725)  ( 0.00     0.2947)
 B2.g :1...3         ( 2.00    -2.1235)  ( 2.00    -0.5179)  ( 0.00     0.1342)
 E1.g :1...3         ( 4.00    -1.8071)  ( 4.00    -0.2990)  ( 0.00     0.3986)
 A1.u :1...1         ( 0.00     2.0154)
 A2.u :1...3         ( 2.00    -0.6294)  ( 2.00     0.0268)  ( 0.00     0.3080)
 B1.u :1...2         ( 2.00    -0.2017)  ( 0.00     0.6263)
 B2.u :1...1         ( 0.00     0.7630)
 E1.u :1...4         ( 4.00    -1.0254)  ( 4.00    -0.3038)  ( 4.00    -0.1561)  ( 0.00     0.0721)

 CYCLE  135
  SDIIS (wt  0.000):  0.7508  0.2492
 A-DIIS (wt  1.000):  0.7407  0.2593
  DIIS coefficients:  0.7407  0.2593
 SCF Error: norm([F,P])=      0.813855935354, max([F,P])=      0.163489398256
 orbitals (Q,E):
 ---------------
 A1.g :1...5         ( 2.00    -1.8898)  ( 2.00    -1.2380)  ( 2.00    -0.3845)  ( 2.00     0.0498)
                     ( 0.00     0.2786)
 A2.g :1...1         ( 0.00     0.0501)
 B1.g :1...3         ( 2.00    -1.9144)  ( 2.00    -0.4922)  ( 0.00     0.2898)
 B2.g :1...3         ( 2.00    -2.1199)  ( 2.00    -0.5381)  ( 0.00     0.1249)
 E1.g :1...3         ( 4.00    -1.7966)  ( 4.00    -0.3131)  ( 0.00     0.3919)
 A1.u :1...1         ( 0.00     1.9983)
 A2.u :1...3         ( 2.00    -0.6407)  ( 2.00     0.0247)  ( 0.00     0.3024)
 B1.u :1...2         ( 2.00    -0.2205)  ( 0.00     0.6191)
 B2.u :1...1         ( 0.00     0.7491)
 E1.u :1...4         ( 4.00    -1.0437)  ( 4.00    -0.3247)  ( 4.00    -0.1782)  ( 0.00     0.0698)

 CYCLE  136
  SDIIS (wt  0.000): -0.0011  0.1262 -2.0000  0.2576 -2.0000  2.7501  1.7370  0.1303
 A-DIIS (wt  1.000):  0.0000  0.0000  0.0000  0.2274  0.0000  0.4881  0.0000  0.2845
  DIIS coefficients:  0.0000  0.0000  0.0000  0.2274  0.0000  0.4881  0.0000  0.2845
 SCF Error: norm([F,P])=      0.656440113519, max([F,P])=      0.130865842907
 orbitals (Q,E):
 ---------------
 A1.g :1...5         ( 2.00    -1.9106)  ( 2.00    -1.2481)  ( 2.00    -0.3865)  ( 2.00     0.0474)
                     ( 0.00     0.2775)
 A2.g :1...1         ( 0.00     0.0474)
 B1.g :1...3         ( 2.00    -1.9372)  ( 2.00    -0.4989)  ( 0.00     0.2890)
 B2.g :1...3         ( 2.00    -2.1410)  ( 2.00    -0.5407)  ( 0.00     0.1171)
 E1.g :1...3         ( 4.00    -1.8200)  ( 4.00    -0.3178)  ( 0.00     0.3908)
 A1.u :1...1         ( 0.00     1.9963)
 A2.u :1...3         ( 2.00    -0.6454)  ( 2.00     0.0242)  ( 0.00     0.2995)
 B1.u :1...2         ( 2.00    -0.2231)  ( 0.00     0.6183)
 B2.u :1...1         ( 0.00     0.7465)
 E1.u :1...4         ( 4.00    -1.0501)  ( 4.00    -0.3264)  ( 4.00    -0.1820)  ( 0.00     0.0696)

 CYCLE  137
  SDIIS (wt  0.000):  1.6314 -0.0008  0.1229 -2.0000  0.2645 -2.0000  2.7383  1.8179  0.0540 -1.6281
 A-DIIS (wt  1.000):  0.0000  0.0000 -0.0000  0.0000  0.3928  0.0000  0.3195  0.0000  0.0000  0.2878
  DIIS coefficients:  0.0000  0.0000 -0.0000  0.0000  0.3928  0.0000  0.3195  0.0000  0.0000  0.2878
 SCF Error: norm([F,P])=      0.641346083370, max([F,P])=      0.130177720310
 orbitals (Q,E):
 ---------------
 A1.g :1...4         ( 2.00    -1.9107)  ( 2.00    -1.2482)  ( 2.00    -0.3866)  ( 0.00     0.0474)
 A2.g :1...2         ( 2.00     0.0472)  ( 0.00     0.8929)
 B1.g :1...3         ( 2.00    -1.9373)  ( 2.00    -0.4991)  ( 0.00     0.2891)
 B2.g :1...3         ( 2.00    -2.1412)  ( 2.00    -0.5409)  ( 0.00     0.1169)
 E1.g :1...3         ( 4.00    -1.8200)  ( 4.00    -0.3179)  ( 0.00     0.3907)
 A1.u :1...1         ( 0.00     1.9962)
 A2.u :1...3         ( 2.00    -0.6455)  ( 2.00     0.0242)  ( 0.00     0.2996)
 B1.u :1...2         ( 2.00    -0.2233)  ( 0.00     0.6182)
 B2.u :1...1         ( 0.00     0.7464)
 E1.u :1...4         ( 4.00    -1.0503)  ( 4.00    -0.3266)  ( 4.00    -0.1822)  ( 0.00     0.0697)

 CYCLE  138
  SDIIS (wt  0.494): -0.0011 -0.0090 -1.5720 -0.8589 -0.4957  0.6651  1.1570 -0.0282 -0.8571  3.0000
 A-DIIS (wt  0.506):  0.0000  0.0000  0.0000  0.0000  0.0000  0.0000  0.0000  0.0000  0.2815  0.7185
  DIIS coefficients: -0.0006 -0.0044 -0.7766 -0.4243 -0.2449  0.3286  0.5716 -0.0140 -0.2810  1.8456
 SCF Error: norm([F,P])=      0.260380006509, max([F,P])=      0.051092927696
 orbitals (Q,E):
 ---------------
 A1.g :1...5         ( 2.00    -1.8912)  ( 2.00    -1.2239)  ( 2.00    -0.3600)  ( 2.00     0.0575)
                     ( 0.00     0.2856)
 A2.g :1...1         ( 0.00     0.0854)
 B1.g :1...3         ( 2.00    -1.9150)  ( 2.00    -0.4645)  ( 0.00     0.2963)
 B2.g :1...3         ( 2.00    -2.1184)  ( 2.00    -0.5111)  ( 0.00     0.1391)
 E1.g :1...3         ( 4.00    -1.8033)  ( 4.00    -0.2934)  ( 0.00     0.4009)
 A1.u :1...1         ( 0.00     2.0211)
 A2.u :1...3         ( 2.00    -0.6248)  ( 2.00     0.0277)  ( 0.00     0.3107)
 B1.u :1...2         ( 2.00    -0.1954)  ( 0.00     0.6287)
 B2.u :1...1         ( 0.00     0.7679)
 E1.u :1...4         ( 4.00    -1.0180)  ( 4.00    -0.2970)  ( 4.00    -0.1483)  ( 0.00     0.0729)

 CYCLE  139
  SDIIS (wt  0.000):  0.7745  0.2255
 A-DIIS (wt  1.000):  0.7594  0.2406
  DIIS coefficients:  0.7594  0.2406
 SCF Error: norm([F,P])=      0.867678397715, max([F,P])=      0.173743144969
 orbitals (Q,E):
 ---------------
 A1.g :1...5         ( 2.00    -1.9102)  ( 2.00    -1.2471)  ( 2.00    -0.3848)  ( 2.00     0.0484)
                     ( 0.00     0.2778)
 A2.g :1...1         ( 0.00     0.0501)
 B1.g :1...3         ( 2.00    -1.9364)  ( 2.00    -0.4963)  ( 0.00     0.2894)
 B2.g :1...3         ( 2.00    -2.1404)  ( 2.00    -0.5388)  ( 0.00     0.1181)
 E1.g :1...3         ( 4.00    -1.8197)  ( 4.00    -0.3167)  ( 0.00     0.3914)
 A1.u :1...1         ( 0.00     1.9981)
 A2.u :1...3         ( 2.00    -0.6447)  ( 2.00     0.0246)  ( 0.00     0.2999)
 B1.u :1...2         ( 2.00    -0.2218)  ( 0.00     0.6189)
 B2.u :1...1         ( 0.00     0.7481)
 E1.u :1...4         ( 4.00    -1.0483)  ( 4.00    -0.3245)  ( 4.00    -0.1798)  ( 0.00     0.0697)

 CYCLE  140
  SDIIS (wt  0.000):  0.4644 -1.0687  1.6043
 A-DIIS (wt  1.000):  0.7205  0.0000  0.2795
  DIIS coefficients:  0.7205  0.0000  0.2795
 SCF Error: norm([F,P])=      0.651326923404, max([F,P])=      0.131885119913
 orbitals (Q,E):
 ---------------
 A1.g :1...5         ( 2.00    -1.9091)  ( 2.00    -1.2473)  ( 2.00    -0.3863)  ( 2.00     0.0477)
                     ( 0.00     0.2776)
 A2.g :1...1         ( 0.00     0.0477)
 B1.g :1...3         ( 2.00    -1.9356)  ( 2.00    -0.4983)  ( 0.00     0.2891)
 B2.g :1...3         ( 2.00    -2.1396)  ( 2.00    -0.5404)  ( 0.00     0.1176)
 E1.g :1...3         ( 4.00    -1.8184)  ( 4.00    -0.3174)  ( 0.00     0.3909)
 A1.u :1...1         ( 0.00     1.9966)
 A2.u :1...3         ( 2.00    -0.6449)  ( 2.00     0.0243)  ( 0.00     0.2999)
 B1.u :1...2         ( 2.00    -0.2228)  ( 0.00     0.6184)
 B2.u :1...1         ( 0.00     0.7468)
 E1.u :1...4         ( 4.00    -1.0495)  ( 4.00    -0.3262)  ( 4.00    -0.1816)  ( 0.00     0.0697)

 CYCLE  141
  SDIIS (wt  0.000): -1.0721 -2.0000 -1.4456 -0.4396  3.0000 -0.1377  0.0949  3.0000
 A-DIIS (wt  1.000):  0.0000  0.0000  0.0000  0.0000  0.7187  0.0000  0.0000  0.2813
  DIIS coefficients:  0.0000  0.0000  0.0000  0.0000  0.7187  0.0000  0.0000  0.2813
 SCF Error: norm([F,P])=      0.641254756964, max([F,P])=      0.130067807422
 orbitals (Q,E):
 ---------------
 A1.g :1...5         ( 2.00    -1.9099)  ( 2.00    -1.2477)  ( 2.00    -0.3864)  ( 1.00     0.0476)
                     ( 0.00     0.2776)
 A2.g :1...2         ( 1.00     0.0476)  ( 0.00     0.8929)
 B1.g :1...3         ( 2.00    -1.9365)  ( 2.00    -0.4986)  ( 0.00     0.2891)
 B2.g :1...3         ( 2.00    -2.1404)  ( 2.00    -0.5406)  ( 0.00     0.1173)
 E1.g :1...3         ( 4.00    -1.8193)  ( 4.00    -0.3176)  ( 0.00     0.3908)
 A1.u :1...1         ( 0.00     1.9965)
 A2.u :1...3         ( 2.00    -0.6452)  ( 2.00     0.0243)  ( 0.00     0.2997)
 B1.u :1...2         ( 2.00    -0.2230)  ( 0.00     0.6183)
 B2.u :1...1         ( 0.00     0.7467)
 E1.u :1...4         ( 4.00    -1.0498)  ( 4.00    -0.3263)  ( 4.00    -0.1818)  ( 0.00     0.0697)

 CYCLE  142
  SDIIS (wt  0.609):  0.2531 -0.0316  2.7054  0.0857  0.4613  0.3768 -2.0000  0.3048 -2.0000  0.8444
 A-DIIS (wt  0.391):  0.0000  0.0000  0.0000  0.0000  0.0000  0.6615  0.0000  0.0000  0.2271  0.1115
  DIIS coefficients:  0.1541 -0.0192  1.6472  0.0522  0.2809  0.4881 -1.2177  0.1856 -1.1289  0.5577
 SCF Error: norm([F,P])=      0.196707932685, max([F,P])=      0.039722967660
 orbitals (Q,E):
 ---------------
 A1.g :1...5         ( 2.00    -1.9075)  ( 2.00    -1.2448)  ( 2.00    -0.3832)  ( 2.00     0.0463)
                     ( 0.00     0.2779)
 A2.g :1...1         ( 0.00     0.0520)
 B1.g :1...3         ( 2.00    -1.9338)  ( 2.00    -0.4946)  ( 0.00     0.2900)
 B2.g :1...3         ( 2.00    -2.1376)  ( 2.00    -0.5370)  ( 0.00     0.1201)
 E1.g :1...3         ( 4.00    -1.8172)  ( 4.00    -0.3147)  ( 0.00     0.3918)
 A1.u :1...1         ( 0.00     1.9994)
 A2.u :1...3         ( 2.00    -0.6429)  ( 2.00     0.0238)  ( 0.00     0.2990)
 B1.u :1...2         ( 2.00    -0.2196)  ( 0.00     0.6194)
 B2.u :1...1         ( 0.00     0.7492)
 E1.u :1...4         ( 4.00    -1.0460)  ( 4.00    -0.3227)  ( 4.00    -0.1778)  ( 0.00     0.0699)

 CYCLE  143
  SDIIS (wt  0.000): -2.0000  3.0000
 A-DIIS (wt  1.000):  0.0000  1.0000
  DIIS coefficients:  0.0000  1.0000
 SCF Error: norm([F,P])=      0.668215284793, max([F,P])=      0.135393067158
 orbitals (Q,E):
 ---------------
 A1.g :1...4         ( 2.00    -2.1000)  ( 2.00    -1.4470)  ( 2.00    -0.5838)  ( 0.00    -0.0129)
 A2.g :1...2         ( 2.00    -0.2182)  ( 0.00     0.8093)
 B1.g :1...3         ( 2.00    -2.1351)  ( 2.00    -0.7357)  ( 0.00     0.2334)
 B2.g :1...4         ( 2.00    -2.3504)  ( 2.00    -0.7551)  ( 2.00    -0.0880)  ( 0.00     0.3102)
 E1.g :1...3         ( 4.00    -1.9884)  ( 4.00    -0.5172)  ( 0.00     0.3193)
 A1.u :1...1         ( 0.00     1.8302)
 A2.u :1...2         ( 2.00    -0.8258)  ( 0.00     0.0021)
 B1.u :1...2         ( 2.00    -0.4450)  ( 0.00     0.5453)
 B2.u :1...1         ( 0.00     0.6038)
 E1.u :1...4         ( 4.00    -1.2912)  ( 4.00    -0.5437)  ( 4.00    -0.4280)  ( 0.00     0.0480)

 CYCLE  144
  SDIIS (wt  0.000): -2.0000 -0.0463  3.0000  0.0463
 A-DIIS (wt  1.000):  0.0000  0.0000  0.8546  0.1454
  DIIS coefficients:  0.0000  0.0000  0.8546  0.1454
 SCF Error: norm([F,P])=      3.004387013264, max([F,P])=      0.546169591745
 orbitals (Q,E):
 ---------------
 A1.g :1...4         ( 2.00    -1.8919)  ( 2.00    -1.2755)  ( 2.00    -0.4522)  ( 0.00     0.0356)
 A2.g :1...2         ( 2.00    -0.0511)  ( 0.00     0.8600)
 B1.g :1...3         ( 2.00    -1.9130)  ( 2.00    -0.5695)  ( 0.00     0.2692)
 B2.g :1...3         ( 2.00    -2.1235)  ( 2.00    -0.6134)  ( 0.00     0.0831)
 E1.g :1...3         ( 4.00    -1.7794)  ( 4.00    -0.3700)  ( 0.00     0.3676)
 A1.u :1...1         ( 0.00     1.9356)
 A2.u :1...3         ( 2.00    -0.6878)  ( 2.00     0.0239)  ( 0.00     0.2828)
 B1.u :1...2         ( 2.00    -0.2932)  ( 0.00     0.5933)
 B2.u :1...1         ( 0.00     0.6978)
 E1.u :1...4         ( 4.00    -1.1169)  ( 4.00    -0.4035)  ( 4.00    -0.2633)  ( 0.00     0.0628)

 CYCLE  145
  SDIIS (wt  0.000): -0.5895  0.4949 -1.3768  0.9572  1.4415  0.0095  0.0632
 A-DIIS (wt  1.000):  0.0000  0.0000  0.0000  0.8445  0.0000  0.0000  0.1555
  DIIS coefficients:  0.0000  0.0000  0.0000  0.8445  0.0000  0.0000  0.1555
 SCF Error: norm([F,P])=      1.014862836294, max([F,P])=      0.183503125361
 orbitals (Q,E):
 ---------------
 A1.g :1...4         ( 2.00    -1.9464)  ( 2.00    -1.2780)  ( 2.00    -0.4103)  ( 0.00     0.0346)
 A2.g :1...2         ( 2.00     0.0146)  ( 0.00     0.8822)
 B1.g :1...3         ( 2.00    -1.9763)  ( 2.00    -0.5317)  ( 0.00     0.2819)
 B2.g :1...3         ( 2.00    -2.1798)  ( 2.00    -0.5674)  ( 0.00     0.0902)
 E1.g :1...3         ( 4.00    -1.8557)  ( 4.00    -0.3432)  ( 0.00     0.3810)
 A1.u :1...1         ( 0.00     1.9750)
 A2.u :1...3         ( 2.00    -0.6685)  ( 2.00     0.0201)  ( 0.00     0.2838)
 B1.u :1...2         ( 2.00    -0.2494)  ( 0.00     0.6085)
 B2.u :1...1         ( 0.00     0.7274)
 E1.u :1...4         ( 4.00    -1.0822)  ( 4.00    -0.3521)  ( 4.00    -0.2127)  ( 0.00     0.0665)

 CYCLE  146
  SDIIS (wt  0.000): -0.1678 -0.6030 -0.2887  0.9303  0.9480 -0.0006  0.0338  0.1480
 A-DIIS (wt  1.000):  0.0000  0.0000  0.0000  0.6809  0.0000  0.0000  0.0000  0.3191
  DIIS coefficients:  0.0000  0.0000  0.0000  0.6809  0.0000  0.0000  0.0000  0.3191
 SCF Error: norm([F,P])=      0.464125831263, max([F,P])=      0.089990012809
 orbitals (Q,E):
 ---------------
 A1.g :1...4         ( 2.00    -1.9038)  ( 2.00    -1.2476)  ( 2.00    -0.3907)  ( 0.00     0.0434)
 A2.g :1...2         ( 2.00     0.0409)  ( 0.00     0.8907)
 B1.g :1...3         ( 2.00    -1.9302)  ( 2.00    -0.5028)  ( 0.00     0.2880)
 B2.g :1...3         ( 2.00    -2.1348)  ( 2.00    -0.5453)  ( 0.00     0.1168)
 E1.g :1...3         ( 4.00    -1.8114)  ( 4.00    -0.3200)  ( 0.00     0.3890)
 A1.u :1...1         ( 0.00     1.9922)
 A2.u :1...3         ( 2.00    -0.6469)  ( 2.00     0.0226)  ( 0.00     0.2965)
 B1.u :1...2         ( 2.00    -0.2268)  ( 0.00     0.6165)
 B2.u :1...1         ( 0.00     0.7434)
 E1.u :1...4         ( 4.00    -1.0531)  ( 4.00    -0.3314)  ( 4.00    -0.1869)  ( 0.00     0.0690)

 CYCLE  147
  SDIIS (wt  0.000): -0.0439 -0.2099 -0.6829  0.8551  0.7946 -0.0001 -0.0099  0.0609  0.2361
 A-DIIS (wt  1.000):  0.0000 -0.0000  0.0000  0.5975  0.0000  0.0000  0.0000  0.0000  0.4025
  DIIS coefficients:  0.0000 -0.0000  0.0000  0.5975  0.0000  0.0000  0.0000  0.0000  0.4025
 SCF Error: norm([F,P])=      0.303510448583, max([F,P])=      0.057885597557
 orbitals (Q,E):
 ---------------
 A1.g :1...4         ( 2.00    -1.9178)  ( 2.00    -1.2530)  ( 2.00    -0.3893)  ( 0.00     0.0435)
 A2.g :1...2         ( 2.00     0.0433)  ( 0.00     0.8916)
 B1.g :1...3         ( 2.00    -1.9451)  ( 2.00    -0.5035)  ( 0.00     0.2882)
 B2.g :1...3         ( 2.00    -2.1487)  ( 2.00    -0.5440)  ( 0.00     0.1129)
 E1.g :1...3         ( 4.00    -1.8276)  ( 4.00    -0.3213)  ( 0.00     0.3893)
 A1.u :1...1         ( 0.00     1.9938)
 A2.u :1...3         ( 2.00    -0.6488)  ( 2.00     0.0229)  ( 0.00     0.2955)
 B1.u :1...2         ( 2.00    -0.2264)  ( 0.00     0.6170)
 B2.u :1...1         ( 0.00     0.7441)
 E1.u :1...4         ( 4.00    -1.0546)  ( 4.00    -0.3294)  ( 4.00    -0.1860)  ( 0.00     0.0692)

 CYCLE  148
  SDIIS (wt  0.000): -0.0302 -0.1802 -0.7068  0.8320  0.7741 -0.0001 -0.0047 -0.0047  0.1635  0.1570
 A-DIIS (wt  1.000):  0.0000  0.0000  0.0000  0.5919  0.0000  0.0000  0.0000  0.0000  0.0175  0.3906
  DIIS coefficients:  0.0000  0.0000  0.0000  0.5919  0.0000  0.0000  0.0000  0.0000  0.0175  0.3906
 SCF Error: norm([F,P])=      0.283001172597, max([F,P])=      0.055338064760
 orbitals (Q,E):
 ---------------
 A1.g :1...4         ( 2.00    -1.9089)  ( 2.00    -1.2486)  ( 2.00    -0.3885)  ( 0.00     0.0444)
 A2.g :1...2         ( 2.00     0.0444)  ( 0.00     0.8919)
 B1.g :1...3         ( 2.00    -1.9354)  ( 2.00    -0.5008)  ( 0.00     0.2885)
 B2.g :1...3         ( 2.00    -2.1396)  ( 2.00    -0.5429)  ( 0.00     0.1164)
 E1.g :1...3         ( 4.00    -1.8176)  ( 4.00    -0.3192)  ( 0.00     0.3898)
 A1.u :1...1         ( 0.00     1.9945)
 A2.u :1...3         ( 2.00    -0.6467)  ( 2.00     0.0231)  ( 0.00     0.2968)
 B1.u :1...2         ( 2.00    -0.2251)  ( 0.00     0.6173)
 B2.u :1...1         ( 0.00     0.7451)
 E1.u :1...4         ( 4.00    -1.0518)  ( 4.00    -0.3287)  ( 4.00    -0.1844)  ( 0.00     0.0692)

 CYCLE  149
  SDIIS (wt  0.000): -0.3470 -0.5561  0.7907  0.7575 -0.0001 -0.0108 -0.0381 -0.2163 -0.0484  0.6685
 A-DIIS (wt  1.000):  0.0000  0.0629  0.4598  0.0000  0.0000  0.0000  0.0000  0.0000  0.0404  0.4370
  DIIS coefficients:  0.0000  0.0629  0.4598  0.0000  0.0000  0.0000  0.0000  0.0000  0.0404  0.4370
 SCF Error: norm([F,P])=      0.278953793194, max([F,P])=      0.054519845365
 orbitals (Q,E):
 ---------------
 A1.g :1...5         ( 2.00    -1.9131)  ( 2.00    -1.2503)  ( 2.00    -0.3883)  ( 2.00     0.0448)
                     ( 0.00     0.2763)
 A2.g :1...1         ( 0.00     0.0448)
 B1.g :1...3         ( 2.00    -1.9399)  ( 2.00    -0.5014)  ( 0.00     0.2885)
 B2.g :1...3         ( 2.00    -2.1438)  ( 2.00    -0.5427)  ( 0.00     0.1151)
 E1.g :1...3         ( 4.00    -1.8224)  ( 4.00    -0.3197)  ( 0.00     0.3899)
 A1.u :1...1         ( 0.00     1.9947)
 A2.u :1...3         ( 2.00    -0.6472)  ( 2.00     0.0233)  ( 0.00     0.2969)
 B1.u :1...2         ( 2.00    -0.2251)  ( 0.00     0.6174)
 B2.u :1...1         ( 0.00     0.7451)
 E1.u :1...4         ( 4.00    -1.0525)  ( 4.00    -0.3284)  ( 4.00    -0.1844)  ( 0.00     0.0693)

 CYCLE  150
  SDIIS (wt  0.000):  0.7958  0.0018  0.0221 -1.5363 -2.0000  3.0000  1.5470 -0.8303
 A-DIIS (wt  1.000):  0.0000  0.0000  0.0000  0.0000  0.0000  0.0000  0.7081  0.2919
  DIIS coefficients:  0.0000  0.0000  0.0000  0.0000  0.0000  0.0000  0.7081  0.2919
 SCF Error: norm([F,P])=      0.626496785448, max([F,P])=      0.127123181082
 orbitals (Q,E):
 ---------------
 A1.g :1...4         ( 2.00    -1.9113)  ( 2.00    -1.2482)  ( 2.00    -0.3865)  ( 0.00     0.0474)
 A2.g :1...2         ( 2.00     0.0474)  ( 0.00     0.8930)
 B1.g :1...3         ( 2.00    -1.9382)  ( 2.00    -0.4992)  ( 0.00     0.2891)
 B2.g :1...3         ( 2.00    -2.1419)  ( 2.00    -0.5407)  ( 0.00     0.1169)
 E1.g :1...3         ( 4.00    -1.8209)  ( 4.00    -0.3177)  ( 0.00     0.3909)
 A1.u :1...1         ( 0.00     1.9963)
 A2.u :1...3         ( 2.00    -0.6451)  ( 2.00     0.0242)  ( 0.00     0.2999)
 B1.u :1...2         ( 2.00    -0.2229)  ( 0.00     0.6184)
 B2.u :1...1         ( 0.00     0.7466)
 E1.u :1...4         ( 4.00    -1.0501)  ( 4.00    -0.3264)  ( 4.00    -0.1820)  ( 0.00     0.0697)

 CYCLE  151
  SDIIS (wt  0.000):  0.7143  0.4284  0.0002  0.0188 -0.4664 -0.0606  1.9896 -0.2077 -0.5683 -0.8483
 A-DIIS (wt  1.000):  0.3412 -0.0000  0.0000  0.0000  0.0000  0.0000  0.0000  0.0000  0.1158  0.5430
  DIIS coefficients:  0.3412 -0.0000  0.0000  0.0000  0.0000  0.0000  0.0000  0.0000  0.1158  0.5430
 SCF Error: norm([F,P])=      0.257277209789, max([F,P])=      0.050516859040
 orbitals (Q,E):
 ---------------
 A1.g :1...4         ( 2.00    -1.9098)  ( 2.00    -1.2485)  ( 2.00    -0.3875)  ( 0.00     0.0458)
 A2.g :1...2         ( 2.00     0.0458)  ( 0.00     0.8924)
 B1.g :1...3         ( 2.00    -1.9363)  ( 2.00    -0.4999)  ( 0.00     0.2888)
 B2.g :1...3         ( 2.00    -2.1404)  ( 2.00    -0.5418)  ( 0.00     0.1166)
 E1.g :1...3         ( 4.00    -1.8188)  ( 4.00    -0.3187)  ( 0.00     0.3902)
 A1.u :1...1         ( 0.00     1.9954)
 A2.u :1...3         ( 2.00    -0.6462)  ( 2.00     0.0236)  ( 0.00     0.2980)
 B1.u :1...2         ( 2.00    -0.2243)  ( 0.00     0.6177)
 B2.u :1...1         ( 0.00     0.7458)
 E1.u :1...4         ( 4.00    -1.0511)  ( 4.00    -0.3276)  ( 4.00    -0.1833)  ( 0.00     0.0694)

 CYCLE  152
  SDIIS (wt  0.475):  1.4339  0.0010  0.0170 -1.5581 -2.0000  3.0000 -0.7720 -1.5209 -0.5922  2.9913
 A-DIIS (wt  0.525):  0.0000  0.0000  0.0000  0.0000  0.0000  0.0000  0.0000  0.2881  0.0000  0.7119
  DIIS coefficients:  0.6818  0.0005  0.0081 -0.7408 -0.9510  1.4264 -0.3671 -0.5720 -0.2816  1.7957
 SCF Error: norm([F,P])=      0.270147568282, max([F,P])=      0.052927696085
 orbitals (Q,E):
 ---------------
 A1.g :1...4         ( 2.00    -1.8968)  ( 2.00    -1.2308)  ( 2.00    -0.3678)  ( 0.00     0.0546)
 A2.g :1...2         ( 2.00     0.0741)  ( 0.00     0.9016)
 B1.g :1...3         ( 2.00    -1.9215)  ( 2.00    -0.4747)  ( 0.00     0.2943)
 B2.g :1...3         ( 2.00    -2.1249)  ( 2.00    -0.5198)  ( 0.00     0.1328)
 E1.g :1...3         ( 4.00    -1.8081)  ( 4.00    -0.3005)  ( 0.00     0.3980)
 A1.u :1...1         ( 0.00     2.0139)
 A2.u :1...3         ( 2.00    -0.6305)  ( 2.00     0.0267)  ( 0.00     0.3076)
 B1.u :1...2         ( 2.00    -0.2034)  ( 0.00     0.6257)
 B2.u :1...1         ( 0.00     0.7617)
 E1.u :1...4         ( 4.00    -1.0274)  ( 4.00    -0.3057)  ( 4.00    -0.1582)  ( 0.00     0.0719)

 CYCLE  153
 ADIIS disabled due to non-aufbau populations
  SDIIS (wt  1.000):  0.0000 -0.0050  0.2287  0.7268  0.1404 -2.0000 -0.0003 -1.3118  1.3652  1.8560
  DIIS coefficients:  0.0000 -0.0050  0.2287  0.7268  0.1404 -2.0000 -0.0003 -1.3118  1.3652  1.8560
 SCF Error: norm([F,P])=      0.092328583721, max([F,P])=      0.018067219123
 orbitals (Q,E):
 ---------------
 A1.g :1...4         ( 2.00    -1.8909)  ( 2.00    -1.2225)  ( 2.00    -0.3579)  ( 0.00     0.0582)
 A2.g :1...2         ( 2.00     0.0884)  ( 0.00     0.9061)
 B1.g :1...3         ( 2.00    -1.9145)  ( 2.00    -0.4620)  ( 0.00     0.2968)
 B2.g :1...3         ( 2.00    -2.1178)  ( 2.00    -0.5087)  ( 0.00     0.1404)
 E1.g :1...3         ( 4.00    -1.8033)  ( 4.00    -0.2917)  ( 0.00     0.4016)
 A1.u :1...1         ( 0.00     2.0231)
 A2.u :1...3         ( 2.00    -0.6235)  ( 2.00     0.0279)  ( 0.00     0.3112)
 B1.u :1...2         ( 2.00    -0.1933)  ( 0.00     0.6295)
 B2.u :1...1         ( 0.00     0.7696)
 E1.u :1...4         ( 4.00    -1.0158)  ( 4.00    -0.2947)  ( 4.00    -0.1458)  ( 0.00     0.0730)

 CYCLE  154
 ADIIS disabled due to non-aufbau populations
  SDIIS (wt  1.000): -0.0024  0.0440  0.0905 -0.0449 -0.1743 -0.0001 -0.1318  0.1109  0.2298  0.8784
  DIIS coefficients: -0.0024  0.0440  0.0905 -0.0449 -0.1743 -0.0001 -0.1318  0.1109  0.2298  0.8784
 SCF Error: norm([F,P])=      0.000838408475, max([F,P])=      0.000168969742
 orbitals (Q,E):
 ---------------
 A1.g :1...4         ( 2.00    -1.8909)  ( 2.00    -1.2226)  ( 2.00    -0.3580)  ( 0.00     0.0582)
 A2.g :1...2         ( 2.00     0.0882)  ( 0.00     0.9061)
 B1.g :1...3         ( 2.00    -1.9145)  ( 2.00    -0.4621)  ( 0.00     0.2967)
 B2.g :1...3         ( 2.00    -2.1178)  ( 2.00    -0.5088)  ( 0.00     0.1403)
 E1.g :1...3         ( 4.00    -1.8034)  ( 4.00    -0.2918)  ( 0.00     0.4016)
 A1.u :1...1         ( 0.00     2.0230)
 A2.u :1...3         ( 2.00    -0.6236)  ( 2.00     0.0279)  ( 0.00     0.3111)
 B1.u :1...2         ( 2.00    -0.1934)  ( 0.00     0.6295)
 B2.u :1...1         ( 0.00     0.7695)
 E1.u :1...4         ( 4.00    -1.0159)  ( 4.00    -0.2948)  ( 4.00    -0.1459)  ( 0.00     0.0730)

 CYCLE  155
 ADIIS disabled due to non-aufbau populations
  SDIIS (wt  1.000):  0.0005  0.0034  0.0022 -0.0123 -0.0000 -0.0057  0.0094  0.0064  0.0742  0.9217
  DIIS coefficients:  0.0005  0.0034  0.0022 -0.0123 -0.0000 -0.0057  0.0094  0.0064  0.0742  0.9217
 SCF Error: norm([F,P])=      0.000072607264, max([F,P])=      0.000013207028
 orbitals (Q,E):
 ---------------
 A1.g :1...4         ( 2.00    -1.8910)  ( 2.00    -1.2226)  ( 2.00    -0.3581)  ( 0.00     0.0582)
 A2.g :1...2         ( 2.00     0.0882)  ( 0.00     0.9061)
 B1.g :1...3         ( 2.00    -1.9145)  ( 2.00    -0.4621)  ( 0.00     0.2967)
 B2.g :1...3         ( 2.00    -2.1178)  ( 2.00    -0.5089)  ( 0.00     0.1403)
 E1.g :1...3         ( 4.00    -1.8034)  ( 4.00    -0.2919)  ( 0.00     0.4016)
 A1.u :1...1         ( 0.00     2.0230)
 A2.u :1...3         ( 2.00    -0.6236)  ( 2.00     0.0279)  ( 0.00     0.3111)
 B1.u :1...2         ( 2.00    -0.1934)  ( 0.00     0.6294)
 B2.u :1...1         ( 0.00     0.7695)
 E1.u :1...4         ( 4.00    -1.0159)  ( 4.00    -0.2948)  ( 4.00    -0.1459)  ( 0.00     0.0730)

 CYCLE  156
 ADIIS disabled due to non-aufbau populations
  SDIIS (wt  1.000):  0.0000  0.0000 -0.0001  0.0000 -0.0000  0.0000  0.0001  0.0025  0.0389  0.9586
  DIIS coefficients:  0.0000  0.0000 -0.0001  0.0000 -0.0000  0.0000  0.0001  0.0025  0.0389  0.9586
 SCF Error: norm([F,P])=      0.000001359717, max([F,P])=      0.000000363975
 orbitals (Q,E):
 ---------------
 A1.g :1...4         ( 2.00    -1.8910)  ( 2.00    -1.2226)  ( 2.00    -0.3581)  ( 0.00     0.0582)
 A2.g :1...2         ( 2.00     0.0882)  ( 0.00     0.9061)
 B1.g :1...3         ( 2.00    -1.9145)  ( 2.00    -0.4621)  ( 0.00     0.2967)
 B2.g :1...3         ( 2.00    -2.1178)  ( 2.00    -0.5089)  ( 0.00     0.1403)
 E1.g :1...3         ( 4.00    -1.8034)  ( 4.00    -0.2919)  ( 0.00     0.4016)
 A1.u :1...1         ( 0.00     2.0230)
 A2.u :1...3         ( 2.00    -0.6236)  ( 2.00     0.0279)  ( 0.00     0.3111)
 B1.u :1...2         ( 2.00    -0.1934)  ( 0.00     0.6294)
 B2.u :1...1         ( 0.00     0.7695)
 E1.u :1...4         ( 4.00    -1.0159)  ( 4.00    -0.2948)  ( 4.00    -0.1459)  ( 0.00     0.0730)

 SCF CONVERGED
 cosmo_calcen: 0.5 (esolb+esolc) (Hartrees) =   -0.760274

 Solvation energy (screening term,uncorrected) =   -477.079054 kcal/mol

 Solvation energy (dispersion and cavitation terms) =      0.488335 kcal/mol
 Solvation Energy Contributions (Hartrees)
          esola   esolb+esolc
     0.76027379   -1.52054757
 esol last cycle   -0.76027379

 CYCLE  157
 *** Using FIT density in Focky
 ADIIS disabled due to non-aufbau populations
  SDIIS (wt  1.000): -0.0000 -0.0000  0.0000  0.0000  0.0000 -0.0000  0.0000  0.0003  0.0314  0.9683
  DIIS coefficients: -0.0000 -0.0000  0.0000  0.0000  0.0000 -0.0000  0.0000  0.0003  0.0314  0.9683
 SCF Error: norm([F,P])=      0.000000043282, max([F,P])=      0.000000014696
 orbitals (Q,E):
 ---------------
 A1.g :1...13        ( 2.00    -1.8910)  ( 2.00    -1.2226)  ( 2.00    -0.3581)  ( 0.00     0.0582)
                     ( 0.00     0.2860)  ( 0.00     0.6561)  ( 0.00     1.0949)  ( 0.00     1.3975)
                     ( 0.00     1.9206)  ( 0.00     2.0898)  ( 0.00     3.7587)  ( 0.00     4.3584)
                     ( 0.00     8.4325)
 A2.g :1...4         ( 2.00     0.0882)  ( 0.00     0.9061)  ( 0.00     2.7838)  ( 0.00     6.1750)
 B1.g :1...8         ( 2.00    -1.9145)  ( 2.00    -0.4621)  ( 0.00     0.2967)  ( 0.00     1.0588)
                     ( 0.00     1.6070)  ( 0.00     3.7708)  ( 0.00     4.7179)  ( 0.00    18.0844)
 B2.g :1...12        ( 2.00    -2.1178)  ( 2.00    -0.5089)  ( 0.00     0.1403)  ( 0.00     0.4041)
                     ( 0.00     1.0172)  ( 0.00     2.2114)  ( 0.00     2.5491)  ( 0.00     3.1375)
                     ( 0.00     5.7024)  ( 0.00     8.5673)  ( 0.00    21.4727)  ( 0.00    38.2467)
 E1.g :1...9         ( 4.00    -1.8034)  ( 4.00    -0.2919)  ( 0.00     0.4016)  ( 0.00     0.7619)
                     ( 0.00     1.5624)  ( 0.00     1.8287)  ( 0.00     3.1162)  ( 0.00     5.0967)
                     ( 0.00    16.8528)
 A1.u :1...1         ( 0.00     2.0230)
 A2.u :1...7         ( 2.00    -0.6236)  ( 2.00     0.0279)  ( 0.00     0.3111)  ( 0.00     0.5534)
                     ( 0.00     1.1164)  ( 0.00     2.0916)  ( 0.00     4.5913)
 B1.u :1...4         ( 2.00    -0.1934)  ( 0.00     0.6294)  ( 0.00     1.9760)  ( 0.00     4.6691)
 B2.u :1...1         ( 0.00     0.7695)
 E1.u :1...13        ( 4.00    -1.0159)  ( 4.00    -0.2948)  ( 4.00    -0.1459)  ( 0.00     0.0730)
                     ( 0.00     0.5354)  ( 0.00     0.5825)  ( 0.00     0.6116)  ( 0.00     1.5579)
                     ( 0.00     1.9582)  ( 0.00     2.1580)  ( 0.00     2.6763)  ( 0.00     3.2187)
                     ( 0.00     5.1315)
 cosmo_calcen: 0.5 (esolb+esolc) (Hartrees) =   -0.760274

 Solvation energy (screening term,uncorrected) =   -477.079053 kcal/mol

 Solvation energy (dispersion and cavitation terms) =      0.488335 kcal/mol
 Solvation Energy Contributions (Hartrees)
          esola   esolb+esolc
     0.76027378   -1.52054757
 esol last cycle   -0.76027378


 SCF WARNING: MO occupations may be NOT AUFBAU


 Fit test: (difference of exact and fit density, squared integrated, result summed over spins)
         SCF:                                          0.00026666673359

 Gross Charges per Atom (Z minus electrons)
 ==========================================
             1.8114   -1.2028   -1.2028   -1.2028   -1.2028
 Net Total: -3.00000000



 =================================================================
 M U L T I P O L E   D E R I V E D   C H A R G E   A N A L Y S I S
 =================================================================

 See: M. Swart, P.Th. van Duijnen, J.G. Snijders, J.Comput.Chem., (2001), p. 79-88.

 --------------------------------------- 
 Multipole derived atomic charges (a.u.)
 --------------------------------------- 

        Atom    Level:     MDC-m        MDC-d        MDC-q
 ---------------------------------------------------------
     1     As           3.228276     3.581312   -11.407573
     2     O           -1.557069    -1.645328     2.101893
     3     O           -1.557069    -1.645328     2.101893
     4     O           -1.557069    -1.645328     2.101893
     5     O           -1.557069    -1.645328     2.101893
 *** Using NEW gradient routines ***


 Geometry CYCLE 1
 ==============

 Energy gradients wrt nuclear displacements
 ==========================================

     Atom      Cartesian (a.u./angstrom)
                 X         Y         Z
 ----------------------------------------
     1 As    0.000000  0.000000 -0.000000
     2 O    -6.510476 -6.510476  0.000000
     3 O     6.510476  6.510476  0.000000
     4 O     6.510476 -6.510476  0.000000
     5 O    -6.510476  6.510476  0.000000
 ----------------------------------------
 
----------------------------------------------------------------------
Geometry Convergence after Step   1       (Hartree/Angstrom,Angstrom)
----------------------------------------------------------------------
current energy                                5.86115622 Hartree
energy change                       5.86115622     0.00100000    F
constrained gradient max            6.51047570     0.00100000    F
constrained gradient rms            4.75457920     0.00066667    F
gradient max                        6.51047570
gradient rms                        4.75457920
cart. step max                      0.04830704     0.01000000    F
cart. step rms                      0.03527848     0.00666667    F
 


 Coordinates (Cartesian)
 =======================

     Atom                    bohr                                 angstrom                 Geometric Variables
                   X           Y           Z              X           Y           Z       (0:frozen, *:LT par.)
 --------------------------------------------------------------------------------------------------------------
     1 As      0.000000   -0.000000    0.000000       0.000000   -0.000000    0.000000      1       2       3
     2 O       1.427554    1.427554    0.000000       0.755429    0.755429    0.000000      4       5       6
     3 O      -1.427554   -1.427554    0.000000      -0.755429   -0.755429    0.000000      7       8       9
     4 O      -1.427554    1.427554    0.000000      -0.755429    0.755429    0.000000     10      11      12
     5 O       1.427554   -1.427554    0.000000       0.755429   -0.755429    0.000000     13      14      15
 --------------------------------------------------------------------------------------------------------------

 Number of elements of the density matrix on this node (used, total):      1035      7381



 ===========================================
 Numerical Integration : Fuzzy Cells (Becke)
 ===========================================
  
 Becke grid quality: GOOD           
  
 Lebedev angular grid order:             min:  11 max:  35
 Nr. of radial points:                   min:  58 max:  80

 Total nr. of points:      88624
 Nr. of blocks:              704
 Block length:               126
 Nr. of dummy points:         80


 Test of Precision of the Numerical Integration Grid
 ===================================================

 Integral of the Total Core Density:                  25.99963498200184
 Relative Error:                                      -1.404E-05


 -------------------------------------------
  COSMO surface
  Area             =          271.107
  Volume           =          394.198
  Number of Points =          674
 -------------------------------------------



 ========================
 Density Fitting (zlmFit)
 ========================
  
 ZlmFit Fit Quality: GOOD           
  
 Max L-expansion:                        min:   8 max:   9
 Nr. of radial interpolation points:     min:  84 max: 132



 =====
 S C F  ***  ScaSCF  ***
 =====
  
 Initial density matrix is taken from previous geometry

 CYCLE    1
 SCF Error: norm([F,P])=      1.117748267903, max([F,P])=      0.224049052635
 orbitals (Q,E):
 ---------------
 A1.g :1...13        ( 2.00    -0.4973)  ( 2.00    -0.0077)  ( 2.00     0.6721)  ( 0.00     0.9862)
                     ( 0.00     1.1737)  ( 0.00     1.6051)  ( 0.00     2.1423)  ( 0.00     2.3915)
                     ( 0.00     2.9092)  ( 0.00     3.1474)  ( 0.00     4.6660)  ( 0.00     5.2043)
                     ( 0.00     9.3012)
 A2.g :1...4         ( 0.00     1.1626)  ( 0.00     1.8072)  ( 0.00     3.7689)  ( 0.00     6.8938)
 B1.g :1...8         ( 2.00    -0.4760)  ( 2.00     0.6959)  ( 0.00     1.1718)  ( 0.00     2.1177)
                     ( 0.00     2.5834)  ( 0.00     4.7182)  ( 0.00     5.8868)  ( 0.00    18.9490)
 B2.g :1...12        ( 2.00    -0.6493)  ( 2.00     0.5419)  ( 0.00     1.0752)  ( 0.00     1.3626)
                     ( 0.00     1.9893)  ( 0.00     3.2380)  ( 0.00     3.5375)  ( 0.00     4.0587)
                     ( 0.00     6.3234)  ( 0.00     9.4278)  ( 0.00    22.4042)  ( 0.00    38.6676)
 E1.g :1...9         ( 4.00    -0.4089)  ( 4.00     0.8161)  ( 0.00     1.3259)  ( 0.00     1.7344)
                     ( 0.00     2.5781)  ( 0.00     2.8838)  ( 0.00     4.1452)  ( 0.00     6.0280)
                     ( 0.00    17.9578)
 A1.u :1...1         ( 0.00     2.9553)
 A2.u :1...7         ( 2.00     0.5362)  ( 2.00     0.7592)  ( 0.00     1.2817)  ( 0.00     1.5135)
                     ( 0.00     2.1272)  ( 0.00     3.0613)  ( 0.00     5.7178)
 B1.u :1...4         ( 2.00     0.9201)  ( 0.00     1.5608)  ( 0.00     2.9335)  ( 0.00     5.7206)
 B2.u :1...1         ( 0.00     1.8284)
 E1.u :1...14        ( 4.00     0.1660)  ( 4.00     0.7043)  ( 4.00     0.7991)  ( 2.00     0.9670)
                     ( 0.00     1.3891)  ( 0.00     1.5373)  ( 0.00     1.5851)  ( 0.00     2.5122)
                     ( 0.00     2.9033)  ( 0.00     3.2309)  ( 0.00     3.7384)  ( 0.00     4.2463)
                     ( 0.00     6.0354)  ( 0.00     8.6419)

 CYCLE    2
  SDIIS (wt  0.000):  0.8219  0.1781
 A-DIIS (wt  1.000):  0.8104  0.1896
  DIIS coefficients:  0.8104  0.1896
 SCF Error: norm([F,P])=      4.334225752382, max([F,P])=      0.918063225075
 orbitals (Q,E):
 ---------------
 A1.g :1...4         ( 2.00    -1.0633)  ( 2.00    -0.4987)  ( 2.00     0.3011)  ( 0.00     0.7431)
 A2.g :1...1         ( 0.00     0.7158)
 B1.g :1...3         ( 2.00    -1.0581)  ( 2.00     0.2468)  ( 0.00     0.9431)
 B2.g :1...3         ( 2.00    -1.2336)  ( 2.00     0.1283)  ( 0.00     0.7085)
 E1.g :1...3         ( 4.00    -0.9775)  ( 4.00     0.4039)  ( 0.00     1.0661)
 A1.u :1...1         ( 0.00     2.5852)
 A2.u :1...3         ( 2.00     0.1238)  ( 2.00     0.6177)  ( 0.00     0.9691)
 B1.u :1...2         ( 2.00     0.4941)  ( 0.00     1.2894)
 B2.u :1...1         ( 0.00     1.4734)
 E1.u :1...5         ( 4.00    -0.3202)  ( 4.00     0.3615)  ( 4.00     0.5077)  ( 2.00     0.6265)
                     ( 0.00     1.1541)

 CYCLE    3
  SDIIS (wt  0.000):  0.2975 -0.1391  0.8415
 A-DIIS (wt  1.000):  0.5558  0.0000  0.4442
  DIIS coefficients:  0.5558  0.0000  0.4442
 SCF Error: norm([F,P])=      1.081353581980, max([F,P])=      0.201119730150
 orbitals (Q,E):
 ---------------
 A1.g :1...4         ( 2.00    -1.2981)  ( 2.00    -0.7389)  ( 2.00     0.0630)  ( 0.00     0.5200)
 A2.g :1...1         ( 0.00     0.4700)
 B1.g :1...3         ( 2.00    -1.2909)  ( 2.00     0.0023)  ( 0.00     0.7316)
 B2.g :1...3         ( 2.00    -1.4662)  ( 2.00    -0.1135)  ( 0.00     0.4775)
 E1.g :1...3         ( 4.00    -1.2107)  ( 4.00     0.1636)  ( 0.00     0.8495)
 A1.u :1...1         ( 0.00     2.3438)
 A2.u :1...3         ( 2.00    -0.1171)  ( 2.00     0.4366)  ( 0.00     0.7350)
 B1.u :1...2         ( 2.00     0.2527)  ( 0.00     1.0694)
 B2.u :1...1         ( 0.00     1.2327)
 E1.u :1...5         ( 4.00    -0.5629)  ( 4.00     0.1227)  ( 4.00     0.2666)  ( 2.00     0.4485)
                     ( 0.00     0.9475)

 CYCLE    4
  SDIIS (wt  0.000): -0.2017 -0.8713  2.0730
 A-DIIS (wt  1.000):  0.0000  0.0000  1.0000
  DIIS coefficients:  0.0000  0.0000  1.0000
 SCF Error: norm([F,P])=      0.905028447550, max([F,P])=      0.158662341945
 orbitals (Q,E):
 ---------------
 A1.g :1...4         ( 2.00    -2.2481)  ( 2.00    -1.6150)  ( 2.00    -0.6962)  ( 0.00    -0.0828)
 A2.g :1...2         ( 2.00    -0.3743)  ( 0.00     0.7411)
 B1.g :1...3         ( 2.00    -2.2578)  ( 2.00    -0.8441)  ( 0.00     0.1990)
 B2.g :1...4         ( 2.00    -2.4327)  ( 2.00    -0.9229)  ( 2.00    -0.3648)  ( 0.00     0.2722)
 E1.g :1...3         ( 4.00    -2.1644)  ( 4.00    -0.6468)  ( 0.00     0.2818)
 A1.u :1...1         ( 0.00     1.6161)
 A2.u :1...2         ( 2.00    -0.9186)  ( 0.00    -0.0147)
 B1.u :1...2         ( 2.00    -0.5636)  ( 0.00     0.4967)
 B2.u :1...1         ( 0.00     0.5209)
 E1.u :1...4         ( 4.00    -1.4368)  ( 4.00    -0.6540)  ( 4.00    -0.5668)  ( 0.00     0.0365)

 CYCLE    5
  SDIIS (wt  0.000): -0.1138 -0.8640  1.8888  0.0890
 A-DIIS (wt  1.000):  0.0000  0.0000  0.7270  0.2730
  DIIS coefficients:  0.0000  0.0000  0.7270  0.2730
 SCF Error: norm([F,P])=      3.310742189436, max([F,P])=      0.567589565505
 orbitals (Q,E):
 ---------------
 A1.g :1...4         ( 2.00    -1.7614)  ( 2.00    -1.2258)  ( 2.00    -0.4230)  ( 0.00     0.0468)
 A2.g :1...2         ( 2.00    -0.0295)  ( 0.00     0.8519)
 B1.g :1...3         ( 2.00    -1.7418)  ( 2.00    -0.4955)  ( 0.00     0.2823)
 B2.g :1...4         ( 2.00    -1.9162)  ( 2.00    -0.6040)  ( 2.00     0.0103)  ( 0.00     0.3609)
 E1.g :1...3         ( 4.00    -1.6667)  ( 4.00    -0.3313)  ( 0.00     0.3903)
 A1.u :1...1         ( 0.00     1.8405)
 A2.u :1...2         ( 2.00    -0.6169)  ( 0.00     0.0498)
 B1.u :1...2         ( 2.00    -0.2443)  ( 0.00     0.6036)
 B2.u :1...1         ( 0.00     0.7268)
 E1.u :1...4         ( 4.00    -1.0572)  ( 4.00    -0.3644)  ( 4.00    -0.2280)  ( 0.00     0.0712)

 CYCLE    6
  SDIIS (wt  0.000): -0.1017 -0.5918  1.5109  0.0367  0.1458
 A-DIIS (wt  1.000):  0.0000  0.0000  0.4909  0.0000  0.5091
  DIIS coefficients:  0.0000  0.0000  0.4909  0.0000  0.5091
 SCF Error: norm([F,P])=      1.221681955024, max([F,P])=      0.227711733660
 orbitals (Q,E):
 ---------------
 A1.g :1...4         ( 2.00    -1.6670)  ( 2.00    -1.1366)  ( 2.00    -0.3530)  ( 0.00     0.0805)
 A2.g :1...2         ( 2.00     0.0545)  ( 0.00     0.8844)
 B1.g :1...3         ( 2.00    -1.6409)  ( 2.00    -0.4095)  ( 0.00     0.3060)
 B2.g :1...3         ( 2.00    -1.8147)  ( 2.00    -0.5268)  ( 0.00     0.0843)
 E1.g :1...3         ( 4.00    -1.5719)  ( 4.00    -0.2571)  ( 0.00     0.4197)
 A1.u :1...1         ( 0.00     1.9090)
 A2.u :1...3         ( 2.00    -0.5413)  ( 2.00     0.0591)  ( 0.00     0.2973)
 B1.u :1...2         ( 2.00    -0.1681)  ( 0.00     0.6345)
 B2.u :1...1         ( 0.00     0.7921)
 E1.u :1...4         ( 4.00    -0.9672)  ( 4.00    -0.2914)  ( 4.00    -0.1473)  ( 0.00     0.0783)

 CYCLE    7
  SDIIS (wt  0.000): -0.0996 -0.2223  1.0105  0.0310  0.1637  0.1168
 A-DIIS (wt  1.000):  0.0000  0.0000  0.0000  0.0000  0.1770  0.8230
  DIIS coefficients:  0.0000  0.0000  0.0000  0.0000  0.1770  0.8230
 SCF Error: norm([F,P])=      0.662281451975, max([F,P])=      0.183004390849
 orbitals (Q,E):
 ---------------
 A1.g :1...4         ( 2.00    -1.8258)  ( 2.00    -1.1923)  ( 2.00    -0.3462)  ( 0.00     0.0655)
 A2.g :1...1         ( 0.00     0.0754)
 B1.g :1...3         ( 2.00    -1.8257)  ( 2.00    -0.4161)  ( 0.00     0.3121)
 B2.g :1...4         ( 2.00    -1.9884)  ( 2.00    -0.5270)  ( 2.00     0.0386)  ( 0.00     0.3887)
 E1.g :1...3         ( 4.00    -1.7562)  ( 4.00    -0.2660)  ( 0.00     0.4187)
 A1.u :1...1         ( 0.00     1.9267)
 A2.u :1...3         ( 2.00    -0.5540)  ( 2.00     0.0402)  ( 0.00     0.2882)
 B1.u :1...2         ( 2.00    -0.1618)  ( 0.00     0.6369)
 B2.u :1...1         ( 0.00     0.8049)
 E1.u :1...4         ( 4.00    -0.9865)  ( 4.00    -0.2815)  ( 4.00    -0.1388)  ( 0.00     0.0781)

 CYCLE    8
  SDIIS (wt  0.000): -0.0628 -0.2774  0.6583  0.0210  0.0838  0.4079  0.1692
 A-DIIS (wt  1.000):  0.0000  0.0000  0.0000  0.0000  0.1172  0.6770  0.2058
  DIIS coefficients:  0.0000  0.0000  0.0000  0.0000  0.1172  0.6770  0.2058
 SCF Error: norm([F,P])=      1.291629126866, max([F,P])=      0.358918349305
 orbitals (Q,E):
 ---------------
 A1.g :1...4         ( 2.00    -1.7643)  ( 2.00    -1.1879)  ( 2.00    -0.3717)  ( 0.00     0.0609)
 A2.g :1...2         ( 2.00     0.0369)  ( 0.00     0.8800)
 B1.g :1...3         ( 2.00    -1.7533)  ( 2.00    -0.4369)  ( 0.00     0.3046)
 B2.g :1...3         ( 2.00    -1.9244)  ( 2.00    -0.5506)  ( 0.00     0.0375)
 E1.g :1...3         ( 4.00    -1.6808)  ( 4.00    -0.2835)  ( 0.00     0.4086)
 A1.u :1...1         ( 0.00     1.9012)
 A2.u :1...3         ( 2.00    -0.5669)  ( 2.00     0.0363)  ( 0.00     0.2801)
 B1.u :1...2         ( 2.00    -0.1899)  ( 0.00     0.6251)
 B2.u :1...1         ( 0.00     0.7846)
 E1.u :1...4         ( 4.00    -1.0034)  ( 4.00    -0.3102)  ( 4.00    -0.1689)  ( 0.00     0.0736)

 CYCLE    9
  SDIIS (wt  0.696): -0.0059  0.0625 -0.0222 -0.0390  0.0549 -0.1587  0.0365  1.0718
 A-DIIS (wt  0.304):  0.0000  0.0000  0.0000  0.0000  0.0000  0.0000  0.0941  0.9059
  DIIS coefficients: -0.0041  0.0435 -0.0154 -0.0271  0.0382 -0.1105  0.0540  1.0215
 SCF Error: norm([F,P])=      0.120527178974, max([F,P])=      0.031056383823
 orbitals (Q,E):
 ---------------
 A1.g :1...4         ( 2.00    -1.7791)  ( 2.00    -1.1978)  ( 2.00    -0.3773)  ( 0.00     0.0548)
 A2.g :1...1         ( 0.00     0.0369)
 B1.g :1...3         ( 2.00    -1.7734)  ( 2.00    -0.4397)  ( 0.00     0.3045)
 B2.g :1...4         ( 2.00    -1.9458)  ( 2.00    -0.5557)  ( 2.00     0.0289)  ( 0.00     0.3772)
 E1.g :1...3         ( 4.00    -1.6982)  ( 4.00    -0.2884)  ( 0.00     0.4067)
 A1.u :1...1         ( 0.00     1.8979)
 A2.u :1...3         ( 2.00    -0.5735)  ( 2.00     0.0318)  ( 0.00     0.2739)
 B1.u :1...2         ( 2.00    -0.1938)  ( 0.00     0.6232)
 B2.u :1...1         ( 0.00     0.7811)
 E1.u :1...4         ( 4.00    -1.0101)  ( 4.00    -0.3152)  ( 4.00    -0.1711)  ( 0.00     0.0733)

 CYCLE   10
  SDIIS (wt  0.000): -0.0052  0.0443  0.0016 -0.0318  0.0147 -0.1554 -0.1486  0.9880  0.2925
 A-DIIS (wt  1.000):  0.0000  0.0000  0.0000  0.0000  0.0000  0.0000  0.0000  0.8541  0.1459
  DIIS coefficients:  0.0000  0.0000  0.0000  0.0000  0.0000  0.0000  0.0000  0.8541  0.1459
 SCF Error: norm([F,P])=      0.819068020556, max([F,P])=      0.234868220065
 orbitals (Q,E):
 ---------------
 A1.g :1...4         ( 2.00    -1.7530)  ( 2.00    -1.1829)  ( 2.00    -0.3713)  ( 0.00     0.0578)
 A2.g :1...1         ( 0.00     0.0423)
 B1.g :1...3         ( 2.00    -1.7436)  ( 2.00    -0.4316)  ( 0.00     0.3064)
 B2.g :1...4         ( 2.00    -1.9164)  ( 2.00    -0.5482)  ( 2.00     0.0422)  ( 0.00     0.3803)
 E1.g :1...3         ( 4.00    -1.6694)  ( 4.00    -0.2801)  ( 0.00     0.4093)
 A1.u :1...1         ( 0.00     1.9016)
 A2.u :1...3         ( 2.00    -0.5647)  ( 2.00     0.0321)  ( 0.00     0.2796)
 B1.u :1...2         ( 2.00    -0.1865)  ( 0.00     0.6257)
 B2.u :1...1         ( 0.00     0.7848)
 E1.u :1...4         ( 4.00    -0.9990)  ( 4.00    -0.3091)  ( 4.00    -0.1644)  ( 0.00     0.0742)

 CYCLE   11
  SDIIS (wt  0.000): -0.0033  0.0318 -0.0118 -0.0227  0.0175 -0.1313 -0.1631  0.9099 -0.1476  0.5207
 A-DIIS (wt  1.000):  0.0000  0.0000  0.0000  0.0000  0.0000  0.0000  0.0000  0.8450  0.0000  0.1550
  DIIS coefficients:  0.0000  0.0000  0.0000  0.0000  0.0000  0.0000  0.0000  0.8450  0.0000  0.1550
 SCF Error: norm([F,P])=      0.712708594285, max([F,P])=      0.203328426563
 orbitals (Q,E):
 ---------------
 A1.g :1...4         ( 2.00    -1.7570)  ( 2.00    -1.1862)  ( 2.00    -0.3737)  ( 0.00     0.0569)
 A2.g :1...2         ( 2.00     0.0391)  ( 0.00     0.8803)
 B1.g :1...3         ( 2.00    -1.7477)  ( 2.00    -0.4348)  ( 0.00     0.3056)
 B2.g :1...3         ( 2.00    -1.9204)  ( 2.00    -0.5510)  ( 0.00     0.0392)
 E1.g :1...3         ( 4.00    -1.6734)  ( 4.00    -0.2828)  ( 0.00     0.4082)
 A1.u :1...1         ( 0.00     1.8995)
 A2.u :1...3         ( 2.00    -0.5673)  ( 2.00     0.0319)  ( 0.00     0.2780)
 B1.u :1...2         ( 2.00    -0.1894)  ( 0.00     0.6246)
 B2.u :1...1         ( 0.00     0.7829)
 E1.u :1...4         ( 4.00    -1.0023)  ( 4.00    -0.3117)  ( 4.00    -0.1675)  ( 0.00     0.0738)

 CYCLE   12
  SDIIS (wt  0.000):  0.0728 -0.0651 -0.0143  0.0011 -0.3017  0.0248  0.1090  0.0284 -0.0189  1.1640
 A-DIIS (wt  1.000):  0.0000  0.0000  0.0000  0.0000  0.0000  0.0000  0.0037  0.1626  0.0000  0.8337
  DIIS coefficients:  0.0000  0.0000  0.0000  0.0000  0.0000  0.0000  0.0037  0.1626  0.0000  0.8337
 SCF Error: norm([F,P])=      0.169546138454, max([F,P])=      0.050029162166
 orbitals (Q,E):
 ---------------
 A1.g :1...4         ( 2.00    -1.7643)  ( 2.00    -1.1909)  ( 2.00    -0.3761)  ( 0.00     0.0559)
 A2.g :1...1         ( 0.00     0.0348)
 B1.g :1...3         ( 2.00    -1.7553)  ( 2.00    -0.4392)  ( 0.00     0.3049)
 B2.g :1...4         ( 2.00    -1.9278)  ( 2.00    -0.5544)  ( 2.00     0.0347)  ( 0.00     0.3779)
 E1.g :1...3         ( 4.00    -1.6808)  ( 4.00    -0.2864)  ( 0.00     0.4072)
 A1.u :1...1         ( 0.00     1.8973)
 A2.u :1...3         ( 2.00    -0.5703)  ( 2.00     0.0316)  ( 0.00     0.2765)
 B1.u :1...2         ( 2.00    -0.1930)  ( 0.00     0.6236)
 B2.u :1...1         ( 0.00     0.7810)
 E1.u :1...4         ( 4.00    -1.0069)  ( 4.00    -0.3145)  ( 4.00    -0.1715)  ( 0.00     0.0736)

 CYCLE   13
  SDIIS (wt  0.000):  0.0134 -0.0081 -0.0066 -0.2745 -0.0225 -0.0657 -0.9114  0.0547  1.1814  1.0392
 A-DIIS (wt  1.000):  0.0000  0.0000  0.0000  0.0000  0.0000  0.0494  0.0000  0.0000  0.7823  0.1683
  DIIS coefficients:  0.0000  0.0000  0.0000  0.0000  0.0000  0.0494  0.0000  0.0000  0.7823  0.1683
 SCF Error: norm([F,P])=      0.747564384480, max([F,P])=      0.215372508936
 orbitals (Q,E):
 ---------------
 A1.g :1...4         ( 2.00    -1.7647)  ( 2.00    -1.1912)  ( 2.00    -0.3763)  ( 0.00     0.0557)
 A2.g :1...2         ( 2.00     0.0345)  ( 0.00     0.8791)
 B1.g :1...3         ( 2.00    -1.7556)  ( 2.00    -0.4396)  ( 0.00     0.3048)
 B2.g :1...3         ( 2.00    -1.9280)  ( 2.00    -0.5547)  ( 0.00     0.0345)
 E1.g :1...3         ( 4.00    -1.6812)  ( 4.00    -0.2866)  ( 0.00     0.4071)
 A1.u :1...1         ( 0.00     1.8970)
 A2.u :1...3         ( 2.00    -0.5706)  ( 2.00     0.0316)  ( 0.00     0.2762)
 B1.u :1...2         ( 2.00    -0.1932)  ( 0.00     0.6235)
 B2.u :1...1         ( 0.00     0.7807)
 E1.u :1...4         ( 4.00    -1.0072)  ( 4.00    -0.3147)  ( 4.00    -0.1718)  ( 0.00     0.0735)

 CYCLE   14
  SDIIS (wt  0.000): -0.0083  0.0060 -0.3791  0.0319  0.6173 -0.5283 -0.0530  2.7004  0.6131 -2.0000
 A-DIIS (wt  1.000):  0.0000  0.0000  0.0000  0.0000  0.0000  0.0000  0.0000  0.4706  0.1651  0.3643
  DIIS coefficients:  0.0000  0.0000  0.0000  0.0000  0.0000  0.0000  0.0000  0.4706  0.1651  0.3643
 SCF Error: norm([F,P])=      0.139030176126, max([F,P])=      0.040043223363
 orbitals (Q,E):
 ---------------
 A1.g :1...4         ( 2.00    -1.7607)  ( 2.00    -1.1880)  ( 2.00    -0.3741)  ( 0.00     0.0565)
 A2.g :1...1         ( 0.00     0.0375)
 B1.g :1...3         ( 2.00    -1.7515)  ( 2.00    -0.4366)  ( 0.00     0.3056)
 B2.g :1...4         ( 2.00    -1.9239)  ( 2.00    -0.5521)  ( 2.00     0.0375)  ( 0.00     0.3789)
 E1.g :1...3         ( 4.00    -1.6773)  ( 4.00    -0.2840)  ( 0.00     0.4081)
 A1.u :1...1         ( 0.00     1.8989)
 A2.u :1...3         ( 2.00    -0.5682)  ( 2.00     0.0318)  ( 0.00     0.2777)
 B1.u :1...2         ( 2.00    -0.1905)  ( 0.00     0.6245)
 B2.u :1...1         ( 0.00     0.7824)
 E1.u :1...4         ( 4.00    -1.0040)  ( 4.00    -0.3123)  ( 4.00    -0.1690)  ( 0.00     0.0739)

 CYCLE   15
  SDIIS (wt  0.000): -0.0063 -0.3921  0.0249  0.4481 -0.6389 -0.3385  2.8770 -2.0000  1.0259
 A-DIIS (wt  1.000):  0.0000  0.0000  0.0000  0.0000  0.0000  0.0000  0.3773  0.4580  0.1647
  DIIS coefficients:  0.0000  0.0000  0.0000  0.0000  0.0000  0.0000  0.3773  0.4580  0.1647
 SCF Error: norm([F,P])=      0.739227245832, max([F,P])=      0.212505227291
 orbitals (Q,E):
 ---------------
 A1.g :1...4         ( 2.00    -1.7607)  ( 2.00    -1.1881)  ( 2.00    -0.3742)  ( 0.00     0.0565)
 A2.g :1...2         ( 2.00     0.0374)  ( 0.00     0.8801)
 B1.g :1...3         ( 2.00    -1.7514)  ( 2.00    -0.4367)  ( 0.00     0.3055)
 B2.g :1...3         ( 2.00    -1.9238)  ( 2.00    -0.5521)  ( 0.00     0.0374)
 E1.g :1...3         ( 4.00    -1.6772)  ( 4.00    -0.2841)  ( 0.00     0.4081)
 A1.u :1...1         ( 0.00     1.8989)
 A2.u :1...3         ( 2.00    -0.5682)  ( 2.00     0.0318)  ( 0.00     0.2777)
 B1.u :1...2         ( 2.00    -0.1905)  ( 0.00     0.6245)
 B2.u :1...1         ( 0.00     0.7824)
 E1.u :1...4         ( 4.00    -1.0040)  ( 4.00    -0.3124)  ( 4.00    -0.1690)  ( 0.00     0.0739)

 CYCLE   16
  SDIIS (wt  0.000): -0.3677  0.0419  0.3317 -0.8188  0.2514  2.3506  1.1600 -2.0000 -0.5464  0.5972
 A-DIIS (wt  1.000):  0.0000  0.0000  0.0000  0.0000  0.0000  0.0000  0.0000  0.0000  0.1630  0.8370
  DIIS coefficients:  0.0000  0.0000  0.0000  0.0000  0.0000  0.0000  0.0000  0.0000  0.1630  0.8370
 SCF Error: norm([F,P])=      0.145936781998, max([F,P])=      0.042928461884
 orbitals (Q,E):
 ---------------
 A1.g :1...4         ( 2.00    -1.7615)  ( 2.00    -1.1888)  ( 2.00    -0.3748)  ( 0.00     0.0563)
 A2.g :1...2         ( 1.00     0.0367)  ( 0.00     0.8798)
 B1.g :1...3         ( 2.00    -1.7523)  ( 2.00    -0.4373)  ( 0.00     0.3054)
 B2.g :1...4         ( 2.00    -1.9247)  ( 2.00    -0.5528)  ( 1.00     0.0367)  ( 0.00     0.3786)
 E1.g :1...3         ( 4.00    -1.6780)  ( 4.00    -0.2847)  ( 0.00     0.4078)
 A1.u :1...1         ( 0.00     1.8984)
 A2.u :1...3         ( 2.00    -0.5689)  ( 2.00     0.0317)  ( 0.00     0.2773)
 B1.u :1...2         ( 2.00    -0.1913)  ( 0.00     0.6242)
 B2.u :1...1         ( 0.00     0.7820)
 E1.u :1...4         ( 4.00    -1.0049)  ( 4.00    -0.3130)  ( 4.00    -0.1697)  ( 0.00     0.0738)

 CYCLE   17
  SDIIS (wt  0.000): -0.0002 -0.0096 -0.0050 -0.0254 -0.0196 -0.0935  0.0154  0.0156  0.5793  0.5430
 A-DIIS (wt  1.000):  0.0000  0.0000  0.0000  0.0000  0.0000  0.0000  0.0000  0.0000  0.6751  0.3249
  DIIS coefficients:  0.0000  0.0000  0.0000  0.0000  0.0000  0.0000  0.0000  0.0000  0.6751  0.3249
 SCF Error: norm([F,P])=      0.291970620485, max([F,P])=      0.085458258489
 orbitals (Q,E):
 ---------------
 A1.g :1...4         ( 2.00    -1.7611)  ( 2.00    -1.1885)  ( 2.00    -0.3745)  ( 0.00     0.0564)
 A2.g :1...2         ( 1.00     0.0370)  ( 0.00     0.8799)
 B1.g :1...3         ( 2.00    -1.7519)  ( 2.00    -0.4370)  ( 0.00     0.3055)
 B2.g :1...4         ( 2.00    -1.9244)  ( 2.00    -0.5525)  ( 1.00     0.0370)  ( 0.00     0.3787)
 E1.g :1...3         ( 4.00    -1.6777)  ( 4.00    -0.2844)  ( 0.00     0.4079)
 A1.u :1...1         ( 0.00     1.8987)
 A2.u :1...3         ( 2.00    -0.5685)  ( 2.00     0.0317)  ( 0.00     0.2775)
 B1.u :1...2         ( 2.00    -0.1909)  ( 0.00     0.6244)
 B2.u :1...1         ( 0.00     0.7822)
 E1.u :1...4         ( 4.00    -1.0045)  ( 4.00    -0.3127)  ( 4.00    -0.1694)  ( 0.00     0.0738)

 CYCLE   18
  SDIIS (wt  0.000): -0.0045 -0.0090 -0.0050  0.0320 -0.0149  0.0860 -0.0797  0.4515  0.5436
 A-DIIS (wt  1.000):  0.0000  0.0000  0.0000  0.0000  0.0000  0.0000  0.0000  0.6752  0.3248
  DIIS coefficients:  0.0000  0.0000  0.0000  0.0000  0.0000  0.0000  0.0000  0.6752  0.3248
 SCF Error: norm([F,P])=      0.292503086938, max([F,P])=      0.085598901894
 orbitals (Q,E):
 ---------------
 A1.g :1...4         ( 2.00    -1.7614)  ( 2.00    -1.1887)  ( 2.00    -0.3747)  ( 0.00     0.0563)
 A2.g :1...2         ( 2.00     0.0368)  ( 0.00     0.8799)
 B1.g :1...3         ( 2.00    -1.7522)  ( 2.00    -0.4372)  ( 0.00     0.3054)
 B2.g :1...3         ( 2.00    -1.9247)  ( 2.00    -0.5526)  ( 0.00     0.0368)
 E1.g :1...3         ( 4.00    -1.6779)  ( 4.00    -0.2845)  ( 0.00     0.4079)
 A1.u :1...1         ( 0.00     1.8985)
 A2.u :1...3         ( 2.00    -0.5687)  ( 2.00     0.0317)  ( 0.00     0.2773)
 B1.u :1...2         ( 2.00    -0.1911)  ( 0.00     0.6243)
 B2.u :1...1         ( 0.00     0.7821)
 E1.u :1...4         ( 4.00    -1.0047)  ( 4.00    -0.3129)  ( 4.00    -0.1696)  ( 0.00     0.0738)

 CYCLE   19
  SDIIS (wt  0.577):  0.0174 -0.0648 -0.1405 -0.1872 -0.3049  0.1230  0.0339  0.5432  0.9799
 A-DIIS (wt  0.423):  0.0000  0.0000  0.0000  0.0000  0.0000  0.1630  0.8370  0.0000  0.0000
  DIIS coefficients:  0.0100 -0.0374 -0.0812 -0.1081 -0.1761  0.1399  0.3733  0.3137  0.5659
 SCF Error: norm([F,P])=      0.145680306070, max([F,P])=      0.042831385709
 orbitals (Q,E):
 ---------------
 A1.g :1...4         ( 2.00    -1.7614)  ( 2.00    -1.1886)  ( 2.00    -0.3746)  ( 0.00     0.0564)
 A2.g :1...1         ( 0.00     0.0369)
 B1.g :1...3         ( 2.00    -1.7522)  ( 2.00    -0.4371)  ( 0.00     0.3054)
 B2.g :1...4         ( 2.00    -1.9247)  ( 2.00    -0.5526)  ( 2.00     0.0368)  ( 0.00     0.3786)
 E1.g :1...3         ( 4.00    -1.6779)  ( 4.00    -0.2845)  ( 0.00     0.4079)
 A1.u :1...1         ( 0.00     1.8986)
 A2.u :1...3         ( 2.00    -0.5686)  ( 2.00     0.0317)  ( 0.00     0.2774)
 B1.u :1...2         ( 2.00    -0.1910)  ( 0.00     0.6243)
 B2.u :1...1         ( 0.00     0.7822)
 E1.u :1...4         ( 4.00    -1.0046)  ( 4.00    -0.3128)  ( 4.00    -0.1695)  ( 0.00     0.0738)

 CYCLE   20
  SDIIS (wt  0.000):  0.0152 -0.0148  0.0034  0.5773  0.5429 -0.1240
 A-DIIS (wt  1.000):  0.0000  0.0000  0.0000  0.7279  0.2189  0.0532
  DIIS coefficients:  0.0000  0.0000  0.0000  0.7279  0.2189  0.0532
 SCF Error: norm([F,P])=      0.739251708672, max([F,P])=      0.212595695973
 orbitals (Q,E):
 ---------------
 A1.g :1...4         ( 2.00    -1.7612)  ( 2.00    -1.1885)  ( 2.00    -0.3746)  ( 0.00     0.0564)
 A2.g :1...2         ( 1.00     0.0370)  ( 0.00     0.8799)
 B1.g :1...3         ( 2.00    -1.7520)  ( 2.00    -0.4371)  ( 0.00     0.3054)
 B2.g :1...4         ( 2.00    -1.9245)  ( 2.00    -0.5525)  ( 1.00     0.0370)  ( 0.00     0.3787)
 E1.g :1...3         ( 4.00    -1.6777)  ( 4.00    -0.2844)  ( 0.00     0.4079)
 A1.u :1...1         ( 0.00     1.8986)
 A2.u :1...3         ( 2.00    -0.5686)  ( 2.00     0.0317)  ( 0.00     0.2774)
 B1.u :1...2         ( 2.00    -0.1909)  ( 0.00     0.6244)
 B2.u :1...1         ( 0.00     0.7822)
 E1.u :1...4         ( 4.00    -1.0045)  ( 4.00    -0.3128)  ( 4.00    -0.1694)  ( 0.00     0.0738)

 CYCLE   21
  SDIIS (wt  0.000): -0.0736 -0.1034 -0.0194 -0.4581  0.6615  0.4534  0.5397
 A-DIIS (wt  1.000):  0.0000  0.0000  0.0000  0.0000  0.6751  0.0000  0.3249
  DIIS coefficients:  0.0000  0.0000  0.0000  0.0000  0.6751  0.0000  0.3249
 SCF Error: norm([F,P])=      0.292245096356, max([F,P])=      0.085520611797
 orbitals (Q,E):
 ---------------
 A1.g :1...4         ( 2.00    -1.7614)  ( 2.00    -1.1887)  ( 2.00    -0.3747)  ( 0.00     0.0564)
 A2.g :1...2         ( 2.00     0.0368)  ( 0.00     0.8799)
 B1.g :1...3         ( 2.00    -1.7522)  ( 2.00    -0.4372)  ( 0.00     0.3054)
 B2.g :1...3         ( 2.00    -1.9247)  ( 2.00    -0.5526)  ( 0.00     0.0368)
 E1.g :1...3         ( 4.00    -1.6779)  ( 4.00    -0.2845)  ( 0.00     0.4079)
 A1.u :1...1         ( 0.00     1.8986)
 A2.u :1...3         ( 2.00    -0.5687)  ( 2.00     0.0317)  ( 0.00     0.2774)
 B1.u :1...2         ( 2.00    -0.1910)  ( 0.00     0.6243)
 B2.u :1...1         ( 0.00     0.7821)
 E1.u :1...4         ( 4.00    -1.0047)  ( 4.00    -0.3129)  ( 4.00    -0.1696)  ( 0.00     0.0738)

 CYCLE   22
  SDIIS (wt  0.577):  0.0160 -0.0626  0.2430  0.1939  0.5452 -0.3686  0.4331
 A-DIIS (wt  0.423):  0.0000  0.0000  0.0000  0.5416  0.0000  0.1629  0.2955
  DIIS coefficients:  0.0092 -0.0361  0.1403  0.3408  0.3148 -0.1440  0.3750
 SCF Error: norm([F,P])=      0.145685479449, max([F,P])=      0.042834002916
 orbitals (Q,E):
 ---------------
 A1.g :1...4         ( 2.00    -1.7609)  ( 2.00    -1.1884)  ( 2.00    -0.3745)  ( 0.00     0.0564)
 A2.g :1...2         ( 2.00     0.0370)  ( 0.00     0.8800)
 B1.g :1...3         ( 2.00    -1.7517)  ( 2.00    -0.4370)  ( 0.00     0.3055)
 B2.g :1...3         ( 2.00    -1.9242)  ( 2.00    -0.5524)  ( 0.00     0.0371)
 E1.g :1...3         ( 4.00    -1.6774)  ( 4.00    -0.2843)  ( 0.00     0.4080)
 A1.u :1...1         ( 0.00     1.8987)
 A2.u :1...3         ( 2.00    -0.5685)  ( 2.00     0.0317)  ( 0.00     0.2775)
 B1.u :1...2         ( 2.00    -0.1908)  ( 0.00     0.6244)
 B2.u :1...1         ( 0.00     0.7822)
 E1.u :1...4         ( 4.00    -1.0044)  ( 4.00    -0.3127)  ( 4.00    -0.1693)  ( 0.00     0.0738)

 CYCLE   23
  SDIIS (wt  0.577): -0.0249  0.1934  0.1285  0.5460 -0.3031  0.4601
 A-DIIS (wt  0.423):  0.0000  0.0796  0.0000  0.0000  0.0837  0.8367
  DIIS coefficients: -0.0144  0.1453  0.0742  0.3153 -0.1396  0.6192
 SCF Error: norm([F,P])=      0.146865929368, max([F,P])=      0.043192155922
 orbitals (Q,E):
 ---------------
 A1.g :1...4         ( 2.00    -1.7609)  ( 2.00    -1.1883)  ( 2.00    -0.3745)  ( 0.00     0.0564)
 A2.g :1...2         ( 2.00     0.0371)  ( 0.00     0.8800)
 B1.g :1...3         ( 2.00    -1.7516)  ( 2.00    -0.4369)  ( 0.00     0.3055)
 B2.g :1...3         ( 2.00    -1.9241)  ( 2.00    -0.5524)  ( 0.00     0.0371)
 E1.g :1...3         ( 4.00    -1.6774)  ( 4.00    -0.2843)  ( 0.00     0.4080)
 A1.u :1...1         ( 0.00     1.8987)
 A2.u :1...3         ( 2.00    -0.5684)  ( 2.00     0.0317)  ( 0.00     0.2775)
 B1.u :1...2         ( 2.00    -0.1908)  ( 0.00     0.6244)
 B2.u :1...1         ( 0.00     0.7822)
 E1.u :1...4         ( 4.00    -1.0044)  ( 4.00    -0.3127)  ( 4.00    -0.1693)  ( 0.00     0.0738)

 CYCLE   24
  SDIIS (wt  0.577):  0.1913 -0.2462  0.5491 -0.5034 -0.3015  1.3108
 A-DIIS (wt  0.423):  0.0395  0.0000  0.0000  0.0000  0.1238  0.8367
  DIIS coefficients:  0.1271 -0.1422  0.3171 -0.2907 -0.1218  1.1104
 SCF Error: norm([F,P])=      0.146960355644, max([F,P])=      0.043216173298
 orbitals (Q,E):
 ---------------
 A1.g :1...4         ( 2.00    -1.7608)  ( 2.00    -1.1883)  ( 2.00    -0.3745)  ( 0.00     0.0564)
 A2.g :1...2         ( 2.00     0.0370)  ( 0.00     0.8800)
 B1.g :1...3         ( 2.00    -1.7515)  ( 2.00    -0.4369)  ( 0.00     0.3055)
 B2.g :1...3         ( 2.00    -1.9240)  ( 2.00    -0.5524)  ( 0.00     0.0371)
 E1.g :1...3         ( 4.00    -1.6773)  ( 4.00    -0.2843)  ( 0.00     0.4080)
 A1.u :1...1         ( 0.00     1.8987)
 A2.u :1...3         ( 2.00    -0.5684)  ( 2.00     0.0317)  ( 0.00     0.2775)
 B1.u :1...2         ( 2.00    -0.1908)  ( 0.00     0.6244)
 B2.u :1...1         ( 0.00     0.7822)
 E1.u :1...4         ( 4.00    -1.0044)  ( 4.00    -0.3127)  ( 4.00    -0.1693)  ( 0.00     0.0738)

 CYCLE   25
  SDIIS (wt  0.577): -0.0136 -0.1574  0.7026  0.1907 -0.1098  0.3875
 A-DIIS (wt  0.423):  0.0000  0.0000  0.3257  0.0000  0.0000  0.6743
  DIIS coefficients: -0.0079 -0.0909  0.5434  0.1101 -0.0634  0.5087
 SCF Error: norm([F,P])=      0.147454387295, max([F,P])=      0.043363997426
 orbitals (Q,E):
 ---------------
 A1.g :1...4         ( 2.00    -1.7610)  ( 2.00    -1.1884)  ( 2.00    -0.3745)  ( 0.00     0.0564)
 A2.g :1...2         ( 2.00     0.0370)  ( 0.00     0.8800)
 B1.g :1...3         ( 2.00    -1.7518)  ( 2.00    -0.4370)  ( 0.00     0.3055)
 B2.g :1...3         ( 2.00    -1.9243)  ( 2.00    -0.5524)  ( 0.00     0.0371)
 E1.g :1...3         ( 4.00    -1.6775)  ( 4.00    -0.2843)  ( 0.00     0.4080)
 A1.u :1...1         ( 0.00     1.8987)
 A2.u :1...3         ( 2.00    -0.5685)  ( 2.00     0.0317)  ( 0.00     0.2775)
 B1.u :1...2         ( 2.00    -0.1908)  ( 0.00     0.6244)
 B2.u :1...1         ( 0.00     0.7822)
 E1.u :1...4         ( 4.00    -1.0044)  ( 4.00    -0.3127)  ( 4.00    -0.1694)  ( 0.00     0.0738)

 CYCLE   26
  SDIIS (wt  0.577): -0.0091  0.5532 -0.0282 -0.1096  0.5937
 A-DIIS (wt  0.423):  0.0000  0.3249  0.0000  0.0000  0.6751
  DIIS coefficients: -0.0053  0.4567 -0.0163 -0.0633  0.6281
 SCF Error: norm([F,P])=      0.146137431998, max([F,P])=      0.042939777439
 orbitals (Q,E):
 ---------------
 A1.g :1...4         ( 2.00    -1.7610)  ( 2.00    -1.1884)  ( 2.00    -0.3745)  ( 0.00     0.0564)
 A2.g :1...2         ( 2.00     0.0371)  ( 0.00     0.8800)
 B1.g :1...3         ( 2.00    -1.7518)  ( 2.00    -0.4369)  ( 0.00     0.3055)
 B2.g :1...3         ( 2.00    -1.9243)  ( 2.00    -0.5524)  ( 0.00     0.0371)
 E1.g :1...3         ( 4.00    -1.6775)  ( 4.00    -0.2843)  ( 0.00     0.4080)
 A1.u :1...1         ( 0.00     1.8987)
 A2.u :1...3         ( 2.00    -0.5684)  ( 2.00     0.0317)  ( 0.00     0.2775)
 B1.u :1...2         ( 2.00    -0.1908)  ( 0.00     0.6244)
 B2.u :1...1         ( 0.00     0.7823)
 E1.u :1...4         ( 4.00    -1.0044)  ( 4.00    -0.3127)  ( 4.00    -0.1693)  ( 0.00     0.0738)

 CYCLE   27
  SDIIS (wt  0.577): -0.1118 -0.1096  0.5445  0.6769
 A-DIIS (wt  0.423):  0.0000  0.0000  0.3249  0.6751
  DIIS coefficients: -0.0646 -0.0633  0.4517  0.6762
 SCF Error: norm([F,P])=      0.146129491446, max([F,P])=      0.042945781692
 orbitals (Q,E):
 ---------------
 A1.g :1...4         ( 2.00    -1.7610)  ( 2.00    -1.1884)  ( 2.00    -0.3745)  ( 0.00     0.0564)
 A2.g :1...2         ( 2.00     0.0370)  ( 0.00     0.8800)
 B1.g :1...3         ( 2.00    -1.7517)  ( 2.00    -0.4369)  ( 0.00     0.3055)
 B2.g :1...3         ( 2.00    -1.9243)  ( 2.00    -0.5524)  ( 0.00     0.0371)
 E1.g :1...3         ( 4.00    -1.6775)  ( 4.00    -0.2843)  ( 0.00     0.4080)
 A1.u :1...1         ( 0.00     1.8987)
 A2.u :1...3         ( 2.00    -0.5684)  ( 2.00     0.0317)  ( 0.00     0.2775)
 B1.u :1...2         ( 2.00    -0.1908)  ( 0.00     0.6244)
 B2.u :1...1         ( 0.00     0.7823)
 E1.u :1...4         ( 4.00    -1.0044)  ( 4.00    -0.3127)  ( 4.00    -0.1693)  ( 0.00     0.0738)

 CYCLE   28
  SDIIS (wt  0.577): -0.0978 -0.1097  0.5448  0.6627
 A-DIIS (wt  0.423):  0.0000  0.0000  0.3250  0.6750
  DIIS coefficients: -0.0565 -0.0633  0.4519  0.6679
 SCF Error: norm([F,P])=      0.146238319137, max([F,P])=      0.042974457663
 orbitals (Q,E):
 ---------------
 A1.g :1...4         ( 2.00    -1.7610)  ( 2.00    -1.1884)  ( 2.00    -0.3745)  ( 0.00     0.0564)
 A2.g :1...2         ( 2.00     0.0370)  ( 0.00     0.8800)
 B1.g :1...3         ( 2.00    -1.7517)  ( 2.00    -0.4369)  ( 0.00     0.3055)
 B2.g :1...3         ( 2.00    -1.9243)  ( 2.00    -0.5524)  ( 0.00     0.0371)
 E1.g :1...3         ( 4.00    -1.6775)  ( 4.00    -0.2843)  ( 0.00     0.4080)
 A1.u :1...1         ( 0.00     1.8987)
 A2.u :1...3         ( 2.00    -0.5684)  ( 2.00     0.0317)  ( 0.00     0.2775)
 B1.u :1...2         ( 2.00    -0.1908)  ( 0.00     0.6244)
 B2.u :1...1         ( 0.00     0.7823)
 E1.u :1...4         ( 4.00    -1.0044)  ( 4.00    -0.3127)  ( 4.00    -0.1693)  ( 0.00     0.0738)

 CYCLE   29
  SDIIS (wt  0.577): -0.1097  0.5448 -0.1220  0.6868
 A-DIIS (wt  0.423):  0.0000  0.3250  0.0000  0.6750
  DIIS coefficients: -0.0633  0.4519 -0.0704  0.6818
 SCF Error: norm([F,P])=      0.146255188638, max([F,P])=      0.042980372614
 orbitals (Q,E):
 ---------------
 A1.g :1...4         ( 2.00    -1.7610)  ( 2.00    -1.1884)  ( 2.00    -0.3745)  ( 0.00     0.0564)
 A2.g :1...2         ( 2.00     0.0370)  ( 0.00     0.8800)
 B1.g :1...3         ( 2.00    -1.7517)  ( 2.00    -0.4369)  ( 0.00     0.3055)
 B2.g :1...3         ( 2.00    -1.9243)  ( 2.00    -0.5524)  ( 0.00     0.0371)
 E1.g :1...3         ( 4.00    -1.6775)  ( 4.00    -0.2843)  ( 0.00     0.4080)
 A1.u :1...1         ( 0.00     1.8987)
 A2.u :1...3         ( 2.00    -0.5684)  ( 2.00     0.0317)  ( 0.00     0.2775)
 B1.u :1...2         ( 2.00    -0.1908)  ( 0.00     0.6244)
 B2.u :1...1         ( 0.00     0.7823)
 E1.u :1...4         ( 4.00    -1.0044)  ( 4.00    -0.3127)  ( 4.00    -0.1693)  ( 0.00     0.0738)

 CYCLE   30
  SDIIS (wt  0.577):  0.3277  0.8699 -2.0000  1.8025
 A-DIIS (wt  0.423):  0.3250  0.0000  0.0000  0.6750
  DIIS coefficients:  0.3265  0.5023 -1.1549  1.3260
 SCF Error: norm([F,P])=      0.146272154933, max([F,P])=      0.042985016901
 orbitals (Q,E):
 ---------------
 A1.g :1...4         ( 2.00    -1.7603)  ( 2.00    -1.1880)  ( 2.00    -0.3743)  ( 0.00     0.0565)
 A2.g :1...2         ( 2.00     0.0373)  ( 0.00     0.8800)
 B1.g :1...3         ( 2.00    -1.7510)  ( 2.00    -0.4367)  ( 0.00     0.3055)
 B2.g :1...3         ( 2.00    -1.9235)  ( 2.00    -0.5522)  ( 0.00     0.0374)
 E1.g :1...3         ( 4.00    -1.6767)  ( 4.00    -0.2841)  ( 0.00     0.4080)
 A1.u :1...1         ( 0.00     1.8988)
 A2.u :1...3         ( 2.00    -0.5682)  ( 2.00     0.0318)  ( 0.00     0.2777)
 B1.u :1...2         ( 2.00    -0.1906)  ( 0.00     0.6245)
 B2.u :1...1         ( 0.00     0.7824)
 E1.u :1...4         ( 4.00    -1.0041)  ( 4.00    -0.3125)  ( 4.00    -0.1691)  ( 0.00     0.0739)

 CYCLE   31
  SDIIS (wt  0.577):  3.0000 -0.0000 -2.0000
 A-DIIS (wt  0.423):  1.0000  0.0000  0.0000
  DIIS coefficients:  2.1549 -0.0000 -1.1549
 SCF Error: norm([F,P])=      0.149455214176, max([F,P])=      0.043984673500
 orbitals (Q,E):
 ---------------
 A1.g :1...4         ( 2.00    -1.8091)  ( 2.00    -1.2035)  ( 2.00    -0.3690)  ( 0.00     0.0547)
 A2.g :1...1         ( 0.00     0.0494)
 B1.g :1...3         ( 2.00    -1.8087)  ( 2.00    -0.4348)  ( 0.00     0.3074)
 B2.g :1...4         ( 2.00    -1.9775)  ( 2.00    -0.5488)  ( 2.00     0.0259)  ( 0.00     0.3812)
 E1.g :1...3         ( 4.00    -1.7344)  ( 4.00    -0.2840)  ( 0.00     0.4099)
 A1.u :1...1         ( 0.00     1.9063)
 A2.u :1...3         ( 2.00    -0.5706)  ( 2.00     0.0319)  ( 0.00     0.2757)
 B1.u :1...2         ( 2.00    -0.1850)  ( 0.00     0.6271)
 B2.u :1...1         ( 0.00     0.7875)
 E1.u :1...4         ( 4.00    -1.0068)  ( 4.00    -0.3057)  ( 4.00    -0.1618)  ( 0.00     0.0751)

 CYCLE   32
  SDIIS (wt  0.000):  2.8902 -2.0000  0.1098
 A-DIIS (wt  1.000):  0.8660  0.0000  0.1340
  DIIS coefficients:  0.8660  0.0000  0.1340
 SCF Error: norm([F,P])=      1.048216206725, max([F,P])=      0.297427123644
 orbitals (Q,E):
 ---------------
 A1.g :1...4         ( 2.00    -1.7614)  ( 2.00    -1.1882)  ( 2.00    -0.3738)  ( 0.00     0.0567)
 A2.g :1...1         ( 0.00     0.0387)
 B1.g :1...3         ( 2.00    -1.7530)  ( 2.00    -0.4356)  ( 0.00     0.3058)
 B2.g :1...4         ( 2.00    -1.9257)  ( 2.00    -0.5516)  ( 2.00     0.0372)  ( 0.00     0.3792)
 E1.g :1...3         ( 4.00    -1.6783)  ( 4.00    -0.2837)  ( 0.00     0.4083)
 A1.u :1...1         ( 0.00     1.8998)
 A2.u :1...3         ( 2.00    -0.5680)  ( 2.00     0.0318)  ( 0.00     0.2778)
 B1.u :1...2         ( 2.00    -0.1901)  ( 0.00     0.6247)
 B2.u :1...1         ( 0.00     0.7832)
 E1.u :1...4         ( 4.00    -1.0037)  ( 4.00    -0.3119)  ( 4.00    -0.1681)  ( 0.00     0.0740)

 CYCLE   33
  SDIIS (wt  0.000):  2.6429 -2.0000 -0.6084  0.9655
 A-DIIS (wt  1.000):  0.8375  0.0000  0.0000  0.1625
  DIIS coefficients:  0.8375  0.0000  0.0000  0.1625
 SCF Error: norm([F,P])=      0.744087520475, max([F,P])=      0.213982273855
 orbitals (Q,E):
 ---------------
 A1.g :1...4         ( 2.00    -1.7609)  ( 2.00    -1.1884)  ( 2.00    -0.3745)  ( 0.00     0.0564)
 A2.g :1...1         ( 0.00     0.0371)
 B1.g :1...3         ( 2.00    -1.7517)  ( 2.00    -0.4369)  ( 0.00     0.3055)
 B2.g :1...4         ( 2.00    -1.9242)  ( 2.00    -0.5524)  ( 2.00     0.0371)  ( 0.00     0.3787)
 E1.g :1...3         ( 4.00    -1.6774)  ( 4.00    -0.2844)  ( 0.00     0.4079)
 A1.u :1...1         ( 0.00     1.8987)
 A2.u :1...3         ( 2.00    -0.5685)  ( 2.00     0.0317)  ( 0.00     0.2775)
 B1.u :1...2         ( 2.00    -0.1909)  ( 0.00     0.6244)
 B2.u :1...1         ( 0.00     0.7822)
 E1.u :1...4         ( 4.00    -1.0044)  ( 4.00    -0.3127)  ( 4.00    -0.1693)  ( 0.00     0.0738)

 CYCLE   34
  SDIIS (wt  0.000):  2.5508 -2.0000 -0.8002 -1.7506  3.0000
 A-DIIS (wt  1.000):  0.8363  0.0000  0.0000  0.0000  0.1637
  DIIS coefficients:  0.8363  0.0000  0.0000  0.0000  0.1637
 SCF Error: norm([F,P])=      0.737436831367, max([F,P])=      0.212035095247
 orbitals (Q,E):
 ---------------
 A1.g :1...4         ( 2.00    -1.7609)  ( 2.00    -1.1883)  ( 2.00    -0.3744)  ( 0.00     0.0564)
 A2.g :1...2         ( 1.00     0.0372)  ( 0.00     0.8800)
 B1.g :1...3         ( 2.00    -1.7517)  ( 2.00    -0.4369)  ( 0.00     0.3055)
 B2.g :1...4         ( 2.00    -1.9241)  ( 2.00    -0.5523)  ( 1.00     0.0372)  ( 0.00     0.3788)
 E1.g :1...3         ( 4.00    -1.6774)  ( 4.00    -0.2843)  ( 0.00     0.4080)
 A1.u :1...1         ( 0.00     1.8987)
 A2.u :1...3         ( 2.00    -0.5685)  ( 2.00     0.0317)  ( 0.00     0.2775)
 B1.u :1...2         ( 2.00    -0.1908)  ( 0.00     0.6244)
 B2.u :1...1         ( 0.00     0.7822)
 E1.u :1...4         ( 4.00    -1.0043)  ( 4.00    -0.3126)  ( 4.00    -0.1692)  ( 0.00     0.0738)

 CYCLE   35
  SDIIS (wt  0.000):  0.7614 -0.1952 -0.0027 -0.0335 -0.0714  0.5413
 A-DIIS (wt  1.000):  0.6749  0.0000  0.0000  0.0000  0.0000  0.3251
  DIIS coefficients:  0.6749  0.0000  0.0000  0.0000  0.0000  0.3251
 SCF Error: norm([F,P])=      0.291790784345, max([F,P])=      0.085337327890
 orbitals (Q,E):
 ---------------
 A1.g :1...4         ( 2.00    -1.7611)  ( 2.00    -1.1884)  ( 2.00    -0.3745)  ( 0.00     0.0564)
 A2.g :1...2         ( 2.00     0.0370)  ( 0.00     0.8800)
 B1.g :1...3         ( 2.00    -1.7519)  ( 2.00    -0.4370)  ( 0.00     0.3055)
 B2.g :1...3         ( 2.00    -1.9244)  ( 2.00    -0.5524)  ( 0.00     0.0370)
 E1.g :1...3         ( 4.00    -1.6776)  ( 4.00    -0.2843)  ( 0.00     0.4080)
 A1.u :1...1         ( 0.00     1.8987)
 A2.u :1...3         ( 2.00    -0.5685)  ( 2.00     0.0317)  ( 0.00     0.2775)
 B1.u :1...2         ( 2.00    -0.1908)  ( 0.00     0.6244)
 B2.u :1...1         ( 0.00     0.7822)
 E1.u :1...4         ( 4.00    -1.0044)  ( 4.00    -0.3127)  ( 4.00    -0.1694)  ( 0.00     0.0738)

 CYCLE   36
  SDIIS (wt  0.577): -0.0213 -0.0028 -0.0614 -0.0433  0.5428  0.5860
 A-DIIS (wt  0.423):  0.0000  0.0000  0.0000  0.0000  0.3261  0.6739
  DIIS coefficients: -0.0123 -0.0016 -0.0354 -0.0250  0.4511  0.6232
 SCF Error: norm([F,P])=      0.145922882846, max([F,P])=      0.042905544650
 orbitals (Q,E):
 ---------------
 A1.g :1...4         ( 2.00    -1.7608)  ( 2.00    -1.1883)  ( 2.00    -0.3745)  ( 0.00     0.0564)
 A2.g :1...2         ( 2.00     0.0370)  ( 0.00     0.8799)
 B1.g :1...3         ( 2.00    -1.7516)  ( 2.00    -0.4370)  ( 0.00     0.3055)
 B2.g :1...3         ( 2.00    -1.9241)  ( 2.00    -0.5524)  ( 0.00     0.0371)
 E1.g :1...3         ( 4.00    -1.6773)  ( 4.00    -0.2843)  ( 0.00     0.4080)
 A1.u :1...1         ( 0.00     1.8987)
 A2.u :1...3         ( 2.00    -0.5684)  ( 2.00     0.0317)  ( 0.00     0.2775)
 B1.u :1...2         ( 2.00    -0.1908)  ( 0.00     0.6244)
 B2.u :1...1         ( 0.00     0.7822)
 E1.u :1...4         ( 4.00    -1.0044)  ( 4.00    -0.3127)  ( 4.00    -0.1694)  ( 0.00     0.0738)

 CYCLE   37
  SDIIS (wt  0.577): -0.1445 -0.0020 -0.0400 -0.0666  0.5455  0.7075
 A-DIIS (wt  0.423):  0.0000  0.0000  0.0000  0.0000  0.3271  0.6729
  DIIS coefficients: -0.0833 -0.0012 -0.0231 -0.0384  0.4530  0.6929
 SCF Error: norm([F,P])=      0.147422534747, max([F,P])=      0.043326177376
 orbitals (Q,E):
 ---------------
 A1.g :1...4         ( 2.00    -1.7609)  ( 2.00    -1.1884)  ( 2.00    -0.3745)  ( 0.00     0.0564)
 A2.g :1...2         ( 2.00     0.0369)  ( 0.00     0.8799)
 B1.g :1...3         ( 2.00    -1.7516)  ( 2.00    -0.4370)  ( 0.00     0.3055)
 B2.g :1...3         ( 2.00    -1.9241)  ( 2.00    -0.5525)  ( 0.00     0.0371)
 E1.g :1...3         ( 4.00    -1.6773)  ( 4.00    -0.2843)  ( 0.00     0.4080)
 A1.u :1...1         ( 0.00     1.8986)
 A2.u :1...3         ( 2.00    -0.5685)  ( 2.00     0.0317)  ( 0.00     0.2775)
 B1.u :1...2         ( 2.00    -0.1908)  ( 0.00     0.6244)
 B2.u :1...1         ( 0.00     0.7822)
 E1.u :1...4         ( 4.00    -1.0044)  ( 4.00    -0.3127)  ( 4.00    -0.1694)  ( 0.00     0.0738)

 CYCLE   38
  SDIIS (wt  0.577): -0.0933 -0.0025 -0.0412 -0.0647  0.5456  0.6561
 A-DIIS (wt  0.423):  0.0000  0.0000  0.0000  0.0000  0.3259  0.6741
  DIIS coefficients: -0.0538 -0.0014 -0.0238 -0.0373  0.4526  0.6637
 SCF Error: norm([F,P])=      0.147353464785, max([F,P])=      0.043304222063
 orbitals (Q,E):
 ---------------
 A1.g :1...4         ( 2.00    -1.7609)  ( 2.00    -1.1884)  ( 2.00    -0.3745)  ( 0.00     0.0564)
 A2.g :1...2         ( 2.00     0.0370)  ( 0.00     0.8799)
 B1.g :1...3         ( 2.00    -1.7517)  ( 2.00    -0.4370)  ( 0.00     0.3055)
 B2.g :1...3         ( 2.00    -1.9242)  ( 2.00    -0.5524)  ( 0.00     0.0371)
 E1.g :1...3         ( 4.00    -1.6774)  ( 4.00    -0.2843)  ( 0.00     0.4080)
 A1.u :1...1         ( 0.00     1.8987)
 A2.u :1...3         ( 2.00    -0.5685)  ( 2.00     0.0317)  ( 0.00     0.2775)
 B1.u :1...2         ( 2.00    -0.1908)  ( 0.00     0.6244)
 B2.u :1...1         ( 0.00     0.7822)
 E1.u :1...4         ( 4.00    -1.0044)  ( 4.00    -0.3127)  ( 4.00    -0.1694)  ( 0.00     0.0738)

 CYCLE   39
  SDIIS (wt  0.577): -0.1240 -0.0029 -0.0327 -0.0725  0.5444  0.6878
 A-DIIS (wt  0.423):  0.0000  0.0000  0.0000  0.0000  0.3268  0.6732
  DIIS coefficients: -0.0715 -0.0016 -0.0189 -0.0418  0.4523  0.6816
 SCF Error: norm([F,P])=      0.146966016101, max([F,P])=      0.043186806501
 orbitals (Q,E):
 ---------------
 A1.g :1...4         ( 2.00    -1.7609)  ( 2.00    -1.1884)  ( 2.00    -0.3745)  ( 0.00     0.0564)
 A2.g :1...2         ( 2.00     0.0370)  ( 0.00     0.8799)
 B1.g :1...3         ( 2.00    -1.7516)  ( 2.00    -0.4370)  ( 0.00     0.3055)
 B2.g :1...3         ( 2.00    -1.9241)  ( 2.00    -0.5524)  ( 0.00     0.0371)
 E1.g :1...3         ( 4.00    -1.6773)  ( 4.00    -0.2843)  ( 0.00     0.4080)
 A1.u :1...1         ( 0.00     1.8987)
 A2.u :1...3         ( 2.00    -0.5685)  ( 2.00     0.0317)  ( 0.00     0.2775)
 B1.u :1...2         ( 2.00    -0.1908)  ( 0.00     0.6244)
 B2.u :1...1         ( 0.00     0.7822)
 E1.u :1...4         ( 4.00    -1.0044)  ( 4.00    -0.3127)  ( 4.00    -0.1694)  ( 0.00     0.0738)

 CYCLE   40
  SDIIS (wt  0.577): -0.1089 -0.0023 -0.0415 -0.0646  0.5456  0.6717
 A-DIIS (wt  0.423):  0.0000  0.0000  0.0000  0.0000  0.3259  0.6741
  DIIS coefficients: -0.0628 -0.0013 -0.0240 -0.0373  0.4526  0.6727
 SCF Error: norm([F,P])=      0.147399000331, max([F,P])=      0.043318788553
 orbitals (Q,E):
 ---------------
 A1.g :1...4         ( 2.00    -1.7609)  ( 2.00    -1.1884)  ( 2.00    -0.3745)  ( 0.00     0.0564)
 A2.g :1...2         ( 2.00     0.0370)  ( 0.00     0.8799)
 B1.g :1...3         ( 2.00    -1.7517)  ( 2.00    -0.4370)  ( 0.00     0.3055)
 B2.g :1...3         ( 2.00    -1.9242)  ( 2.00    -0.5524)  ( 0.00     0.0371)
 E1.g :1...3         ( 4.00    -1.6774)  ( 4.00    -0.2843)  ( 0.00     0.4080)
 A1.u :1...1         ( 0.00     1.8987)
 A2.u :1...3         ( 2.00    -0.5685)  ( 2.00     0.0317)  ( 0.00     0.2775)
 B1.u :1...2         ( 2.00    -0.1908)  ( 0.00     0.6244)
 B2.u :1...1         ( 0.00     0.7822)
 E1.u :1...4         ( 4.00    -1.0044)  ( 4.00    -0.3127)  ( 4.00    -0.1694)  ( 0.00     0.0738)

 CYCLE   41
  SDIIS (wt  0.577): -0.0083 -0.1017  0.0047  0.5452 -0.3799  0.9400
 A-DIIS (wt  0.423):  0.0000  0.0000  0.0020  0.3208  0.6771  0.0000
  DIIS coefficients: -0.0048 -0.0587  0.0035  0.4502  0.0676  0.5421
 SCF Error: norm([F,P])=      0.146917491923, max([F,P])=      0.043172409071
 orbitals (Q,E):
 ---------------
 A1.g :1...4         ( 2.00    -1.7607)  ( 2.00    -1.1883)  ( 2.00    -0.3746)  ( 0.00     0.0564)
 A2.g :1...2         ( 2.00     0.0369)  ( 0.00     0.8799)
 B1.g :1...3         ( 2.00    -1.7514)  ( 2.00    -0.4370)  ( 0.00     0.3055)
 B2.g :1...3         ( 2.00    -1.9239)  ( 2.00    -0.5525)  ( 0.00     0.0371)
 E1.g :1...3         ( 4.00    -1.6771)  ( 4.00    -0.2843)  ( 0.00     0.4079)
 A1.u :1...1         ( 0.00     1.8986)
 A2.u :1...3         ( 2.00    -0.5685)  ( 2.00     0.0317)  ( 0.00     0.2775)
 B1.u :1...2         ( 2.00    -0.1909)  ( 0.00     0.6244)
 B2.u :1...1         ( 0.00     0.7822)
 E1.u :1...4         ( 4.00    -1.0044)  ( 4.00    -0.3128)  ( 4.00    -0.1694)  ( 0.00     0.0738)

 CYCLE   42
  SDIIS (wt  0.577): -0.0766 -0.0342  0.5534 -0.3694  0.9268
 A-DIIS (wt  0.423):  0.0000  0.0018  0.3213  0.6769  0.0000
  DIIS coefficients: -0.0442 -0.0189  0.4551  0.0735  0.5345
 SCF Error: norm([F,P])=      0.148688670632, max([F,P])=      0.043704392452
 orbitals (Q,E):
 ---------------
 A1.g :1...4         ( 2.00    -1.7608)  ( 2.00    -1.1883)  ( 2.00    -0.3745)  ( 0.00     0.0564)
 A2.g :1...2         ( 2.00     0.0369)  ( 0.00     0.8799)
 B1.g :1...3         ( 2.00    -1.7515)  ( 2.00    -0.4370)  ( 0.00     0.3055)
 B2.g :1...3         ( 2.00    -1.9240)  ( 2.00    -0.5525)  ( 0.00     0.0371)
 E1.g :1...3         ( 4.00    -1.6773)  ( 4.00    -0.2843)  ( 0.00     0.4079)
 A1.u :1...1         ( 0.00     1.8986)
 A2.u :1...3         ( 2.00    -0.5685)  ( 2.00     0.0317)  ( 0.00     0.2775)
 B1.u :1...2         ( 2.00    -0.1908)  ( 0.00     0.6244)
 B2.u :1...1         ( 0.00     0.7822)
 E1.u :1...4         ( 4.00    -1.0044)  ( 4.00    -0.3127)  ( 4.00    -0.1694)  ( 0.00     0.0738)

 CYCLE   43
  SDIIS (wt  0.577): -0.1104  0.5485 -0.0430  0.6049
 A-DIIS (wt  0.423):  0.0015  0.3218  0.6766  0.0000
  DIIS coefficients: -0.0630  0.4526  0.2616  0.3489
 SCF Error: norm([F,P])=      0.147857327586, max([F,P])=      0.043451552175
 orbitals (Q,E):
 ---------------
 A1.g :1...4         ( 2.00    -1.7610)  ( 2.00    -1.1884)  ( 2.00    -0.3745)  ( 0.00     0.0564)
 A2.g :1...2         ( 2.00     0.0370)  ( 0.00     0.8799)
 B1.g :1...3         ( 2.00    -1.7517)  ( 2.00    -0.4370)  ( 0.00     0.3055)
 B2.g :1...3         ( 2.00    -1.9242)  ( 2.00    -0.5525)  ( 0.00     0.0370)
 E1.g :1...3         ( 4.00    -1.6775)  ( 4.00    -0.2843)  ( 0.00     0.4079)
 A1.u :1...1         ( 0.00     1.8987)
 A2.u :1...3         ( 2.00    -0.5685)  ( 2.00     0.0317)  ( 0.00     0.2775)
 B1.u :1...2         ( 2.00    -0.1908)  ( 0.00     0.6244)
 B2.u :1...1         ( 0.00     0.7822)
 E1.u :1...4         ( 4.00    -1.0044)  ( 4.00    -0.3127)  ( 4.00    -0.1694)  ( 0.00     0.0738)

 CYCLE   44
  SDIIS (wt  0.577):  0.3295 -2.0000  2.6705
 A-DIIS (wt  0.423):  0.3255  0.0000  0.6745
  DIIS coefficients:  0.3278 -1.1534  1.8256
 SCF Error: norm([F,P])=      0.146737624887, max([F,P])=      0.043115129759
 orbitals (Q,E):
 ---------------
 A1.g :1...4         ( 2.00    -1.7604)  ( 2.00    -1.1881)  ( 2.00    -0.3744)  ( 0.00     0.0565)
 A2.g :1...2         ( 2.00     0.0371)  ( 0.00     0.8800)
 B1.g :1...3         ( 2.00    -1.7511)  ( 2.00    -0.4368)  ( 0.00     0.3055)
 B2.g :1...3         ( 2.00    -1.9236)  ( 2.00    -0.5523)  ( 0.00     0.0373)
 E1.g :1...3         ( 4.00    -1.6768)  ( 4.00    -0.2842)  ( 0.00     0.4080)
 A1.u :1...1         ( 0.00     1.8987)
 A2.u :1...3         ( 2.00    -0.5683)  ( 2.00     0.0317)  ( 0.00     0.2776)
 B1.u :1...2         ( 2.00    -0.1907)  ( 0.00     0.6244)
 B2.u :1...1         ( 0.00     0.7823)
 E1.u :1...4         ( 4.00    -1.0042)  ( 4.00    -0.3126)  ( 4.00    -0.1693)  ( 0.00     0.0738)

 CYCLE   45
  SDIIS (wt  0.577):  3.0000 -0.0000 -2.0000
 A-DIIS (wt  0.423):  1.0000  0.0000  0.0000
  DIIS coefficients:  2.1534 -0.0000 -1.1534
 SCF Error: norm([F,P])=      0.149647564450, max([F,P])=      0.044036811001
 orbitals (Q,E):
 ---------------
 A1.g :1...4         ( 2.00    -1.8105)  ( 2.00    -1.2047)  ( 2.00    -0.3698)  ( 0.00     0.0544)
 A2.g :1...1         ( 0.00     0.0483)
 B1.g :1...3         ( 2.00    -1.8102)  ( 2.00    -0.4358)  ( 0.00     0.3071)
 B2.g :1...4         ( 2.00    -1.9789)  ( 2.00    -0.5498)  ( 2.00     0.0249)  ( 0.00     0.3808)
 E1.g :1...3         ( 4.00    -1.7358)  ( 4.00    -0.2849)  ( 0.00     0.4096)
 A1.u :1...1         ( 0.00     1.9056)
 A2.u :1...3         ( 2.00    -0.5715)  ( 2.00     0.0318)  ( 0.00     0.2751)
 B1.u :1...2         ( 2.00    -0.1860)  ( 0.00     0.6268)
 B2.u :1...1         ( 0.00     0.7869)
 E1.u :1...4         ( 4.00    -1.0079)  ( 4.00    -0.3065)  ( 4.00    -0.1629)  ( 0.00     0.0749)

 CYCLE   46
  SDIIS (wt  0.000):  2.8911 -2.0000  0.1089
 A-DIIS (wt  1.000):  0.8662  0.0000  0.1338
  DIIS coefficients:  0.8662  0.0000  0.1338
 SCF Error: norm([F,P])=      1.050302638656, max([F,P])=      0.298127918548
 orbitals (Q,E):
 ---------------
 A1.g :1...4         ( 2.00    -1.7610)  ( 2.00    -1.1878)  ( 2.00    -0.3736)  ( 0.00     0.0568)
 A2.g :1...1         ( 0.00     0.0391)
 B1.g :1...3         ( 2.00    -1.7526)  ( 2.00    -0.4353)  ( 0.00     0.3059)
 B2.g :1...4         ( 2.00    -1.9252)  ( 2.00    -0.5513)  ( 2.00     0.0375)  ( 0.00     0.3793)
 E1.g :1...3         ( 4.00    -1.6779)  ( 4.00    -0.2834)  ( 0.00     0.4084)
 A1.u :1...1         ( 0.00     1.9000)
 A2.u :1...3         ( 2.00    -0.5677)  ( 2.00     0.0318)  ( 0.00     0.2780)
 B1.u :1...2         ( 2.00    -0.1898)  ( 0.00     0.6249)
 B2.u :1...1         ( 0.00     0.7834)
 E1.u :1...4         ( 4.00    -1.0033)  ( 4.00    -0.3116)  ( 4.00    -0.1678)  ( 0.00     0.0740)

 CYCLE   47
  SDIIS (wt  0.000):  2.6570 -2.0000 -0.5595  0.9024
 A-DIIS (wt  1.000):  0.8373  0.0000  0.0000  0.1627
  DIIS coefficients:  0.8373  0.0000  0.0000  0.1627
 SCF Error: norm([F,P])=      0.743488143556, max([F,P])=      0.213746554693
 orbitals (Q,E):
 ---------------
 A1.g :1...4         ( 2.00    -1.7610)  ( 2.00    -1.1884)  ( 2.00    -0.3745)  ( 0.00     0.0564)
 A2.g :1...1         ( 0.00     0.0371)
 B1.g :1...3         ( 2.00    -1.7518)  ( 2.00    -0.4369)  ( 0.00     0.3055)
 B2.g :1...4         ( 2.00    -1.9242)  ( 2.00    -0.5524)  ( 2.00     0.0371)  ( 0.00     0.3787)
 E1.g :1...3         ( 4.00    -1.6775)  ( 4.00    -0.2844)  ( 0.00     0.4079)
 A1.u :1...1         ( 0.00     1.8987)
 A2.u :1...3         ( 2.00    -0.5685)  ( 2.00     0.0317)  ( 0.00     0.2775)
 B1.u :1...2         ( 2.00    -0.1909)  ( 0.00     0.6244)
 B2.u :1...1         ( 0.00     0.7822)
 E1.u :1...4         ( 4.00    -1.0044)  ( 4.00    -0.3127)  ( 4.00    -0.1693)  ( 0.00     0.0738)

 CYCLE   48
  SDIIS (wt  0.000):  0.5316 -0.8400 -1.6916  3.0000
 A-DIIS (wt  1.000):  0.8355  0.0000  0.0000  0.1645
  DIIS coefficients:  0.8355  0.0000  0.0000  0.1645
 SCF Error: norm([F,P])=      0.737624128116, max([F,P])=      0.212090173903
 orbitals (Q,E):
 ---------------
 A1.g :1...4         ( 2.00    -1.7612)  ( 2.00    -1.1885)  ( 2.00    -0.3745)  ( 0.00     0.0564)
 A2.g :1...2         ( 1.00     0.0370)  ( 0.00     0.8799)
 B1.g :1...3         ( 2.00    -1.7520)  ( 2.00    -0.4371)  ( 0.00     0.3054)
 B2.g :1...4         ( 2.00    -1.9244)  ( 2.00    -0.5525)  ( 1.00     0.0370)  ( 0.00     0.3787)
 E1.g :1...3         ( 4.00    -1.6777)  ( 4.00    -0.2844)  ( 0.00     0.4079)
 A1.u :1...1         ( 0.00     1.8986)
 A2.u :1...3         ( 2.00    -0.5686)  ( 2.00     0.0317)  ( 0.00     0.2774)
 B1.u :1...2         ( 2.00    -0.1909)  ( 0.00     0.6244)
 B2.u :1...1         ( 0.00     0.7821)
 E1.u :1...4         ( 4.00    -1.0045)  ( 4.00    -0.3127)  ( 4.00    -0.1694)  ( 0.00     0.0738)

 CYCLE   49
  SDIIS (wt  0.000):  0.5599  0.0004 -0.0455 -0.0660  0.5513
 A-DIIS (wt  1.000):  0.6730  0.0000  0.0000  0.0000  0.3270
  DIIS coefficients:  0.6730  0.0000  0.0000  0.0000  0.3270
 SCF Error: norm([F,P])=      0.292758836208, max([F,P])=      0.085640483767
 orbitals (Q,E):
 ---------------
 A1.g :1...4         ( 2.00    -1.7613)  ( 2.00    -1.1885)  ( 2.00    -0.3745)  ( 0.00     0.0564)
 A2.g :1...2         ( 1.00     0.0370)  ( 0.00     0.8799)
 B1.g :1...3         ( 2.00    -1.7521)  ( 2.00    -0.4371)  ( 0.00     0.3054)
 B2.g :1...4         ( 2.00    -1.9245)  ( 2.00    -0.5525)  ( 1.00     0.0370)  ( 0.00     0.3787)
 E1.g :1...3         ( 4.00    -1.6778)  ( 4.00    -0.2844)  ( 0.00     0.4079)
 A1.u :1...1         ( 0.00     1.8986)
 A2.u :1...3         ( 2.00    -0.5686)  ( 2.00     0.0317)  ( 0.00     0.2774)
 B1.u :1...2         ( 2.00    -0.1909)  ( 0.00     0.6244)
 B2.u :1...1         ( 0.00     0.7822)
 E1.u :1...4         ( 4.00    -1.0045)  ( 4.00    -0.3127)  ( 4.00    -0.1694)  ( 0.00     0.0738)

 CYCLE   50
  SDIIS (wt  0.000):  0.5601 -0.0015 -0.0436 -0.0654  0.5504
 A-DIIS (wt  1.000):  0.6732  0.0000  0.0000  0.0000  0.3268
  DIIS coefficients:  0.6732  0.0000  0.0000  0.0000  0.3268
 SCF Error: norm([F,P])=      0.293366992454, max([F,P])=      0.085856748826
 orbitals (Q,E):
 ---------------
 A1.g :1...4         ( 2.00    -1.7613)  ( 2.00    -1.1885)  ( 2.00    -0.3745)  ( 0.00     0.0564)
 A2.g :1...2         ( 1.00     0.0370)  ( 0.00     0.8799)
 B1.g :1...3         ( 2.00    -1.7521)  ( 2.00    -0.4371)  ( 0.00     0.3055)
 B2.g :1...4         ( 2.00    -1.9245)  ( 2.00    -0.5525)  ( 1.00     0.0370)  ( 0.00     0.3787)
 E1.g :1...3         ( 4.00    -1.6778)  ( 4.00    -0.2844)  ( 0.00     0.4079)
 A1.u :1...1         ( 0.00     1.8986)
 A2.u :1...3         ( 2.00    -0.5686)  ( 2.00     0.0317)  ( 0.00     0.2774)
 B1.u :1...2         ( 2.00    -0.1909)  ( 0.00     0.6244)
 B2.u :1...1         ( 0.00     0.7822)
 E1.u :1...4         ( 4.00    -1.0045)  ( 4.00    -0.3127)  ( 4.00    -0.1694)  ( 0.00     0.0738)

 CYCLE   51
  SDIIS (wt  0.000):  0.5601 -0.0010 -0.0446 -0.0651  0.5506
 A-DIIS (wt  1.000):  0.6732  0.0000  0.0000  0.0000  0.3268
  DIIS coefficients:  0.6732  0.0000  0.0000  0.0000  0.3268
 SCF Error: norm([F,P])=      0.293267625135, max([F,P])=      0.085824713340
 orbitals (Q,E):
 ---------------
 A1.g :1...4         ( 2.00    -1.7613)  ( 2.00    -1.1885)  ( 2.00    -0.3745)  ( 0.00     0.0564)
 A2.g :1...2         ( 1.00     0.0370)  ( 0.00     0.8799)
 B1.g :1...3         ( 2.00    -1.7521)  ( 2.00    -0.4371)  ( 0.00     0.3055)
 B2.g :1...4         ( 2.00    -1.9245)  ( 2.00    -0.5525)  ( 1.00     0.0370)  ( 0.00     0.3787)
 E1.g :1...3         ( 4.00    -1.6778)  ( 4.00    -0.2844)  ( 0.00     0.4079)
 A1.u :1...1         ( 0.00     1.8986)
 A2.u :1...3         ( 2.00    -0.5686)  ( 2.00     0.0317)  ( 0.00     0.2774)
 B1.u :1...2         ( 2.00    -0.1909)  ( 0.00     0.6244)
 B2.u :1...1         ( 0.00     0.7822)
 E1.u :1...4         ( 4.00    -1.0045)  ( 4.00    -0.3127)  ( 4.00    -0.1694)  ( 0.00     0.0738)

 CYCLE   52
  SDIIS (wt  0.000):  0.5601 -0.0011 -0.0442 -0.0654  0.5506
 A-DIIS (wt  1.000):  0.6732  0.0000  0.0000  0.0000  0.3268
  DIIS coefficients:  0.6732  0.0000  0.0000  0.0000  0.3268
 SCF Error: norm([F,P])=      0.293284816446, max([F,P])=      0.085830424760
 orbitals (Q,E):
 ---------------
 A1.g :1...4         ( 2.00    -1.7613)  ( 2.00    -1.1885)  ( 2.00    -0.3745)  ( 0.00     0.0564)
 A2.g :1...2         ( 1.00     0.0370)  ( 0.00     0.8799)
 B1.g :1...3         ( 2.00    -1.7521)  ( 2.00    -0.4371)  ( 0.00     0.3055)
 B2.g :1...4         ( 2.00    -1.9245)  ( 2.00    -0.5525)  ( 1.00     0.0370)  ( 0.00     0.3787)
 E1.g :1...3         ( 4.00    -1.6778)  ( 4.00    -0.2844)  ( 0.00     0.4079)
 A1.u :1...1         ( 0.00     1.8986)
 A2.u :1...3         ( 2.00    -0.5686)  ( 2.00     0.0317)  ( 0.00     0.2774)
 B1.u :1...2         ( 2.00    -0.1909)  ( 0.00     0.6244)
 B2.u :1...1         ( 0.00     0.7822)
 E1.u :1...4         ( 4.00    -1.0045)  ( 4.00    -0.3127)  ( 4.00    -0.1694)  ( 0.00     0.0738)

 CYCLE   53
  SDIIS (wt  0.000):  0.5601 -0.0011 -0.0444 -0.0652  0.5506
 A-DIIS (wt  1.000):  0.6732  0.0000  0.0000  0.0000  0.3268
  DIIS coefficients:  0.6732  0.0000  0.0000  0.0000  0.3268
 SCF Error: norm([F,P])=      0.293281402614, max([F,P])=      0.085829232932
 orbitals (Q,E):
 ---------------
 A1.g :1...4         ( 2.00    -1.7613)  ( 2.00    -1.1885)  ( 2.00    -0.3745)  ( 0.00     0.0564)
 A2.g :1...2         ( 1.00     0.0370)  ( 0.00     0.8799)
 B1.g :1...3         ( 2.00    -1.7521)  ( 2.00    -0.4371)  ( 0.00     0.3055)
 B2.g :1...4         ( 2.00    -1.9245)  ( 2.00    -0.5525)  ( 1.00     0.0370)  ( 0.00     0.3787)
 E1.g :1...3         ( 4.00    -1.6778)  ( 4.00    -0.2844)  ( 0.00     0.4079)
 A1.u :1...1         ( 0.00     1.8986)
 A2.u :1...3         ( 2.00    -0.5686)  ( 2.00     0.0317)  ( 0.00     0.2774)
 B1.u :1...2         ( 2.00    -0.1909)  ( 0.00     0.6244)
 B2.u :1...1         ( 0.00     0.7822)
 E1.u :1...4         ( 4.00    -1.0045)  ( 4.00    -0.3127)  ( 4.00    -0.1694)  ( 0.00     0.0738)

 CYCLE   54
  SDIIS (wt  0.143): -1.4285 -1.1843  3.0000  2.6128 -2.0000
 A-DIIS (wt  0.857):  0.0000  0.0000  0.0000  1.0000  0.0000
  DIIS coefficients: -0.2045 -0.1695  0.4294  1.2309 -0.2863
 SCF Error: norm([F,P])=      0.293282292834, max([F,P])=      0.085829558170
 orbitals (Q,E):
 ---------------
 A1.g :1...4         ( 2.00    -1.6651)  ( 2.00    -1.1522)  ( 2.00    -0.3834)  ( 0.00     0.0601)
 A2.g :1...2         ( 2.00     0.0134)  ( 0.00     0.8705)
 B1.g :1...3         ( 2.00    -1.6345)  ( 2.00    -0.4386)  ( 0.00     0.3020)
 B2.g :1...3         ( 2.00    -1.8144)  ( 2.00    -0.5587)  ( 0.00     0.0642)
 E1.g :1...3         ( 4.00    -1.5599)  ( 4.00    -0.2826)  ( 0.00     0.4046)
 A1.u :1...1         ( 0.00     1.8841)
 A2.u :1...3         ( 2.00    -0.5630)  ( 2.00     0.0316)  ( 0.00     0.2824)
 B1.u :1...2         ( 2.00    -0.2006)  ( 0.00     0.6195)
 B2.u :1...1         ( 0.00     0.7722)
 E1.u :1...4         ( 4.00    -0.9981)  ( 4.00    -0.3255)  ( 4.00    -0.1822)  ( 0.00     0.0715)

 CYCLE   55
  SDIIS (wt  0.000):  0.0883 -0.8281  0.4835  1.0765  0.1798
 A-DIIS (wt  1.000):  0.0000  0.0000  0.0000  0.6982  0.3018
  DIIS coefficients:  0.0000  0.0000  0.0000  0.6982  0.3018
 SCF Error: norm([F,P])=      0.880884454738, max([F,P])=      0.265959992823
 orbitals (Q,E):
 ---------------
 A1.g :1...4         ( 2.00    -1.7509)  ( 2.00    -1.1868)  ( 2.00    -0.3782)  ( 0.00     0.0555)
 A2.g :1...2         ( 2.00     0.0271)  ( 0.00     0.8763)
 B1.g :1...3         ( 2.00    -1.7367)  ( 2.00    -0.4440)  ( 0.00     0.3033)
 B2.g :1...3         ( 2.00    -1.9083)  ( 2.00    -0.5568)  ( 0.00     0.0392)
 E1.g :1...3         ( 4.00    -1.6641)  ( 4.00    -0.2874)  ( 0.00     0.4061)
 A1.u :1...1         ( 0.00     1.8921)
 A2.u :1...3         ( 2.00    -0.5706)  ( 2.00     0.0314)  ( 0.00     0.2762)
 B1.u :1...2         ( 2.00    -0.1953)  ( 0.00     0.6224)
 B2.u :1...1         ( 0.00     0.7762)
 E1.u :1...4         ( 4.00    -1.0072)  ( 4.00    -0.3172)  ( 4.00    -0.1764)  ( 0.00     0.0730)

 CYCLE   56
  SDIIS (wt  0.318): -0.1759 -0.9770  1.8255  0.0776  0.2498
 A-DIIS (wt  0.682):  0.0000  0.0000  0.3914  0.0000  0.6086
  DIIS coefficients: -0.0560 -0.3109  0.8477  0.0247  0.4944
 SCF Error: norm([F,P])=      0.237390301374, max([F,P])=      0.068500626308
 orbitals (Q,E):
 ---------------
 A1.g :1...4         ( 2.00    -1.7569)  ( 2.00    -1.1863)  ( 2.00    -0.3738)  ( 0.00     0.0567)
 A2.g :1...2         ( 2.00     0.0368)  ( 0.00     0.8799)
 B1.g :1...3         ( 2.00    -1.7464)  ( 2.00    -0.4368)  ( 0.00     0.3055)
 B2.g :1...3         ( 2.00    -1.9186)  ( 2.00    -0.5516)  ( 0.00     0.0393)
 E1.g :1...3         ( 4.00    -1.6727)  ( 4.00    -0.2833)  ( 0.00     0.4082)
 A1.u :1...1         ( 0.00     1.8985)
 A2.u :1...3         ( 2.00    -0.5675)  ( 2.00     0.0318)  ( 0.00     0.2781)
 B1.u :1...2         ( 2.00    -0.1900)  ( 0.00     0.6246)
 B2.u :1...1         ( 0.00     0.7819)
 E1.u :1...4         ( 4.00    -1.0031)  ( 4.00    -0.3120)  ( 4.00    -0.1691)  ( 0.00     0.0739)

 CYCLE   57
  SDIIS (wt  0.514): -0.1522  0.1198  0.6209  0.0432  0.1703  0.1980
 A-DIIS (wt  0.486):  0.0000  0.0000  0.3391  0.0000  0.0000  0.6609
  DIIS coefficients: -0.0782  0.0615  0.4839  0.0222  0.0875  0.4231
 SCF Error: norm([F,P])=      0.167724021982, max([F,P])=      0.049141079041
 orbitals (Q,E):
 ---------------
 A1.g :1...4         ( 2.00    -1.7589)  ( 2.00    -1.1883)  ( 2.00    -0.3756)  ( 0.00     0.0562)
 A2.g :1...2         ( 2.00     0.0348)  ( 0.00     0.8791)
 B1.g :1...3         ( 2.00    -1.7488)  ( 2.00    -0.4385)  ( 0.00     0.3050)
 B2.g :1...3         ( 2.00    -1.9213)  ( 2.00    -0.5536)  ( 0.00     0.0371)
 E1.g :1...3         ( 4.00    -1.6747)  ( 4.00    -0.2852)  ( 0.00     0.4075)
 A1.u :1...1         ( 0.00     1.8972)
 A2.u :1...3         ( 2.00    -0.5692)  ( 2.00     0.0317)  ( 0.00     0.2771)
 B1.u :1...2         ( 2.00    -0.1921)  ( 0.00     0.6238)
 B2.u :1...1         ( 0.00     0.7810)
 E1.u :1...4         ( 4.00    -1.0053)  ( 4.00    -0.3140)  ( 4.00    -0.1711)  ( 0.00     0.0736)

 CYCLE   58
  SDIIS (wt  0.514): -0.6284  0.6764 -0.1360 -0.7317  0.2140  1.6056
 A-DIIS (wt  0.486):  0.0000  0.3399  0.0000  0.0000  0.2312  0.4289
  DIIS coefficients: -0.3228  0.5128 -0.0699 -0.3759  0.2224  1.0334
 SCF Error: norm([F,P])=      0.168802252911, max([F,P])=      0.049467703917
 orbitals (Q,E):
 ---------------
 A1.g :1...4         ( 2.00    -1.7696)  ( 2.00    -1.1910)  ( 2.00    -0.3733)  ( 0.00     0.0564)
 A2.g :1...1         ( 0.00     0.0405)
 B1.g :1...3         ( 2.00    -1.7627)  ( 2.00    -0.4354)  ( 0.00     0.3061)
 B2.g :1...4         ( 2.00    -1.9350)  ( 2.00    -0.5513)  ( 2.00     0.0348)  ( 0.00     0.3794)
 E1.g :1...3         ( 4.00    -1.6880)  ( 4.00    -0.2839)  ( 0.00     0.4085)
 A1.u :1...1         ( 0.00     1.9010)
 A2.u :1...3         ( 2.00    -0.5685)  ( 2.00     0.0318)  ( 0.00     0.2774)
 B1.u :1...2         ( 2.00    -0.1894)  ( 0.00     0.6251)
 B2.u :1...1         ( 0.00     0.7841)
 E1.u :1...4         ( 4.00    -1.0044)  ( 4.00    -0.3111)  ( 4.00    -0.1671)  ( 0.00     0.0741)

 CYCLE   59
  SDIIS (wt  0.000): -0.1511 -0.7951  0.2204  1.7175  0.0082
 A-DIIS (wt  1.000):  0.0000  0.0000  0.3218  0.5106  0.1675
  DIIS coefficients:  0.0000  0.0000  0.3218  0.5106  0.1675
 SCF Error: norm([F,P])=      0.795921751859, max([F,P])=      0.228428600621
 orbitals (Q,E):
 ---------------
 A1.g :1...4         ( 2.00    -1.7613)  ( 2.00    -1.1884)  ( 2.00    -0.3744)  ( 0.00     0.0564)
 A2.g :1...1         ( 0.00     0.0372)
 B1.g :1...3         ( 2.00    -1.7521)  ( 2.00    -0.4369)  ( 0.00     0.3055)
 B2.g :1...4         ( 2.00    -1.9244)  ( 2.00    -0.5523)  ( 2.00     0.0372)  ( 0.00     0.3788)
 E1.g :1...3         ( 4.00    -1.6778)  ( 4.00    -0.2843)  ( 0.00     0.4080)
 A1.u :1...1         ( 0.00     1.8987)
 A2.u :1...3         ( 2.00    -0.5685)  ( 2.00     0.0317)  ( 0.00     0.2775)
 B1.u :1...2         ( 2.00    -0.1907)  ( 0.00     0.6244)
 B2.u :1...1         ( 0.00     0.7822)
 E1.u :1...4         ( 4.00    -1.0043)  ( 4.00    -0.3125)  ( 4.00    -0.1692)  ( 0.00     0.0739)

 CYCLE   60
  SDIIS (wt  0.000): -0.1682 -0.8291  0.3473  1.7203  1.0271 -1.0974
 A-DIIS (wt  1.000):  0.0000  0.0000  0.2915  0.5361  0.0000  0.1724
  DIIS coefficients:  0.0000  0.0000  0.2915  0.5361  0.0000  0.1724
 SCF Error: norm([F,P])=      0.740095071161, max([F,P])=      0.212746533213
 orbitals (Q,E):
 ---------------
 A1.g :1...4         ( 2.00    -1.7616)  ( 2.00    -1.1886)  ( 2.00    -0.3744)  ( 0.00     0.0563)
 A2.g :1...2         ( 2.00     0.0371)  ( 0.00     0.8800)
 B1.g :1...3         ( 2.00    -1.7523)  ( 2.00    -0.4371)  ( 0.00     0.3054)
 B2.g :1...3         ( 2.00    -1.9246)  ( 2.00    -0.5524)  ( 0.00     0.0371)
 E1.g :1...3         ( 4.00    -1.6782)  ( 4.00    -0.2844)  ( 0.00     0.4080)
 A1.u :1...1         ( 0.00     1.8986)
 A2.u :1...3         ( 2.00    -0.5686)  ( 2.00     0.0317)  ( 0.00     0.2774)
 B1.u :1...2         ( 2.00    -0.1908)  ( 0.00     0.6244)
 B2.u :1...1         ( 0.00     0.7821)
 E1.u :1...4         ( 4.00    -1.0045)  ( 4.00    -0.3126)  ( 4.00    -0.1693)  ( 0.00     0.0738)

 CYCLE   61
  SDIIS (wt  0.590):  0.5745  0.0003 -0.0574  0.1919  0.3991  0.0265 -0.1445  0.0096
 A-DIIS (wt  0.410):  0.3221  0.0000  0.0000  0.0000  0.0000  0.0000  0.0000  0.6779
  DIIS coefficients:  0.4710  0.0002 -0.0338  0.1132  0.2354  0.0156 -0.0852  0.2837
 SCF Error: norm([F,P])=      0.141646868755, max([F,P])=      0.041609712843
 orbitals (Q,E):
 ---------------
 A1.g :1...4         ( 2.00    -1.7604)  ( 2.00    -1.1882)  ( 2.00    -0.3745)  ( 0.00     0.0565)
 A2.g :1...2         ( 2.00     0.0369)  ( 0.00     0.8799)
 B1.g :1...3         ( 2.00    -1.7511)  ( 2.00    -0.4370)  ( 0.00     0.3055)
 B2.g :1...3         ( 2.00    -1.9236)  ( 2.00    -0.5524)  ( 0.00     0.0372)
 E1.g :1...3         ( 4.00    -1.6768)  ( 4.00    -0.2843)  ( 0.00     0.4080)
 A1.u :1...1         ( 0.00     1.8986)
 A2.u :1...3         ( 2.00    -0.5684)  ( 2.00     0.0317)  ( 0.00     0.2775)
 B1.u :1...2         ( 2.00    -0.1908)  ( 0.00     0.6244)
 B2.u :1...1         ( 0.00     0.7822)
 E1.u :1...4         ( 4.00    -1.0043)  ( 4.00    -0.3127)  ( 4.00    -0.1694)  ( 0.00     0.0738)

 CYCLE   62
  SDIIS (wt  0.590): -0.0669 -0.2073 -1.3720 -1.9925  0.3826 -0.4082  3.0000  1.6642
 A-DIIS (wt  0.410):  0.0000  0.0000  0.0000  0.0000  0.0000  0.1647  0.0000  0.8353
  DIIS coefficients: -0.0394 -0.1222 -0.8092 -1.1752  0.2256 -0.1732  1.7694  1.3242
 SCF Error: norm([F,P])=      0.150418330993, max([F,P])=      0.044209507101
 orbitals (Q,E):
 ---------------
 A1.g :1...4         ( 2.00    -1.7745)  ( 2.00    -1.1925)  ( 2.00    -0.3726)  ( 0.00     0.0563)
 A2.g :1...1         ( 0.00     0.0425)
 B1.g :1...3         ( 2.00    -1.7691)  ( 2.00    -0.4344)  ( 0.00     0.3065)
 B2.g :1...4         ( 2.00    -1.9413)  ( 2.00    -0.5507)  ( 2.00     0.0335)  ( 0.00     0.3798)
 E1.g :1...3         ( 4.00    -1.6940)  ( 4.00    -0.2837)  ( 0.00     0.4088)
 A1.u :1...1         ( 0.00     1.9023)
 A2.u :1...3         ( 2.00    -0.5686)  ( 2.00     0.0318)  ( 0.00     0.2774)
 B1.u :1...2         ( 2.00    -0.1887)  ( 0.00     0.6255)
 B2.u :1...1         ( 0.00     0.7852)
 E1.u :1...4         ( 4.00    -1.0045)  ( 4.00    -0.3102)  ( 4.00    -0.1658)  ( 0.00     0.0743)

 CYCLE   63
   MIX coefficients:  0.8000  0.2000
 SCF Error: norm([F,P])=      0.828120120881, max([F,P])=      0.237396154074
 orbitals (Q,E):
 ---------------
 A1.g :1...4         ( 2.00    -1.5271)  ( 2.00    -1.0796)  ( 2.00    -0.3934)  ( 0.00     0.0663)
 A2.g :1...2         ( 2.00    -0.0184)  ( 0.00     0.8576)
 B1.g :1...3         ( 2.00    -1.4551)  ( 2.00    -0.4300)  ( 0.00     0.2981)
 B2.g :1...3         ( 2.00    -1.6479)  ( 2.00    -0.5673)  ( 0.00     0.1134)
 E1.g :1...3         ( 4.00    -1.3740)  ( 4.00    -0.2753)  ( 0.00     0.4001)
 A1.u :1...1         ( 0.00     1.8648)
 A2.u :1...3         ( 2.00    -0.5537)  ( 2.00     0.0315)  ( 0.00     0.2923)
 B1.u :1...2         ( 2.00    -0.2141)  ( 0.00     0.6130)
 B2.u :1...1         ( 0.00     0.7600)
 E1.u :1...4         ( 4.00    -0.9877)  ( 4.00    -0.3438)  ( 4.00    -0.1963)  ( 0.00     0.0685)

 CYCLE   64
  SDIIS (wt  0.000):  2.8118 -2.0000  0.1882
 A-DIIS (wt  1.000):  0.6968  0.0000  0.3032
  DIIS coefficients:  0.6968  0.0000  0.3032
 SCF Error: norm([F,P])=      2.116268745269, max([F,P])=      0.647311355208
 orbitals (Q,E):
 ---------------
 A1.g :1...4         ( 2.00    -1.7260)  ( 2.00    -1.1816)  ( 2.00    -0.3865)  ( 0.00     0.0541)
 A2.g :1...2         ( 2.00     0.0069)  ( 0.00     0.8687)
 B1.g :1...3         ( 2.00    -1.7015)  ( 2.00    -0.4569)  ( 0.00     0.2988)
 B2.g :1...3         ( 2.00    -1.8722)  ( 2.00    -0.5662)  ( 0.00     0.0444)
 E1.g :1...3         ( 4.00    -1.6315)  ( 4.00    -0.2937)  ( 0.00     0.4021)
 A1.u :1...1         ( 0.00     1.8785)
 A2.u :1...3         ( 2.00    -0.5745)  ( 2.00     0.0308)  ( 0.00     0.2741)
 B1.u :1...2         ( 2.00    -0.2052)  ( 0.00     0.6179)
 B2.u :1...1         ( 0.00     0.7643)
 E1.u :1...4         ( 4.00    -1.0126)  ( 4.00    -0.3278)  ( 4.00    -0.1903)  ( 0.00     0.0711)

 CYCLE   65
  SDIIS (wt  0.000):  0.1669 -0.1501  0.9831
 A-DIIS (wt  1.000):  0.2874  0.0000  0.7126
  DIIS coefficients:  0.2874  0.0000  0.7126
 SCF Error: norm([F,P])=      0.463407978399, max([F,P])=      0.132392435422
 orbitals (Q,E):
 ---------------
 A1.g :1...4         ( 2.00    -1.7561)  ( 2.00    -1.1830)  ( 2.00    -0.3690)  ( 0.00     0.0573)
 A2.g :1...2         ( 2.00     0.0416)  ( 0.00     0.8818)
 B1.g :1...3         ( 2.00    -1.7449)  ( 2.00    -0.4337)  ( 0.00     0.3066)
 B2.g :1...3         ( 2.00    -1.9153)  ( 2.00    -0.5468)  ( 0.00     0.0440)
 E1.g :1...3         ( 4.00    -1.6727)  ( 4.00    -0.2793)  ( 0.00     0.4099)
 A1.u :1...1         ( 0.00     1.9012)
 A2.u :1...3         ( 2.00    -0.5640)  ( 2.00     0.0321)  ( 0.00     0.2799)
 B1.u :1...2         ( 2.00    -0.1848)  ( 0.00     0.6266)
 B2.u :1...1         ( 0.00     0.7837)
 E1.u :1...4         ( 4.00    -0.9983)  ( 4.00    -0.3069)  ( 4.00    -0.1646)  ( 0.00     0.0746)

 CYCLE   66
  SDIIS (wt  0.599): -2.0000 -0.0259  3.0000 -1.3683  3.0000 -1.6540 -0.0126 -0.1947  0.2555
 A-DIIS (wt  0.401):  0.0000  0.0000  0.0000  0.1613  0.8387  0.0000  0.0000  0.0000  0.0000
  DIIS coefficients: -1.1980 -0.0155  1.7971 -0.7550  2.1334 -0.9908 -0.0075 -0.1166  0.1530
 SCF Error: norm([F,P])=      0.150084843528, max([F,P])=      0.040696738851
 orbitals (Q,E):
 ---------------
 A1.g :1...4         ( 2.00    -1.7742)  ( 2.00    -1.1924)  ( 2.00    -0.3726)  ( 0.00     0.0564)
 A2.g :1...1         ( 0.00     0.0426)
 B1.g :1...3         ( 2.00    -1.7688)  ( 2.00    -0.4344)  ( 0.00     0.3065)
 B2.g :1...4         ( 2.00    -1.9410)  ( 2.00    -0.5507)  ( 2.00     0.0335)  ( 0.00     0.3798)
 E1.g :1...3         ( 4.00    -1.6936)  ( 4.00    -0.2836)  ( 0.00     0.4088)
 A1.u :1...1         ( 0.00     1.9023)
 A2.u :1...3         ( 2.00    -0.5685)  ( 2.00     0.0318)  ( 0.00     0.2774)
 B1.u :1...2         ( 2.00    -0.1887)  ( 0.00     0.6255)
 B2.u :1...1         ( 0.00     0.7852)
 E1.u :1...4         ( 4.00    -1.0044)  ( 4.00    -0.3102)  ( 4.00    -0.1658)  ( 0.00     0.0743)

 CYCLE   67
  SDIIS (wt  0.000): -0.0933  0.3182  0.7174  0.0577
 A-DIIS (wt  1.000):  0.0000  0.0000  0.8463  0.1537
  DIIS coefficients:  0.0000  0.0000  0.8463  0.1537
 SCF Error: norm([F,P])=      0.826429214790, max([F,P])=      0.236987027768
 orbitals (Q,E):
 ---------------
 A1.g :1...4         ( 2.00    -1.7711)  ( 2.00    -1.1978)  ( 2.00    -0.3821)  ( 0.00     0.0540)
 A2.g :1...2         ( 2.00     0.0275)  ( 0.00     0.8766)
 B1.g :1...3         ( 2.00    -1.7624)  ( 2.00    -0.4456)  ( 0.00     0.3032)
 B2.g :1...4         ( 2.00    -1.9356)  ( 2.00    -0.5610)  ( 2.00     0.0278)  ( 0.00     0.3751)
 E1.g :1...3         ( 4.00    -1.6872)  ( 4.00    -0.2927)  ( 0.00     0.4048)
 A1.u :1...1         ( 0.00     1.8927)
 A2.u :1...2         ( 2.00    -0.5763)  ( 0.00     0.0311)
 B1.u :1...2         ( 2.00    -0.2000)  ( 0.00     0.6210)
 B2.u :1...1         ( 0.00     0.7771)
 E1.u :1...4         ( 4.00    -1.0146)  ( 4.00    -0.3208)  ( 4.00    -0.1785)  ( 0.00     0.0727)

 CYCLE   68
  SDIIS (wt  0.000): -0.0165 -0.0397 -0.0957  1.0967  0.0552
 A-DIIS (wt  1.000):  0.1469  0.0000  0.0000  0.8423  0.0108
  DIIS coefficients:  0.1469  0.0000  0.0000  0.8423  0.0108
 SCF Error: norm([F,P])=      1.290690412363, max([F,P])=      0.234763163295
 orbitals (Q,E):
 ---------------
 A1.g :1...4         ( 2.00    -1.7653)  ( 2.00    -1.1930)  ( 2.00    -0.3785)  ( 0.00     0.0557)
 A2.g :1...2         ( 2.00     0.0320)  ( 0.00     0.8782)
 B1.g :1...3         ( 2.00    -1.7563)  ( 2.00    -0.4411)  ( 0.00     0.3043)
 B2.g :1...3         ( 2.00    -1.9295)  ( 2.00    -0.5569)  ( 0.00     0.0322)
 E1.g :1...3         ( 4.00    -1.6814)  ( 4.00    -0.2887)  ( 0.00     0.4063)
 A1.u :1...1         ( 0.00     1.8959)
 A2.u :1...3         ( 2.00    -0.5725)  ( 2.00     0.0318)  ( 0.00     0.2753)
 B1.u :1...2         ( 2.00    -0.1959)  ( 0.00     0.6226)
 B2.u :1...1         ( 0.00     0.7800)
 E1.u :1...4         ( 4.00    -1.0097)  ( 4.00    -0.3171)  ( 4.00    -0.1741)  ( 0.00     0.0732)

 CYCLE   69
  SDIIS (wt  0.549):  0.3173 -2.0000 -0.0307 -0.2486  0.3403  2.0169 -0.0003  0.6051
 A-DIIS (wt  0.451):  0.8429  0.0000  0.0000  0.0000  0.0000  0.1571  0.0000  0.0000
  DIIS coefficients:  0.5544 -1.0978 -0.0168 -0.1364  0.1868  1.1780 -0.0002  0.3321
 SCF Error: norm([F,P])=      0.164432497919, max([F,P])=      0.045656766705
 orbitals (Q,E):
 ---------------
 A1.g :1...4         ( 2.00    -1.7702)  ( 2.00    -1.1912)  ( 2.00    -0.3733)  ( 0.00     0.0564)
 A2.g :1...1         ( 0.00     0.0410)
 B1.g :1...3         ( 2.00    -1.7637)  ( 2.00    -0.4350)  ( 0.00     0.3062)
 B2.g :1...4         ( 2.00    -1.9360)  ( 2.00    -0.5512)  ( 2.00     0.0345)  ( 0.00     0.3794)
 E1.g :1...3         ( 4.00    -1.6888)  ( 4.00    -0.2838)  ( 0.00     0.4085)
 A1.u :1...1         ( 0.00     1.9012)
 A2.u :1...3         ( 2.00    -0.5685)  ( 2.00     0.0318)  ( 0.00     0.2774)
 B1.u :1...2         ( 2.00    -0.1893)  ( 0.00     0.6251)
 B2.u :1...1         ( 0.00     0.7844)
 E1.u :1...4         ( 4.00    -1.0044)  ( 4.00    -0.3110)  ( 4.00    -0.1668)  ( 0.00     0.0742)

 CYCLE   70
  SDIIS (wt  0.000):  0.6021  0.3774 -0.0326 -0.2480  0.2160 -0.0005  0.4626 -0.3771
 A-DIIS (wt  1.000):  0.8404  0.0000  0.0000  0.0000  0.0000 -0.0000  0.0000  0.1596
  DIIS coefficients:  0.8404  0.0000  0.0000  0.0000  0.0000 -0.0000  0.0000  0.1596
 SCF Error: norm([F,P])=      0.799943107787, max([F,P])=      0.229619823478
 orbitals (Q,E):
 ---------------
 A1.g :1...4         ( 2.00    -1.7606)  ( 2.00    -1.1881)  ( 2.00    -0.3743)  ( 0.00     0.0565)
 A2.g :1...1         ( 0.00     0.0374)
 B1.g :1...3         ( 2.00    -1.7514)  ( 2.00    -0.4366)  ( 0.00     0.3055)
 B2.g :1...4         ( 2.00    -1.9239)  ( 2.00    -0.5522)  ( 2.00     0.0373)  ( 0.00     0.3789)
 E1.g :1...3         ( 4.00    -1.6771)  ( 4.00    -0.2841)  ( 0.00     0.4080)
 A1.u :1...1         ( 0.00     1.8989)
 A2.u :1...3         ( 2.00    -0.5683)  ( 2.00     0.0318)  ( 0.00     0.2776)
 B1.u :1...2         ( 2.00    -0.1907)  ( 0.00     0.6245)
 B2.u :1...1         ( 0.00     0.7824)
 E1.u :1...4         ( 4.00    -1.0041)  ( 4.00    -0.3125)  ( 4.00    -0.1690)  ( 0.00     0.0739)

 CYCLE   71
  SDIIS (wt  0.000):  0.6084  0.6917 -0.0357 -0.2654  0.2648 -0.0012  0.5011 -0.7636
 A-DIIS (wt  1.000):  0.8351  0.0000  0.0000 -0.0000  0.0000  0.0000  0.0000  0.1649
  DIIS coefficients:  0.8351  0.0000  0.0000 -0.0000  0.0000  0.0000  0.0000  0.1649
 SCF Error: norm([F,P])=      0.736412742246, max([F,P])=      0.211723663770
 orbitals (Q,E):
 ---------------
 A1.g :1...4         ( 2.00    -1.7612)  ( 2.00    -1.1885)  ( 2.00    -0.3745)  ( 0.00     0.0564)
 A2.g :1...2         ( 1.00     0.0371)  ( 0.00     0.8800)
 B1.g :1...3         ( 2.00    -1.7519)  ( 2.00    -0.4370)  ( 0.00     0.3055)
 B2.g :1...4         ( 2.00    -1.9243)  ( 2.00    -0.5524)  ( 1.00     0.0371)  ( 0.00     0.3787)
 E1.g :1...3         ( 4.00    -1.6777)  ( 4.00    -0.2844)  ( 0.00     0.4079)
 A1.u :1...1         ( 0.00     1.8986)
 A2.u :1...3         ( 2.00    -0.5686)  ( 2.00     0.0317)  ( 0.00     0.2774)
 B1.u :1...2         ( 2.00    -0.1909)  ( 0.00     0.6244)
 B2.u :1...1         ( 0.00     0.7822)
 E1.u :1...4         ( 4.00    -1.0044)  ( 4.00    -0.3127)  ( 4.00    -0.1693)  ( 0.00     0.0738)

 CYCLE   72
  SDIIS (wt  0.000): -1.2441  0.0020 -0.0341  0.2721 -0.0007  0.3433  1.7634 -0.6209  0.5189
 A-DIIS (wt  1.000):  0.0000  0.0000  0.0000  0.2632  0.0000  0.4073  0.0000  0.0000  0.3295
  DIIS coefficients:  0.0000  0.0000  0.0000  0.2632  0.0000  0.4073  0.0000  0.0000  0.3295
 SCF Error: norm([F,P])=      0.292838942818, max([F,P])=      0.085641820164
 orbitals (Q,E):
 ---------------
 A1.g :1...4         ( 2.00    -1.7594)  ( 2.00    -1.1872)  ( 2.00    -0.3739)  ( 0.00     0.0567)
 A2.g :1...2         ( 2.00     0.0379)  ( 0.00     0.8802)
 B1.g :1...3         ( 2.00    -1.7500)  ( 2.00    -0.4360)  ( 0.00     0.3057)
 B2.g :1...3         ( 2.00    -1.9225)  ( 2.00    -0.5517)  ( 0.00     0.0381)
 E1.g :1...3         ( 4.00    -1.6758)  ( 4.00    -0.2835)  ( 0.00     0.4082)
 A1.u :1...1         ( 0.00     1.8992)
 A2.u :1...3         ( 2.00    -0.5676)  ( 2.00     0.0318)  ( 0.00     0.2780)
 B1.u :1...2         ( 2.00    -0.1900)  ( 0.00     0.6247)
 B2.u :1...1         ( 0.00     0.7827)
 E1.u :1...4         ( 4.00    -1.0033)  ( 4.00    -0.3120)  ( 4.00    -0.1685)  ( 0.00     0.0739)

 CYCLE   73
  SDIIS (wt  0.561): -0.0003  0.0093 -0.0033  0.3471  0.0004  0.0609 -0.4954  0.0339  0.5643  0.4832
 A-DIIS (wt  0.439):  0.0000  0.0000  0.0000  0.0000  0.0000  0.0000  0.0000  0.0000  0.3279  0.6721
  DIIS coefficients: -0.0002  0.0052 -0.0019  0.1947  0.0002  0.0342 -0.2779  0.0190  0.4605  0.5662
 SCF Error: norm([F,P])=      0.151393644746, max([F,P])=      0.044460488545
 orbitals (Q,E):
 ---------------
 A1.g :1...4         ( 2.00    -1.7614)  ( 2.00    -1.1888)  ( 2.00    -0.3749)  ( 0.00     0.0563)
 A2.g :1...2         ( 2.00     0.0364)  ( 0.00     0.8797)
 B1.g :1...3         ( 2.00    -1.7520)  ( 2.00    -0.4375)  ( 0.00     0.3053)
 B2.g :1...3         ( 2.00    -1.9246)  ( 2.00    -0.5529)  ( 0.00     0.0367)
 E1.g :1...3         ( 4.00    -1.6778)  ( 4.00    -0.2847)  ( 0.00     0.4078)
 A1.u :1...1         ( 0.00     1.8983)
 A2.u :1...3         ( 2.00    -0.5689)  ( 2.00     0.0317)  ( 0.00     0.2773)
 B1.u :1...2         ( 2.00    -0.1913)  ( 0.00     0.6242)
 B2.u :1...1         ( 0.00     0.7819)
 E1.u :1...4         ( 4.00    -1.0049)  ( 4.00    -0.3131)  ( 4.00    -0.1699)  ( 0.00     0.0738)

 CYCLE   74
  SDIIS (wt  0.572): -0.0021 -0.0331 -0.0126 -0.0002 -0.0639 -0.0012 -0.0944  0.5442  0.1081  0.5553
 A-DIIS (wt  0.428):  0.0000  0.0000  0.0000  0.0000  0.0000  0.0000  0.0000  0.3264  0.1362  0.5374
  DIIS coefficients: -0.0012 -0.0189 -0.0072 -0.0001 -0.0366 -0.0007 -0.0540  0.4510  0.1201  0.5477
 SCF Error: norm([F,P])=      0.147605047451, max([F,P])=      0.043342253996
 orbitals (Q,E):
 ---------------
 A1.g :1...4         ( 2.00    -1.7608)  ( 2.00    -1.1883)  ( 2.00    -0.3744)  ( 0.00     0.0565)
 A2.g :1...2         ( 2.00     0.0371)  ( 0.00     0.8800)
 B1.g :1...3         ( 2.00    -1.7516)  ( 2.00    -0.4369)  ( 0.00     0.3055)
 B2.g :1...3         ( 2.00    -1.9241)  ( 2.00    -0.5523)  ( 0.00     0.0372)
 E1.g :1...3         ( 4.00    -1.6773)  ( 4.00    -0.2842)  ( 0.00     0.4080)
 A1.u :1...1         ( 0.00     1.8987)
 A2.u :1...3         ( 2.00    -0.5684)  ( 2.00     0.0317)  ( 0.00     0.2776)
 B1.u :1...2         ( 2.00    -0.1907)  ( 0.00     0.6244)
 B2.u :1...1         ( 0.00     0.7823)
 E1.u :1...4         ( 4.00    -1.0043)  ( 4.00    -0.3126)  ( 4.00    -0.1693)  ( 0.00     0.0738)

 CYCLE   75
  SDIIS (wt  0.574): -0.0421  0.0211 -0.0002 -0.0616 -0.0484 -0.0804  0.5410 -0.1683  0.8389
 A-DIIS (wt  0.426):  0.0000  0.0000  0.0000  0.0000  0.0000  0.0000  0.3252  0.0000  0.6748
  DIIS coefficients: -0.0242  0.0121 -0.0001 -0.0354 -0.0278 -0.0462  0.4492 -0.0967  0.7691
 SCF Error: norm([F,P])=      0.146750473154, max([F,P])=      0.043129323088
 orbitals (Q,E):
 ---------------
 A1.g :1...4         ( 2.00    -1.7611)  ( 2.00    -1.1884)  ( 2.00    -0.3745)  ( 0.00     0.0564)
 A2.g :1...2         ( 2.00     0.0370)  ( 0.00     0.8799)
 B1.g :1...3         ( 2.00    -1.7518)  ( 2.00    -0.4370)  ( 0.00     0.3055)
 B2.g :1...3         ( 2.00    -1.9244)  ( 2.00    -0.5525)  ( 0.00     0.0370)
 E1.g :1...3         ( 4.00    -1.6776)  ( 4.00    -0.2843)  ( 0.00     0.4080)
 A1.u :1...1         ( 0.00     1.8987)
 A2.u :1...3         ( 2.00    -0.5685)  ( 2.00     0.0317)  ( 0.00     0.2775)
 B1.u :1...2         ( 2.00    -0.1908)  ( 0.00     0.6244)
 B2.u :1...1         ( 0.00     0.7822)
 E1.u :1...4         ( 4.00    -1.0044)  ( 4.00    -0.3127)  ( 4.00    -0.1694)  ( 0.00     0.0738)

 CYCLE   76
  SDIIS (wt  0.576): -0.0546 -0.0001  0.0072  0.0662 -0.1208  0.5449  0.0721  0.4852
 A-DIIS (wt  0.424):  0.0000  0.0000  0.0000  0.0000  0.0000  0.3248  0.0000  0.6752
  DIIS coefficients: -0.0315 -0.0001  0.0041  0.0382 -0.0696  0.4517  0.0415  0.5657
 SCF Error: norm([F,P])=      0.146110576344, max([F,P])=      0.042935305144
 orbitals (Q,E):
 ---------------
 A1.g :1...4         ( 2.00    -1.7609)  ( 2.00    -1.1884)  ( 2.00    -0.3745)  ( 0.00     0.0564)
 A2.g :1...2         ( 2.00     0.0370)  ( 0.00     0.8800)
 B1.g :1...3         ( 2.00    -1.7517)  ( 2.00    -0.4369)  ( 0.00     0.3055)
 B2.g :1...3         ( 2.00    -1.9242)  ( 2.00    -0.5524)  ( 0.00     0.0371)
 E1.g :1...3         ( 4.00    -1.6774)  ( 4.00    -0.2843)  ( 0.00     0.4080)
 A1.u :1...1         ( 0.00     1.8987)
 A2.u :1...3         ( 2.00    -0.5684)  ( 2.00     0.0317)  ( 0.00     0.2775)
 B1.u :1...2         ( 2.00    -0.1908)  ( 0.00     0.6244)
 B2.u :1...1         ( 0.00     0.7823)
 E1.u :1...4         ( 4.00    -1.0044)  ( 4.00    -0.3127)  ( 4.00    -0.1693)  ( 0.00     0.0738)

 CYCLE   77
  SDIIS (wt  0.576): -0.0001  0.0107 -0.0042 -0.1059  0.5460  0.0620  0.4915
 A-DIIS (wt  0.424):  0.0000  0.0000  0.0000  0.0000  0.3250  0.0000  0.6750
  DIIS coefficients: -0.0000  0.0062 -0.0024 -0.0610  0.4524  0.0358  0.5692
 SCF Error: norm([F,P])=      0.146526254053, max([F,P])=      0.043064299092
 orbitals (Q,E):
 ---------------
 A1.g :1...4         ( 2.00    -1.7610)  ( 2.00    -1.1884)  ( 2.00    -0.3745)  ( 0.00     0.0564)
 A2.g :1...2         ( 2.00     0.0370)  ( 0.00     0.8800)
 B1.g :1...3         ( 2.00    -1.7518)  ( 2.00    -0.4370)  ( 0.00     0.3055)
 B2.g :1...3         ( 2.00    -1.9243)  ( 2.00    -0.5524)  ( 0.00     0.0371)
 E1.g :1...3         ( 4.00    -1.6775)  ( 4.00    -0.2843)  ( 0.00     0.4080)
 A1.u :1...1         ( 0.00     1.8987)
 A2.u :1...3         ( 2.00    -0.5685)  ( 2.00     0.0317)  ( 0.00     0.2775)
 B1.u :1...2         ( 2.00    -0.1908)  ( 0.00     0.6244)
 B2.u :1...1         ( 0.00     0.7822)
 E1.u :1...4         ( 4.00    -1.0044)  ( 4.00    -0.3127)  ( 4.00    -0.1694)  ( 0.00     0.0738)

 CYCLE   78
  SDIIS (wt  0.576):  0.0105 -0.0068 -0.1031  0.5459  0.0852  0.4684
 A-DIIS (wt  0.424):  0.0000  0.0000  0.0000  0.3249  0.0000  0.6751
  DIIS coefficients:  0.0061 -0.0039 -0.0594  0.4522  0.0491  0.5560
 SCF Error: norm([F,P])=      0.146255590078, max([F,P])=      0.042979077577
 orbitals (Q,E):
 ---------------
 A1.g :1...4         ( 2.00    -1.7610)  ( 2.00    -1.1884)  ( 2.00    -0.3745)  ( 0.00     0.0564)
 A2.g :1...2         ( 2.00     0.0370)  ( 0.00     0.8800)
 B1.g :1...3         ( 2.00    -1.7517)  ( 2.00    -0.4370)  ( 0.00     0.3055)
 B2.g :1...3         ( 2.00    -1.9242)  ( 2.00    -0.5524)  ( 0.00     0.0371)
 E1.g :1...3         ( 4.00    -1.6775)  ( 4.00    -0.2843)  ( 0.00     0.4080)
 A1.u :1...1         ( 0.00     1.8987)
 A2.u :1...3         ( 2.00    -0.5684)  ( 2.00     0.0317)  ( 0.00     0.2775)
 B1.u :1...2         ( 2.00    -0.1908)  ( 0.00     0.6244)
 B2.u :1...1         ( 0.00     0.7823)
 E1.u :1...4         ( 4.00    -1.0044)  ( 4.00    -0.3127)  ( 4.00    -0.1693)  ( 0.00     0.0738)

 CYCLE   79
  SDIIS (wt  0.576):  0.0045 -0.1152  0.5451  0.0137  0.5519
 A-DIIS (wt  0.424):  0.0000  0.0000  0.3249  0.0000  0.6751
  DIIS coefficients:  0.0026 -0.0664  0.4518  0.0079  0.6041
 SCF Error: norm([F,P])=      0.146403467777, max([F,P])=      0.043026755720
 orbitals (Q,E):
 ---------------
 A1.g :1...4         ( 2.00    -1.7611)  ( 2.00    -1.1884)  ( 2.00    -0.3745)  ( 0.00     0.0564)
 A2.g :1...1         ( 0.00     0.0371)
 B1.g :1...3         ( 2.00    -1.7519)  ( 2.00    -0.4369)  ( 0.00     0.3055)
 B2.g :1...4         ( 2.00    -1.9244)  ( 2.00    -0.5524)  ( 2.00     0.0371)  ( 0.00     0.3787)
 E1.g :1...3         ( 4.00    -1.6776)  ( 4.00    -0.2843)  ( 0.00     0.4080)
 A1.u :1...1         ( 0.00     1.8987)
 A2.u :1...3         ( 2.00    -0.5685)  ( 2.00     0.0317)  ( 0.00     0.2775)
 B1.u :1...2         ( 2.00    -0.1908)  ( 0.00     0.6244)
 B2.u :1...1         ( 0.00     0.7823)
 E1.u :1...4         ( 4.00    -1.0044)  ( 4.00    -0.3127)  ( 4.00    -0.1693)  ( 0.00     0.0738)

 CYCLE   80
  SDIIS (wt  0.000): -0.3110  1.1559  0.1550
 A-DIIS (wt  1.000):  0.2227  0.6132  0.1641
  DIIS coefficients:  0.2227  0.6132  0.1641
 SCF Error: norm([F,P])=      0.738486335424, max([F,P])=      0.212361800660
 orbitals (Q,E):
 ---------------
 A1.g :1...4         ( 2.00    -1.7607)  ( 2.00    -1.1881)  ( 2.00    -0.3743)  ( 0.00     0.0565)
 A2.g :1...2         ( 2.00     0.0374)  ( 0.00     0.8801)
 B1.g :1...3         ( 2.00    -1.7515)  ( 2.00    -0.4367)  ( 0.00     0.3055)
 B2.g :1...3         ( 2.00    -1.9239)  ( 2.00    -0.5522)  ( 0.00     0.0374)
 E1.g :1...3         ( 4.00    -1.6772)  ( 4.00    -0.2841)  ( 0.00     0.4080)
 A1.u :1...1         ( 0.00     1.8988)
 A2.u :1...3         ( 2.00    -0.5683)  ( 2.00     0.0318)  ( 0.00     0.2776)
 B1.u :1...2         ( 2.00    -0.1906)  ( 0.00     0.6245)
 B2.u :1...1         ( 0.00     0.7823)
 E1.u :1...4         ( 4.00    -1.0041)  ( 4.00    -0.3125)  ( 4.00    -0.1691)  ( 0.00     0.0739)

 CYCLE   81
  SDIIS (wt  0.573):  0.5497  0.2285  0.2780  0.6183 -0.1110 -0.5635
 A-DIIS (wt  0.427):  0.3252  0.0000  0.0000  0.6748  0.0000  0.0000
  DIIS coefficients:  0.4539  0.1310  0.1593  0.6424 -0.0636 -0.3230
 SCF Error: norm([F,P])=      0.146799431677, max([F,P])=      0.043254454729
 orbitals (Q,E):
 ---------------
 A1.g :1...4         ( 2.00    -1.7610)  ( 2.00    -1.1884)  ( 2.00    -0.3745)  ( 0.00     0.0564)
 A2.g :1...2         ( 2.00     0.0370)  ( 0.00     0.8799)
 B1.g :1...3         ( 2.00    -1.7517)  ( 2.00    -0.4370)  ( 0.00     0.3055)
 B2.g :1...3         ( 2.00    -1.9243)  ( 2.00    -0.5525)  ( 0.00     0.0370)
 E1.g :1...3         ( 4.00    -1.6775)  ( 4.00    -0.2843)  ( 0.00     0.4079)
 A1.u :1...1         ( 0.00     1.8987)
 A2.u :1...3         ( 2.00    -0.5685)  ( 2.00     0.0317)  ( 0.00     0.2775)
 B1.u :1...2         ( 2.00    -0.1908)  ( 0.00     0.6244)
 B2.u :1...1         ( 0.00     0.7822)
 E1.u :1...4         ( 4.00    -1.0044)  ( 4.00    -0.3127)  ( 4.00    -0.1694)  ( 0.00     0.0738)

 CYCLE   82
  SDIIS (wt  0.575): -2.0000  0.1463  3.0000 -0.1463
 A-DIIS (wt  0.425):  0.0000  0.1632  0.7071  0.1296
  DIIS coefficients: -1.1493  0.1535  2.0248 -0.0289
 SCF Error: norm([F,P])=      0.146671550894, max([F,P])=      0.043107443422
 orbitals (Q,E):
 ---------------
 A1.g :1...4         ( 2.00    -1.7615)  ( 2.00    -1.1878)  ( 2.00    -0.3735)  ( 0.00     0.0567)
 A2.g :1...1         ( 0.00     0.0388)
 B1.g :1...3         ( 2.00    -1.7526)  ( 2.00    -0.4357)  ( 0.00     0.3058)
 B2.g :1...4         ( 2.00    -1.9249)  ( 2.00    -0.5513)  ( 2.00     0.0377)  ( 0.00     0.3792)
 E1.g :1...3         ( 4.00    -1.6784)  ( 4.00    -0.2833)  ( 0.00     0.4084)
 A1.u :1...1         ( 0.00     1.8998)
 A2.u :1...3         ( 2.00    -0.5676)  ( 2.00     0.0318)  ( 0.00     0.2780)
 B1.u :1...2         ( 2.00    -0.1896)  ( 0.00     0.6249)
 B2.u :1...1         ( 0.00     0.7832)
 E1.u :1...4         ( 4.00    -1.0032)  ( 4.00    -0.3115)  ( 4.00    -0.1678)  ( 0.00     0.0740)

 CYCLE   83
  SDIIS (wt  0.000):  0.8464  0.1536
 A-DIIS (wt  1.000):  0.8376  0.1624
  DIIS coefficients:  0.8376  0.1624
 SCF Error: norm([F,P])=      0.748476236685, max([F,P])=      0.214994953439
 orbitals (Q,E):
 ---------------
 A1.g :1...4         ( 2.00    -1.7617)  ( 2.00    -1.1890)  ( 2.00    -0.3749)  ( 0.00     0.0563)
 A2.g :1...1         ( 0.00     0.0366)
 B1.g :1...3         ( 2.00    -1.7525)  ( 2.00    -0.4375)  ( 0.00     0.3053)
 B2.g :1...4         ( 2.00    -1.9250)  ( 2.00    -0.5529)  ( 2.00     0.0365)  ( 0.00     0.3785)
 E1.g :1...3         ( 4.00    -1.6781)  ( 4.00    -0.2848)  ( 0.00     0.4078)
 A1.u :1...1         ( 0.00     1.8983)
 A2.u :1...3         ( 2.00    -0.5690)  ( 2.00     0.0317)  ( 0.00     0.2772)
 B1.u :1...2         ( 2.00    -0.1914)  ( 0.00     0.6242)
 B2.u :1...1         ( 0.00     0.7819)
 E1.u :1...4         ( 4.00    -1.0050)  ( 4.00    -0.3131)  ( 4.00    -0.1698)  ( 0.00     0.0738)

 CYCLE   84
  SDIIS (wt  0.000): -2.0000  2.8500  0.4436 -0.2936
 A-DIIS (wt  1.000):  0.5554  0.2813  0.0000  0.1632
  DIIS coefficients:  0.5554  0.2813  0.0000  0.1632
 SCF Error: norm([F,P])=      0.738427678415, max([F,P])=      0.212411092532
 orbitals (Q,E):
 ---------------
 A1.g :1...4         ( 2.00    -1.7609)  ( 2.00    -1.1883)  ( 2.00    -0.3744)  ( 0.00     0.0564)
 A2.g :1...1         ( 0.00     0.0372)
 B1.g :1...3         ( 2.00    -1.7516)  ( 2.00    -0.4368)  ( 0.00     0.3055)
 B2.g :1...4         ( 2.00    -1.9241)  ( 2.00    -0.5523)  ( 2.00     0.0372)  ( 0.00     0.3788)
 E1.g :1...3         ( 4.00    -1.6774)  ( 4.00    -0.2843)  ( 0.00     0.4080)
 A1.u :1...1         ( 0.00     1.8987)
 A2.u :1...3         ( 2.00    -0.5684)  ( 2.00     0.0317)  ( 0.00     0.2775)
 B1.u :1...2         ( 2.00    -0.1908)  ( 0.00     0.6244)
 B2.u :1...1         ( 0.00     0.7823)
 E1.u :1...4         ( 4.00    -1.0043)  ( 4.00    -0.3126)  ( 4.00    -0.1692)  ( 0.00     0.0738)

 CYCLE   85
  SDIIS (wt  0.000): -1.0089  1.8550  0.1231  0.0308
 A-DIIS (wt  1.000):  0.1551  0.6816  0.0000  0.1633
  DIIS coefficients:  0.1551  0.6816  0.0000  0.1633
 SCF Error: norm([F,P])=      0.737523726747, max([F,P])=      0.212040661107
 orbitals (Q,E):
 ---------------
 A1.g :1...4         ( 2.00    -1.7609)  ( 2.00    -1.1883)  ( 2.00    -0.3744)  ( 0.00     0.0564)
 A2.g :1...2         ( 1.00     0.0372)  ( 0.00     0.8800)
 B1.g :1...3         ( 2.00    -1.7516)  ( 2.00    -0.4368)  ( 0.00     0.3055)
 B2.g :1...4         ( 2.00    -1.9241)  ( 2.00    -0.5523)  ( 1.00     0.0372)  ( 0.00     0.3788)
 E1.g :1...3         ( 4.00    -1.6774)  ( 4.00    -0.2843)  ( 0.00     0.4080)
 A1.u :1...1         ( 0.00     1.8987)
 A2.u :1...3         ( 2.00    -0.5685)  ( 2.00     0.0317)  ( 0.00     0.2775)
 B1.u :1...2         ( 2.00    -0.1908)  ( 0.00     0.6244)
 B2.u :1...1         ( 0.00     0.7822)
 E1.u :1...4         ( 4.00    -1.0043)  ( 4.00    -0.3126)  ( 4.00    -0.1692)  ( 0.00     0.0738)

 CYCLE   86
  SDIIS (wt  0.000): -0.1631  0.7269 -0.0265 -0.0827  0.5454
 A-DIIS (wt  1.000):  0.0000  0.6745  0.0000  0.0000  0.3255
  DIIS coefficients:  0.0000  0.6745  0.0000  0.0000  0.3255
 SCF Error: norm([F,P])=      0.291568806585, max([F,P])=      0.085282390831
 orbitals (Q,E):
 ---------------
 A1.g :1...4         ( 2.00    -1.7610)  ( 2.00    -1.1884)  ( 2.00    -0.3745)  ( 0.00     0.0564)
 A2.g :1...2         ( 1.00     0.0371)  ( 0.00     0.8800)
 B1.g :1...3         ( 2.00    -1.7518)  ( 2.00    -0.4369)  ( 0.00     0.3055)
 B2.g :1...4         ( 2.00    -1.9243)  ( 2.00    -0.5524)  ( 1.00     0.0371)  ( 0.00     0.3787)
 E1.g :1...3         ( 4.00    -1.6776)  ( 4.00    -0.2843)  ( 0.00     0.4080)
 A1.u :1...1         ( 0.00     1.8987)
 A2.u :1...3         ( 2.00    -0.5685)  ( 2.00     0.0317)  ( 0.00     0.2775)
 B1.u :1...2         ( 2.00    -0.1908)  ( 0.00     0.6244)
 B2.u :1...1         ( 0.00     0.7823)
 E1.u :1...4         ( 4.00    -1.0044)  ( 4.00    -0.3126)  ( 4.00    -0.1693)  ( 0.00     0.0738)

 CYCLE   87
  SDIIS (wt  0.000):  0.7008  0.5611 -0.3838 -0.4218  0.5437
 A-DIIS (wt  1.000):  0.0000  0.6749  0.0000  0.0000  0.3251
  DIIS coefficients:  0.0000  0.6749  0.0000  0.0000  0.3251
 SCF Error: norm([F,P])=      0.292564251186, max([F,P])=      0.085609926195
 orbitals (Q,E):
 ---------------
 A1.g :1...4         ( 2.00    -1.7614)  ( 2.00    -1.1887)  ( 2.00    -0.3747)  ( 0.00     0.0563)
 A2.g :1...2         ( 1.00     0.0368)  ( 0.00     0.8799)
 B1.g :1...3         ( 2.00    -1.7522)  ( 2.00    -0.4372)  ( 0.00     0.3054)
 B2.g :1...4         ( 2.00    -1.9247)  ( 2.00    -0.5527)  ( 1.00     0.0368)  ( 0.00     0.3786)
 E1.g :1...3         ( 4.00    -1.6780)  ( 4.00    -0.2846)  ( 0.00     0.4079)
 A1.u :1...1         ( 0.00     1.8985)
 A2.u :1...3         ( 2.00    -0.5687)  ( 2.00     0.0317)  ( 0.00     0.2773)
 B1.u :1...2         ( 2.00    -0.1911)  ( 0.00     0.6243)
 B2.u :1...1         ( 0.00     0.7821)
 E1.u :1...4         ( 4.00    -1.0047)  ( 4.00    -0.3129)  ( 4.00    -0.1696)  ( 0.00     0.0738)

 CYCLE   88
  SDIIS (wt  0.143): -1.7249  1.1799  3.0000 -1.4550
 A-DIIS (wt  0.857):  0.0000  0.0000  1.0000  0.0000
  DIIS coefficients: -0.2469  0.1689  1.2863 -0.2083
 SCF Error: norm([F,P])=      0.293095066483, max([F,P])=      0.085828845211
 orbitals (Q,E):
 ---------------
 A1.g :1...4         ( 2.00    -1.6720)  ( 2.00    -1.1544)  ( 2.00    -0.3818)  ( 0.00     0.0602)
 A2.g :1...2         ( 2.00     0.0175)  ( 0.00     0.8720)
 B1.g :1...3         ( 2.00    -1.6442)  ( 2.00    -0.4366)  ( 0.00     0.3028)
 B2.g :1...3         ( 2.00    -1.8239)  ( 2.00    -0.5569)  ( 0.00     0.0624)
 E1.g :1...3         ( 4.00    -1.5692)  ( 4.00    -0.2816)  ( 0.00     0.4054)
 A1.u :1...1         ( 0.00     1.8868)
 A2.u :1...3         ( 2.00    -0.5624)  ( 2.00     0.0317)  ( 0.00     0.2827)
 B1.u :1...2         ( 2.00    -0.1986)  ( 0.00     0.6205)
 B2.u :1...1         ( 0.00     0.7745)
 E1.u :1...4         ( 4.00    -0.9973)  ( 4.00    -0.3232)  ( 4.00    -0.1795)  ( 0.00     0.0719)

 CYCLE   89
  SDIIS (wt  0.000): -0.3723  0.1616  1.0280  0.1827
 A-DIIS (wt  1.000):  0.0000  0.0000  0.6743  0.3257
  DIIS coefficients:  0.0000  0.0000  0.6743  0.3257
 SCF Error: norm([F,P])=      0.816901309977, max([F,P])=      0.246310264543
 orbitals (Q,E):
 ---------------
 A1.g :1...4         ( 2.00    -1.7548)  ( 2.00    -1.1886)  ( 2.00    -0.3784)  ( 0.00     0.0552)
 A2.g :1...2         ( 2.00     0.0272)  ( 0.00     0.8764)
 B1.g :1...3         ( 2.00    -1.7412)  ( 2.00    -0.4446)  ( 0.00     0.3032)
 B2.g :1...3         ( 2.00    -1.9127)  ( 2.00    -0.5572)  ( 0.00     0.0377)
 E1.g :1...3         ( 4.00    -1.6686)  ( 4.00    -0.2880)  ( 0.00     0.4060)
 A1.u :1...1         ( 0.00     1.8920)
 A2.u :1...3         ( 2.00    -0.5713)  ( 2.00     0.0314)  ( 0.00     0.2757)
 B1.u :1...2         ( 2.00    -0.1956)  ( 0.00     0.6223)
 B2.u :1...1         ( 0.00     0.7761)
 E1.u :1...4         ( 4.00    -1.0082)  ( 4.00    -0.3174)  ( 4.00    -0.1767)  ( 0.00     0.0729)

 CYCLE   90
  SDIIS (wt  0.390):  0.1518 -0.3191  0.8108  0.0757  0.2808
 A-DIIS (wt  0.610):  0.0000  0.0000  0.3784  0.0000  0.6216
  DIIS coefficients:  0.0592 -0.1244  0.5470  0.0295  0.4887
 SCF Error: norm([F,P])=      0.214751650273, max([F,P])=      0.061401089154
 orbitals (Q,E):
 ---------------
 A1.g :1...4         ( 2.00    -1.7560)  ( 2.00    -1.1858)  ( 2.00    -0.3737)  ( 0.00     0.0568)
 A2.g :1...2         ( 2.00     0.0370)  ( 0.00     0.8800)
 B1.g :1...3         ( 2.00    -1.7455)  ( 2.00    -0.4364)  ( 0.00     0.3056)
 B2.g :1...3         ( 2.00    -1.9178)  ( 2.00    -0.5514)  ( 0.00     0.0397)
 E1.g :1...3         ( 4.00    -1.6717)  ( 4.00    -0.2831)  ( 0.00     0.4083)
 A1.u :1...1         ( 0.00     1.8986)
 A2.u :1...3         ( 2.00    -0.5672)  ( 2.00     0.0318)  ( 0.00     0.2782)
 B1.u :1...2         ( 2.00    -0.1898)  ( 0.00     0.6247)
 B2.u :1...1         ( 0.00     0.7822)
 E1.u :1...4         ( 4.00    -1.0027)  ( 4.00    -0.3119)  ( 4.00    -0.1689)  ( 0.00     0.0739)

 CYCLE   91
  SDIIS (wt  0.498): -0.6740 -0.8513  1.3934  0.7006  0.0371  0.1664  0.2277
 A-DIIS (wt  0.502):  0.0000  0.0000  0.0000  0.3426  0.0000  0.0000  0.6574
  DIIS coefficients: -0.3356 -0.4239  0.6938  0.5208  0.0185  0.0829  0.4435
 SCF Error: norm([F,P])=      0.172884569613, max([F,P])=      0.050707345513
 orbitals (Q,E):
 ---------------
 A1.g :1...4         ( 2.00    -1.7593)  ( 2.00    -1.1886)  ( 2.00    -0.3757)  ( 0.00     0.0561)
 A2.g :1...2         ( 2.00     0.0346)  ( 0.00     0.8791)
 B1.g :1...3         ( 2.00    -1.7491)  ( 2.00    -0.4387)  ( 0.00     0.3050)
 B2.g :1...3         ( 2.00    -1.9216)  ( 2.00    -0.5538)  ( 0.00     0.0369)
 E1.g :1...3         ( 4.00    -1.6751)  ( 4.00    -0.2854)  ( 0.00     0.4074)
 A1.u :1...1         ( 0.00     1.8971)
 A2.u :1...3         ( 2.00    -0.5693)  ( 2.00     0.0316)  ( 0.00     0.2770)
 B1.u :1...2         ( 2.00    -0.1923)  ( 0.00     0.6238)
 B2.u :1...1         ( 0.00     0.7809)
 E1.u :1...4         ( 4.00    -1.0055)  ( 4.00    -0.3141)  ( 4.00    -0.1713)  ( 0.00     0.0736)

 CYCLE   92
  SDIIS (wt  0.514):  0.2968  0.4834 -0.8994  0.5684 -0.0061 -0.0652  0.1741  0.4481
 A-DIIS (wt  0.486):  0.0000  0.0000  0.0000  0.3408  0.0000  0.0000  0.1429  0.5163
  DIIS coefficients:  0.1527  0.2487 -0.4627  0.4579 -0.0031 -0.0336  0.1589  0.4812
 SCF Error: norm([F,P])=      0.167624855389, max([F,P])=      0.049070550343
 orbitals (Q,E):
 ---------------
 A1.g :1...4         ( 2.00    -1.7609)  ( 2.00    -1.1883)  ( 2.00    -0.3743)  ( 0.00     0.0565)
 A2.g :1...2         ( 2.00     0.0371)  ( 0.00     0.8800)
 B1.g :1...3         ( 2.00    -1.7516)  ( 2.00    -0.4369)  ( 0.00     0.3055)
 B2.g :1...3         ( 2.00    -1.9240)  ( 2.00    -0.5523)  ( 0.00     0.0373)
 E1.g :1...3         ( 4.00    -1.6774)  ( 4.00    -0.2841)  ( 0.00     0.4080)
 A1.u :1...1         ( 0.00     1.8987)
 A2.u :1...3         ( 2.00    -0.5683)  ( 2.00     0.0317)  ( 0.00     0.2776)
 B1.u :1...2         ( 2.00    -0.1906)  ( 0.00     0.6245)
 B2.u :1...1         ( 0.00     0.7823)
 E1.u :1...4         ( 4.00    -1.0042)  ( 4.00    -0.3125)  ( 4.00    -0.1692)  ( 0.00     0.0738)

 CYCLE   93
  SDIIS (wt  0.579):  0.0200 -0.1245  0.5191  0.0002 -0.0114 -0.1675 -0.0577  0.8217
 A-DIIS (wt  0.421):  0.0000  0.0000  0.3247  0.0000  0.0000  0.0000  0.0000  0.6753
  DIIS coefficients:  0.0116 -0.0721  0.4373  0.0001 -0.0066 -0.0970 -0.0334  0.7601
 SCF Error: norm([F,P])=      0.145307110257, max([F,P])=      0.042662243928
 orbitals (Q,E):
 ---------------
 A1.g :1...4         ( 2.00    -1.7617)  ( 2.00    -1.1887)  ( 2.00    -0.3745)  ( 0.00     0.0564)
 A2.g :1...1         ( 0.00     0.0371)
 B1.g :1...3         ( 2.00    -1.7526)  ( 2.00    -0.4370)  ( 0.00     0.3055)
 B2.g :1...4         ( 2.00    -1.9251)  ( 2.00    -0.5524)  ( 2.00     0.0368)  ( 0.00     0.3787)
 E1.g :1...3         ( 4.00    -1.6783)  ( 4.00    -0.2844)  ( 0.00     0.4080)
 A1.u :1...1         ( 0.00     1.8988)
 A2.u :1...3         ( 2.00    -0.5686)  ( 2.00     0.0317)  ( 0.00     0.2774)
 B1.u :1...2         ( 2.00    -0.1908)  ( 0.00     0.6244)
 B2.u :1...1         ( 0.00     0.7823)
 E1.u :1...4         ( 4.00    -1.0045)  ( 4.00    -0.3127)  ( 4.00    -0.1693)  ( 0.00     0.0738)

 CYCLE   94
  SDIIS (wt  0.000): -0.1894 -0.8477  0.1627  1.8658  0.0085
 A-DIIS (wt  1.000):  0.0000  0.0000  0.2416  0.5858  0.1726
  DIIS coefficients:  0.0000  0.0000  0.2416  0.5858  0.1726
 SCF Error: norm([F,P])=      0.741710163318, max([F,P])=      0.213283085112
 orbitals (Q,E):
 ---------------
 A1.g :1...4         ( 2.00    -1.7612)  ( 2.00    -1.1882)  ( 2.00    -0.3741)  ( 0.00     0.0564)
 A2.g :1...2         ( 2.00     0.0374)  ( 0.00     0.8801)
 B1.g :1...3         ( 2.00    -1.7519)  ( 2.00    -0.4368)  ( 0.00     0.3055)
 B2.g :1...3         ( 2.00    -1.9241)  ( 2.00    -0.5521)  ( 0.00     0.0374)
 E1.g :1...3         ( 4.00    -1.6778)  ( 4.00    -0.2841)  ( 0.00     0.4081)
 A1.u :1...1         ( 0.00     1.8988)
 A2.u :1...3         ( 2.00    -0.5683)  ( 2.00     0.0318)  ( 0.00     0.2776)
 B1.u :1...2         ( 2.00    -0.1905)  ( 0.00     0.6245)
 B2.u :1...1         ( 0.00     0.7823)
 E1.u :1...4         ( 4.00    -1.0041)  ( 4.00    -0.3123)  ( 4.00    -0.1690)  ( 0.00     0.0739)

 CYCLE   95
  SDIIS (wt  0.588):  0.2090  0.4021 -0.0016 -0.0357  0.3732  0.4900 -0.1229 -0.3141
 A-DIIS (wt  0.412):  0.0000  0.3222  0.0000  0.0000  0.0000  0.0000  0.0000  0.6778
  DIIS coefficients:  0.1229  0.3692 -0.0010 -0.0210  0.2195  0.2882 -0.0723  0.0943
 SCF Error: norm([F,P])=      0.142092338110, max([F,P])=      0.041760345009
 orbitals (Q,E):
 ---------------
 A1.g :1...4         ( 2.00    -1.7596)  ( 2.00    -1.1880)  ( 2.00    -0.3748)  ( 0.00     0.0564)
 A2.g :1...2         ( 2.00     0.0364)  ( 0.00     0.8797)
 B1.g :1...3         ( 2.00    -1.7500)  ( 2.00    -0.4373)  ( 0.00     0.3054)
 B2.g :1...3         ( 2.00    -1.9226)  ( 2.00    -0.5527)  ( 0.00     0.0374)
 E1.g :1...3         ( 4.00    -1.6758)  ( 4.00    -0.2844)  ( 0.00     0.4078)
 A1.u :1...1         ( 0.00     1.8983)
 A2.u :1...3         ( 2.00    -0.5685)  ( 2.00     0.0317)  ( 0.00     0.2775)
 B1.u :1...2         ( 2.00    -0.1911)  ( 0.00     0.6243)
 B2.u :1...1         ( 0.00     0.7819)
 E1.u :1...4         ( 4.00    -1.0045)  ( 4.00    -0.3130)  ( 4.00    -0.1698)  ( 0.00     0.0738)

 CYCLE   96
  SDIIS (wt  0.588):  0.5843 -0.0028  0.0236  0.1643 -0.1521 -0.1177 -0.2937  0.7942
 A-DIIS (wt  0.412):  0.3222  0.0000  0.0000  0.0000  0.0000  0.0000  0.6778  0.0000
  DIIS coefficients:  0.4764 -0.0017  0.0139  0.0966 -0.0895 -0.0693  0.1063  0.4672
 SCF Error: norm([F,P])=      0.157372285067, max([F,P])=      0.046256633917
 orbitals (Q,E):
 ---------------
 A1.g :1...4         ( 2.00    -1.7602)  ( 2.00    -1.1882)  ( 2.00    -0.3747)  ( 0.00     0.0564)
 A2.g :1...2         ( 2.00     0.0366)  ( 0.00     0.8798)
 B1.g :1...3         ( 2.00    -1.7508)  ( 2.00    -0.4372)  ( 0.00     0.3054)
 B2.g :1...3         ( 2.00    -1.9233)  ( 2.00    -0.5526)  ( 0.00     0.0372)
 E1.g :1...3         ( 4.00    -1.6765)  ( 4.00    -0.2844)  ( 0.00     0.4079)
 A1.u :1...1         ( 0.00     1.8984)
 A2.u :1...3         ( 2.00    -0.5685)  ( 2.00     0.0317)  ( 0.00     0.2775)
 B1.u :1...2         ( 2.00    -0.1910)  ( 0.00     0.6243)
 B2.u :1...1         ( 0.00     0.7820)
 E1.u :1...4         ( 4.00    -1.0045)  ( 4.00    -0.3129)  ( 4.00    -0.1697)  ( 0.00     0.0738)

 CYCLE   97
  SDIIS (wt  0.588):  0.5846 -0.0019  0.0116  0.2306 -0.1178 -0.3180  0.6108
 A-DIIS (wt  0.412):  0.0000  0.0000  0.0000  0.0000  0.1613  0.8387  0.0000
  DIIS coefficients:  0.3439 -0.0011  0.0068  0.1357 -0.0029  0.1583  0.3593
 SCF Error: norm([F,P])=      0.152916924466, max([F,P])=      0.044951889654
 orbitals (Q,E):
 ---------------
 A1.g :1...4         ( 2.00    -1.7602)  ( 2.00    -1.1883)  ( 2.00    -0.3747)  ( 0.00     0.0564)
 A2.g :1...2         ( 2.00     0.0366)  ( 0.00     0.8798)
 B1.g :1...3         ( 2.00    -1.7508)  ( 2.00    -0.4372)  ( 0.00     0.3054)
 B2.g :1...3         ( 2.00    -1.9233)  ( 2.00    -0.5527)  ( 0.00     0.0372)
 E1.g :1...3         ( 4.00    -1.6765)  ( 4.00    -0.2845)  ( 0.00     0.4079)
 A1.u :1...1         ( 0.00     1.8984)
 A2.u :1...3         ( 2.00    -0.5686)  ( 2.00     0.0317)  ( 0.00     0.2774)
 B1.u :1...2         ( 2.00    -0.1911)  ( 0.00     0.6243)
 B2.u :1...1         ( 0.00     0.7820)
 E1.u :1...4         ( 4.00    -1.0045)  ( 4.00    -0.3130)  ( 4.00    -0.1697)  ( 0.00     0.0738)

 CYCLE   98
  SDIIS (wt  0.588): -0.0630 -0.1805 -1.9203 -2.0000  0.0036  3.0000  2.1602
 A-DIIS (wt  0.412):  0.0000  0.0000  0.0000  0.0000  0.1613  0.8387  0.0000
  DIIS coefficients: -0.0370 -0.1062 -1.1297 -1.1766  0.0685  2.1102  1.2708
 SCF Error: norm([F,P])=      0.153486022914, max([F,P])=      0.045144304388
 orbitals (Q,E):
 ---------------
 A1.g :1...4         ( 2.00    -1.7724)  ( 2.00    -1.1920)  ( 2.00    -0.3731)  ( 0.00     0.0563)
 A2.g :1...1         ( 0.00     0.0415)
 B1.g :1...3         ( 2.00    -1.7663)  ( 2.00    -0.4350)  ( 0.00     0.3063)
 B2.g :1...4         ( 2.00    -1.9386)  ( 2.00    -0.5511)  ( 2.00     0.0339)  ( 0.00     0.3795)
 E1.g :1...3         ( 4.00    -1.6913)  ( 4.00    -0.2839)  ( 0.00     0.4086)
 A1.u :1...1         ( 0.00     1.9016)
 A2.u :1...3         ( 2.00    -0.5687)  ( 2.00     0.0318)  ( 0.00     0.2773)
 B1.u :1...2         ( 2.00    -0.1892)  ( 0.00     0.6252)
 B2.u :1...1         ( 0.00     0.7846)
 E1.u :1...4         ( 4.00    -1.0046)  ( 4.00    -0.3108)  ( 4.00    -0.1665)  ( 0.00     0.0742)

 CYCLE   99
   MIX coefficients:  0.8000  0.2000
 SCF Error: norm([F,P])=      0.812477986604, max([F,P])=      0.233100297794
 orbitals (Q,E):
 ---------------
 A1.g :1...4         ( 2.00    -1.5268)  ( 2.00    -1.0794)  ( 2.00    -0.3931)  ( 0.00     0.0664)
 A2.g :1...2         ( 2.00    -0.0180)  ( 0.00     0.8577)
 B1.g :1...3         ( 2.00    -1.4550)  ( 2.00    -0.4297)  ( 0.00     0.2982)
 B2.g :1...3         ( 2.00    -1.6476)  ( 2.00    -0.5669)  ( 0.00     0.1136)
 E1.g :1...3         ( 4.00    -1.3740)  ( 4.00    -0.2750)  ( 0.00     0.4003)
 A1.u :1...1         ( 0.00     1.8650)
 A2.u :1...3         ( 2.00    -0.5534)  ( 2.00     0.0315)  ( 0.00     0.2925)
 B1.u :1...2         ( 2.00    -0.2138)  ( 0.00     0.6131)
 B2.u :1...1         ( 0.00     0.7602)
 E1.u :1...4         ( 4.00    -0.9873)  ( 4.00    -0.3435)  ( 4.00    -0.1959)  ( 0.00     0.0685)

 CYCLE  100
  SDIIS (wt  0.000):  0.7348  0.2652
 A-DIIS (wt  1.000):  0.6818  0.3182
  DIIS coefficients:  0.6818  0.3182
 SCF Error: norm([F,P])=      2.114138326772, max([F,P])=      0.646685208289
 orbitals (Q,E):
 ---------------
 A1.g :1...4         ( 2.00    -1.7259)  ( 2.00    -1.1812)  ( 2.00    -0.3859)  ( 0.00     0.0544)
 A2.g :1...2         ( 2.00     0.0080)  ( 0.00     0.8691)
 B1.g :1...3         ( 2.00    -1.7019)  ( 2.00    -0.4561)  ( 0.00     0.2990)
 B2.g :1...3         ( 2.00    -1.8726)  ( 2.00    -0.5656)  ( 0.00     0.0448)
 E1.g :1...3         ( 4.00    -1.6318)  ( 4.00    -0.2931)  ( 0.00     0.4024)
 A1.u :1...1         ( 0.00     1.8791)
 A2.u :1...3         ( 2.00    -0.5740)  ( 2.00     0.0309)  ( 0.00     0.2745)
 B1.u :1...2         ( 2.00    -0.2046)  ( 0.00     0.6182)
 B2.u :1...1         ( 0.00     0.7649)
 E1.u :1...4         ( 4.00    -1.0119)  ( 4.00    -0.3271)  ( 4.00    -0.1895)  ( 0.00     0.0712)

 CYCLE  101
  SDIIS (wt  0.000):  0.1649 -0.1499  0.9850
 A-DIIS (wt  1.000):  0.2870  0.0000  0.7130
  DIIS coefficients:  0.2870  0.0000  0.7130
 SCF Error: norm([F,P])=      0.457356884924, max([F,P])=      0.130587310303
 orbitals (Q,E):
 ---------------
 A1.g :1...4         ( 2.00    -1.7570)  ( 2.00    -1.1837)  ( 2.00    -0.3694)  ( 0.00     0.0572)
 A2.g :1...2         ( 2.00     0.0411)  ( 0.00     0.8816)
 B1.g :1...3         ( 2.00    -1.7458)  ( 2.00    -0.4342)  ( 0.00     0.3065)
 B2.g :1...3         ( 2.00    -1.9162)  ( 2.00    -0.5473)  ( 0.00     0.0434)
 E1.g :1...3         ( 4.00    -1.6737)  ( 4.00    -0.2798)  ( 0.00     0.4098)
 A1.u :1...1         ( 0.00     1.9009)
 A2.u :1...3         ( 2.00    -0.5645)  ( 2.00     0.0320)  ( 0.00     0.2796)
 B1.u :1...2         ( 2.00    -0.1853)  ( 0.00     0.6264)
 B2.u :1...1         ( 0.00     0.7834)
 E1.u :1...4         ( 4.00    -0.9989)  ( 4.00    -0.3073)  ( 4.00    -0.1651)  ( 0.00     0.0745)

 CYCLE  102
  SDIIS (wt  0.606):  0.6187 -0.3890  3.0000 -2.0000  0.3647 -0.0290 -0.2087 -0.3568
 A-DIIS (wt  0.394):  0.8374  0.1626  0.0000  0.0000  0.0000  0.0000  0.0000  0.0000
  DIIS coefficients:  0.7049 -0.1716  1.8178 -1.2119  0.2210 -0.0176 -0.1265 -0.2162
 SCF Error: norm([F,P])=      0.146214940960, max([F,P])=      0.040013246024
 orbitals (Q,E):
 ---------------
 A1.g :1...4         ( 2.00    -1.7746)  ( 2.00    -1.1926)  ( 2.00    -0.3726)  ( 0.00     0.0563)
 A2.g :1...1         ( 0.00     0.0426)
 B1.g :1...3         ( 2.00    -1.7692)  ( 2.00    -0.4344)  ( 0.00     0.3065)
 B2.g :1...4         ( 2.00    -1.9415)  ( 2.00    -0.5507)  ( 2.00     0.0334)  ( 0.00     0.3798)
 E1.g :1...3         ( 4.00    -1.6941)  ( 4.00    -0.2837)  ( 0.00     0.4088)
 A1.u :1...1         ( 0.00     1.9023)
 A2.u :1...3         ( 2.00    -0.5686)  ( 2.00     0.0318)  ( 0.00     0.2774)
 B1.u :1...2         ( 2.00    -0.1887)  ( 0.00     0.6255)
 B2.u :1...1         ( 0.00     0.7852)
 E1.u :1...4         ( 4.00    -1.0045)  ( 4.00    -0.3102)  ( 4.00    -0.1658)  ( 0.00     0.0743)

 CYCLE  103
  SDIIS (wt  0.000):  1.3581 -0.0401 -0.2320 -0.1001  0.0142
 A-DIIS (wt  1.000):  0.8402  0.0000  0.0000  0.0000  0.1598
  DIIS coefficients:  0.8402  0.0000  0.0000  0.0000  0.1598
 SCF Error: norm([F,P])=      0.828789705723, max([F,P])=      0.237598533234
 orbitals (Q,E):
 ---------------
 A1.g :1...4         ( 2.00    -1.7605)  ( 2.00    -1.1879)  ( 2.00    -0.3741)  ( 0.00     0.0566)
 A2.g :1...1         ( 0.00     0.0377)
 B1.g :1...3         ( 2.00    -1.7513)  ( 2.00    -0.4364)  ( 0.00     0.3056)
 B2.g :1...4         ( 2.00    -1.9238)  ( 2.00    -0.5519)  ( 2.00     0.0375)  ( 0.00     0.3790)
 E1.g :1...3         ( 4.00    -1.6770)  ( 4.00    -0.2839)  ( 0.00     0.4081)
 A1.u :1...1         ( 0.00     1.8991)
 A2.u :1...3         ( 2.00    -0.5681)  ( 2.00     0.0318)  ( 0.00     0.2777)
 B1.u :1...2         ( 2.00    -0.1904)  ( 0.00     0.6246)
 B2.u :1...1         ( 0.00     0.7825)
 E1.u :1...4         ( 4.00    -1.0039)  ( 4.00    -0.3122)  ( 4.00    -0.1688)  ( 0.00     0.0739)

 CYCLE  104
  SDIIS (wt  0.000):  1.3978 -0.0426 -0.2511 -0.0531  0.5271 -0.5780
 A-DIIS (wt  1.000):  0.8322  0.0000  0.0000  0.0000  0.0000  0.1678
  DIIS coefficients:  0.8322  0.0000  0.0000  0.0000  0.0000  0.1678
 SCF Error: norm([F,P])=      0.737447621304, max([F,P])=      0.211981844535
 orbitals (Q,E):
 ---------------
 A1.g :1...4         ( 2.00    -1.7613)  ( 2.00    -1.1885)  ( 2.00    -0.3744)  ( 0.00     0.0564)
 A2.g :1...2         ( 2.00     0.0371)  ( 0.00     0.8800)
 B1.g :1...3         ( 2.00    -1.7520)  ( 2.00    -0.4370)  ( 0.00     0.3055)
 B2.g :1...3         ( 2.00    -1.9244)  ( 2.00    -0.5524)  ( 0.00     0.0371)
 E1.g :1...3         ( 4.00    -1.6779)  ( 4.00    -0.2843)  ( 0.00     0.4080)
 A1.u :1...1         ( 0.00     1.8987)
 A2.u :1...3         ( 2.00    -0.5685)  ( 2.00     0.0317)  ( 0.00     0.2775)
 B1.u :1...2         ( 2.00    -0.1908)  ( 0.00     0.6244)
 B2.u :1...1         ( 0.00     0.7822)
 E1.u :1...4         ( 4.00    -1.0044)  ( 4.00    -0.3126)  ( 4.00    -0.1693)  ( 0.00     0.0738)

 CYCLE  105
  SDIIS (wt  0.583): -1.5275 -1.4180 -0.0306 -0.2092 -0.1847  1.6415 -0.2715  3.0000
 A-DIIS (wt  0.417):  0.0000  0.0000  0.0000  0.0000  0.0000  0.0000  0.1622  0.8378
  DIIS coefficients: -0.8903 -0.8265 -0.0178 -0.1219 -0.1077  0.9568 -0.0906  2.0981
 SCF Error: norm([F,P])=      0.143770315039, max([F,P])=      0.042295448056
 orbitals (Q,E):
 ---------------
 A1.g :1...4         ( 2.00    -1.7757)  ( 2.00    -1.1929)  ( 2.00    -0.3724)  ( 0.00     0.0564)
 A2.g :1...1         ( 0.00     0.0431)
 B1.g :1...3         ( 2.00    -1.7707)  ( 2.00    -0.4341)  ( 0.00     0.3066)
 B2.g :1...4         ( 2.00    -1.9429)  ( 2.00    -0.5505)  ( 2.00     0.0331)  ( 0.00     0.3799)
 E1.g :1...3         ( 4.00    -1.6955)  ( 4.00    -0.2836)  ( 0.00     0.4089)
 A1.u :1...1         ( 0.00     1.9027)
 A2.u :1...3         ( 2.00    -0.5685)  ( 2.00     0.0319)  ( 0.00     0.2774)
 B1.u :1...2         ( 2.00    -0.1884)  ( 0.00     0.6256)
 B2.u :1...1         ( 0.00     0.7856)
 E1.u :1...4         ( 4.00    -1.0044)  ( 4.00    -0.3100)  ( 4.00    -0.1654)  ( 0.00     0.0744)

 CYCLE  106
   MIX coefficients:  0.8000  0.2000
 SCF Error: norm([F,P])=      0.836886391480, max([F,P])=      0.239933317056
 orbitals (Q,E):
 ---------------
 A1.g :1...4         ( 2.00    -1.5277)  ( 2.00    -1.0801)  ( 2.00    -0.3938)  ( 0.00     0.0662)
 A2.g :1...2         ( 2.00    -0.0190)  ( 0.00     0.8574)
 B1.g :1...3         ( 2.00    -1.4558)  ( 2.00    -0.4305)  ( 0.00     0.2980)
 B2.g :1...3         ( 2.00    -1.6486)  ( 2.00    -0.5678)  ( 0.00     0.1129)
 E1.g :1...3         ( 4.00    -1.3747)  ( 4.00    -0.2758)  ( 0.00     0.4000)
 A1.u :1...1         ( 0.00     1.8644)
 A2.u :1...3         ( 2.00    -0.5542)  ( 2.00     0.0314)  ( 0.00     0.2921)
 B1.u :1...2         ( 2.00    -0.2146)  ( 0.00     0.6128)
 B2.u :1...1         ( 0.00     0.7597)
 E1.u :1...4         ( 4.00    -0.9882)  ( 4.00    -0.3443)  ( 4.00    -0.1968)  ( 0.00     0.0684)

 CYCLE  107
  SDIIS (wt  0.000):  2.8201 -2.0000  0.1799
 A-DIIS (wt  1.000):  0.6971  0.0000  0.3029
  DIIS coefficients:  0.6971  0.0000  0.3029
 SCF Error: norm([F,P])=      2.114931458627, max([F,P])=      0.646877960359
 orbitals (Q,E):
 ---------------
 A1.g :1...4         ( 2.00    -1.7263)  ( 2.00    -1.1819)  ( 2.00    -0.3867)  ( 0.00     0.0541)
 A2.g :1...2         ( 2.00     0.0067)  ( 0.00     0.8686)
 B1.g :1...3         ( 2.00    -1.7019)  ( 2.00    -0.4572)  ( 0.00     0.2987)
 B2.g :1...3         ( 2.00    -1.8725)  ( 2.00    -0.5664)  ( 0.00     0.0442)
 E1.g :1...3         ( 4.00    -1.6319)  ( 4.00    -0.2939)  ( 0.00     0.4020)
 A1.u :1...1         ( 0.00     1.8783)
 A2.u :1...3         ( 2.00    -0.5747)  ( 2.00     0.0308)  ( 0.00     0.2740)
 B1.u :1...2         ( 2.00    -0.2054)  ( 0.00     0.6179)
 B2.u :1...1         ( 0.00     0.7641)
 E1.u :1...4         ( 4.00    -1.0128)  ( 4.00    -0.3280)  ( 4.00    -0.1905)  ( 0.00     0.0711)

 CYCLE  108
  SDIIS (wt  0.000):  0.3473  0.6527
 A-DIIS (wt  1.000):  0.2861  0.7139
  DIIS coefficients:  0.2861  0.7139
 SCF Error: norm([F,P])=      0.462589173473, max([F,P])=      0.132054737523
 orbitals (Q,E):
 ---------------
 A1.g :1...4         ( 2.00    -1.7556)  ( 2.00    -1.1827)  ( 2.00    -0.3688)  ( 0.00     0.0574)
 A2.g :1...2         ( 2.00     0.0419)  ( 0.00     0.8819)
 B1.g :1...3         ( 2.00    -1.7445)  ( 2.00    -0.4333)  ( 0.00     0.3067)
 B2.g :1...3         ( 2.00    -1.9149)  ( 2.00    -0.5466)  ( 0.00     0.0443)
 E1.g :1...3         ( 4.00    -1.6723)  ( 4.00    -0.2790)  ( 0.00     0.4100)
 A1.u :1...1         ( 0.00     1.9014)
 A2.u :1...3         ( 2.00    -0.5638)  ( 2.00     0.0321)  ( 0.00     0.2800)
 B1.u :1...2         ( 2.00    -0.1845)  ( 0.00     0.6267)
 B2.u :1...1         ( 0.00     0.7839)
 E1.u :1...4         ( 4.00    -0.9980)  ( 4.00    -0.3066)  ( 4.00    -0.1643)  ( 0.00     0.0746)

 CYCLE  109
  SDIIS (wt  0.595):  1.0032 -1.5075  2.0336 -2.0000 -0.3003  1.3355  2.2541 -1.0282  1.2095 -2.0000
 A-DIIS (wt  0.405):  0.0000  0.0000  0.0000  0.0000  0.1622  0.8378  0.0000  0.0000  0.0000  0.0000
  DIIS coefficients:  0.5972 -0.8974  1.2106 -1.1906 -0.1131  1.1341  1.3418 -0.6120  0.7200 -1.1906
 SCF Error: norm([F,P])=      0.152156492446, max([F,P])=      0.041067237751
 orbitals (Q,E):
 ---------------
 A1.g :1...4         ( 2.00    -1.7757)  ( 2.00    -1.1927)  ( 2.00    -0.3723)  ( 0.00     0.0564)
 A2.g :1...1         ( 0.00     0.0433)
 B1.g :1...3         ( 2.00    -1.7707)  ( 2.00    -0.4339)  ( 0.00     0.3066)
 B2.g :1...4         ( 2.00    -1.9429)  ( 2.00    -0.5504)  ( 2.00     0.0332)  ( 0.00     0.3800)
 E1.g :1...3         ( 4.00    -1.6954)  ( 4.00    -0.2834)  ( 0.00     0.4090)
 A1.u :1...1         ( 0.00     1.9028)
 A2.u :1...3         ( 2.00    -0.5684)  ( 2.00     0.0319)  ( 0.00     0.2775)
 B1.u :1...2         ( 2.00    -0.1883)  ( 0.00     0.6256)
 B2.u :1...1         ( 0.00     0.7857)
 E1.u :1...4         ( 4.00    -1.0042)  ( 4.00    -0.3099)  ( 4.00    -0.1652)  ( 0.00     0.0744)

 CYCLE  110
  SDIIS (wt  0.000):  1.3841 -0.0339 -0.2143 -0.1481  0.0122
 A-DIIS (wt  1.000):  0.8465  0.0000  0.0000  0.0000  0.1535
  DIIS coefficients:  0.8465  0.0000  0.0000  0.0000  0.1535
 SCF Error: norm([F,P])=      0.837573721454, max([F,P])=      0.240174609343
 orbitals (Q,E):
 ---------------
 A1.g :1...4         ( 2.00    -1.7602)  ( 2.00    -1.1880)  ( 2.00    -0.3743)  ( 0.00     0.0566)
 A2.g :1...1         ( 0.00     0.0376)
 B1.g :1...3         ( 2.00    -1.7512)  ( 2.00    -0.4364)  ( 0.00     0.3056)
 B2.g :1...4         ( 2.00    -1.9238)  ( 2.00    -0.5521)  ( 2.00     0.0374)  ( 0.00     0.3789)
 E1.g :1...3         ( 4.00    -1.6767)  ( 4.00    -0.2841)  ( 0.00     0.4081)
 A1.u :1...1         ( 0.00     1.8990)
 A2.u :1...3         ( 2.00    -0.5682)  ( 2.00     0.0318)  ( 0.00     0.2777)
 B1.u :1...2         ( 2.00    -0.1906)  ( 0.00     0.6245)
 B2.u :1...1         ( 0.00     0.7825)
 E1.u :1...4         ( 4.00    -1.0040)  ( 4.00    -0.3125)  ( 4.00    -0.1689)  ( 0.00     0.0739)

 CYCLE  111
  SDIIS (wt  0.000):  1.9716  1.3179  1.4295 -0.0242 -0.2983 -2.0000  0.6035 -2.0000
 A-DIIS (wt  1.000):  0.0000  0.0000  0.8376  0.0000  0.0000  0.0000  0.0000  0.1624
  DIIS coefficients:  0.0000  0.0000  0.8376  0.0000  0.0000  0.0000  0.0000  0.1624
 SCF Error: norm([F,P])=      0.734521917419, max([F,P])=      0.211260045291
 orbitals (Q,E):
 ---------------
 A1.g :1...4         ( 2.00    -1.7609)  ( 2.00    -1.1884)  ( 2.00    -0.3745)  ( 0.00     0.0564)
 A2.g :1...2         ( 1.00     0.0371)  ( 0.00     0.8800)
 B1.g :1...3         ( 2.00    -1.7517)  ( 2.00    -0.4369)  ( 0.00     0.3055)
 B2.g :1...4         ( 2.00    -1.9242)  ( 2.00    -0.5524)  ( 1.00     0.0371)  ( 0.00     0.3787)
 E1.g :1...3         ( 4.00    -1.6774)  ( 4.00    -0.2844)  ( 0.00     0.4079)
 A1.u :1...1         ( 0.00     1.8987)
 A2.u :1...3         ( 2.00    -0.5685)  ( 2.00     0.0317)  ( 0.00     0.2775)
 B1.u :1...2         ( 2.00    -0.1909)  ( 0.00     0.6244)
 B2.u :1...1         ( 0.00     0.7822)
 E1.u :1...4         ( 4.00    -1.0044)  ( 4.00    -0.3127)  ( 4.00    -0.1693)  ( 0.00     0.0738)

 CYCLE  112
  SDIIS (wt  0.000): -0.1958 -0.0229  0.5929 -0.0001 -0.0068 -0.0111  0.1772 -0.0652  0.5318
 A-DIIS (wt  1.000):  0.0000  0.0000  0.6761  0.0000  0.0000  0.0000  0.0000  0.0000  0.3239
  DIIS coefficients:  0.0000  0.0000  0.6761  0.0000  0.0000  0.0000  0.0000  0.0000  0.3239
 SCF Error: norm([F,P])=      0.291008195811, max([F,P])=      0.085160177582
 orbitals (Q,E):
 ---------------
 A1.g :1...4         ( 2.00    -1.7610)  ( 2.00    -1.1884)  ( 2.00    -0.3745)  ( 0.00     0.0564)
 A2.g :1...2         ( 1.00     0.0371)  ( 0.00     0.8800)
 B1.g :1...3         ( 2.00    -1.7518)  ( 2.00    -0.4369)  ( 0.00     0.3055)
 B2.g :1...4         ( 2.00    -1.9243)  ( 2.00    -0.5524)  ( 1.00     0.0371)  ( 0.00     0.3787)
 E1.g :1...3         ( 4.00    -1.6775)  ( 4.00    -0.2843)  ( 0.00     0.4080)
 A1.u :1...1         ( 0.00     1.8987)
 A2.u :1...3         ( 2.00    -0.5685)  ( 2.00     0.0317)  ( 0.00     0.2775)
 B1.u :1...2         ( 2.00    -0.1908)  ( 0.00     0.6244)
 B2.u :1...1         ( 0.00     0.7823)
 E1.u :1...4         ( 4.00    -1.0044)  ( 4.00    -0.3127)  ( 4.00    -0.1693)  ( 0.00     0.0738)

 CYCLE  113
  SDIIS (wt  0.000): -0.0538  0.5964 -0.2557  0.0002 -0.0084 -0.0123  0.2498 -0.0468  0.5308
 A-DIIS (wt  1.000):  0.0000  0.6764  0.0000  0.0000  0.0000  0.0000  0.0000  0.0000  0.3236
  DIIS coefficients:  0.0000  0.6764  0.0000  0.0000  0.0000  0.0000  0.0000  0.0000  0.3236
 SCF Error: norm([F,P])=      0.291950032915, max([F,P])=      0.085458639183
 orbitals (Q,E):
 ---------------
 A1.g :1...4         ( 2.00    -1.7610)  ( 2.00    -1.1884)  ( 2.00    -0.3745)  ( 0.00     0.0564)
 A2.g :1...2         ( 1.00     0.0371)  ( 0.00     0.8800)
 B1.g :1...3         ( 2.00    -1.7518)  ( 2.00    -0.4369)  ( 0.00     0.3055)
 B2.g :1...4         ( 2.00    -1.9243)  ( 2.00    -0.5524)  ( 1.00     0.0370)  ( 0.00     0.3787)
 E1.g :1...3         ( 4.00    -1.6775)  ( 4.00    -0.2843)  ( 0.00     0.4080)
 A1.u :1...1         ( 0.00     1.8987)
 A2.u :1...3         ( 2.00    -0.5685)  ( 2.00     0.0317)  ( 0.00     0.2775)
 B1.u :1...2         ( 2.00    -0.1908)  ( 0.00     0.6244)
 B2.u :1...1         ( 0.00     0.7823)
 E1.u :1...4         ( 4.00    -1.0044)  ( 4.00    -0.3127)  ( 4.00    -0.1693)  ( 0.00     0.0738)

 CYCLE  114
  SDIIS (wt  0.000):  0.5996 -0.2212  0.0002 -0.0092 -0.0139  0.2167 -0.1021  0.5300
 A-DIIS (wt  1.000):  0.6764  0.0000  0.0000  0.0000  0.0000  0.0000  0.0000  0.3236
  DIIS coefficients:  0.6764  0.0000  0.0000  0.0000  0.0000  0.0000  0.0000  0.3236
 SCF Error: norm([F,P])=      0.291815228124, max([F,P])=      0.085419830049
 orbitals (Q,E):
 ---------------
 A1.g :1...4         ( 2.00    -1.7610)  ( 2.00    -1.1884)  ( 2.00    -0.3745)  ( 0.00     0.0564)
 A2.g :1...2         ( 1.00     0.0371)  ( 0.00     0.8800)
 B1.g :1...3         ( 2.00    -1.7518)  ( 2.00    -0.4369)  ( 0.00     0.3055)
 B2.g :1...4         ( 2.00    -1.9243)  ( 2.00    -0.5524)  ( 1.00     0.0371)  ( 0.00     0.3787)
 E1.g :1...3         ( 4.00    -1.6775)  ( 4.00    -0.2843)  ( 0.00     0.4080)
 A1.u :1...1         ( 0.00     1.8987)
 A2.u :1...3         ( 2.00    -0.5685)  ( 2.00     0.0317)  ( 0.00     0.2775)
 B1.u :1...2         ( 2.00    -0.1908)  ( 0.00     0.6244)
 B2.u :1...1         ( 0.00     0.7823)
 E1.u :1...4         ( 4.00    -1.0044)  ( 4.00    -0.3127)  ( 4.00    -0.1693)  ( 0.00     0.0738)

 CYCLE  115
  SDIIS (wt  0.000):  1.1936  0.0210  0.1437  0.0860 -1.8767  0.6077  0.8248
 A-DIIS (wt  1.000):  0.0000  0.0000  0.0000  0.6704  0.0000  0.0000  0.3296
  DIIS coefficients:  0.0000  0.0000  0.0000  0.6704  0.0000  0.0000  0.3296
 SCF Error: norm([F,P])=      0.291829397154, max([F,P])=      0.085423463588
 orbitals (Q,E):
 ---------------
 A1.g :1...4         ( 2.00    -1.7691)  ( 2.00    -1.1962)  ( 2.00    -0.3810)  ( 0.00     0.0544)
 A2.g :1...2         ( 2.00     0.0285)  ( 0.00     0.8769)
 B1.g :1...3         ( 2.00    -1.7600)  ( 2.00    -0.4446)  ( 0.00     0.3035)
 B2.g :1...4         ( 2.00    -1.9331)  ( 2.00    -0.5598)  ( 2.00     0.0293)  ( 0.00     0.3755)
 E1.g :1...3         ( 4.00    -1.6851)  ( 4.00    -0.2914)  ( 0.00     0.4052)
 A1.u :1...1         ( 0.00     1.8934)
 A2.u :1...2         ( 2.00    -0.5751)  ( 0.00     0.0312)
 B1.u :1...2         ( 2.00    -0.1987)  ( 0.00     0.6215)
 B2.u :1...1         ( 0.00     0.7777)
 E1.u :1...4         ( 4.00    -1.0131)  ( 4.00    -0.3197)  ( 4.00    -0.1774)  ( 0.00     0.0728)

 CYCLE  116
  SDIIS (wt  0.000):  0.0215  0.1419  0.0849 -0.7048  0.6303  0.8251  0.0011
 A-DIIS (wt  1.000):  0.0000  0.0000  0.6734  0.0000  0.0000  0.3197  0.0069
  DIIS coefficients:  0.0000  0.0000  0.6734  0.0000  0.0000  0.3197  0.0069
 SCF Error: norm([F,P])=      1.276789232569, max([F,P])=      0.232999898773
 orbitals (Q,E):
 ---------------
 A1.g :1...4         ( 2.00    -1.7656)  ( 2.00    -1.1933)  ( 2.00    -0.3788)  ( 0.00     0.0554)
 A2.g :1...2         ( 2.00     0.0313)  ( 0.00     0.8780)
 B1.g :1...3         ( 2.00    -1.7563)  ( 2.00    -0.4418)  ( 0.00     0.3042)
 B2.g :1...3         ( 2.00    -1.9294)  ( 2.00    -0.5573)  ( 0.00     0.0320)
 E1.g :1...3         ( 4.00    -1.6816)  ( 4.00    -0.2890)  ( 0.00     0.4062)
 A1.u :1...1         ( 0.00     1.8954)
 A2.u :1...3         ( 2.00    -0.5727)  ( 2.00     0.0316)  ( 0.00     0.2750)
 B1.u :1...2         ( 2.00    -0.1962)  ( 0.00     0.6225)
 B2.u :1...1         ( 0.00     0.7795)
 E1.u :1...4         ( 4.00    -1.0101)  ( 4.00    -0.3174)  ( 4.00    -0.1747)  ( 0.00     0.0731)

 CYCLE  117
  SDIIS (wt  0.552): -0.0668  0.2725  0.0880 -0.1952 -0.7836  1.2587 -0.0010  0.4273
 A-DIIS (wt  0.448):  0.0000  0.2521  0.0000  0.0000  0.0000  0.3305  0.0000  0.4173
  DIIS coefficients: -0.0369  0.2634  0.0486 -0.1077 -0.4323  0.8426 -0.0005  0.4228
 SCF Error: norm([F,P])=      0.163735377294, max([F,P])=      0.045376707182
 orbitals (Q,E):
 ---------------
 A1.g :1...4         ( 2.00    -1.7624)  ( 2.00    -1.1885)  ( 2.00    -0.3740)  ( 0.00     0.0565)
 A2.g :1...1         ( 0.00     0.0383)
 B1.g :1...3         ( 2.00    -1.7537)  ( 2.00    -0.4362)  ( 0.00     0.3057)
 B2.g :1...4         ( 2.00    -1.9262)  ( 2.00    -0.5518)  ( 2.00     0.0369)  ( 0.00     0.3790)
 E1.g :1...3         ( 4.00    -1.6794)  ( 4.00    -0.2838)  ( 0.00     0.4082)
 A1.u :1...1         ( 0.00     1.8995)
 A2.u :1...3         ( 2.00    -0.5681)  ( 2.00     0.0318)  ( 0.00     0.2777)
 B1.u :1...2         ( 2.00    -0.1901)  ( 0.00     0.6247)
 B2.u :1...1         ( 0.00     0.7829)
 E1.u :1...4         ( 4.00    -1.0039)  ( 4.00    -0.3121)  ( 4.00    -0.1684)  ( 0.00     0.0739)

 CYCLE  118
  SDIIS (wt  0.000): -0.0378  0.8430  0.1948
 A-DIIS (wt  1.000):  0.0000  0.8305  0.1695
  DIIS coefficients:  0.0000  0.8305  0.1695
 SCF Error: norm([F,P])=      0.750322666886, max([F,P])=      0.215720555197
 orbitals (Q,E):
 ---------------
 A1.g :1...4         ( 2.00    -1.7500)  ( 2.00    -1.1795)  ( 2.00    -0.3683)  ( 0.00     0.0586)
 A2.g :1...2         ( 2.00     0.0452)  ( 0.00     0.8828)
 B1.g :1...3         ( 2.00    -1.7402)  ( 2.00    -0.4291)  ( 0.00     0.3074)
 B2.g :1...3         ( 2.00    -1.9124)  ( 2.00    -0.5452)  ( 0.00     0.0455)
 E1.g :1...3         ( 4.00    -1.6666)  ( 4.00    -0.2771)  ( 0.00     0.4106)
 A1.u :1...1         ( 0.00     1.9037)
 A2.u :1...3         ( 2.00    -0.5616)  ( 2.00     0.0323)  ( 0.00     0.2817)
 B1.u :1...2         ( 2.00    -0.1832)  ( 0.00     0.6272)
 B2.u :1...1         ( 0.00     0.7867)
 E1.u :1...4         ( 4.00    -0.9954)  ( 4.00    -0.3061)  ( 4.00    -0.1615)  ( 0.00     0.0748)

 CYCLE  119
  SDIIS (wt  0.519): -0.0569 -0.3838 -0.6689  1.2380  0.0012  0.3147  0.3251  0.2306
 A-DIIS (wt  0.481):  0.0000  0.0000  0.0000  0.3360  0.0000  0.4448  0.0000  0.2192
  DIIS coefficients: -0.0295 -0.1991 -0.3471  0.8041  0.0006  0.3773  0.1687  0.2251
 SCF Error: norm([F,P])=      0.178614215111, max([F,P])=      0.048627180205
 orbitals (Q,E):
 ---------------
 A1.g :1...4         ( 2.00    -1.7598)  ( 2.00    -1.1876)  ( 2.00    -0.3741)  ( 0.00     0.0566)
 A2.g :1...2         ( 2.00     0.0374)  ( 0.00     0.8801)
 B1.g :1...3         ( 2.00    -1.7504)  ( 2.00    -0.4365)  ( 0.00     0.3056)
 B2.g :1...3         ( 2.00    -1.9228)  ( 2.00    -0.5519)  ( 0.00     0.0378)
 E1.g :1...3         ( 4.00    -1.6762)  ( 4.00    -0.2838)  ( 0.00     0.4081)
 A1.u :1...1         ( 0.00     1.8989)
 A2.u :1...3         ( 2.00    -0.5680)  ( 2.00     0.0318)  ( 0.00     0.2778)
 B1.u :1...2         ( 2.00    -0.1903)  ( 0.00     0.6246)
 B2.u :1...1         ( 0.00     0.7824)
 E1.u :1...4         ( 4.00    -1.0038)  ( 4.00    -0.3123)  ( 4.00    -0.1689)  ( 0.00     0.0739)

 CYCLE  120
  SDIIS (wt  0.563): -0.1950  0.5564  0.0001  0.0474  0.0810 -0.0021  0.5122
 A-DIIS (wt  0.437):  0.0000  0.3280  0.0000  0.0000  0.0000  0.0000  0.6720
  DIIS coefficients: -0.1097  0.4565  0.0000  0.0267  0.0456 -0.0012  0.5821
 SCF Error: norm([F,P])=      0.150563900711, max([F,P])=      0.044289796206
 orbitals (Q,E):
 ---------------
 A1.g :1...4         ( 2.00    -1.7614)  ( 2.00    -1.1887)  ( 2.00    -0.3747)  ( 0.00     0.0563)
 A2.g :1...2         ( 2.00     0.0367)  ( 0.00     0.8798)
 B1.g :1...3         ( 2.00    -1.7521)  ( 2.00    -0.4373)  ( 0.00     0.3054)
 B2.g :1...3         ( 2.00    -1.9246)  ( 2.00    -0.5527)  ( 0.00     0.0368)
 E1.g :1...3         ( 4.00    -1.6779)  ( 4.00    -0.2846)  ( 0.00     0.4079)
 A1.u :1...1         ( 0.00     1.8985)
 A2.u :1...3         ( 2.00    -0.5687)  ( 2.00     0.0317)  ( 0.00     0.2773)
 B1.u :1...2         ( 2.00    -0.1911)  ( 0.00     0.6243)
 B2.u :1...1         ( 0.00     0.7820)
 E1.u :1...4         ( 4.00    -1.0047)  ( 4.00    -0.3129)  ( 4.00    -0.1697)  ( 0.00     0.0738)

 CYCLE  121
  SDIIS (wt  0.577):  0.5308 -0.0005 -0.0912 -0.1044  0.0404 -0.7225  1.3474
 A-DIIS (wt  0.423):  0.3258  0.0000  0.0000  0.0000  0.0000  0.1193  0.5549
  DIIS coefficients:  0.4442 -0.0003 -0.0527 -0.0603  0.0233 -0.3668  1.0125
 SCF Error: norm([F,P])=      0.145907540442, max([F,P])=      0.042833022768
 orbitals (Q,E):
 ---------------
 A1.g :1...4         ( 2.00    -1.7611)  ( 2.00    -1.1884)  ( 2.00    -0.3744)  ( 0.00     0.0564)
 A2.g :1...1         ( 0.00     0.0371)
 B1.g :1...3         ( 2.00    -1.7519)  ( 2.00    -0.4369)  ( 0.00     0.3055)
 B2.g :1...4         ( 2.00    -1.9244)  ( 2.00    -0.5524)  ( 2.00     0.0371)  ( 0.00     0.3787)
 E1.g :1...3         ( 4.00    -1.6776)  ( 4.00    -0.2842)  ( 0.00     0.4080)
 A1.u :1...1         ( 0.00     1.8988)
 A2.u :1...3         ( 2.00    -0.5684)  ( 2.00     0.0317)  ( 0.00     0.2775)
 B1.u :1...2         ( 2.00    -0.1907)  ( 0.00     0.6244)
 B2.u :1...1         ( 0.00     0.7823)
 E1.u :1...4         ( 4.00    -1.0043)  ( 4.00    -0.3126)  ( 4.00    -0.1693)  ( 0.00     0.0738)

 CYCLE  122
  SDIIS (wt  0.000): -0.0319  0.7129 -2.0000  0.1004  2.2187
 A-DIIS (wt  1.000):  0.0000  0.5427  0.0000  0.2886  0.1687
  DIIS coefficients:  0.0000  0.5427  0.0000  0.2886  0.1687
 SCF Error: norm([F,P])=      0.738867936125, max([F,P])=      0.212454132549
 orbitals (Q,E):
 ---------------
 A1.g :1...4         ( 2.00    -1.7597)  ( 2.00    -1.1873)  ( 2.00    -0.3736)  ( 0.00     0.0567)
 A2.g :1...2         ( 2.00     0.0382)  ( 0.00     0.8803)
 B1.g :1...3         ( 2.00    -1.7504)  ( 2.00    -0.4360)  ( 0.00     0.3057)
 B2.g :1...3         ( 2.00    -1.9227)  ( 2.00    -0.5514)  ( 0.00     0.0383)
 E1.g :1...3         ( 4.00    -1.6763)  ( 4.00    -0.2834)  ( 0.00     0.4083)
 A1.u :1...1         ( 0.00     1.8993)
 A2.u :1...3         ( 2.00    -0.5676)  ( 2.00     0.0318)  ( 0.00     0.2780)
 B1.u :1...2         ( 2.00    -0.1898)  ( 0.00     0.6248)
 B2.u :1...1         ( 0.00     0.7827)
 E1.u :1...4         ( 4.00    -1.0032)  ( 4.00    -0.3117)  ( 4.00    -0.1683)  ( 0.00     0.0740)

 CYCLE  123
  SDIIS (wt  0.573):  0.5554  0.0001 -0.0192  0.0548 -0.0405  0.8556 -0.1674 -0.2387
 A-DIIS (wt  0.427):  0.3278  0.0000  0.0000  0.0000  0.0000  0.6722  0.0000  0.0000
  DIIS coefficients:  0.4582  0.0000 -0.0110  0.0314 -0.0232  0.7774 -0.0959 -0.1368
 SCF Error: norm([F,P])=      0.147060908901, max([F,P])=      0.043255112921
 orbitals (Q,E):
 ---------------
 A1.g :1...4         ( 2.00    -1.7613)  ( 2.00    -1.1887)  ( 2.00    -0.3747)  ( 0.00     0.0563)
 A2.g :1...2         ( 2.00     0.0366)  ( 0.00     0.8798)
 B1.g :1...3         ( 2.00    -1.7520)  ( 2.00    -0.4373)  ( 0.00     0.3054)
 B2.g :1...3         ( 2.00    -1.9245)  ( 2.00    -0.5527)  ( 0.00     0.0368)
 E1.g :1...3         ( 4.00    -1.6777)  ( 4.00    -0.2846)  ( 0.00     0.4079)
 A1.u :1...1         ( 0.00     1.8985)
 A2.u :1...3         ( 2.00    -0.5687)  ( 2.00     0.0317)  ( 0.00     0.2773)
 B1.u :1...2         ( 2.00    -0.1911)  ( 0.00     0.6243)
 B2.u :1...1         ( 0.00     0.7820)
 E1.u :1...4         ( 4.00    -1.0047)  ( 4.00    -0.3130)  ( 4.00    -0.1697)  ( 0.00     0.0738)

 CYCLE  124
  SDIIS (wt  0.575): -0.0284 -2.0000 -2.0000 -2.0000 -1.1201  2.1485  3.0000  3.0000
 A-DIIS (wt  0.425):  0.0000  0.0000  0.0000  0.0000  0.2009  0.1637  0.0000  0.6354
  DIIS coefficients: -0.0163 -1.1509 -1.1509 -1.1509 -0.5592  1.3058  1.7263  1.9961
 SCF Error: norm([F,P])=      0.146574864289, max([F,P])=      0.043030587817
 orbitals (Q,E):
 ---------------
 A1.g :1...4         ( 2.00    -1.7663)  ( 2.00    -1.1916)  ( 2.00    -0.3763)  ( 0.00     0.0552)
 A2.g :1...1         ( 0.00     0.0357)
 B1.g :1...3         ( 2.00    -1.7580)  ( 2.00    -0.4389)  ( 0.00     0.3052)
 B2.g :1...4         ( 2.00    -1.9303)  ( 2.00    -0.5544)  ( 2.00     0.0342)  ( 0.00     0.3781)
 E1.g :1...3         ( 4.00    -1.6834)  ( 4.00    -0.2863)  ( 0.00     0.4072)
 A1.u :1...1         ( 0.00     1.8975)
 A2.u :1...3         ( 2.00    -0.5705)  ( 2.00     0.0310)  ( 0.00     0.2760)
 B1.u :1...2         ( 2.00    -0.1926)  ( 0.00     0.6237)
 B2.u :1...1         ( 0.00     0.7811)
 E1.u :1...4         ( 4.00    -1.0069)  ( 4.00    -0.3144)  ( 4.00    -0.1709)  ( 0.00     0.0737)

 CYCLE  125
  SDIIS (wt  0.000): -0.0061 -0.7640 -1.1281 -1.4117  3.0000  3.0000 -1.6901
 A-DIIS (wt  1.000):  0.0000  0.0000  0.0000  0.0000  0.1251  0.8373  0.0376
  DIIS coefficients:  0.0000  0.0000  0.0000  0.0000  0.1251  0.8373  0.0376
 SCF Error: norm([F,P])=      0.758662315987, max([F,P])=      0.218392436386
 orbitals (Q,E):
 ---------------
 A1.g :1...4         ( 2.00    -1.7629)  ( 2.00    -1.1900)  ( 2.00    -0.3757)  ( 0.00     0.0560)
 A2.g :1...2         ( 2.00     0.0356)  ( 0.00     0.8794)
 B1.g :1...3         ( 2.00    -1.7537)  ( 2.00    -0.4384)  ( 0.00     0.3051)
 B2.g :1...3         ( 2.00    -1.9263)  ( 2.00    -0.5538)  ( 0.00     0.0356)
 E1.g :1...3         ( 4.00    -1.6793)  ( 4.00    -0.2857)  ( 0.00     0.4074)
 A1.u :1...1         ( 0.00     1.8977)
 A2.u :1...3         ( 2.00    -0.5698)  ( 2.00     0.0316)  ( 0.00     0.2767)
 B1.u :1...2         ( 2.00    -0.1923)  ( 0.00     0.6239)
 B2.u :1...1         ( 0.00     0.7814)
 E1.u :1...4         ( 4.00    -1.0061)  ( 4.00    -0.3139)  ( 4.00    -0.1708)  ( 0.00     0.0737)

 CYCLE  126
  SDIIS (wt  0.580): -2.0000 -0.9745 -1.5693 -1.5826  3.0000  3.0000 -1.8737  3.0000
 A-DIIS (wt  0.420):  0.0000  0.0000  0.0000  0.7324  0.1645  0.0000  0.0000  0.1032
  DIIS coefficients: -1.1604 -0.5654 -0.9105 -0.6108  1.8097  1.7406 -1.0871  1.7839
 SCF Error: norm([F,P])=      0.145460595061, max([F,P])=      0.042559834139
 orbitals (Q,E):
 ---------------
 A1.g :1...4         ( 2.00    -1.7626)  ( 2.00    -1.1891)  ( 2.00    -0.3750)  ( 0.00     0.0563)
 A2.g :1...1         ( 0.00     0.0370)
 B1.g :1...3         ( 2.00    -1.7536)  ( 2.00    -0.4372)  ( 0.00     0.3054)
 B2.g :1...4         ( 2.00    -1.9260)  ( 2.00    -0.5529)  ( 2.00     0.0363)  ( 0.00     0.3784)
 E1.g :1...3         ( 4.00    -1.6793)  ( 4.00    -0.2847)  ( 0.00     0.4078)
 A1.u :1...1         ( 0.00     1.8986)
 A2.u :1...3         ( 2.00    -0.5689)  ( 2.00     0.0317)  ( 0.00     0.2772)
 B1.u :1...2         ( 2.00    -0.1912)  ( 0.00     0.6242)
 B2.u :1...1         ( 0.00     0.7822)
 E1.u :1...4         ( 4.00    -1.0048)  ( 4.00    -0.3132)  ( 4.00    -0.1695)  ( 0.00     0.0738)

 CYCLE  127
  SDIIS (wt  0.000): -0.4668 -2.0000  1.2844  2.1824
 A-DIIS (wt  1.000):  0.5566  0.0000  0.2809  0.1626
  DIIS coefficients:  0.5566  0.0000  0.2809  0.1626
 SCF Error: norm([F,P])=      0.744945521104, max([F,P])=      0.214517197245
 orbitals (Q,E):
 ---------------
 A1.g :1...4         ( 2.00    -1.7611)  ( 2.00    -1.1885)  ( 2.00    -0.3746)  ( 0.00     0.0564)
 A2.g :1...2         ( 2.00     0.0370)  ( 0.00     0.8799)
 B1.g :1...3         ( 2.00    -1.7518)  ( 2.00    -0.4370)  ( 0.00     0.3054)
 B2.g :1...3         ( 2.00    -1.9243)  ( 2.00    -0.5525)  ( 0.00     0.0370)
 E1.g :1...3         ( 4.00    -1.6775)  ( 4.00    -0.2845)  ( 0.00     0.4079)
 A1.u :1...1         ( 0.00     1.8986)
 A2.u :1...3         ( 2.00    -0.5686)  ( 2.00     0.0317)  ( 0.00     0.2774)
 B1.u :1...2         ( 2.00    -0.1910)  ( 0.00     0.6243)
 B2.u :1...1         ( 0.00     0.7822)
 E1.u :1...4         ( 4.00    -1.0045)  ( 4.00    -0.3128)  ( 4.00    -0.1694)  ( 0.00     0.0738)

 CYCLE  128
  SDIIS (wt  0.572): -0.9954  3.0000  3.0000  0.8083 -2.0000 -0.8129 -2.0000
 A-DIIS (wt  0.428):  0.0000  0.1634  0.0000  0.0000  0.0000  0.0000  0.8366
  DIIS coefficients: -0.5691  1.7853  1.7153  0.4622 -1.1435 -0.4648 -0.7853
 SCF Error: norm([F,P])=      0.147261578514, max([F,P])=      0.043394919835
 orbitals (Q,E):
 ---------------
 A1.g :1...4         ( 2.00    -1.7604)  ( 2.00    -1.1885)  ( 2.00    -0.3754)  ( 0.00     0.0562)
 A2.g :1...2         ( 2.00     0.0360)  ( 0.00     0.8794)
 B1.g :1...3         ( 2.00    -1.7508)  ( 2.00    -0.4377)  ( 0.00     0.3051)
 B2.g :1...3         ( 2.00    -1.9232)  ( 2.00    -0.5533)  ( 0.00     0.0369)
 E1.g :1...3         ( 4.00    -1.6766)  ( 4.00    -0.2849)  ( 0.00     0.4076)
 A1.u :1...1         ( 0.00     1.8978)
 A2.u :1...3         ( 2.00    -0.5690)  ( 2.00     0.0317)  ( 0.00     0.2771)
 B1.u :1...2         ( 2.00    -0.1916)  ( 0.00     0.6240)
 B2.u :1...1         ( 0.00     0.7815)
 E1.u :1...4         ( 4.00    -1.0049)  ( 4.00    -0.3137)  ( 4.00    -0.1702)  ( 0.00     0.0737)

 CYCLE  129
  SDIIS (wt  0.572):  0.6332  0.9642  0.8730 -2.0000  3.0000  1.5296 -2.0000 -2.0000
 A-DIIS (wt  0.428):  0.1634  0.0000  0.0000  0.0000  0.0000  0.0000  0.8366  0.0000
  DIIS coefficients:  0.4320  0.5513  0.4992 -1.1435  1.7153  0.8746 -0.7853 -1.1435
 SCF Error: norm([F,P])=      0.155976728512, max([F,P])=      0.045641915221
 orbitals (Q,E):
 ---------------
 A1.g :1...4         ( 2.00    -1.7625)  ( 2.00    -1.1894)  ( 2.00    -0.3754)  ( 0.00     0.0561)
 A2.g :1...1         ( 0.00     0.0362)
 B1.g :1...3         ( 2.00    -1.7533)  ( 2.00    -0.4378)  ( 0.00     0.3051)
 B2.g :1...4         ( 2.00    -1.9257)  ( 2.00    -0.5534)  ( 2.00     0.0361)  ( 0.00     0.3782)
 E1.g :1...3         ( 4.00    -1.6791)  ( 4.00    -0.2852)  ( 0.00     0.4076)
 A1.u :1...1         ( 0.00     1.8980)
 A2.u :1...3         ( 2.00    -0.5693)  ( 2.00     0.0317)  ( 0.00     0.2769)
 B1.u :1...2         ( 2.00    -0.1917)  ( 0.00     0.6240)
 B2.u :1...1         ( 0.00     0.7816)
 E1.u :1...4         ( 4.00    -1.0053)  ( 4.00    -0.3136)  ( 4.00    -0.1701)  ( 0.00     0.0737)

 CYCLE  130
  SDIIS (wt  0.000):  0.5680 -2.0000  2.2623 -2.0000  2.1697
 A-DIIS (wt  1.000):  0.2982  0.0000  0.0000  0.5359  0.1659
  DIIS coefficients:  0.2982  0.0000  0.0000  0.5359  0.1659
 SCF Error: norm([F,P])=      0.741537433495, max([F,P])=      0.213465114986
 orbitals (Q,E):
 ---------------
 A1.g :1...4         ( 2.00    -1.7611)  ( 2.00    -1.1885)  ( 2.00    -0.3744)  ( 0.00     0.0564)
 A2.g :1...2         ( 2.00     0.0371)  ( 0.00     0.8800)
 B1.g :1...3         ( 2.00    -1.7519)  ( 2.00    -0.4370)  ( 0.00     0.3055)
 B2.g :1...3         ( 2.00    -1.9243)  ( 2.00    -0.5523)  ( 0.00     0.0371)
 E1.g :1...3         ( 4.00    -1.6776)  ( 4.00    -0.2843)  ( 0.00     0.4080)
 A1.u :1...1         ( 0.00     1.8987)
 A2.u :1...3         ( 2.00    -0.5685)  ( 2.00     0.0317)  ( 0.00     0.2775)
 B1.u :1...2         ( 2.00    -0.1908)  ( 0.00     0.6244)
 B2.u :1...1         ( 0.00     0.7822)
 E1.u :1...4         ( 4.00    -1.0044)  ( 4.00    -0.3126)  ( 4.00    -0.1693)  ( 0.00     0.0739)

 CYCLE  131
  SDIIS (wt  0.576):  0.8011 -0.5577 -2.0000  2.3841 -1.6275 -2.0000 -2.0000  3.0000  3.0000
 A-DIIS (wt  0.424):  0.1628  0.0000  0.0000  0.0000  0.0000  0.1909  0.0000  0.0000  0.6463
  DIIS coefficients:  0.5305 -0.3213 -1.1522  1.3735 -0.9376 -1.0713 -1.1522  1.7283  2.0023
 SCF Error: norm([F,P])=      0.145543816160, max([F,P])=      0.042965887229
 orbitals (Q,E):
 ---------------
 A1.g :1...4         ( 2.00    -1.7608)  ( 2.00    -1.1885)  ( 2.00    -0.3753)  ( 0.00     0.0563)
 A2.g :1...2         ( 2.00     0.0363)  ( 0.00     0.8795)
 B1.g :1...3         ( 2.00    -1.7514)  ( 2.00    -0.4375)  ( 0.00     0.3052)
 B2.g :1...3         ( 2.00    -1.9238)  ( 2.00    -0.5532)  ( 0.00     0.0368)
 E1.g :1...3         ( 4.00    -1.6772)  ( 4.00    -0.2848)  ( 0.00     0.4077)
 A1.u :1...1         ( 0.00     1.8981)
 A2.u :1...3         ( 2.00    -0.5688)  ( 2.00     0.0317)  ( 0.00     0.2772)
 B1.u :1...2         ( 2.00    -0.1914)  ( 0.00     0.6241)
 B2.u :1...1         ( 0.00     0.7818)
 E1.u :1...4         ( 4.00    -1.0047)  ( 4.00    -0.3135)  ( 4.00    -0.1699)  ( 0.00     0.0737)

 CYCLE  132
  SDIIS (wt  0.576):  1.5324  2.3068 -2.0000  3.0000 -0.8392 -2.0000 -2.0000  3.0000 -2.0000
 A-DIIS (wt  0.424):  0.0000  0.0000  0.0000  0.0000  0.1630  0.8370  0.0000  0.0000  0.0000
  DIIS coefficients:  0.8828  1.3289 -1.1522  1.7283 -0.4143 -0.7974 -1.1522  1.7283 -1.1522
 SCF Error: norm([F,P])=      0.151198091446, max([F,P])=      0.044048424711
 orbitals (Q,E):
 ---------------
 A1.g :1...4         ( 2.00    -1.7615)  ( 2.00    -1.1886)  ( 2.00    -0.3752)  ( 0.00     0.0563)
 A2.g :1...1         ( 0.00     0.0367)
 B1.g :1...3         ( 2.00    -1.7523)  ( 2.00    -0.4372)  ( 0.00     0.3053)
 B2.g :1...4         ( 2.00    -1.9247)  ( 2.00    -0.5531)  ( 2.00     0.0366)  ( 0.00     0.3783)
 E1.g :1...3         ( 4.00    -1.6781)  ( 4.00    -0.2847)  ( 0.00     0.4077)
 A1.u :1...1         ( 0.00     1.8983)
 A2.u :1...3         ( 2.00    -0.5687)  ( 2.00     0.0317)  ( 0.00     0.2773)
 B1.u :1...2         ( 2.00    -0.1912)  ( 0.00     0.6241)
 B2.u :1...1         ( 0.00     0.7820)
 E1.u :1...4         ( 4.00    -1.0046)  ( 4.00    -0.3134)  ( 4.00    -0.1696)  ( 0.00     0.0737)

 CYCLE  133
  SDIIS (wt  0.000): -2.0000  2.2312  0.5842 -2.0000  2.1846
 A-DIIS (wt  1.000):  0.0000  0.0000  0.8373  0.0000  0.1627
  DIIS coefficients:  0.0000  0.0000  0.8373  0.0000  0.1627
 SCF Error: norm([F,P])=      0.739424953673, max([F,P])=      0.213129946456
 orbitals (Q,E):
 ---------------
 A1.g :1...4         ( 2.00    -1.7606)  ( 2.00    -1.1881)  ( 2.00    -0.3743)  ( 0.00     0.0565)
 A2.g :1...1         ( 0.00     0.0374)
 B1.g :1...3         ( 2.00    -1.7514)  ( 2.00    -0.4367)  ( 0.00     0.3055)
 B2.g :1...4         ( 2.00    -1.9238)  ( 2.00    -0.5522)  ( 2.00     0.0374)  ( 0.00     0.3788)
 E1.g :1...3         ( 4.00    -1.6771)  ( 4.00    -0.2841)  ( 0.00     0.4080)
 A1.u :1...1         ( 0.00     1.8988)
 A2.u :1...3         ( 2.00    -0.5683)  ( 2.00     0.0318)  ( 0.00     0.2776)
 B1.u :1...2         ( 2.00    -0.1906)  ( 0.00     0.6245)
 B2.u :1...1         ( 0.00     0.7824)
 E1.u :1...4         ( 4.00    -1.0041)  ( 4.00    -0.3125)  ( 4.00    -0.1691)  ( 0.00     0.0739)

 CYCLE  134
  SDIIS (wt  0.000): -2.0000  2.0217  0.7954 -2.0000  2.7964 -0.6135
 A-DIIS (wt  1.000):  0.0000  0.0000  0.8373  0.0000  0.0000  0.1627
  DIIS coefficients:  0.0000  0.0000  0.8373  0.0000  0.0000  0.1627
 SCF Error: norm([F,P])=      0.736797193075, max([F,P])=      0.211834420469
 orbitals (Q,E):
 ---------------
 A1.g :1...4         ( 2.00    -1.7608)  ( 2.00    -1.1883)  ( 2.00    -0.3745)  ( 0.00     0.0565)
 A2.g :1...2         ( 1.00     0.0372)  ( 0.00     0.8800)
 B1.g :1...3         ( 2.00    -1.7516)  ( 2.00    -0.4368)  ( 0.00     0.3055)
 B2.g :1...4         ( 2.00    -1.9241)  ( 2.00    -0.5524)  ( 1.00     0.0372)  ( 0.00     0.3787)
 E1.g :1...3         ( 4.00    -1.6773)  ( 4.00    -0.2843)  ( 0.00     0.4080)
 A1.u :1...1         ( 0.00     1.8987)
 A2.u :1...3         ( 2.00    -0.5684)  ( 2.00     0.0317)  ( 0.00     0.2775)
 B1.u :1...2         ( 2.00    -0.1908)  ( 0.00     0.6244)
 B2.u :1...1         ( 0.00     0.7823)
 E1.u :1...4         ( 4.00    -1.0043)  ( 4.00    -0.3127)  ( 4.00    -0.1692)  ( 0.00     0.0738)

 CYCLE  135
  SDIIS (wt  0.000):  0.0047 -0.1007 -0.1650  0.0632  0.4854  0.2413  0.0023 -0.0734  0.5422
 A-DIIS (wt  1.000):  0.0000  0.0000  0.0000  0.0000  0.6755  0.0000  0.0000  0.0000  0.3245
  DIIS coefficients:  0.0000  0.0000  0.0000  0.0000  0.6755  0.0000  0.0000  0.0000  0.3245
 SCF Error: norm([F,P])=      0.291432750652, max([F,P])=      0.085321054849
 orbitals (Q,E):
 ---------------
 A1.g :1...4         ( 2.00    -1.7610)  ( 2.00    -1.1884)  ( 2.00    -0.3745)  ( 0.00     0.0564)
 A2.g :1...2         ( 1.00     0.0371)  ( 0.00     0.8800)
 B1.g :1...3         ( 2.00    -1.7518)  ( 2.00    -0.4369)  ( 0.00     0.3055)
 B2.g :1...4         ( 2.00    -1.9243)  ( 2.00    -0.5524)  ( 1.00     0.0371)  ( 0.00     0.3787)
 E1.g :1...3         ( 4.00    -1.6775)  ( 4.00    -0.2843)  ( 0.00     0.4080)
 A1.u :1...1         ( 0.00     1.8987)
 A2.u :1...3         ( 2.00    -0.5684)  ( 2.00     0.0317)  ( 0.00     0.2775)
 B1.u :1...2         ( 2.00    -0.1908)  ( 0.00     0.6244)
 B2.u :1...1         ( 0.00     0.7823)
 E1.u :1...4         ( 4.00    -1.0044)  ( 4.00    -0.3127)  ( 4.00    -0.1693)  ( 0.00     0.0738)

 CYCLE  136
  SDIIS (wt  0.000):  0.0194 -0.0985 -0.0394  0.4692  0.1957 -0.0253 -0.0644  0.5433
 A-DIIS (wt  1.000):  0.0000  0.0000  0.0000  0.6758  0.0000  0.0000  0.0000  0.3242
  DIIS coefficients:  0.0000  0.0000  0.0000  0.6758  0.0000  0.0000  0.0000  0.3242
 SCF Error: norm([F,P])=      0.292461866540, max([F,P])=      0.085635251346
 orbitals (Q,E):
 ---------------
 A1.g :1...4         ( 2.00    -1.7610)  ( 2.00    -1.1883)  ( 2.00    -0.3745)  ( 0.00     0.0564)
 A2.g :1...2         ( 1.00     0.0371)  ( 0.00     0.8800)
 B1.g :1...3         ( 2.00    -1.7518)  ( 2.00    -0.4369)  ( 0.00     0.3055)
 B2.g :1...4         ( 2.00    -1.9243)  ( 2.00    -0.5524)  ( 1.00     0.0371)  ( 0.00     0.3787)
 E1.g :1...3         ( 4.00    -1.6775)  ( 4.00    -0.2843)  ( 0.00     0.4080)
 A1.u :1...1         ( 0.00     1.8987)
 A2.u :1...3         ( 2.00    -0.5684)  ( 2.00     0.0317)  ( 0.00     0.2775)
 B1.u :1...2         ( 2.00    -0.1908)  ( 0.00     0.6244)
 B2.u :1...1         ( 0.00     0.7823)
 E1.u :1...4         ( 4.00    -1.0043)  ( 4.00    -0.3127)  ( 4.00    -0.1693)  ( 0.00     0.0738)

 CYCLE  137
  SDIIS (wt  0.000):  0.0018 -0.0929 -0.0100  0.4669  0.1902 -0.0237 -0.0760  0.5436
 A-DIIS (wt  1.000):  0.0946  0.0000  0.0000  0.5810  0.0000  0.0000  0.0000  0.3245
  DIIS coefficients:  0.0946  0.0000  0.0000  0.5810  0.0000  0.0000  0.0000  0.3245
 SCF Error: norm([F,P])=      0.292262566431, max([F,P])=      0.085574416394
 orbitals (Q,E):
 ---------------
 A1.g :1...4         ( 2.00    -1.7610)  ( 2.00    -1.1883)  ( 2.00    -0.3745)  ( 0.00     0.0564)
 A2.g :1...2         ( 1.00     0.0371)  ( 0.00     0.8800)
 B1.g :1...3         ( 2.00    -1.7518)  ( 2.00    -0.4369)  ( 0.00     0.3055)
 B2.g :1...4         ( 2.00    -1.9243)  ( 2.00    -0.5524)  ( 1.00     0.0371)  ( 0.00     0.3787)
 E1.g :1...3         ( 4.00    -1.6775)  ( 4.00    -0.2843)  ( 0.00     0.4080)
 A1.u :1...1         ( 0.00     1.8987)
 A2.u :1...3         ( 2.00    -0.5684)  ( 2.00     0.0317)  ( 0.00     0.2775)
 B1.u :1...2         ( 2.00    -0.1908)  ( 0.00     0.6244)
 B2.u :1...1         ( 0.00     0.7823)
 E1.u :1...4         ( 4.00    -1.0043)  ( 4.00    -0.3127)  ( 4.00    -0.1693)  ( 0.00     0.0738)

 CYCLE  138
  SDIIS (wt  0.000): -0.0793 -0.0088  0.4605  0.1846 -0.0241 -0.0769  0.5440
 A-DIIS (wt  1.000):  0.0000  0.0000  0.6757  0.0000  0.0000  0.0000  0.3243
  DIIS coefficients:  0.0000  0.0000  0.6757  0.0000  0.0000  0.0000  0.3243
 SCF Error: norm([F,P])=      0.292344993984, max([F,P])=      0.085590307419
 orbitals (Q,E):
 ---------------
 A1.g :1...4         ( 2.00    -1.7610)  ( 2.00    -1.1884)  ( 2.00    -0.3745)  ( 0.00     0.0564)
 A2.g :1...2         ( 1.00     0.0371)  ( 0.00     0.8800)
 B1.g :1...3         ( 2.00    -1.7518)  ( 2.00    -0.4369)  ( 0.00     0.3055)
 B2.g :1...4         ( 2.00    -1.9243)  ( 2.00    -0.5524)  ( 1.00     0.0371)  ( 0.00     0.3787)
 E1.g :1...3         ( 4.00    -1.6775)  ( 4.00    -0.2843)  ( 0.00     0.4080)
 A1.u :1...1         ( 0.00     1.8987)
 A2.u :1...3         ( 2.00    -0.5684)  ( 2.00     0.0317)  ( 0.00     0.2775)
 B1.u :1...2         ( 2.00    -0.1908)  ( 0.00     0.6244)
 B2.u :1...1         ( 0.00     0.7823)
 E1.u :1...4         ( 4.00    -1.0044)  ( 4.00    -0.3127)  ( 4.00    -0.1693)  ( 0.00     0.0738)

 CYCLE  139
  SDIIS (wt  0.000): -0.0452  0.4480  0.1165  0.0022 -0.0668  0.5454
 A-DIIS (wt  1.000):  0.0000  0.6757  0.0000  0.0000  0.0000  0.3243
  DIIS coefficients:  0.0000  0.6757  0.0000  0.0000  0.0000  0.3243
 SCF Error: norm([F,P])=      0.292315188011, max([F,P])=      0.085594494731
 orbitals (Q,E):
 ---------------
 A1.g :1...4         ( 2.00    -1.7610)  ( 2.00    -1.1883)  ( 2.00    -0.3745)  ( 0.00     0.0564)
 A2.g :1...2         ( 1.00     0.0371)  ( 0.00     0.8800)
 B1.g :1...3         ( 2.00    -1.7518)  ( 2.00    -0.4369)  ( 0.00     0.3055)
 B2.g :1...4         ( 2.00    -1.9243)  ( 2.00    -0.5524)  ( 1.00     0.0371)  ( 0.00     0.3787)
 E1.g :1...3         ( 4.00    -1.6775)  ( 4.00    -0.2843)  ( 0.00     0.4080)
 A1.u :1...1         ( 0.00     1.8987)
 A2.u :1...3         ( 2.00    -0.5684)  ( 2.00     0.0317)  ( 0.00     0.2775)
 B1.u :1...2         ( 2.00    -0.1908)  ( 0.00     0.6244)
 B2.u :1...1         ( 0.00     0.7823)
 E1.u :1...4         ( 4.00    -1.0043)  ( 4.00    -0.3127)  ( 4.00    -0.1693)  ( 0.00     0.0738)

 CYCLE  140
  SDIIS (wt  0.000):  0.4128  0.1509 -0.0676 -0.0426  0.5464
 A-DIIS (wt  1.000):  0.6757  0.0000  0.0000  0.0000  0.3243
  DIIS coefficients:  0.6757  0.0000  0.0000  0.0000  0.3243
 SCF Error: norm([F,P])=      0.292291930027, max([F,P])=      0.085583411670
 orbitals (Q,E):
 ---------------
 A1.g :1...4         ( 2.00    -1.7610)  ( 2.00    -1.1884)  ( 2.00    -0.3745)  ( 0.00     0.0564)
 A2.g :1...2         ( 1.00     0.0371)  ( 0.00     0.8800)
 B1.g :1...3         ( 2.00    -1.7518)  ( 2.00    -0.4369)  ( 0.00     0.3055)
 B2.g :1...4         ( 2.00    -1.9243)  ( 2.00    -0.5524)  ( 1.00     0.0371)  ( 0.00     0.3787)
 E1.g :1...3         ( 4.00    -1.6775)  ( 4.00    -0.2843)  ( 0.00     0.4080)
 A1.u :1...1         ( 0.00     1.8987)
 A2.u :1...3         ( 2.00    -0.5684)  ( 2.00     0.0317)  ( 0.00     0.2775)
 B1.u :1...2         ( 2.00    -0.1908)  ( 0.00     0.6244)
 B2.u :1...1         ( 0.00     0.7823)
 E1.u :1...4         ( 4.00    -1.0043)  ( 4.00    -0.3127)  ( 4.00    -0.1693)  ( 0.00     0.0738)

 CYCLE  141
  SDIIS (wt  0.000):  0.5560 -0.3780  0.2667  0.5553
 A-DIIS (wt  1.000):  0.6703  0.0000  0.0000  0.3297
  DIIS coefficients:  0.6703  0.0000  0.0000  0.3297
 SCF Error: norm([F,P])=      0.292311350173, max([F,P])=      0.085591110310
 orbitals (Q,E):
 ---------------
 A1.g :1...4         ( 2.00    -1.7608)  ( 2.00    -1.1882)  ( 2.00    -0.3741)  ( 0.00     0.0565)
 A2.g :1...2         ( 2.00     0.0374)  ( 0.00     0.8801)
 B1.g :1...3         ( 2.00    -1.7516)  ( 2.00    -0.4367)  ( 0.00     0.3056)
 B2.g :1...3         ( 2.00    -1.9240)  ( 2.00    -0.5520)  ( 0.00     0.0374)
 E1.g :1...3         ( 4.00    -1.6773)  ( 4.00    -0.2840)  ( 0.00     0.4081)
 A1.u :1...1         ( 0.00     1.8989)
 A2.u :1...3         ( 2.00    -0.5683)  ( 2.00     0.0318)  ( 0.00     0.2776)
 B1.u :1...2         ( 2.00    -0.1905)  ( 0.00     0.6245)
 B2.u :1...1         ( 0.00     0.7824)
 E1.u :1...4         ( 4.00    -1.0042)  ( 4.00    -0.3123)  ( 4.00    -0.1691)  ( 0.00     0.0739)

 CYCLE  142
  SDIIS (wt  0.575):  0.2470 -0.3580 -0.2886  0.8324  0.5671
 A-DIIS (wt  0.425):  0.0000  0.0000  0.0000  0.3241  0.6759
  DIIS coefficients:  0.1421 -0.2059 -0.1660  0.6164  0.6134
 SCF Error: norm([F,P])=      0.145766762754, max([F,P])=      0.043059665792
 orbitals (Q,E):
 ---------------
 A1.g :1...4         ( 2.00    -1.7614)  ( 2.00    -1.1886)  ( 2.00    -0.3746)  ( 0.00     0.0564)
 A2.g :1...1         ( 0.00     0.0369)
 B1.g :1...3         ( 2.00    -1.7522)  ( 2.00    -0.4371)  ( 0.00     0.3054)
 B2.g :1...4         ( 2.00    -1.9247)  ( 2.00    -0.5526)  ( 2.00     0.0369)  ( 0.00     0.3786)
 E1.g :1...3         ( 4.00    -1.6779)  ( 4.00    -0.2844)  ( 0.00     0.4079)
 A1.u :1...1         ( 0.00     1.8986)
 A2.u :1...3         ( 2.00    -0.5686)  ( 2.00     0.0317)  ( 0.00     0.2774)
 B1.u :1...2         ( 2.00    -0.1909)  ( 0.00     0.6243)
 B2.u :1...1         ( 0.00     0.7822)
 E1.u :1...4         ( 4.00    -1.0046)  ( 4.00    -0.3128)  ( 4.00    -0.1695)  ( 0.00     0.0738)

 CYCLE  143
  SDIIS (wt  0.000):  0.5430  0.5662 -0.1092
 A-DIIS (wt  1.000):  0.2731  0.7013  0.0256
  DIIS coefficients:  0.2731  0.7013  0.0256
 SCF Error: norm([F,P])=      0.739249199020, max([F,P])=      0.212627914567
 orbitals (Q,E):
 ---------------
 A1.g :1...4         ( 2.00    -1.7614)  ( 2.00    -1.1887)  ( 2.00    -0.3748)  ( 0.00     0.0564)
 A2.g :1...2         ( 2.00     0.0367)  ( 0.00     0.8798)
 B1.g :1...3         ( 2.00    -1.7522)  ( 2.00    -0.4372)  ( 0.00     0.3054)
 B2.g :1...3         ( 2.00    -1.9247)  ( 2.00    -0.5527)  ( 0.00     0.0367)
 E1.g :1...3         ( 4.00    -1.6779)  ( 4.00    -0.2846)  ( 0.00     0.4078)
 A1.u :1...1         ( 0.00     1.8985)
 A2.u :1...3         ( 2.00    -0.5687)  ( 2.00     0.0317)  ( 0.00     0.2773)
 B1.u :1...2         ( 2.00    -0.1911)  ( 0.00     0.6243)
 B2.u :1...1         ( 0.00     0.7821)
 E1.u :1...4         ( 4.00    -1.0047)  ( 4.00    -0.3130)  ( 4.00    -0.1696)  ( 0.00     0.0738)

 CYCLE  144
  SDIIS (wt  0.578): -0.4254  0.9676  0.2697 -0.1094  0.2975
 A-DIIS (wt  0.422):  0.0000  0.3245  0.3391  0.0000  0.3364
  DIIS coefficients: -0.2461  0.6965  0.2989 -0.0633  0.3139
 SCF Error: norm([F,P])=      0.145638831596, max([F,P])=      0.042730252056
 orbitals (Q,E):
 ---------------
 A1.g :1...4         ( 2.00    -1.7610)  ( 2.00    -1.1884)  ( 2.00    -0.3745)  ( 0.00     0.0564)
 A2.g :1...1         ( 0.00     0.0371)
 B1.g :1...3         ( 2.00    -1.7518)  ( 2.00    -0.4369)  ( 0.00     0.3055)
 B2.g :1...4         ( 2.00    -1.9243)  ( 2.00    -0.5524)  ( 2.00     0.0371)  ( 0.00     0.3787)
 E1.g :1...3         ( 4.00    -1.6776)  ( 4.00    -0.2843)  ( 0.00     0.4080)
 A1.u :1...1         ( 0.00     1.8987)
 A2.u :1...3         ( 2.00    -0.5684)  ( 2.00     0.0317)  ( 0.00     0.2775)
 B1.u :1...2         ( 2.00    -0.1908)  ( 0.00     0.6244)
 B2.u :1...1         ( 0.00     0.7823)
 E1.u :1...4         ( 4.00    -1.0044)  ( 4.00    -0.3127)  ( 4.00    -0.1693)  ( 0.00     0.0738)

 CYCLE  145
  SDIIS (wt  0.000):  0.4003  0.4453  0.1544
 A-DIIS (wt  1.000):  0.4754  0.3618  0.1628
  DIIS coefficients:  0.4754  0.3618  0.1628
 SCF Error: norm([F,P])=      0.738438935813, max([F,P])=      0.212358373733
 orbitals (Q,E):
 ---------------
 A1.g :1...4         ( 2.00    -1.7608)  ( 2.00    -1.1883)  ( 2.00    -0.3745)  ( 0.00     0.0565)
 A2.g :1...2         ( 1.00     0.0372)  ( 0.00     0.8800)
 B1.g :1...3         ( 2.00    -1.7516)  ( 2.00    -0.4368)  ( 0.00     0.3055)
 B2.g :1...4         ( 2.00    -1.9240)  ( 2.00    -0.5523)  ( 1.00     0.0372)  ( 0.00     0.3788)
 E1.g :1...3         ( 4.00    -1.6773)  ( 4.00    -0.2843)  ( 0.00     0.4080)
 A1.u :1...1         ( 0.00     1.8987)
 A2.u :1...3         ( 2.00    -0.5684)  ( 2.00     0.0317)  ( 0.00     0.2775)
 B1.u :1...2         ( 2.00    -0.1908)  ( 0.00     0.6244)
 B2.u :1...1         ( 0.00     0.7823)
 E1.u :1...4         ( 4.00    -1.0043)  ( 4.00    -0.3126)  ( 4.00    -0.1692)  ( 0.00     0.0738)

 CYCLE  146
  SDIIS (wt  0.000):  0.2120 -0.0506  0.3533 -0.0584  0.5437
 A-DIIS (wt  1.000):  0.3064  0.0000  0.3688  0.0000  0.3248
  DIIS coefficients:  0.3064  0.0000  0.3688  0.0000  0.3248
 SCF Error: norm([F,P])=      0.291284233000, max([F,P])=      0.085243235509
 orbitals (Q,E):
 ---------------
 A1.g :1...4         ( 2.00    -1.7610)  ( 2.00    -1.1884)  ( 2.00    -0.3745)  ( 0.00     0.0564)
 A2.g :1...2         ( 1.00     0.0371)  ( 0.00     0.8800)
 B1.g :1...3         ( 2.00    -1.7518)  ( 2.00    -0.4369)  ( 0.00     0.3055)
 B2.g :1...4         ( 2.00    -1.9243)  ( 2.00    -0.5524)  ( 1.00     0.0371)  ( 0.00     0.3787)
 E1.g :1...3         ( 4.00    -1.6775)  ( 4.00    -0.2843)  ( 0.00     0.4080)
 A1.u :1...1         ( 0.00     1.8987)
 A2.u :1...3         ( 2.00    -0.5684)  ( 2.00     0.0317)  ( 0.00     0.2775)
 B1.u :1...2         ( 2.00    -0.1908)  ( 0.00     0.6244)
 B2.u :1...1         ( 0.00     0.7823)
 E1.u :1...4         ( 4.00    -1.0043)  ( 4.00    -0.3126)  ( 4.00    -0.1693)  ( 0.00     0.0738)

 CYCLE  147
  SDIIS (wt  0.000):  0.2203 -0.0696  0.3461 -0.0397  0.5429
 A-DIIS (wt  1.000):  0.3164  0.0000  0.3591  0.0000  0.3245
  DIIS coefficients:  0.3164  0.0000  0.3591  0.0000  0.3245
 SCF Error: norm([F,P])=      0.292389129192, max([F,P])=      0.085575083716
 orbitals (Q,E):
 ---------------
 A1.g :1...4         ( 2.00    -1.7610)  ( 2.00    -1.1883)  ( 2.00    -0.3745)  ( 0.00     0.0564)
 A2.g :1...2         ( 1.00     0.0371)  ( 0.00     0.8800)
 B1.g :1...3         ( 2.00    -1.7517)  ( 2.00    -0.4369)  ( 0.00     0.3055)
 B2.g :1...4         ( 2.00    -1.9242)  ( 2.00    -0.5524)  ( 1.00     0.0371)  ( 0.00     0.3787)
 E1.g :1...3         ( 4.00    -1.6775)  ( 4.00    -0.2843)  ( 0.00     0.4080)
 A1.u :1...1         ( 0.00     1.8987)
 A2.u :1...3         ( 2.00    -0.5684)  ( 2.00     0.0317)  ( 0.00     0.2775)
 B1.u :1...2         ( 2.00    -0.1908)  ( 0.00     0.6244)
 B2.u :1...1         ( 0.00     0.7823)
 E1.u :1...4         ( 4.00    -1.0043)  ( 4.00    -0.3126)  ( 4.00    -0.1693)  ( 0.00     0.0738)

 CYCLE  148
  SDIIS (wt  0.000):  0.2200 -0.0614  0.3462 -0.0479  0.5430
 A-DIIS (wt  1.000):  0.3145  0.0000  0.3610  0.0000  0.3245
  DIIS coefficients:  0.3145  0.0000  0.3610  0.0000  0.3245
 SCF Error: norm([F,P])=      0.292220399229, max([F,P])=      0.085529123197
 orbitals (Q,E):
 ---------------
 A1.g :1...4         ( 2.00    -1.7610)  ( 2.00    -1.1883)  ( 2.00    -0.3745)  ( 0.00     0.0564)
 A2.g :1...2         ( 1.00     0.0371)  ( 0.00     0.8800)
 B1.g :1...3         ( 2.00    -1.7518)  ( 2.00    -0.4369)  ( 0.00     0.3055)
 B2.g :1...4         ( 2.00    -1.9242)  ( 2.00    -0.5524)  ( 1.00     0.0371)  ( 0.00     0.3787)
 E1.g :1...3         ( 4.00    -1.6775)  ( 4.00    -0.2843)  ( 0.00     0.4080)
 A1.u :1...1         ( 0.00     1.8987)
 A2.u :1...3         ( 2.00    -0.5684)  ( 2.00     0.0317)  ( 0.00     0.2775)
 B1.u :1...2         ( 2.00    -0.1908)  ( 0.00     0.6244)
 B2.u :1...1         ( 0.00     0.7823)
 E1.u :1...4         ( 4.00    -1.0043)  ( 4.00    -0.3126)  ( 4.00    -0.1693)  ( 0.00     0.0738)

 CYCLE  149
  SDIIS (wt  0.000):  0.2200 -0.0629  0.3463 -0.0464  0.5430
 A-DIIS (wt  1.000):  0.3148  0.0000  0.3607  0.0000  0.3245
  DIIS coefficients:  0.3148  0.0000  0.3607  0.0000  0.3245
 SCF Error: norm([F,P])=      0.292245753706, max([F,P])=      0.085535816669
 orbitals (Q,E):
 ---------------
 A1.g :1...4         ( 2.00    -1.7610)  ( 2.00    -1.1883)  ( 2.00    -0.3745)  ( 0.00     0.0564)
 A2.g :1...2         ( 1.00     0.0371)  ( 0.00     0.8800)
 B1.g :1...3         ( 2.00    -1.7518)  ( 2.00    -0.4369)  ( 0.00     0.3055)
 B2.g :1...4         ( 2.00    -1.9242)  ( 2.00    -0.5524)  ( 1.00     0.0371)  ( 0.00     0.3787)
 E1.g :1...3         ( 4.00    -1.6775)  ( 4.00    -0.2843)  ( 0.00     0.4080)
 A1.u :1...1         ( 0.00     1.8987)
 A2.u :1...3         ( 2.00    -0.5684)  ( 2.00     0.0317)  ( 0.00     0.2775)
 B1.u :1...2         ( 2.00    -0.1908)  ( 0.00     0.6244)
 B2.u :1...1         ( 0.00     0.7823)
 E1.u :1...4         ( 4.00    -1.0043)  ( 4.00    -0.3126)  ( 4.00    -0.1693)  ( 0.00     0.0738)

 CYCLE  150
  SDIIS (wt  0.000):  0.2200 -0.0626  0.3463 -0.0467  0.5430
 A-DIIS (wt  1.000):  0.3147  0.0000  0.3607  0.0000  0.3245
  DIIS coefficients:  0.3147  0.0000  0.3607  0.0000  0.3245
 SCF Error: norm([F,P])=      0.292241952986, max([F,P])=      0.085534837035
 orbitals (Q,E):
 ---------------
 A1.g :1...4         ( 2.00    -1.7610)  ( 2.00    -1.1883)  ( 2.00    -0.3745)  ( 0.00     0.0564)
 A2.g :1...2         ( 1.00     0.0371)  ( 0.00     0.8800)
 B1.g :1...3         ( 2.00    -1.7518)  ( 2.00    -0.4369)  ( 0.00     0.3055)
 B2.g :1...4         ( 2.00    -1.9242)  ( 2.00    -0.5524)  ( 1.00     0.0371)  ( 0.00     0.3787)
 E1.g :1...3         ( 4.00    -1.6775)  ( 4.00    -0.2843)  ( 0.00     0.4080)
 A1.u :1...1         ( 0.00     1.8987)
 A2.u :1...3         ( 2.00    -0.5684)  ( 2.00     0.0317)  ( 0.00     0.2775)
 B1.u :1...2         ( 2.00    -0.1908)  ( 0.00     0.6244)
 B2.u :1...1         ( 0.00     0.7823)
 E1.u :1...4         ( 4.00    -1.0043)  ( 4.00    -0.3126)  ( 4.00    -0.1693)  ( 0.00     0.0738)

 CYCLE  151
  SDIIS (wt  0.146):  3.0000 -2.0000
 A-DIIS (wt  0.854):  1.0000  0.0000
  DIIS coefficients:  1.2922 -0.2922
 SCF Error: norm([F,P])=      0.292242516153, max([F,P])=      0.085534977342
 orbitals (Q,E):
 ---------------
 A1.g :1...4         ( 2.00    -1.6612)  ( 2.00    -1.1501)  ( 2.00    -0.3831)  ( 0.00     0.0606)
 A2.g :1...2         ( 2.00     0.0143)  ( 0.00     0.8708)
 B1.g :1...3         ( 2.00    -1.6307)  ( 2.00    -0.4369)  ( 0.00     0.3024)
 B2.g :1...4         ( 2.00    -1.8113)  ( 2.00    -0.5580)  ( 2.00     0.0655)  ( 0.00     0.3755)
 E1.g :1...3         ( 4.00    -1.5554)  ( 2.00    -0.2817)  ( 0.00     0.4048)
 A1.u :1...1         ( 0.00     1.8849)
 A2.u :1...3         ( 2.00    -0.5621)  ( 2.00     0.0317)  ( 0.00     0.2831)
 B1.u :1...2         ( 2.00    -0.2002)  ( 0.00     0.6197)
 B2.u :1...1         ( 0.00     0.7731)
 E1.u :1...4         ( 4.00    -0.9970)  ( 4.00    -0.3251)  ( 4.00    -0.1814)  ( 0.00     0.0716)

 CYCLE  152
 ADIIS disabled due to non-aufbau populations
  SDIIS (wt  1.000):  0.5614  0.4386
  DIIS coefficients:  0.5614  0.4386
 SCF Error: norm([F,P])=      0.366946775335, max([F,P])=      0.083661374331
 orbitals (Q,E):
 ---------------
 A1.g :1...4         ( 2.00    -1.7035)  ( 2.00    -1.1661)  ( 2.00    -0.3721)  ( 0.00     0.0543)
 A2.g :1...2         ( 2.00     0.0342)  ( 0.00     0.8765)
 B1.g :1...3         ( 2.00    -1.6704)  ( 2.00    -0.4295)  ( 0.00     0.3046)
 B2.g :1...4         ( 2.00    -1.8436)  ( 2.00    -0.5499)  ( 2.00     0.0630)  ( 0.00     0.3789)
 E1.g :1...3         ( 4.00    -1.6100)  ( 2.00    -0.2864)  ( 0.00     0.4050)
 A1.u :1...1         ( 0.00     1.8878)
 A2.u :1...3         ( 2.00    -0.5714)  ( 2.00     0.0310)  ( 0.00     0.2725)
 B1.u :1...2         ( 2.00    -0.1985)  ( 0.00     0.6202)
 B2.u :1...1         ( 0.00     0.7729)
 E1.u :1...4         ( 4.00    -0.9933)  ( 4.00    -0.3108)  ( 4.00    -0.1670)  ( 0.00     0.0730)

 CYCLE  153
 ADIIS disabled due to non-aufbau populations
  SDIIS (wt  1.000):  0.0983  0.0304  0.8713
  DIIS coefficients:  0.0983  0.0304  0.8713
 SCF Error: norm([F,P])=      0.058556140173, max([F,P])=      0.014781025393
 orbitals (Q,E):
 ---------------
 A1.g :1...4         ( 2.00    -1.7198)  ( 2.00    -1.1809)  ( 2.00    -0.3787)  ( 0.00     0.0461)
 A2.g :1...2         ( 2.00     0.0295)  ( 0.00     0.8730)
 B1.g :1...3         ( 2.00    -1.6781)  ( 2.00    -0.4342)  ( 0.00     0.3021)
 B2.g :1...4         ( 2.00    -1.8512)  ( 2.00    -0.5592)  ( 2.00     0.0554)  ( 0.00     0.3739)
 E1.g :1...3         ( 4.00    -1.6274)  ( 2.00    -0.3042)  ( 0.00     0.3984)
 A1.u :1...1         ( 0.00     1.8764)
 A2.u :1...3         ( 2.00    -0.5913)  ( 2.00     0.0291)  ( 0.00     0.2565)
 B1.u :1...2         ( 2.00    -0.2174)  ( 0.00     0.6128)
 B2.u :1...1         ( 0.00     0.7624)
 E1.u :1...4         ( 4.00    -1.0044)  ( 4.00    -0.3168)  ( 4.00    -0.1726)  ( 0.00     0.0713)

 CYCLE  154
 ADIIS disabled due to non-aufbau populations
  SDIIS (wt  1.000): -0.0871 -0.1166  0.2694  0.9343
  DIIS coefficients: -0.0871 -0.1166  0.2694  0.9343
 SCF Error: norm([F,P])=      0.028604557636, max([F,P])=      0.005367309649
 orbitals (Q,E):
 ---------------
 A1.g :1...4         ( 2.00    -1.7140)  ( 2.00    -1.1759)  ( 2.00    -0.3749)  ( 0.00     0.0460)
 A2.g :1...2         ( 2.00     0.0360)  ( 0.00     0.8745)
 B1.g :1...3         ( 2.00    -1.6690)  ( 2.00    -0.4277)  ( 0.00     0.3033)
 B2.g :1...4         ( 2.00    -1.8417)  ( 2.00    -0.5553)  ( 2.00     0.0609)  ( 0.00     0.3753)
 E1.g :1...3         ( 4.00    -1.6220)  ( 2.00    -0.3024)  ( 0.00     0.3991)
 A1.u :1...1         ( 0.00     1.8781)
 A2.u :1...3         ( 2.00    -0.5898)  ( 2.00     0.0290)  ( 0.00     0.2565)
 B1.u :1...2         ( 2.00    -0.2156)  ( 0.00     0.6134)
 B2.u :1...1         ( 0.00     0.7643)
 E1.u :1...4         ( 4.00    -0.9984)  ( 4.00    -0.3124)  ( 4.00    -0.1665)  ( 0.00     0.0717)

 CYCLE  155
 ADIIS disabled due to non-aufbau populations
  SDIIS (wt  1.000):  0.0087 -0.0274  0.0994  0.5803  0.3390
  DIIS coefficients:  0.0087 -0.0274  0.0994  0.5803  0.3390
 SCF Error: norm([F,P])=      0.041418816221, max([F,P])=      0.007806177885
 orbitals (Q,E):
 ---------------
 A1.g :1...4         ( 2.00    -1.7176)  ( 2.00    -1.1781)  ( 2.00    -0.3770)  ( 0.00     0.0464)
 A2.g :1...2         ( 2.00     0.0325)  ( 0.00     0.8736)
 B1.g :1...3         ( 2.00    -1.6749)  ( 2.00    -0.4313)  ( 0.00     0.3026)
 B2.g :1...4         ( 2.00    -1.8476)  ( 2.00    -0.5574)  ( 2.00     0.0577)  ( 0.00     0.3744)
 E1.g :1...3         ( 4.00    -1.6256)  ( 2.00    -0.3028)  ( 0.00     0.3990)
 A1.u :1...1         ( 0.00     1.8776)
 A2.u :1...3         ( 2.00    -0.5896)  ( 2.00     0.0290)  ( 0.00     0.2573)
 B1.u :1...2         ( 2.00    -0.2159)  ( 0.00     0.6134)
 B2.u :1...1         ( 0.00     0.7639)
 E1.u :1...4         ( 4.00    -1.0012)  ( 4.00    -0.3148)  ( 4.00    -0.1697)  ( 0.00     0.0715)

 CYCLE  156
 ADIIS disabled due to non-aufbau populations
  SDIIS (wt  1.000):  0.0003 -0.0129  0.0185  0.1799  0.1164  0.6978
  DIIS coefficients:  0.0003 -0.0129  0.0185  0.1799  0.1164  0.6978
 SCF Error: norm([F,P])=      0.003456139113, max([F,P])=      0.000675255017
 orbitals (Q,E):
 ---------------
 A1.g :1...4         ( 2.00    -1.7181)  ( 2.00    -1.1784)  ( 2.00    -0.3769)  ( 0.00     0.0462)
 A2.g :1...2         ( 2.00     0.0326)  ( 0.00     0.8737)
 B1.g :1...3         ( 2.00    -1.6753)  ( 2.00    -0.4313)  ( 0.00     0.3026)
 B2.g :1...4         ( 2.00    -1.8480)  ( 2.00    -0.5573)  ( 2.00     0.0577)  ( 0.00     0.3744)
 E1.g :1...3         ( 4.00    -1.6261)  ( 2.00    -0.3030)  ( 0.00     0.3990)
 A1.u :1...1         ( 0.00     1.8776)
 A2.u :1...3         ( 2.00    -0.5899)  ( 2.00     0.0290)  ( 0.00     0.2570)
 B1.u :1...2         ( 2.00    -0.2160)  ( 0.00     0.6134)
 B2.u :1...1         ( 0.00     0.7637)
 E1.u :1...4         ( 4.00    -1.0014)  ( 4.00    -0.3147)  ( 4.00    -0.1697)  ( 0.00     0.0715)

 CYCLE  157
 ADIIS disabled due to non-aufbau populations
  SDIIS (wt  1.000): -2.0000  2.0000 -0.0009 -0.0001  0.0150  0.0070  0.0596  0.9194
  DIIS coefficients: -2.0000  2.0000 -0.0009 -0.0001  0.0150  0.0070  0.0596  0.9194
 SCF Error: norm([F,P])=      0.000161439199, max([F,P])=      0.000033219776
 orbitals (Q,E):
 ---------------
 A1.g :1...4         ( 2.00    -1.7182)  ( 2.00    -1.1785)  ( 2.00    -0.3769)  ( 0.00     0.0462)
 A2.g :1...2         ( 2.00     0.0326)  ( 0.00     0.8736)
 B1.g :1...3         ( 2.00    -1.6754)  ( 2.00    -0.4313)  ( 0.00     0.3026)
 B2.g :1...4         ( 2.00    -1.8480)  ( 2.00    -0.5574)  ( 2.00     0.0576)  ( 0.00     0.3744)
 E1.g :1...3         ( 4.00    -1.6262)  ( 2.00    -0.3030)  ( 0.00     0.3990)
 A1.u :1...1         ( 0.00     1.8776)
 A2.u :1...3         ( 2.00    -0.5899)  ( 2.00     0.0290)  ( 0.00     0.2570)
 B1.u :1...2         ( 2.00    -0.2160)  ( 0.00     0.6134)
 B2.u :1...1         ( 0.00     0.7637)
 E1.u :1...4         ( 4.00    -1.0014)  ( 4.00    -0.3147)  ( 4.00    -0.1697)  ( 0.00     0.0715)

 CYCLE  158
 ADIIS disabled due to non-aufbau populations
  SDIIS (wt  1.000):  0.6371 -0.6371  0.0001 -0.0001 -0.0009 -0.0002 -0.0061  0.0964  0.9107
  DIIS coefficients:  0.6371 -0.6371  0.0001 -0.0001 -0.0009 -0.0002 -0.0061  0.0964  0.9107
 SCF Error: norm([F,P])=      0.000037090005, max([F,P])=      0.000007726325
 orbitals (Q,E):
 ---------------
 A1.g :1...4         ( 2.00    -1.7181)  ( 2.00    -1.1785)  ( 2.00    -0.3769)  ( 0.00     0.0462)
 A2.g :1...2         ( 2.00     0.0326)  ( 0.00     0.8736)
 B1.g :1...3         ( 2.00    -1.6754)  ( 2.00    -0.4313)  ( 0.00     0.3026)
 B2.g :1...4         ( 2.00    -1.8480)  ( 2.00    -0.5574)  ( 2.00     0.0576)  ( 0.00     0.3744)
 E1.g :1...3         ( 4.00    -1.6262)  ( 2.00    -0.3030)  ( 0.00     0.3990)
 A1.u :1...1         ( 0.00     1.8776)
 A2.u :1...3         ( 2.00    -0.5899)  ( 2.00     0.0290)  ( 0.00     0.2570)
 B1.u :1...2         ( 2.00    -0.2160)  ( 0.00     0.6134)
 B2.u :1...1         ( 0.00     0.7637)
 E1.u :1...4         ( 4.00    -1.0014)  ( 4.00    -0.3147)  ( 4.00    -0.1697)  ( 0.00     0.0715)

 CYCLE  159
 ADIIS disabled due to non-aufbau populations
  SDIIS (wt  1.000): -0.0445  0.0445  0.0000 -0.0000 -0.0002 -0.0002 -0.0005 -0.0063  0.0137  0.9936
  DIIS coefficients: -0.0445  0.0445  0.0000 -0.0000 -0.0002 -0.0002 -0.0005 -0.0063  0.0137  0.9936
 SCF Error: norm([F,P])=      0.000003487405, max([F,P])=      0.000001078085
 orbitals (Q,E):
 ---------------
 A1.g :1...4         ( 2.00    -1.7181)  ( 2.00    -1.1785)  ( 2.00    -0.3769)  ( 0.00     0.0462)
 A2.g :1...2         ( 2.00     0.0326)  ( 0.00     0.8736)
 B1.g :1...3         ( 2.00    -1.6754)  ( 2.00    -0.4313)  ( 0.00     0.3026)
 B2.g :1...4         ( 2.00    -1.8480)  ( 2.00    -0.5574)  ( 2.00     0.0576)  ( 0.00     0.3744)
 E1.g :1...3         ( 4.00    -1.6262)  ( 2.00    -0.3030)  ( 0.00     0.3990)
 A1.u :1...1         ( 0.00     1.8776)
 A2.u :1...3         ( 2.00    -0.5899)  ( 2.00     0.0290)  ( 0.00     0.2570)
 B1.u :1...2         ( 2.00    -0.2160)  ( 0.00     0.6134)
 B2.u :1...1         ( 0.00     0.7637)
 E1.u :1...4         ( 4.00    -1.0014)  ( 4.00    -0.3147)  ( 4.00    -0.1697)  ( 0.00     0.0715)

 CYCLE  160
 ADIIS disabled due to non-aufbau populations
  SDIIS (wt  1.000):  0.0000 -0.0000  0.0000  0.0000  0.0000  0.0000  0.0000 -0.0021 -0.0242  1.0263
  DIIS coefficients:  0.0000 -0.0000  0.0000  0.0000  0.0000  0.0000  0.0000 -0.0021 -0.0242  1.0263
 SCF Error: norm([F,P])=      0.000000122270, max([F,P])=      0.000000023023
 orbitals (Q,E):
 ---------------
 A1.g :1...4         ( 2.00    -1.7181)  ( 2.00    -1.1785)  ( 2.00    -0.3769)  ( 0.00     0.0462)
 A2.g :1...2         ( 2.00     0.0326)  ( 0.00     0.8736)
 B1.g :1...3         ( 2.00    -1.6754)  ( 2.00    -0.4313)  ( 0.00     0.3026)
 B2.g :1...4         ( 2.00    -1.8480)  ( 2.00    -0.5574)  ( 2.00     0.0576)  ( 0.00     0.3744)
 E1.g :1...3         ( 4.00    -1.6262)  ( 2.00    -0.3030)  ( 0.00     0.3990)
 A1.u :1...1         ( 0.00     1.8776)
 A2.u :1...3         ( 2.00    -0.5899)  ( 2.00     0.0290)  ( 0.00     0.2570)
 B1.u :1...2         ( 2.00    -0.2160)  ( 0.00     0.6134)
 B2.u :1...1         ( 0.00     0.7637)
 E1.u :1...4         ( 4.00    -1.0014)  ( 4.00    -0.3147)  ( 4.00    -0.1697)  ( 0.00     0.0715)

 SCF CONVERGED
 cosmo_calcen: 0.5 (esolb+esolc) (Hartrees) =   -0.738158

 Solvation energy (screening term,uncorrected) =   -463.201199 kcal/mol

 Solvation energy (dispersion and cavitation terms) =      0.506950 kcal/mol
 Solvation Energy Contributions (Hartrees)
          esola   esolb+esolc
     0.73815802   -1.47631604
 esol last cycle   -0.73815802

 CYCLE  161
 *** Using FIT density in Focky
 ADIIS disabled due to non-aufbau populations
  SDIIS (wt  1.000):  0.0000  0.0000  0.0000  0.0000 -0.0000 -0.0002 -0.0030  0.0857  0.9176
  DIIS coefficients:  0.0000  0.0000  0.0000  0.0000 -0.0000 -0.0002 -0.0030  0.0857  0.9176
 SCF Error: norm([F,P])=      0.000000010576, max([F,P])=      0.000000002720
 orbitals (Q,E):
 ---------------
 A1.g :1...13        ( 2.00    -1.7181)  ( 2.00    -1.1785)  ( 2.00    -0.3769)  ( 0.00     0.0462)
                     ( 0.00     0.2747)  ( 0.00     0.6104)  ( 0.00     1.0705)  ( 0.00     1.3289)
                     ( 0.00     1.8338)  ( 0.00     2.1316)  ( 0.00     3.5324)  ( 0.00     4.0552)
                     ( 0.00     8.1482)
 A2.g :1...4         ( 2.00     0.0326)  ( 0.00     0.8736)  ( 0.00     2.7123)  ( 0.00     5.7117)
 B1.g :1...8         ( 2.00    -1.6754)  ( 2.00    -0.4313)  ( 0.00     0.3026)  ( 0.00     1.1041)
                     ( 0.00     1.5113)  ( 0.00     3.5800)  ( 0.00     4.7273)  ( 0.00    17.7491)
 B2.g :1...12        ( 2.00    -1.8480)  ( 2.00    -0.5574)  ( 2.00     0.0576)  ( 0.00     0.3744)
                     ( 0.00     0.9919)  ( 0.00     2.2064)  ( 0.00     2.4831)  ( 0.00     2.9835)
                     ( 0.00     5.1341)  ( 0.00     8.2650)  ( 0.00    21.2139)  ( 0.00    37.4495)
 E1.g :1...9         ( 4.00    -1.6262)  ( 2.00    -0.3030)  ( 0.00     0.3990)  ( 0.00     0.7075)
                     ( 0.00     1.5172)  ( 0.00     1.8238)  ( 0.00     3.0123)  ( 0.00     4.8498)
                     ( 0.00    16.7384)
 A1.u :1...1         ( 0.00     1.8776)
 A2.u :1...7         ( 2.00    -0.5899)  ( 2.00     0.0290)  ( 0.00     0.2570)  ( 0.00     0.5657)
                     ( 0.00     1.0592)  ( 0.00     1.9884)  ( 0.00     4.5647)
 B1.u :1...4         ( 2.00    -0.2160)  ( 0.00     0.6134)  ( 0.00     1.8636)  ( 0.00     4.5577)
 B2.u :1...1         ( 0.00     0.7637)
 E1.u :1...13        ( 4.00    -1.0014)  ( 4.00    -0.3147)  ( 4.00    -0.1697)  ( 0.00     0.0715)
                     ( 0.00     0.5160)  ( 0.00     0.5618)  ( 0.00     0.6221)  ( 0.00     1.4377)
                     ( 0.00     1.8041)  ( 0.00     2.1808)  ( 0.00     2.6725)  ( 0.00     3.1657)
                     ( 0.00     4.8693)
 cosmo_calcen: 0.5 (esolb+esolc) (Hartrees) =   -0.738158

 Solvation energy (screening term,uncorrected) =   -463.201200 kcal/mol

 Solvation energy (dispersion and cavitation terms) =      0.506950 kcal/mol
 Solvation Energy Contributions (Hartrees)
          esola   esolb+esolc
     0.73815802   -1.47631604
 esol last cycle   -0.73815802


 SCF WARNING: MO occupations may be NOT AUFBAU

 Integrated fractional orbital density (NFOD):         2.000


 Fit test: (difference of exact and fit density, squared integrated, result summed over spins)
         SCF:                                          0.00014262560552

 Gross Charges per Atom (Z minus electrons)
 ==========================================
             1.3646   -1.0912   -1.0912   -1.0912   -1.0912
 Net Total: -3.00000000



 =================================================================
 M U L T I P O L E   D E R I V E D   C H A R G E   A N A L Y S I S
 =================================================================

 See: M. Swart, P.Th. van Duijnen, J.G. Snijders, J.Comput.Chem., (2001), p. 79-88.

 --------------------------------------- 
 Multipole derived atomic charges (a.u.)
 --------------------------------------- 

        Atom    Level:     MDC-m        MDC-d        MDC-q
 ---------------------------------------------------------
     1     As           2.988733     3.419991    -8.417363
     2     O           -1.497183    -1.604998     1.354341
     3     O           -1.497183    -1.604998     1.354341
     4     O           -1.497183    -1.604998     1.354341
     5     O           -1.497183    -1.604998     1.354341
 *** Using NEW gradient routines ***


 Geometry CYCLE 2
 ==============

 Energy gradients wrt nuclear displacements
 ==========================================

     Atom      Cartesian (a.u./angstrom)
                 X         Y         Z
 ----------------------------------------
     1 As   -0.000000  0.000000 -0.000000
     2 O    -5.116923 -5.116923  0.000000
     3 O     5.116923  5.116923  0.000000
     4 O     5.116923 -5.116923  0.000000
     5 O    -5.116923  5.116923  0.000000
 ----------------------------------------

 dE(predicted):    -0.24669E+01, dE(actual):    -0.14394E+01, Trust radius:    0.447214, all in a.u.
 
----------------------------------------------------------------------
Geometry Convergence after Step   2       (Hartree/Angstrom,Angstrom)
----------------------------------------------------------------------
current energy                                4.42174403 Hartree
energy change                      -1.43941219     0.00100000    F
constrained gradient max            5.11692252     0.00100000    F
constrained gradient rms            3.73687186     0.00066667    F
gradient max                        5.11692252
gradient rms                        3.73687186
cart. step max                      0.04830705     0.01000000    F
cart. step rms                      0.03527848     0.00666667    F
 


 Coordinates (Cartesian)
 =======================

     Atom                    bohr                                 angstrom                 Geometric Variables
                   X           Y           Z              X           Y           Z       (0:frozen, *:LT par.)
 --------------------------------------------------------------------------------------------------------------
     1 As      0.000000    0.000000    0.000000       0.000000    0.000000    0.000000      1       2       3
     2 O       1.518841    1.518841    0.000000       0.803736    0.803736    0.000000      4       5       6
     3 O      -1.518841   -1.518841    0.000000      -0.803736   -0.803736    0.000000      7       8       9
     4 O      -1.518841    1.518841    0.000000      -0.803736    0.803736    0.000000     10      11      12
     5 O       1.518841   -1.518841    0.000000       0.803736   -0.803736    0.000000     13      14      15
 --------------------------------------------------------------------------------------------------------------

 Number of elements of the density matrix on this node (used, total):      1035      7381



 ===========================================
 Numerical Integration : Fuzzy Cells (Becke)
 ===========================================
  
 Becke grid quality: GOOD           
  
 Lebedev angular grid order:             min:  11 max:  35
 Nr. of radial points:                   min:  58 max:  80

 Total nr. of points:      88640
 Nr. of blocks:              704
 Block length:               126
 Nr. of dummy points:         64


 Test of Precision of the Numerical Integration Grid
 ===================================================

 Integral of the Total Core Density:                  25.99979383356019
 Relative Error:                                      -7.929E-06


 -------------------------------------------
  COSMO surface
  Area             =          280.366
  Volume           =          411.697
  Number of Points =          706
 -------------------------------------------



 ========================
 Density Fitting (zlmFit)
 ========================
  
 ZlmFit Fit Quality: GOOD           
  
 Max L-expansion:                        min:   8 max:   9
 Nr. of radial interpolation points:     min:  84 max: 132



 =====
 S C F  ***  ScaSCF  ***
 =====
  
 Initial density matrix is taken from previous geometry

 CYCLE    1
 SCF Error: norm([F,P])=      0.967184475622, max([F,P])=      0.202886430412
 orbitals (Q,E):
 ---------------
 A1.g :1...13        ( 2.00    -0.4601)  ( 2.00    -0.0551)  ( 2.00     0.5874)  ( 0.00     0.9115)
                     ( 0.00     1.1083)  ( 0.00     1.4972)  ( 0.00     2.0443)  ( 0.00     2.2580)
                     ( 0.00     2.7316)  ( 0.00     3.1022)  ( 0.00     4.3611)  ( 0.00     4.8837)
                     ( 0.00     8.9259)
 A2.g :1...4         ( 0.00     1.0318)  ( 0.00     1.7225)  ( 0.00     3.6128)  ( 0.00     6.4442)
 B1.g :1...8         ( 2.00    -0.3898)  ( 2.00     0.6323)  ( 0.00     1.1378)  ( 0.00     2.0817)
                     ( 0.00     2.4613)  ( 0.00     4.4592)  ( 0.00     5.7899)  ( 0.00    18.5363)
 B2.g :1...12        ( 2.00    -0.5320)  ( 2.00     0.4232)  ( 0.00     0.9755)  ( 0.00     1.2385)
                     ( 0.00     1.9057)  ( 0.00     3.0851)  ( 0.00     3.4475)  ( 0.00     3.8360)
                     ( 0.00     5.7808)  ( 0.00     8.9545)  ( 0.00    21.8899)  ( 0.00    37.9579)
 E1.g :1...9         ( 4.00    -0.3762)  ( 4.00     0.7216)  ( 0.00     1.2667)  ( 0.00     1.6130)
                     ( 0.00     2.4512)  ( 0.00     2.8213)  ( 0.00     3.9559)  ( 0.00     5.7213)
                     ( 0.00    17.7364)
 A1.u :1...1         ( 0.00     2.7500)
 A2.u :1...7         ( 2.00     0.4769)  ( 2.00     0.7184)  ( 0.00     1.1652)  ( 0.00     1.4587)
                     ( 0.00     2.0011)  ( 0.00     2.8799)  ( 0.00     5.6005)
 B1.u :1...4         ( 2.00     0.8114)  ( 0.00     1.4839)  ( 0.00     2.7507)  ( 0.00     5.5430)
 B2.u :1...1         ( 0.00     1.7510)
 E1.u :1...14        ( 4.00     0.0979)  ( 4.00     0.6473)  ( 4.00     0.7354)  ( 2.00     0.8721)
                     ( 0.00     1.3168)  ( 0.00     1.4681)  ( 0.00     1.5301)  ( 0.00     2.3340)
                     ( 0.00     2.6566)  ( 0.00     3.1511)  ( 0.00     3.6517)  ( 0.00     4.0637)
                     ( 0.00     5.7700)  ( 0.00     7.9842)

 CYCLE    2
  SDIIS (wt  0.000):  0.8384  0.1616
 A-DIIS (wt  1.000):  0.7787  0.2213
  DIIS coefficients:  0.7787  0.2213
 SCF Error: norm([F,P])=      3.968273559149, max([F,P])=      0.797906082501
 orbitals (Q,E):
 ---------------
 A1.g :1...4         ( 2.00    -1.0780)  ( 2.00    -0.5785)  ( 2.00     0.1844)  ( 0.00     0.6493)
 A2.g :1...2         ( 2.00     0.5596)  ( 0.00     1.4321)
 B1.g :1...3         ( 2.00    -1.0358)  ( 2.00     0.1596)  ( 0.00     0.8834)
 B2.g :1...4         ( 2.00    -1.1769)  ( 2.00    -0.0269)  ( 2.00     0.5322)  ( 0.00     0.9195)
 E1.g :1...3         ( 4.00    -1.0026)  ( 4.00     0.2866)  ( 0.00     0.9878)
 A1.u :1...1         ( 0.00     2.3646)
 A2.u :1...2         ( 2.00     0.0476)  ( 0.00     0.5618)
 B1.u :1...2         ( 2.00     0.3668)  ( 0.00     1.1961)
 B2.u :1...1         ( 0.00     1.3795)
 E1.u :1...4         ( 4.00    -0.4145)  ( 4.00     0.2438)  ( 4.00     0.3865)  ( 0.00     0.5769)

 CYCLE    3
  SDIIS (wt  0.000):  0.3279  0.1921  0.4800
 A-DIIS (wt  1.000):  0.0052  0.1542  0.8406
  DIIS coefficients:  0.0052  0.1542  0.8406
 SCF Error: norm([F,P])=      1.224898926893, max([F,P])=      0.210747617398
 orbitals (Q,E):
 ---------------
 A1.g :1...4         ( 2.00    -1.4267)  ( 2.00    -0.9726)  ( 2.00    -0.2535)  ( 0.00     0.1276)
 A2.g :1...1         ( 0.00     0.1528)
 B1.g :1...3         ( 2.00    -1.3805)  ( 2.00    -0.2580)  ( 0.00     0.3576)
 B2.g :1...3         ( 2.00    -1.5218)  ( 2.00    -0.4378)  ( 0.00     0.1209)
 E1.g :1...3         ( 4.00    -1.3468)  ( 4.00    -0.1371)  ( 0.00     0.4798)
 A1.u :1...1         ( 0.00     1.9032)
 A2.u :1...3         ( 2.00    -0.3873)  ( 2.00     0.0849)  ( 0.00     0.3379)
 B1.u :1...2         ( 2.00    -0.0458)  ( 0.00     0.6853)
 B2.u :1...1         ( 0.00     0.8993)
 E1.u :1...5         ( 4.00    -0.8096)  ( 4.00    -0.1853)  ( 4.00    -0.0378)  ( 2.00     0.1077)
                     ( 0.00     0.5581)

 CYCLE    4
  SDIIS (wt  0.000): -0.1644  0.5716  0.5927
 A-DIIS (wt  1.000):  0.0000  0.7015  0.2985
  DIIS coefficients:  0.0000  0.7015  0.2985
 SCF Error: norm([F,P])=      2.203315963951, max([F,P])=      0.411140980179
 orbitals (Q,E):
 ---------------
 A1.g :1...4         ( 2.00    -1.5192)  ( 2.00    -1.0470)  ( 2.00    -0.3105)  ( 0.00     0.1000)
 A2.g :1...1         ( 0.00     0.0831)
 B1.g :1...3         ( 2.00    -1.4798)  ( 2.00    -0.3249)  ( 0.00     0.3331)
 B2.g :1...4         ( 2.00    -1.6214)  ( 2.00    -0.5048)  ( 2.00     0.0542)  ( 0.00     0.3939)
 E1.g :1...3         ( 4.00    -1.4414)  ( 4.00    -0.1967)  ( 0.00     0.4490)
 A1.u :1...1         ( 0.00     1.8544)
 A2.u :1...3         ( 2.00    -0.4434)  ( 2.00     0.0699)  ( 0.00     0.2983)
 B1.u :1...2         ( 2.00    -0.1085)  ( 0.00     0.6541)
 B2.u :1...1         ( 0.00     0.8555)
 E1.u :1...4         ( 4.00    -0.8837)  ( 4.00    -0.2455)  ( 4.00    -0.0997)  ( 0.00     0.0886)

 CYCLE    5
  SDIIS (wt  0.000): -0.0515  0.4558  0.2145  0.3812
 A-DIIS (wt  1.000):  0.0000  0.4281  0.0000  0.5719
  DIIS coefficients:  0.0000  0.4281  0.0000  0.5719
 SCF Error: norm([F,P])=      0.829043720569, max([F,P])=      0.165303849581
 orbitals (Q,E):
 ---------------
 A1.g :1...4         ( 2.00    -1.4666)  ( 2.00    -1.0406)  ( 2.00    -0.3379)  ( 0.00     0.0903)
 A2.g :1...2         ( 2.00     0.0391)  ( 0.00     0.8704)
 B1.g :1...3         ( 2.00    -1.4096)  ( 2.00    -0.3501)  ( 0.00     0.3258)
 B2.g :1...4         ( 2.00    -1.5605)  ( 2.00    -0.5311)  ( 2.00     0.0497)  ( 0.00     0.3796)
 E1.g :1...3         ( 4.00    -1.3695)  ( 4.00    -0.2174)  ( 0.00     0.4353)
 A1.u :1...1         ( 0.00     1.8274)
 A2.u :1...2         ( 2.00    -0.4575)  ( 0.00     0.0559)
 B1.u :1...2         ( 2.00    -0.1393)  ( 0.00     0.6394)
 B2.u :1...1         ( 0.00     0.8345)
 E1.u :1...4         ( 4.00    -0.9045)  ( 4.00    -0.2768)  ( 4.00    -0.1331)  ( 0.00     0.0812)

 CYCLE    6
  SDIIS (wt  0.000):  0.0122  0.1060 -0.0614  0.5010  0.4423
 A-DIIS (wt  1.000):  0.0000  0.0000  0.0000  0.3858  0.6142
  DIIS coefficients:  0.0000  0.0000  0.0000  0.3858  0.6142
 SCF Error: norm([F,P])=      0.590081039051, max([F,P])=      0.108836116551
 orbitals (Q,E):
 ---------------
 A1.g :1...4         ( 2.00    -1.5450)  ( 2.00    -1.0659)  ( 2.00    -0.3266)  ( 0.00     0.0919)
 A2.g :1...2         ( 2.00     0.0575)  ( 0.00     0.8781)
 B1.g :1...3         ( 2.00    -1.5009)  ( 2.00    -0.3461)  ( 0.00     0.3281)
 B2.g :1...4         ( 2.00    -1.6413)  ( 2.00    -0.5252)  ( 2.00     0.0346)  ( 0.00     0.3817)
 E1.g :1...3         ( 4.00    -1.4656)  ( 4.00    -0.2150)  ( 0.00     0.4393)
 A1.u :1...1         ( 0.00     1.8420)
 A2.u :1...2         ( 2.00    -0.4579)  ( 0.00     0.0603)
 B1.u :1...2         ( 2.00    -0.1288)  ( 0.00     0.6445)
 B2.u :1...1         ( 0.00     0.8456)
 E1.u :1...4         ( 4.00    -0.9047)  ( 4.00    -0.2636)  ( 4.00    -0.1209)  ( 0.00     0.0826)

 CYCLE    7
  SDIIS (wt  0.122):  0.0169 -0.2609 -0.0569  0.2686  0.3015  0.7309
 A-DIIS (wt  0.878):  0.0000  0.0000  0.0000  0.3683  0.1929  0.4388
  DIIS coefficients:  0.0021 -0.0318 -0.0069  0.3561  0.2061  0.4745
 SCF Error: norm([F,P])=      0.493920711518, max([F,P])=      0.087918616702
 orbitals (Q,E):
 ---------------
 A1.g :1...4         ( 2.00    -1.4896)  ( 2.00    -1.0388)  ( 2.00    -0.3194)  ( 0.00     0.0982)
 A2.g :1...1         ( 0.00     0.0658)
 B1.g :1...3         ( 2.00    -1.4394)  ( 2.00    -0.3309)  ( 0.00     0.3313)
 B2.g :1...4         ( 2.00    -1.5855)  ( 2.00    -0.5132)  ( 2.00     0.0543)  ( 0.00     0.3854)
 E1.g :1...3         ( 4.00    -1.4025)  ( 4.00    -0.2033)  ( 0.00     0.4430)
 A1.u :1...1         ( 0.00     1.8485)
 A2.u :1...3         ( 2.00    -0.4451)  ( 2.00     0.0620)  ( 0.00     0.2985)
 B1.u :1...2         ( 2.00    -0.1207)  ( 0.00     0.6476)
 B2.u :1...1         ( 0.00     0.8531)
 E1.u :1...4         ( 4.00    -0.8884)  ( 4.00    -0.2565)  ( 4.00    -0.1115)  ( 0.00     0.0836)

 CYCLE    8
  SDIIS (wt  0.000):  0.0018 -0.2732 -0.0249 -0.2004  0.0712  0.9045  0.5210
 A-DIIS (wt  1.000):  0.0000  0.0000  0.0000  0.0000  0.0223  0.5735  0.4042
  DIIS coefficients:  0.0000  0.0000  0.0000  0.0000  0.0223  0.5735  0.4042
 SCF Error: norm([F,P])=      0.635614338155, max([F,P])=      0.134774550686
 orbitals (Q,E):
 ---------------
 A1.g :1...4         ( 2.00    -1.4953)  ( 2.00    -1.0455)  ( 2.00    -0.3250)  ( 0.00     0.0946)
 A2.g :1...2         ( 2.00     0.0586)  ( 0.00     0.8777)
 B1.g :1...3         ( 2.00    -1.4451)  ( 2.00    -0.3382)  ( 0.00     0.3292)
 B2.g :1...4         ( 2.00    -1.5912)  ( 2.00    -0.5193)  ( 2.00     0.0494)  ( 0.00     0.3832)
 E1.g :1...3         ( 4.00    -1.4079)  ( 4.00    -0.2088)  ( 0.00     0.4404)
 A1.u :1...1         ( 0.00     1.8422)
 A2.u :1...2         ( 2.00    -0.4511)  ( 0.00     0.0600)
 B1.u :1...2         ( 2.00    -0.1264)  ( 0.00     0.6450)
 B2.u :1...1         ( 0.00     0.8469)
 E1.u :1...4         ( 4.00    -0.8955)  ( 4.00    -0.2623)  ( 4.00    -0.1181)  ( 0.00     0.0826)

 CYCLE    9
  SDIIS (wt  0.186):  0.0023 -0.1745 -0.0159 -0.3532 -1.4232 -0.3145  0.5527  2.7262
 A-DIIS (wt  0.814):  0.0000  0.0000  0.0000  0.0000  0.0000  0.1579  0.3828  0.4593
  DIIS coefficients:  0.0004 -0.0325 -0.0030 -0.0658 -0.2649  0.0700  0.4144  0.8813
 SCF Error: norm([F,P])=      0.398972233146, max([F,P])=      0.081570467062
 orbitals (Q,E):
 ---------------
 A1.g :1...4         ( 2.00    -1.5141)  ( 2.00    -1.0498)  ( 2.00    -0.3207)  ( 0.00     0.0958)
 A2.g :1...1         ( 0.00     0.0652)
 B1.g :1...3         ( 2.00    -1.4671)  ( 2.00    -0.3354)  ( 0.00     0.3300)
 B2.g :1...4         ( 2.00    -1.6103)  ( 2.00    -0.5162)  ( 2.00     0.0472)  ( 0.00     0.3842)
 E1.g :1...3         ( 4.00    -1.4312)  ( 4.00    -0.2065)  ( 0.00     0.4420)
 A1.u :1...1         ( 0.00     1.8473)
 A2.u :1...3         ( 2.00    -0.4494)  ( 2.00     0.0614)  ( 0.00     0.2948)
 B1.u :1...2         ( 2.00    -0.1218)  ( 0.00     0.6469)
 B2.u :1...1         ( 0.00     0.8510)
 E1.u :1...4         ( 4.00    -0.8933)  ( 4.00    -0.2575)  ( 4.00    -0.1131)  ( 0.00     0.0831)

 CYCLE   10
  SDIIS (wt  0.000):  0.0020 -0.1436 -0.0143 -0.5821 -1.1206 -0.7088 -0.7730  2.7093  1.6310
 A-DIIS (wt  1.000):  0.0000  0.0000  0.0000  0.0000  0.0000  0.0000  0.0000  0.6191  0.3809
  DIIS coefficients:  0.0000  0.0000  0.0000  0.0000  0.0000  0.0000  0.0000  0.6191  0.3809
 SCF Error: norm([F,P])=      0.624577535676, max([F,P])=      0.133804771581
 orbitals (Q,E):
 ---------------
 A1.g :1...4         ( 2.00    -1.5183)  ( 2.00    -1.0541)  ( 2.00    -0.3244)  ( 0.00     0.0939)
 A2.g :1...2         ( 2.00     0.0601)  ( 0.00     0.8785)
 B1.g :1...3         ( 2.00    -1.4714)  ( 2.00    -0.3404)  ( 0.00     0.3289)
 B2.g :1...4         ( 2.00    -1.6145)  ( 2.00    -0.5206)  ( 2.00     0.0434)  ( 0.00     0.3829)
 E1.g :1...3         ( 4.00    -1.4352)  ( 4.00    -0.2104)  ( 0.00     0.4404)
 A1.u :1...1         ( 0.00     1.8435)
 A2.u :1...2         ( 2.00    -0.4531)  ( 0.00     0.0604)
 B1.u :1...2         ( 2.00    -0.1259)  ( 0.00     0.6453)
 B2.u :1...1         ( 0.00     0.8475)
 E1.u :1...4         ( 4.00    -0.8982)  ( 4.00    -0.2615)  ( 4.00    -0.1177)  ( 0.00     0.0826)

 CYCLE   11
  SDIIS (wt  0.189):  0.0017 -0.1094 -0.0129 -0.5549 -0.9886 -2.0000 -0.5438  0.9255  1.3594  2.9230
 A-DIIS (wt  0.811):  0.0000  0.0000  0.0000  0.0000  0.0000  0.0000  0.0000  0.2401  0.3827  0.3771
  DIIS coefficients:  0.0003 -0.0206 -0.0024 -0.1047 -0.1865 -0.3773 -0.1026  0.3694  0.5670  0.8574
 SCF Error: norm([F,P])=      0.401110998896, max([F,P])=      0.081323175246
 orbitals (Q,E):
 ---------------
 A1.g :1...4         ( 2.00    -1.5044)  ( 2.00    -1.0467)  ( 2.00    -0.3217)  ( 0.00     0.0959)
 A2.g :1...1         ( 0.00     0.0634)
 B1.g :1...3         ( 2.00    -1.4561)  ( 2.00    -0.3354)  ( 0.00     0.3299)
 B2.g :1...4         ( 2.00    -1.6006)  ( 2.00    -0.5166)  ( 2.00     0.0489)  ( 0.00     0.3840)
 E1.g :1...3         ( 4.00    -1.4195)  ( 4.00    -0.2067)  ( 0.00     0.4416)
 A1.u :1...1         ( 0.00     1.8461)
 A2.u :1...3         ( 2.00    -0.4492)  ( 2.00     0.0610)  ( 0.00     0.2951)
 B1.u :1...2         ( 2.00    -0.1230)  ( 0.00     0.6464)
 B2.u :1...1         ( 0.00     0.8503)
 E1.u :1...4         ( 4.00    -0.8931)  ( 4.00    -0.2588)  ( 4.00    -0.1143)  ( 0.00     0.0829)

 CYCLE   12
  SDIIS (wt  0.000): -0.1128 -0.0095 -0.5208 -1.1344 -2.0000  0.2977  1.4083  2.4348  2.6367 -2.0000
 A-DIIS (wt  1.000):  0.0000  0.0000  0.0000  0.0000  0.0000  0.0000  0.0724  0.0000  0.5416  0.3861
  DIIS coefficients:  0.0000  0.0000  0.0000  0.0000  0.0000  0.0000  0.0724  0.0000  0.5416  0.3861
 SCF Error: norm([F,P])=      0.613949011333, max([F,P])=      0.131517532032
 orbitals (Q,E):
 ---------------
 A1.g :1...4         ( 2.00    -1.5060)  ( 2.00    -1.0490)  ( 2.00    -0.3240)  ( 0.00     0.0946)
 A2.g :1...2         ( 2.00     0.0603)  ( 0.00     0.8785)
 B1.g :1...3         ( 2.00    -1.4575)  ( 2.00    -0.3384)  ( 0.00     0.3293)
 B2.g :1...4         ( 2.00    -1.6020)  ( 2.00    -0.5191)  ( 2.00     0.0471)  ( 0.00     0.3833)
 E1.g :1...3         ( 4.00    -1.4208)  ( 4.00    -0.2089)  ( 0.00     0.4407)
 A1.u :1...1         ( 0.00     1.8436)
 A2.u :1...2         ( 2.00    -0.4513)  ( 0.00     0.0603)
 B1.u :1...2         ( 2.00    -0.1254)  ( 0.00     0.6454)
 B2.u :1...1         ( 0.00     0.8479)
 E1.u :1...4         ( 4.00    -0.8959)  ( 4.00    -0.2611)  ( 4.00    -0.1170)  ( 0.00     0.0827)

 CYCLE   13
  SDIIS (wt  0.200): -0.0047 -0.5188 -1.2128 -2.0000 -0.2258  0.8332  2.9981  0.1309 -2.0000  3.0000
 A-DIIS (wt  0.800):  0.0000  0.0000  0.0000  0.0000  0.0000  0.0000  0.0000  0.0892  0.3822  0.5286
  DIIS coefficients: -0.0009 -0.1035 -0.2421 -0.3992 -0.0451  0.1663  0.5984  0.0975 -0.0932  1.0219
 SCF Error: norm([F,P])=      0.386697650088, max([F,P])=      0.080240810700
 orbitals (Q,E):
 ---------------
 A1.g :1...4         ( 2.00    -1.5096)  ( 2.00    -1.0490)  ( 2.00    -0.3220)  ( 0.00     0.0955)
 A2.g :1...1         ( 0.00     0.0632)
 B1.g :1...3         ( 2.00    -1.4619)  ( 2.00    -0.3364)  ( 0.00     0.3296)
 B2.g :1...4         ( 2.00    -1.6059)  ( 2.00    -0.5173)  ( 2.00     0.0473)  ( 0.00     0.3837)
 E1.g :1...3         ( 4.00    -1.4256)  ( 4.00    -0.2074)  ( 0.00     0.4414)
 A1.u :1...1         ( 0.00     1.8459)
 A2.u :1...3         ( 2.00    -0.4500)  ( 2.00     0.0610)  ( 0.00     0.2945)
 B1.u :1...2         ( 2.00    -0.1233)  ( 0.00     0.6463)
 B2.u :1...1         ( 0.00     0.8499)
 E1.u :1...4         ( 4.00    -0.8942)  ( 4.00    -0.2590)  ( 4.00    -0.1147)  ( 0.00     0.0828)

 CYCLE   14
  SDIIS (wt  0.000): -0.6386 -0.9346 -2.0000 -1.7314  1.3391 -0.2537  2.2192  3.0000
 A-DIIS (wt  1.000):  0.0000  0.0000 -0.0000  0.0000  0.1531  0.0000  0.4604  0.3865
  DIIS coefficients:  0.0000  0.0000 -0.0000  0.0000  0.1531  0.0000  0.4604  0.3865
 SCF Error: norm([F,P])=      0.610481191092, max([F,P])=      0.130946015897
 orbitals (Q,E):
 ---------------
 A1.g :1...4         ( 2.00    -1.5060)  ( 2.00    -1.0490)  ( 2.00    -0.3240)  ( 0.00     0.0946)
 A2.g :1...2         ( 2.00     0.0603)  ( 0.00     0.8785)
 B1.g :1...3         ( 2.00    -1.4574)  ( 2.00    -0.3384)  ( 0.00     0.3293)
 B2.g :1...4         ( 2.00    -1.6020)  ( 2.00    -0.5191)  ( 2.00     0.0471)  ( 0.00     0.3833)
 E1.g :1...3         ( 4.00    -1.4208)  ( 4.00    -0.2089)  ( 0.00     0.4407)
 A1.u :1...1         ( 0.00     1.8436)
 A2.u :1...2         ( 2.00    -0.4513)  ( 0.00     0.0603)
 B1.u :1...2         ( 2.00    -0.1254)  ( 0.00     0.6454)
 B2.u :1...1         ( 0.00     0.8479)
 E1.u :1...4         ( 4.00    -0.8959)  ( 4.00    -0.2611)  ( 4.00    -0.1170)  ( 0.00     0.0827)

 CYCLE   15
  SDIIS (wt  0.199): -1.2308 -2.0000  0.6322 -0.9044 -2.0000  1.9427  1.5603  3.0000
 A-DIIS (wt  0.801):  0.0000  0.0000  0.0000  0.0000 -0.0000  0.0000  0.3827  0.6173
  DIIS coefficients: -0.2454 -0.3988  0.1261 -0.1804 -0.3988  0.3874  0.6175  1.0925
 SCF Error: norm([F,P])=      0.386811156446, max([F,P])=      0.080258569467
 orbitals (Q,E):
 ---------------
 A1.g :1...4         ( 2.00    -1.5068)  ( 2.00    -1.0467)  ( 2.00    -0.3204)  ( 0.00     0.0965)
 A2.g :1...1         ( 0.00     0.0654)
 B1.g :1...3         ( 2.00    -1.4590)  ( 2.00    -0.3342)  ( 0.00     0.3302)
 B2.g :1...4         ( 2.00    -1.6030)  ( 2.00    -0.5153)  ( 2.00     0.0492)  ( 0.00     0.3845)
 E1.g :1...3         ( 4.00    -1.4227)  ( 4.00    -0.2056)  ( 0.00     0.4422)
 A1.u :1...1         ( 0.00     1.8476)
 A2.u :1...3         ( 2.00    -0.4482)  ( 2.00     0.0615)  ( 0.00     0.2958)
 B1.u :1...2         ( 2.00    -0.1215)  ( 0.00     0.6471)
 B2.u :1...1         ( 0.00     0.8515)
 E1.u :1...4         ( 4.00    -0.8919)  ( 4.00    -0.2573)  ( 4.00    -0.1127)  ( 0.00     0.0831)

 CYCLE   16
  SDIIS (wt  0.000):  0.6210  0.3790
 A-DIIS (wt  1.000):  0.6215  0.3785
  DIIS coefficients:  0.6215  0.3785
 SCF Error: norm([F,P])=      0.626306416112, max([F,P])=      0.134400558682
 orbitals (Q,E):
 ---------------
 A1.g :1...4         ( 2.00    -1.5117)  ( 2.00    -1.0513)  ( 2.00    -0.3240)  ( 0.00     0.0944)
 A2.g :1...1         ( 0.00     0.0605)
 B1.g :1...3         ( 2.00    -1.4640)  ( 2.00    -0.3390)  ( 0.00     0.3292)
 B2.g :1...4         ( 2.00    -1.6079)  ( 2.00    -0.5195)  ( 2.00     0.0455)  ( 0.00     0.3831)
 E1.g :1...3         ( 4.00    -1.4275)  ( 4.00    -0.2094)  ( 0.00     0.4406)
 A1.u :1...1         ( 0.00     1.8438)
 A2.u :1...3         ( 2.00    -0.4520)  ( 2.00     0.0605)  ( 0.00     0.2931)
 B1.u :1...2         ( 2.00    -0.1254)  ( 0.00     0.6454)
 B2.u :1...1         ( 0.00     0.8480)
 E1.u :1...4         ( 4.00    -0.8967)  ( 4.00    -0.2610)  ( 4.00    -0.1171)  ( 0.00     0.0827)

 CYCLE   17
  SDIIS (wt  0.000): -0.9660 -0.9125 -1.5681 -1.5535  3.0000  3.0000
 A-DIIS (wt  1.000):  0.0000  0.0000  0.0000  0.0000  0.6119  0.3881
  DIIS coefficients:  0.0000  0.0000  0.0000  0.0000  0.6119  0.3881
 SCF Error: norm([F,P])=      0.590399958869, max([F,P])=      0.126445150713
 orbitals (Q,E):
 ---------------
 A1.g :1...4         ( 2.00    -1.5107)  ( 2.00    -1.0510)  ( 2.00    -0.3241)  ( 0.00     0.0942)
 A2.g :1...2         ( 2.00     0.0602)  ( 0.00     0.8785)
 B1.g :1...3         ( 2.00    -1.4628)  ( 2.00    -0.3392)  ( 0.00     0.3292)
 B2.g :1...4         ( 2.00    -1.6068)  ( 2.00    -0.5196)  ( 2.00     0.0457)  ( 0.00     0.3832)
 E1.g :1...3         ( 4.00    -1.4263)  ( 4.00    -0.2094)  ( 0.00     0.4406)
 A1.u :1...1         ( 0.00     1.8435)
 A2.u :1...2         ( 2.00    -0.4520)  ( 0.00     0.0602)
 B1.u :1...2         ( 2.00    -0.1255)  ( 0.00     0.6454)
 B2.u :1...1         ( 0.00     0.8477)
 E1.u :1...4         ( 4.00    -0.8967)  ( 4.00    -0.2612)  ( 4.00    -0.1173)  ( 0.00     0.0827)

 CYCLE   18
  SDIIS (wt  0.197): -1.5386 -1.1713 -2.0000 -1.3827  3.0000  3.0000  1.0926
 A-DIIS (wt  0.803):  0.0000  0.0000  0.0000 -0.0000  0.2352  0.3889  0.3758
  DIIS coefficients: -0.3033 -0.2309 -0.3943 -0.2726  0.7803  0.9037  0.5171
 SCF Error: norm([F,P])=      0.389070712603, max([F,P])=      0.080483688327
 orbitals (Q,E):
 ---------------
 A1.g :1...4         ( 2.00    -1.5101)  ( 2.00    -1.0517)  ( 2.00    -0.3255)  ( 0.00     0.0936)
 A2.g :1...2         ( 2.00     0.0582)  ( 0.00     0.8778)
 B1.g :1...3         ( 2.00    -1.4618)  ( 2.00    -0.3407)  ( 0.00     0.3288)
 B2.g :1...4         ( 2.00    -1.6061)  ( 2.00    -0.5211)  ( 2.00     0.0449)  ( 0.00     0.3827)
 E1.g :1...3         ( 4.00    -1.4252)  ( 4.00    -0.2107)  ( 0.00     0.4400)
 A1.u :1...1         ( 0.00     1.8420)
 A2.u :1...2         ( 2.00    -0.4531)  ( 0.00     0.0597)
 B1.u :1...2         ( 2.00    -0.1271)  ( 0.00     0.6447)
 B2.u :1...1         ( 0.00     0.8464)
 E1.u :1...4         ( 4.00    -0.8982)  ( 4.00    -0.2628)  ( 4.00    -0.1190)  ( 0.00     0.0824)

 CYCLE   19
  SDIIS (wt  0.197): -0.7475 -0.4570  0.2045 -2.0000  3.0000  3.0000 -2.0000
 A-DIIS (wt  0.803):  0.0000  0.0000  0.0000  0.0000  0.3895  0.6105  0.0000
  DIIS coefficients: -0.1474 -0.0901  0.0403 -0.3943  0.9041  1.0816 -0.3943
 SCF Error: norm([F,P])=      0.402684463608, max([F,P])=      0.083311444680
 orbitals (Q,E):
 ---------------
 A1.g :1...4         ( 2.00    -1.5088)  ( 2.00    -1.0513)  ( 2.00    -0.3257)  ( 0.00     0.0936)
 A2.g :1...2         ( 2.00     0.0579)  ( 0.00     0.8777)
 B1.g :1...3         ( 2.00    -1.4604)  ( 2.00    -0.3407)  ( 0.00     0.3288)
 B2.g :1...4         ( 2.00    -1.6049)  ( 2.00    -0.5212)  ( 2.00     0.0452)  ( 0.00     0.3827)
 E1.g :1...3         ( 4.00    -1.4237)  ( 4.00    -0.2107)  ( 0.00     0.4399)
 A1.u :1...1         ( 0.00     1.8419)
 A2.u :1...2         ( 2.00    -0.4530)  ( 0.00     0.0596)
 B1.u :1...2         ( 2.00    -0.1272)  ( 0.00     0.6447)
 B2.u :1...1         ( 0.00     0.8463)
 E1.u :1...4         ( 4.00    -0.8981)  ( 4.00    -0.2629)  ( 4.00    -0.1191)  ( 0.00     0.0824)

 CYCLE   20
  SDIIS (wt  0.197): -1.1860 -0.5447 -2.0000  3.0000  3.0000 -2.0000  0.7306
 A-DIIS (wt  0.803):  0.0000  0.0000  0.0000  0.3895  0.6105  0.0000  0.0000
  DIIS coefficients: -0.2338 -0.1074 -0.3943  0.9041  1.0816 -0.3943  0.1440
 SCF Error: norm([F,P])=      0.403871416784, max([F,P])=      0.083621632377
 orbitals (Q,E):
 ---------------
 A1.g :1...4         ( 2.00    -1.5087)  ( 2.00    -1.0512)  ( 2.00    -0.3256)  ( 0.00     0.0936)
 A2.g :1...2         ( 2.00     0.0580)  ( 0.00     0.8777)
 B1.g :1...3         ( 2.00    -1.4603)  ( 2.00    -0.3406)  ( 0.00     0.3289)
 B2.g :1...4         ( 2.00    -1.6047)  ( 2.00    -0.5211)  ( 2.00     0.0453)  ( 0.00     0.3827)
 E1.g :1...3         ( 4.00    -1.4236)  ( 4.00    -0.2106)  ( 0.00     0.4400)
 A1.u :1...1         ( 0.00     1.8420)
 A2.u :1...2         ( 2.00    -0.4530)  ( 0.00     0.0596)
 B1.u :1...2         ( 2.00    -0.1271)  ( 0.00     0.6447)
 B2.u :1...1         ( 0.00     0.8464)
 E1.u :1...4         ( 4.00    -0.8980)  ( 4.00    -0.2629)  ( 4.00    -0.1190)  ( 0.00     0.0824)

 CYCLE   21
  SDIIS (wt  0.197):  1.6996 -2.0000  0.6947  3.0000 -2.0000 -0.3943
 A-DIIS (wt  0.803):  0.0000  0.0000  0.3895  0.6105  0.0000  0.0000
  DIIS coefficients:  0.3350 -0.3943  0.4497  1.0816 -0.3943 -0.0777
 SCF Error: norm([F,P])=      0.403267458817, max([F,P])=      0.083500170037
 orbitals (Q,E):
 ---------------
 A1.g :1...4         ( 2.00    -1.5074)  ( 2.00    -1.0498)  ( 2.00    -0.3243)  ( 0.00     0.0943)
 A2.g :1...2         ( 2.00     0.0598)  ( 0.00     0.8783)
 B1.g :1...3         ( 2.00    -1.4590)  ( 2.00    -0.3390)  ( 0.00     0.3292)
 B2.g :1...4         ( 2.00    -1.6035)  ( 2.00    -0.5196)  ( 2.00     0.0464)  ( 0.00     0.3832)
 E1.g :1...3         ( 4.00    -1.4224)  ( 4.00    -0.2093)  ( 0.00     0.4405)
 A1.u :1...1         ( 0.00     1.8433)
 A2.u :1...2         ( 2.00    -0.4518)  ( 0.00     0.0601)
 B1.u :1...2         ( 2.00    -0.1258)  ( 0.00     0.6453)
 B2.u :1...1         ( 0.00     0.8476)
 E1.u :1...4         ( 4.00    -0.8965)  ( 4.00    -0.2615)  ( 4.00    -0.1175)  ( 0.00     0.0826)

 CYCLE   22
  SDIIS (wt  0.197): -2.0000  2.4450  0.1279 -2.0000  2.4270
 A-DIIS (wt  0.803):  0.0000  0.3898  0.1769  0.0000  0.4333
  DIIS coefficients: -0.3943  0.7949  0.1673 -0.3943  0.8263
 SCF Error: norm([F,P])=      0.390805083594, max([F,P])=      0.081027994093
 orbitals (Q,E):
 ---------------
 A1.g :1...4         ( 2.00    -1.5102)  ( 2.00    -1.0517)  ( 2.00    -0.3255)  ( 0.00     0.0936)
 A2.g :1...2         ( 2.00     0.0582)  ( 0.00     0.8778)
 B1.g :1...3         ( 2.00    -1.4621)  ( 2.00    -0.3407)  ( 0.00     0.3288)
 B2.g :1...4         ( 2.00    -1.6063)  ( 2.00    -0.5211)  ( 2.00     0.0449)  ( 0.00     0.3827)
 E1.g :1...3         ( 4.00    -1.4255)  ( 4.00    -0.2107)  ( 0.00     0.4400)
 A1.u :1...1         ( 0.00     1.8421)
 A2.u :1...2         ( 2.00    -0.4531)  ( 0.00     0.0597)
 B1.u :1...2         ( 2.00    -0.1270)  ( 0.00     0.6448)
 B2.u :1...1         ( 0.00     0.8464)
 E1.u :1...4         ( 4.00    -0.8982)  ( 4.00    -0.2627)  ( 4.00    -0.1189)  ( 0.00     0.0825)

 CYCLE   23
  SDIIS (wt  0.197):  1.7217 -2.0000  2.4372  0.8411 -2.0000
 A-DIIS (wt  0.803):  0.2352  0.0000  0.3889  0.3758  0.0000
  DIIS coefficients:  0.5283 -0.3943  0.7927  0.4676 -0.3943
 SCF Error: norm([F,P])=      0.402207396210, max([F,P])=      0.083217717413
 orbitals (Q,E):
 ---------------
 A1.g :1...4         ( 2.00    -1.5097)  ( 2.00    -1.0514)  ( 2.00    -0.3253)  ( 0.00     0.0937)
 A2.g :1...2         ( 2.00     0.0585)  ( 0.00     0.8779)
 B1.g :1...3         ( 2.00    -1.4615)  ( 2.00    -0.3404)  ( 0.00     0.3289)
 B2.g :1...4         ( 2.00    -1.6057)  ( 2.00    -0.5208)  ( 2.00     0.0452)  ( 0.00     0.3828)
 E1.g :1...3         ( 4.00    -1.4248)  ( 4.00    -0.2104)  ( 0.00     0.4401)
 A1.u :1...1         ( 0.00     1.8423)
 A2.u :1...2         ( 2.00    -0.4528)  ( 0.00     0.0597)
 B1.u :1...2         ( 2.00    -0.1268)  ( 0.00     0.6448)
 B2.u :1...1         ( 0.00     0.8466)
 E1.u :1...4         ( 4.00    -0.8979)  ( 4.00    -0.2625)  ( 4.00    -0.1187)  ( 0.00     0.0825)

 CYCLE   24
  SDIIS (wt  0.197):  2.7171 -2.0000  2.4100  1.8729 -2.0000 -2.0000
 A-DIIS (wt  0.803):  0.2352  0.0000  0.3889  0.3758  0.0000  0.0000
  DIIS coefficients:  0.7245 -0.3943  0.7873  0.6710 -0.3943 -0.3943
 SCF Error: norm([F,P])=      0.400608408033, max([F,P])=      0.082904686220
 orbitals (Q,E):
 ---------------
 A1.g :1...4         ( 2.00    -1.5092)  ( 2.00    -1.0507)  ( 2.00    -0.3247)  ( 0.00     0.0940)
 A2.g :1...2         ( 2.00     0.0593)  ( 0.00     0.8781)
 B1.g :1...3         ( 2.00    -1.4610)  ( 2.00    -0.3397)  ( 0.00     0.3291)
 B2.g :1...4         ( 2.00    -1.6052)  ( 2.00    -0.5202)  ( 2.00     0.0457)  ( 0.00     0.3830)
 E1.g :1...3         ( 4.00    -1.4244)  ( 4.00    -0.2099)  ( 0.00     0.4403)
 A1.u :1...1         ( 0.00     1.8429)
 A2.u :1...2         ( 2.00    -0.4523)  ( 0.00     0.0599)
 B1.u :1...2         ( 2.00    -0.1262)  ( 0.00     0.6451)
 B2.u :1...1         ( 0.00     0.8472)
 E1.u :1...4         ( 4.00    -0.8972)  ( 4.00    -0.2619)  ( 4.00    -0.1180)  ( 0.00     0.0825)

 CYCLE   25
  SDIIS (wt  0.197): -2.0000  2.4631 -0.6809 -1.7822  3.0000
 A-DIIS (wt  0.803):  0.0000  0.3918  0.0000  0.0000  0.6082
  DIIS coefficients: -0.3943  0.8001 -0.1342 -0.3513  1.0797
 SCF Error: norm([F,P])=      0.395265272870, max([F,P])=      0.081825485313
 orbitals (Q,E):
 ---------------
 A1.g :1...4         ( 2.00    -1.5098)  ( 2.00    -1.0518)  ( 2.00    -0.3259)  ( 0.00     0.0934)
 A2.g :1...2         ( 2.00     0.0577)  ( 0.00     0.8776)
 B1.g :1...3         ( 2.00    -1.4615)  ( 2.00    -0.3411)  ( 0.00     0.3288)
 B2.g :1...4         ( 2.00    -1.6058)  ( 2.00    -0.5214)  ( 2.00     0.0448)  ( 0.00     0.3826)
 E1.g :1...3         ( 4.00    -1.4248)  ( 4.00    -0.2110)  ( 0.00     0.4398)
 A1.u :1...1         ( 0.00     1.8417)
 A2.u :1...2         ( 2.00    -0.4533)  ( 0.00     0.0595)
 B1.u :1...2         ( 2.00    -0.1274)  ( 0.00     0.6446)
 B2.u :1...1         ( 0.00     0.8461)
 E1.u :1...4         ( 4.00    -0.8985)  ( 4.00    -0.2631)  ( 4.00    -0.1194)  ( 0.00     0.0824)

 CYCLE   26
  SDIIS (wt  0.197):  0.3325  2.2760 -2.0000  3.0000 -0.6084 -2.0000
 A-DIIS (wt  0.803):  0.3898  0.1769  0.0000  0.4333  0.0000  0.0000
  DIIS coefficients:  0.3785  0.5907 -0.3943  0.9393 -0.1199 -0.3943
 SCF Error: norm([F,P])=      0.404892869760, max([F,P])=      0.083855932199
 orbitals (Q,E):
 ---------------
 A1.g :1...4         ( 2.00    -1.5078)  ( 2.00    -1.0491)  ( 2.00    -0.3231)  ( 0.00     0.0949)
 A2.g :1...1         ( 0.00     0.0615)
 B1.g :1...3         ( 2.00    -1.4597)  ( 2.00    -0.3377)  ( 0.00     0.3295)
 B2.g :1...4         ( 2.00    -1.6039)  ( 2.00    -0.5184)  ( 2.00     0.0471)  ( 0.00     0.3836)
 E1.g :1...3         ( 4.00    -1.4232)  ( 4.00    -0.2083)  ( 0.00     0.4410)
 A1.u :1...1         ( 0.00     1.8445)
 A2.u :1...3         ( 2.00    -0.4508)  ( 2.00     0.0605)  ( 0.00     0.2939)
 B1.u :1...2         ( 2.00    -0.1245)  ( 0.00     0.6458)
 B2.u :1...1         ( 0.00     0.8487)
 E1.u :1...4         ( 4.00    -0.8952)  ( 4.00    -0.2602)  ( 4.00    -0.1161)  ( 0.00     0.0828)

 CYCLE   27
  SDIIS (wt  0.000):  1.3140 -2.0000  1.3208  0.3652
 A-DIIS (wt  1.000):  0.5453  0.0000  0.0679  0.3869
  DIIS coefficients:  0.5453  0.0000  0.0679  0.3869
 SCF Error: norm([F,P])=      0.600548767260, max([F,P])=      0.128450497248
 orbitals (Q,E):
 ---------------
 A1.g :1...4         ( 2.00    -1.5088)  ( 2.00    -1.0501)  ( 2.00    -0.3240)  ( 0.00     0.0944)
 A2.g :1...2         ( 1.00     0.0603)  ( 0.00     0.8785)
 B1.g :1...3         ( 2.00    -1.4607)  ( 2.00    -0.3388)  ( 0.00     0.3293)
 B2.g :1...4         ( 2.00    -1.6049)  ( 2.00    -0.5194)  ( 2.00     0.0463)  ( 0.00     0.3833)
 E1.g :1...3         ( 4.00    -1.4241)  ( 4.00    -0.2092)  ( 0.00     0.4407)
 A1.u :1...1         ( 0.00     1.8436)
 A2.u :1...3         ( 2.00    -0.4517)  ( 1.00     0.0603)  ( 0.00     0.2933)
 B1.u :1...2         ( 2.00    -0.1255)  ( 0.00     0.6454)
 B2.u :1...1         ( 0.00     0.8478)
 E1.u :1...4         ( 4.00    -0.8964)  ( 4.00    -0.2612)  ( 4.00    -0.1172)  ( 0.00     0.0827)

 CYCLE   28
  SDIIS (wt  0.778): -0.8355 -1.3009  1.1415  2.2993 -1.0878 -0.0651  0.8484
 A-DIIS (wt  0.222):  0.0000  0.0000  0.0000  0.0000  0.4827  0.2862  0.2310
  DIIS coefficients: -0.6498 -1.0117  0.8878  1.7882 -0.7387  0.0130  0.7112
 SCF Error: norm([F,P])=      0.108180004157, max([F,P])=      0.023005907637
 orbitals (Q,E):
 ---------------
 A1.g :1...4         ( 2.00    -1.5086)  ( 2.00    -1.0492)  ( 2.00    -0.3227)  ( 0.00     0.0922)
 A2.g :1...1         ( 0.00     0.0618)
 B1.g :1...3         ( 2.00    -1.4607)  ( 2.00    -0.3374)  ( 0.00     0.3295)
 B2.g :1...4         ( 2.00    -1.6048)  ( 2.00    -0.5180)  ( 2.00     0.0472)  ( 0.00     0.3835)
 E1.g :1...3         ( 4.00    -1.4242)  ( 4.00    -0.2080)  ( 0.00     0.4403)
 A1.u :1...1         ( 0.00     1.8450)
 A2.u :1...3         ( 2.00    -0.4507)  ( 2.00     0.0508)  ( 0.00     0.2937)
 B1.u :1...2         ( 2.00    -0.1241)  ( 0.00     0.6455)
 B2.u :1...1         ( 0.00     0.8491)
 E1.u :1...4         ( 4.00    -0.8949)  ( 4.00    -0.2598)  ( 4.00    -0.1158)  ( 0.00     0.0808)

 CYCLE   29
   MIX coefficients:  0.8000  0.2000
 SCF Error: norm([F,P])=      0.608991235795, max([F,P])=      0.130358658178
 orbitals (Q,E):
 ---------------
 A1.g :1...4         ( 2.00    -1.7318)  ( 2.00    -1.2675)  ( 2.00    -0.5130)  ( 0.00     0.0149)
 A2.g :1...2         ( 2.00    -0.1832)  ( 0.00     0.7908)
 B1.g :1...3         ( 2.00    -1.6851)  ( 2.00    -0.5645)  ( 0.00     0.2674)
 B2.g :1...4         ( 2.00    -1.8366)  ( 2.00    -0.7325)  ( 2.00    -0.1649)  ( 0.00     0.3111)
 E1.g :1...3         ( 4.00    -1.6354)  ( 4.00    -0.4073)  ( 0.00     0.3579)
 A1.u :1...1         ( 0.00     1.6769)
 A2.u :1...2         ( 2.00    -0.6374)  ( 0.00     0.0222)
 B1.u :1...2         ( 2.00    -0.3369)  ( 0.00     0.5622)
 B2.u :1...1         ( 0.00     0.6969)
 E1.u :1...4         ( 4.00    -1.1342)  ( 4.00    -0.4638)  ( 4.00    -0.3426)  ( 0.00     0.0558)

 CYCLE   30
  SDIIS (wt  0.000):  2.7834 -2.0000  0.2166
 A-DIIS (wt  1.000):  0.7625  0.0000  0.2375
  DIIS coefficients:  0.7625  0.0000  0.2375
 SCF Error: norm([F,P])=      2.009771993240, max([F,P])=      0.378836184606
 orbitals (Q,E):
 ---------------
 A1.g :1...4         ( 2.00    -1.5493)  ( 2.00    -1.0988)  ( 2.00    -0.3708)  ( 0.00     0.0704)
 A2.g :1...2         ( 2.00    -0.0015)  ( 0.00     0.8552)
 B1.g :1...3         ( 2.00    -1.4993)  ( 2.00    -0.3969)  ( 0.00     0.3140)
 B2.g :1...4         ( 2.00    -1.6444)  ( 2.00    -0.5714)  ( 2.00     0.0040)  ( 0.00     0.3660)
 E1.g :1...3         ( 4.00    -1.4599)  ( 4.00    -0.2556)  ( 0.00     0.4199)
 A1.u :1...1         ( 0.00     1.7954)
 A2.u :1...2         ( 2.00    -0.4964)  ( 0.00     0.0475)
 B1.u :1...2         ( 2.00    -0.1751)  ( 0.00     0.6242)
 B2.u :1...1         ( 0.00     0.8030)
 E1.u :1...4         ( 4.00    -0.9525)  ( 4.00    -0.3109)  ( 4.00    -0.1724)  ( 0.00     0.0771)

 CYCLE   31
  SDIIS (wt  0.000): -0.8847  1.0202  0.7821 -0.0055  0.0880
 A-DIIS (wt  1.000):  0.0000  0.9156  0.0000  0.0000  0.0844
  DIIS coefficients:  0.0000  0.9156  0.0000  0.0000  0.0844
 SCF Error: norm([F,P])=      0.757588386567, max([F,P])=      0.153441014565
 orbitals (Q,E):
 ---------------
 A1.g :1...4         ( 2.00    -1.5265)  ( 2.00    -1.0673)  ( 2.00    -0.3385)  ( 0.00     0.0840)
 A2.g :1...2         ( 2.00     0.0408)  ( 0.00     0.8712)
 B1.g :1...3         ( 2.00    -1.4785)  ( 2.00    -0.3570)  ( 0.00     0.3243)
 B2.g :1...4         ( 2.00    -1.6230)  ( 2.00    -0.5361)  ( 2.00     0.0310)  ( 0.00     0.3767)
 E1.g :1...3         ( 4.00    -1.4410)  ( 4.00    -0.2243)  ( 0.00     0.4329)
 A1.u :1...1         ( 0.00     1.8298)
 A2.u :1...2         ( 2.00    -0.4661)  ( 0.00     0.0442)
 B1.u :1...2         ( 2.00    -0.1415)  ( 0.00     0.6380)
 B2.u :1...1         ( 0.00     0.8353)
 E1.u :1...4         ( 4.00    -0.9150)  ( 4.00    -0.2766)  ( 4.00    -0.1346)  ( 0.00     0.0777)

 CYCLE   32
  SDIIS (wt  0.000): -0.7988  0.9957  0.7018 -0.0073  0.0543  0.0542
 A-DIIS (wt  1.000):  0.1121  0.6505  0.0000  0.0000  0.0000  0.2375
  DIIS coefficients:  0.1121  0.6505  0.0000  0.0000  0.0000  0.2375
 SCF Error: norm([F,P])=      0.538951807262, max([F,P])=      0.108173848348
 orbitals (Q,E):
 ---------------
 A1.g :1...4         ( 2.00    -1.5173)  ( 2.00    -1.0592)  ( 2.00    -0.3321)  ( 0.00     0.0878)
 A2.g :1...1         ( 0.00     0.0492)
 B1.g :1...3         ( 2.00    -1.4690)  ( 2.00    -0.3490)  ( 0.00     0.3265)
 B2.g :1...4         ( 2.00    -1.6134)  ( 2.00    -0.5287)  ( 2.00     0.0383)  ( 0.00     0.3797)
 E1.g :1...3         ( 4.00    -1.4320)  ( 4.00    -0.2175)  ( 0.00     0.4362)
 A1.u :1...1         ( 0.00     1.8356)
 A2.u :1...3         ( 2.00    -0.4596)  ( 2.00     0.0491)  ( 0.00     0.2875)
 B1.u :1...2         ( 2.00    -0.1343)  ( 0.00     0.6412)
 B2.u :1...1         ( 0.00     0.8405)
 E1.u :1...4         ( 4.00    -0.9065)  ( 4.00    -0.2698)  ( 4.00    -0.1269)  ( 0.00     0.0796)

 CYCLE   33
  SDIIS (wt  0.000): -0.8080  0.9758  0.5471 -0.0057  0.0617  0.0348  0.1943
 A-DIIS (wt  1.000):  0.0000  0.8151  0.0000  0.0000  0.0000  0.1678  0.0170
  DIIS coefficients:  0.0000  0.8151  0.0000  0.0000  0.0000  0.1678  0.0170
 SCF Error: norm([F,P])=      0.515601870045, max([F,P])=      0.110009197991
 orbitals (Q,E):
 ---------------
 A1.g :1...4         ( 2.00    -1.5151)  ( 2.00    -1.0568)  ( 2.00    -0.3299)  ( 0.00     0.0881)
 A2.g :1...1         ( 0.00     0.0521)
 B1.g :1...3         ( 2.00    -1.4669)  ( 2.00    -0.3464)  ( 0.00     0.3272)
 B2.g :1...4         ( 2.00    -1.6112)  ( 2.00    -0.5262)  ( 2.00     0.0405)  ( 0.00     0.3806)
 E1.g :1...3         ( 4.00    -1.4300)  ( 4.00    -0.2153)  ( 0.00     0.4370)
 A1.u :1...1         ( 0.00     1.8377)
 A2.u :1...3         ( 2.00    -0.4575)  ( 2.00     0.0473)  ( 0.00     0.2889)
 B1.u :1...2         ( 2.00    -0.1319)  ( 0.00     0.6421)
 B2.u :1...1         ( 0.00     0.8424)
 E1.u :1...4         ( 4.00    -0.9038)  ( 4.00    -0.2675)  ( 4.00    -0.1244)  ( 0.00     0.0794)

 CYCLE   34
  SDIIS (wt  0.000): -0.7514  0.9719  0.3981 -0.0049  0.0567  0.0383  0.2914
 A-DIIS (wt  1.000):  0.0000  0.8155  0.0000  0.0000  0.0000  0.1682  0.0163
  DIIS coefficients:  0.0000  0.8155  0.0000  0.0000  0.0000  0.1682  0.0163
 SCF Error: norm([F,P])=      0.539048797704, max([F,P])=      0.114981970213
 orbitals (Q,E):
 ---------------
 A1.g :1...4         ( 2.00    -1.5150)  ( 2.00    -1.0567)  ( 2.00    -0.3298)  ( 0.00     0.0882)
 A2.g :1...1         ( 0.00     0.0522)
 B1.g :1...3         ( 2.00    -1.4668)  ( 2.00    -0.3463)  ( 0.00     0.3273)
 B2.g :1...4         ( 2.00    -1.6111)  ( 2.00    -0.5261)  ( 2.00     0.0406)  ( 0.00     0.3807)
 E1.g :1...3         ( 4.00    -1.4299)  ( 4.00    -0.2152)  ( 0.00     0.4370)
 A1.u :1...1         ( 0.00     1.8378)
 A2.u :1...3         ( 2.00    -0.4574)  ( 2.00     0.0473)  ( 0.00     0.2889)
 B1.u :1...2         ( 2.00    -0.1318)  ( 0.00     0.6421)
 B2.u :1...1         ( 0.00     0.8425)
 E1.u :1...4         ( 4.00    -0.9037)  ( 4.00    -0.2674)  ( 4.00    -0.1243)  ( 0.00     0.0795)

 CYCLE   35
  SDIIS (wt  0.000): -0.7510  0.9718  0.3938 -0.0048  0.0563  0.0386  0.2953
 A-DIIS (wt  1.000):  0.0000  0.8155  0.0000 -0.0000  0.0000  0.1682  0.0163
  DIIS coefficients:  0.0000  0.8155  0.0000 -0.0000  0.0000  0.1682  0.0163
 SCF Error: norm([F,P])=      0.539960685132, max([F,P])=      0.115175522764
 orbitals (Q,E):
 ---------------
 A1.g :1...4         ( 2.00    -1.5150)  ( 2.00    -1.0567)  ( 2.00    -0.3298)  ( 0.00     0.0882)
 A2.g :1...1         ( 0.00     0.0522)
 B1.g :1...3         ( 2.00    -1.4668)  ( 2.00    -0.3463)  ( 0.00     0.3273)
 B2.g :1...4         ( 2.00    -1.6111)  ( 2.00    -0.5261)  ( 2.00     0.0406)  ( 0.00     0.3807)
 E1.g :1...3         ( 4.00    -1.4299)  ( 4.00    -0.2152)  ( 0.00     0.4370)
 A1.u :1...1         ( 0.00     1.8378)
 A2.u :1...3         ( 2.00    -0.4574)  ( 2.00     0.0473)  ( 0.00     0.2889)
 B1.u :1...2         ( 2.00    -0.1318)  ( 0.00     0.6421)
 B2.u :1...1         ( 0.00     0.8425)
 E1.u :1...4         ( 4.00    -0.9036)  ( 4.00    -0.2674)  ( 4.00    -0.1243)  ( 0.00     0.0795)

 CYCLE   36
  SDIIS (wt  0.000): -0.7510  0.9718  0.3936 -0.0048  0.0563  0.0386  0.2954
 A-DIIS (wt  1.000):  0.0000  0.8155  0.0000  0.0000  0.0000  0.1682  0.0163
  DIIS coefficients:  0.0000  0.8155  0.0000  0.0000  0.0000  0.1682  0.0163
 SCF Error: norm([F,P])=      0.539992578725, max([F,P])=      0.115182331476
 orbitals (Q,E):
 ---------------
 A1.g :1...4         ( 2.00    -1.5150)  ( 2.00    -1.0567)  ( 2.00    -0.3298)  ( 0.00     0.0882)
 A2.g :1...1         ( 0.00     0.0522)
 B1.g :1...3         ( 2.00    -1.4668)  ( 2.00    -0.3463)  ( 0.00     0.3273)
 B2.g :1...4         ( 2.00    -1.6111)  ( 2.00    -0.5261)  ( 2.00     0.0406)  ( 0.00     0.3807)
 E1.g :1...3         ( 4.00    -1.4299)  ( 4.00    -0.2152)  ( 0.00     0.4370)
 A1.u :1...1         ( 0.00     1.8378)
 A2.u :1...3         ( 2.00    -0.4574)  ( 2.00     0.0473)  ( 0.00     0.2889)
 B1.u :1...2         ( 2.00    -0.1318)  ( 0.00     0.6421)
 B2.u :1...1         ( 0.00     0.8425)
 E1.u :1...4         ( 4.00    -0.9036)  ( 4.00    -0.2674)  ( 4.00    -0.1243)  ( 0.00     0.0795)

 CYCLE   37
  SDIIS (wt  0.000):  0.8753 -0.8443  0.0014  0.0065  0.0857  0.8753
 A-DIIS (wt  1.000):  0.8155  0.0000  0.0000  0.0000  0.1682  0.0163
  DIIS coefficients:  0.8155  0.0000  0.0000  0.0000  0.1682  0.0163
 SCF Error: norm([F,P])=      0.539993710561, max([F,P])=      0.115182572756
 orbitals (Q,E):
 ---------------
 A1.g :1...4         ( 2.00    -1.5150)  ( 2.00    -1.0567)  ( 2.00    -0.3298)  ( 0.00     0.0882)
 A2.g :1...1         ( 0.00     0.0522)
 B1.g :1...3         ( 2.00    -1.4668)  ( 2.00    -0.3463)  ( 0.00     0.3273)
 B2.g :1...4         ( 2.00    -1.6111)  ( 2.00    -0.5261)  ( 2.00     0.0406)  ( 0.00     0.3807)
 E1.g :1...3         ( 4.00    -1.4299)  ( 4.00    -0.2152)  ( 0.00     0.4370)
 A1.u :1...1         ( 0.00     1.8378)
 A2.u :1...3         ( 2.00    -0.4574)  ( 2.00     0.0473)  ( 0.00     0.2889)
 B1.u :1...2         ( 2.00    -0.1318)  ( 0.00     0.6421)
 B2.u :1...1         ( 0.00     0.8425)
 E1.u :1...4         ( 4.00    -0.9036)  ( 4.00    -0.2674)  ( 4.00    -0.1243)  ( 0.00     0.0795)

 CYCLE   38
   MIX coefficients:  0.8000  0.2000
 SCF Error: norm([F,P])=      0.539993750846, max([F,P])=      0.115182581460
 orbitals (Q,E):
 ---------------
 A1.g :1...4         ( 2.00    -1.7153)  ( 2.00    -1.2528)  ( 2.00    -0.5008)  ( 0.00     0.0192)
 A2.g :1...2         ( 2.00    -0.1680)  ( 0.00     0.7962)
 B1.g :1...3         ( 2.00    -1.6681)  ( 2.00    -0.5504)  ( 0.00     0.2717)
 B2.g :1...4         ( 2.00    -1.8190)  ( 2.00    -0.7188)  ( 2.00    -0.1497)  ( 0.00     0.3157)
 E1.g :1...3         ( 4.00    -1.6194)  ( 4.00    -0.3941)  ( 0.00     0.3632)
 A1.u :1...1         ( 0.00     1.6864)
 A2.u :1...2         ( 2.00    -0.6252)  ( 0.00     0.0239)
 B1.u :1...2         ( 2.00    -0.3230)  ( 0.00     0.5674)
 B2.u :1...1         ( 0.00     0.7054)
 E1.u :1...4         ( 4.00    -1.1186)  ( 4.00    -0.4508)  ( 4.00    -0.3281)  ( 0.00     0.0577)

 CYCLE   39
  SDIIS (wt  0.000):  0.7878  0.2122
 A-DIIS (wt  1.000):  0.7661  0.2339
  DIIS coefficients:  0.7661  0.2339
 SCF Error: norm([F,P])=      1.912853123077, max([F,P])=      0.357289062639
 orbitals (Q,E):
 ---------------
 A1.g :1...4         ( 2.00    -1.5449)  ( 2.00    -1.0949)  ( 2.00    -0.3676)  ( 0.00     0.0714)
 A2.g :1...2         ( 2.00     0.0022)  ( 0.00     0.8569)
 B1.g :1...3         ( 2.00    -1.4947)  ( 2.00    -0.3934)  ( 0.00     0.3154)
 B2.g :1...4         ( 2.00    -1.6397)  ( 2.00    -0.5679)  ( 2.00     0.0077)  ( 0.00     0.3677)
 E1.g :1...3         ( 4.00    -1.4556)  ( 4.00    -0.2523)  ( 0.00     0.4215)
 A1.u :1...1         ( 0.00     1.7980)
 A2.u :1...2         ( 2.00    -0.4933)  ( 0.00     0.0476)
 B1.u :1...2         ( 2.00    -0.1717)  ( 0.00     0.6258)
 B2.u :1...1         ( 0.00     0.8053)
 E1.u :1...4         ( 4.00    -0.9485)  ( 4.00    -0.3076)  ( 4.00    -0.1688)  ( 0.00     0.0777)

 CYCLE   40
  SDIIS (wt  0.000):  0.5256 -0.0569  0.5313
 A-DIIS (wt  1.000):  0.5295  0.0000  0.4705
  DIIS coefficients:  0.5295  0.0000  0.4705
 SCF Error: norm([F,P])=      0.728481843148, max([F,P])=      0.148657081415
 orbitals (Q,E):
 ---------------
 A1.g :1...4         ( 2.00    -1.5118)  ( 2.00    -1.0546)  ( 2.00    -0.3287)  ( 0.00     0.0900)
 A2.g :1...2         ( 2.00     0.0531)  ( 0.00     0.8767)
 B1.g :1...3         ( 2.00    -1.4631)  ( 2.00    -0.3463)  ( 0.00     0.3289)
 B2.g :1...4         ( 2.00    -1.6066)  ( 2.00    -0.5248)  ( 2.00     0.0437)  ( 0.00     0.3835)
 E1.g :1...3         ( 4.00    -1.4267)  ( 4.00    -0.2136)  ( 0.00     0.4392)
 A1.u :1...1         ( 0.00     1.8368)
 A2.u :1...2         ( 2.00    -0.4560)  ( 0.00     0.0571)
 B1.u :1...2         ( 2.00    -0.1298)  ( 0.00     0.6440)
 B2.u :1...1         ( 0.00     0.8412)
 E1.u :1...4         ( 4.00    -0.9016)  ( 4.00    -0.2660)  ( 4.00    -0.1232)  ( 0.00     0.0833)

 CYCLE   41
  SDIIS (wt  0.137):  0.2367  0.0201 -0.6513  1.3945
 A-DIIS (wt  0.863):  0.4136  0.0000  0.0000  0.5864
  DIIS coefficients:  0.3894  0.0027 -0.0891  0.6969
 SCF Error: norm([F,P])=      0.405295611128, max([F,P])=      0.086463104415
 orbitals (Q,E):
 ---------------
 A1.g :1...4         ( 2.00    -1.5063)  ( 2.00    -1.0478)  ( 2.00    -0.3219)  ( 0.00     0.0951)
 A2.g :1...1         ( 0.00     0.0628)
 B1.g :1...3         ( 2.00    -1.4581)  ( 2.00    -0.3364)  ( 0.00     0.3304)
 B2.g :1...4         ( 2.00    -1.6023)  ( 2.00    -0.5170)  ( 2.00     0.0485)  ( 0.00     0.3846)
 E1.g :1...3         ( 4.00    -1.4217)  ( 4.00    -0.2071)  ( 0.00     0.4418)
 A1.u :1...1         ( 0.00     1.8455)
 A2.u :1...3         ( 2.00    -0.4498)  ( 2.00     0.0604)  ( 0.00     0.2946)
 B1.u :1...2         ( 2.00    -0.1233)  ( 0.00     0.6466)
 B2.u :1...1         ( 0.00     0.8495)
 E1.u :1...4         ( 4.00    -0.8939)  ( 4.00    -0.2589)  ( 4.00    -0.1149)  ( 0.00     0.0833)

 CYCLE   42
  SDIIS (wt  0.000):  0.4313  0.0173 -0.6219  1.3490 -0.1757
 A-DIIS (wt  1.000):  0.0000  0.0000  0.0000  0.6041  0.3959
  DIIS coefficients:  0.0000  0.0000  0.0000  0.6041  0.3959
 SCF Error: norm([F,P])=      0.610660091993, max([F,P])=      0.130458313466
 orbitals (Q,E):
 ---------------
 A1.g :1...4         ( 2.00    -1.5100)  ( 2.00    -1.0507)  ( 2.00    -0.3240)  ( 0.00     0.0942)
 A2.g :1...2         ( 2.00     0.0601)  ( 0.00     0.8787)
 B1.g :1...3         ( 2.00    -1.4620)  ( 2.00    -0.3391)  ( 0.00     0.3296)
 B2.g :1...4         ( 2.00    -1.6061)  ( 2.00    -0.5196)  ( 2.00     0.0459)  ( 0.00     0.3835)
 E1.g :1...3         ( 4.00    -1.4255)  ( 4.00    -0.2094)  ( 0.00     0.4407)
 A1.u :1...1         ( 0.00     1.8436)
 A2.u :1...2         ( 2.00    -0.4519)  ( 0.00     0.0601)
 B1.u :1...2         ( 2.00    -0.1256)  ( 0.00     0.6455)
 B2.u :1...1         ( 0.00     0.8478)
 E1.u :1...4         ( 4.00    -0.8967)  ( 4.00    -0.2612)  ( 4.00    -0.1173)  ( 0.00     0.0829)

 CYCLE   43
  SDIIS (wt  0.189): -0.2608 -0.0564 -0.4758 -0.6817  0.3871  2.0875
 A-DIIS (wt  0.811):  0.0000  0.0000  0.0000  0.0000  0.3861  0.6139
  DIIS coefficients: -0.0492 -0.0106 -0.0897 -0.1286  0.3863  0.8918
 SCF Error: norm([F,P])=      0.394128407831, max([F,P])=      0.081330098667
 orbitals (Q,E):
 ---------------
 A1.g :1...4         ( 2.00    -1.5044)  ( 2.00    -1.0451)  ( 2.00    -0.3194)  ( 0.00     0.0970)
 A2.g :1...1         ( 0.00     0.0666)
 B1.g :1...3         ( 2.00    -1.4565)  ( 2.00    -0.3328)  ( 0.00     0.3306)
 B2.g :1...4         ( 2.00    -1.6007)  ( 2.00    -0.5141)  ( 2.00     0.0505)  ( 0.00     0.3849)
 E1.g :1...3         ( 4.00    -1.4202)  ( 4.00    -0.2045)  ( 0.00     0.4427)
 A1.u :1...1         ( 0.00     1.8485)
 A2.u :1...3         ( 2.00    -0.4472)  ( 2.00     0.0617)  ( 0.00     0.2965)
 B1.u :1...2         ( 2.00    -0.1204)  ( 0.00     0.6475)
 B2.u :1...1         ( 0.00     0.8525)
 E1.u :1...4         ( 4.00    -0.8906)  ( 4.00    -0.2563)  ( 4.00    -0.1115)  ( 0.00     0.0832)

 CYCLE   44
  SDIIS (wt  0.000):  0.6201  0.3799
 A-DIIS (wt  1.000):  0.6210  0.3790
  DIIS coefficients:  0.6210  0.3790
 SCF Error: norm([F,P])=      0.635953334676, max([F,P])=      0.136510556366
 orbitals (Q,E):
 ---------------
 A1.g :1...4         ( 2.00    -1.5091)  ( 2.00    -1.0501)  ( 2.00    -0.3239)  ( 0.00     0.0946)
 A2.g :1...1         ( 0.00     0.0606)
 B1.g :1...3         ( 2.00    -1.4611)  ( 2.00    -0.3385)  ( 0.00     0.3292)
 B2.g :1...4         ( 2.00    -1.6053)  ( 2.00    -0.5192)  ( 2.00     0.0463)  ( 0.00     0.3832)
 E1.g :1...3         ( 4.00    -1.4245)  ( 4.00    -0.2091)  ( 0.00     0.4407)
 A1.u :1...1         ( 0.00     1.8439)
 A2.u :1...3         ( 2.00    -0.4516)  ( 2.00     0.0605)  ( 0.00     0.2934)
 B1.u :1...2         ( 2.00    -0.1253)  ( 0.00     0.6455)
 B2.u :1...1         ( 0.00     0.8481)
 E1.u :1...4         ( 4.00    -0.8962)  ( 4.00    -0.2610)  ( 4.00    -0.1169)  ( 0.00     0.0827)

 CYCLE   45
  SDIIS (wt  0.000): -0.2194 -0.0261 -0.6767 -0.5136  3.0000  2.1261 -0.6903 -2.0000
 A-DIIS (wt  1.000):  0.0000  0.0000  0.0000  0.0000  0.0000  0.6095  0.0000  0.3905
  DIIS coefficients:  0.0000  0.0000  0.0000  0.0000  0.0000  0.6095  0.0000  0.3905
 SCF Error: norm([F,P])=      0.592733081530, max([F,P])=      0.126827913948
 orbitals (Q,E):
 ---------------
 A1.g :1...4         ( 2.00    -1.5086)  ( 2.00    -1.0501)  ( 2.00    -0.3241)  ( 0.00     0.0943)
 A2.g :1...2         ( 2.00     0.0601)  ( 0.00     0.8785)
 B1.g :1...3         ( 2.00    -1.4604)  ( 2.00    -0.3389)  ( 0.00     0.3293)
 B2.g :1...4         ( 2.00    -1.6046)  ( 2.00    -0.5195)  ( 2.00     0.0464)  ( 0.00     0.3833)
 E1.g :1...3         ( 4.00    -1.4239)  ( 4.00    -0.2092)  ( 0.00     0.4406)
 A1.u :1...1         ( 0.00     1.8435)
 A2.u :1...2         ( 2.00    -0.4517)  ( 0.00     0.0602)
 B1.u :1...2         ( 2.00    -0.1255)  ( 0.00     0.6454)
 B2.u :1...1         ( 0.00     0.8477)
 E1.u :1...4         ( 4.00    -0.8964)  ( 4.00    -0.2612)  ( 4.00    -0.1172)  ( 0.00     0.0827)

 CYCLE   46
  SDIIS (wt  0.199): -0.1752  0.0156 -0.9502 -0.1251  2.0403 -0.9652  0.1599 -2.0000  3.0000
 A-DIIS (wt  0.801):  0.0000  0.0000  0.0000  0.0000  0.0000  0.0000  0.0000  0.3880  0.6120
  DIIS coefficients: -0.0348  0.0031 -0.1888 -0.0249  0.4054 -0.1918  0.0318 -0.0864  1.0864
 SCF Error: norm([F,P])=      0.386992806184, max([F,P])=      0.080330064683
 orbitals (Q,E):
 ---------------
 A1.g :1...4         ( 2.00    -1.5035)  ( 2.00    -1.0432)  ( 2.00    -0.3172)  ( 0.00     0.0981)
 A2.g :1...1         ( 0.00     0.0697)
 B1.g :1...3         ( 2.00    -1.4558)  ( 2.00    -0.3301)  ( 0.00     0.3312)
 B2.g :1...4         ( 2.00    -1.5998)  ( 2.00    -0.5116)  ( 2.00     0.0522)  ( 0.00     0.3857)
 E1.g :1...3         ( 4.00    -1.4197)  ( 4.00    -0.2024)  ( 0.00     0.4436)
 A1.u :1...1         ( 0.00     1.8508)
 A2.u :1...3         ( 2.00    -0.4452)  ( 2.00     0.0624)  ( 0.00     0.2979)
 B1.u :1...2         ( 2.00    -0.1180)  ( 0.00     0.6485)
 B2.u :1...1         ( 0.00     0.8545)
 E1.u :1...4         ( 4.00    -0.8881)  ( 4.00    -0.2539)  ( 4.00    -0.1089)  ( 0.00     0.0836)

 CYCLE   47
   MIX coefficients:  0.8000  0.2000
 SCF Error: norm([F,P])=      0.658172064312, max([F,P])=      0.141525434971
 orbitals (Q,E):
 ---------------
 A1.g :1...4         ( 2.00    -1.7420)  ( 2.00    -1.2769)  ( 2.00    -0.5209)  ( 0.00     0.0121)
 A2.g :1...2         ( 2.00    -0.1930)  ( 0.00     0.7873)
 B1.g :1...3         ( 2.00    -1.6955)  ( 2.00    -0.5736)  ( 0.00     0.2647)
 B2.g :1...4         ( 2.00    -1.8474)  ( 2.00    -0.7414)  ( 2.00    -0.1745)  ( 0.00     0.3082)
 E1.g :1...3         ( 4.00    -1.6453)  ( 4.00    -0.4158)  ( 0.00     0.3546)
 A1.u :1...1         ( 0.00     1.6706)
 A2.u :1...2         ( 2.00    -0.6453)  ( 0.00     0.0212)
 B1.u :1...2         ( 2.00    -0.3459)  ( 0.00     0.5589)
 B2.u :1...1         ( 0.00     0.6913)
 E1.u :1...4         ( 4.00    -1.1442)  ( 4.00    -0.4723)  ( 4.00    -0.3520)  ( 0.00     0.0547)

 CYCLE   48
  SDIIS (wt  0.000):  0.7672  0.2328
 A-DIIS (wt  1.000):  0.7541  0.2459
  DIIS coefficients:  0.7541  0.2459
 SCF Error: norm([F,P])=      2.069277660235, max([F,P])=      0.392107680023
 orbitals (Q,E):
 ---------------
 A1.g :1...4         ( 2.00    -1.5501)  ( 2.00    -1.1001)  ( 2.00    -0.3722)  ( 0.00     0.0702)
 A2.g :1...2         ( 2.00    -0.0032)  ( 0.00     0.8543)
 B1.g :1...3         ( 2.00    -1.5000)  ( 2.00    -0.3983)  ( 0.00     0.3132)
 B2.g :1...4         ( 2.00    -1.6454)  ( 2.00    -0.5729)  ( 2.00     0.0027)  ( 0.00     0.3651)
 E1.g :1...3         ( 4.00    -1.4605)  ( 4.00    -0.2570)  ( 0.00     0.4192)
 A1.u :1...1         ( 0.00     1.7942)
 A2.u :1...2         ( 2.00    -0.4977)  ( 0.00     0.0478)
 B1.u :1...2         ( 2.00    -0.1767)  ( 0.00     0.6234)
 B2.u :1...1         ( 0.00     0.8019)
 E1.u :1...4         ( 4.00    -0.9542)  ( 4.00    -0.3125)  ( 4.00    -0.1739)  ( 0.00     0.0769)

 CYCLE   49
  SDIIS (wt  0.000): -0.3511  3.0000 -2.0000 -0.0264  0.3775
 A-DIIS (wt  1.000):  0.0000  0.5266  0.0000  0.0000  0.4734
  DIIS coefficients:  0.0000  0.5266  0.0000  0.0000  0.4734
 SCF Error: norm([F,P])=      0.769254894111, max([F,P])=      0.155449178445
 orbitals (Q,E):
 ---------------
 A1.g :1...4         ( 2.00    -1.5126)  ( 2.00    -1.0553)  ( 2.00    -0.3293)  ( 0.00     0.0899)
 A2.g :1...2         ( 2.00     0.0523)  ( 0.00     0.8763)
 B1.g :1...3         ( 2.00    -1.4640)  ( 2.00    -0.3470)  ( 0.00     0.3284)
 B2.g :1...4         ( 2.00    -1.6075)  ( 2.00    -0.5255)  ( 2.00     0.0430)  ( 0.00     0.3830)
 E1.g :1...3         ( 4.00    -1.4276)  ( 4.00    -0.2142)  ( 0.00     0.4388)
 A1.u :1...1         ( 0.00     1.8363)
 A2.u :1...2         ( 2.00    -0.4566)  ( 0.00     0.0572)
 B1.u :1...2         ( 2.00    -0.1304)  ( 0.00     0.6436)
 B2.u :1...1         ( 0.00     0.8408)
 E1.u :1...4         ( 4.00    -0.9024)  ( 4.00    -0.2667)  ( 4.00    -0.1239)  ( 0.00     0.0831)

 CYCLE   50
  SDIIS (wt  0.125):  0.5562 -0.8570  3.0000 -2.0000  3.0000 -1.5292  0.0220 -0.9007 -0.2914
 A-DIIS (wt  0.875):  0.0000  0.0201  0.0000  0.3881  0.5918  0.0000  0.0000  0.0000  0.0000
  DIIS coefficients:  0.0695 -0.0895  0.3751  0.0895  0.8929 -0.1912  0.0028 -0.1126 -0.0364
 SCF Error: norm([F,P])=      0.412063415890, max([F,P])=      0.087622215729
 orbitals (Q,E):
 ---------------
 A1.g :1...4         ( 2.00    -1.5062)  ( 2.00    -1.0462)  ( 2.00    -0.3198)  ( 0.00     0.0966)
 A2.g :1...1         ( 0.00     0.0661)
 B1.g :1...3         ( 2.00    -1.4584)  ( 2.00    -0.3336)  ( 0.00     0.3304)
 B2.g :1...4         ( 2.00    -1.6024)  ( 2.00    -0.5147)  ( 2.00     0.0498)  ( 0.00     0.3848)
 E1.g :1...3         ( 4.00    -1.4221)  ( 4.00    -0.2051)  ( 0.00     0.4425)
 A1.u :1...1         ( 0.00     1.8480)
 A2.u :1...3         ( 2.00    -0.4479)  ( 2.00     0.0616)  ( 0.00     0.2960)
 B1.u :1...2         ( 2.00    -0.1209)  ( 0.00     0.6473)
 B2.u :1...1         ( 0.00     0.8519)
 E1.u :1...4         ( 4.00    -0.8914)  ( 4.00    -0.2567)  ( 4.00    -0.1121)  ( 0.00     0.0832)

 CYCLE   51
  SDIIS (wt  0.000):  0.0187 -0.6014  1.3658  0.2169
 A-DIIS (wt  1.000):  0.0000  0.0000  0.6077  0.3923
  DIIS coefficients:  0.0000  0.0000  0.6077  0.3923
 SCF Error: norm([F,P])=      0.631969032604, max([F,P])=      0.135622087149
 orbitals (Q,E):
 ---------------
 A1.g :1...4         ( 2.00    -1.5090)  ( 2.00    -1.0502)  ( 2.00    -0.3239)  ( 0.00     0.0944)
 A2.g :1...2         ( 2.00     0.0603)  ( 0.00     0.8787)
 B1.g :1...3         ( 2.00    -1.4608)  ( 2.00    -0.3388)  ( 0.00     0.3295)
 B2.g :1...4         ( 2.00    -1.6051)  ( 2.00    -0.5193)  ( 2.00     0.0462)  ( 0.00     0.3835)
 E1.g :1...3         ( 4.00    -1.4242)  ( 4.00    -0.2092)  ( 0.00     0.4408)
 A1.u :1...1         ( 0.00     1.8437)
 A2.u :1...2         ( 2.00    -0.4517)  ( 0.00     0.0603)
 B1.u :1...2         ( 2.00    -0.1255)  ( 0.00     0.6456)
 B2.u :1...1         ( 0.00     0.8480)
 E1.u :1...4         ( 4.00    -0.8964)  ( 4.00    -0.2610)  ( 4.00    -0.1171)  ( 0.00     0.0829)

 CYCLE   52
  SDIIS (wt  0.192): -2.0000  2.5073 -2.0000  3.0000 -0.5411  0.0142 -0.9270 -0.3758  1.3224
 A-DIIS (wt  0.808):  0.0000  0.0000  0.3885  0.4242  0.0000  0.0000  0.0000  0.0000  0.1873
  DIIS coefficients: -0.3846  0.4821 -0.0708  0.9195 -0.1041  0.0027 -0.1783 -0.0723  0.4056
 SCF Error: norm([F,P])=      0.391960078598, max([F,P])=      0.080962410094
 orbitals (Q,E):
 ---------------
 A1.g :1...4         ( 2.00    -1.5031)  ( 2.00    -1.0425)  ( 2.00    -0.3164)  ( 0.00     0.0985)
 A2.g :1...1         ( 0.00     0.0708)
 B1.g :1...3         ( 2.00    -1.4554)  ( 2.00    -0.3291)  ( 0.00     0.3314)
 B2.g :1...4         ( 2.00    -1.5994)  ( 2.00    -0.5107)  ( 2.00     0.0529)  ( 0.00     0.3860)
 E1.g :1...3         ( 4.00    -1.4194)  ( 4.00    -0.2016)  ( 0.00     0.4440)
 A1.u :1...1         ( 0.00     1.8517)
 A2.u :1...3         ( 2.00    -0.4446)  ( 2.00     0.0627)  ( 0.00     0.2984)
 B1.u :1...2         ( 2.00    -0.1172)  ( 0.00     0.6489)
 B2.u :1...1         ( 0.00     0.8552)
 E1.u :1...4         ( 4.00    -0.8871)  ( 4.00    -0.2530)  ( 4.00    -0.1080)  ( 0.00     0.0837)

 CYCLE   53
  SDIIS (wt  0.000): -0.0295 -0.5719 -0.8869  2.3825  0.1057
 A-DIIS (wt  1.000):  0.0000 -0.0000  0.0000  0.6298  0.3702
  DIIS coefficients:  0.0000 -0.0000  0.0000  0.6298  0.3702
 SCF Error: norm([F,P])=      0.666594747620, max([F,P])=      0.143408963526
 orbitals (Q,E):
 ---------------
 A1.g :1...4         ( 2.00    -1.5093)  ( 2.00    -1.0500)  ( 2.00    -0.3236)  ( 0.00     0.0949)
 A2.g :1...1         ( 0.00     0.0610)
 B1.g :1...3         ( 2.00    -1.4614)  ( 2.00    -0.3382)  ( 0.00     0.3292)
 B2.g :1...4         ( 2.00    -1.6056)  ( 2.00    -0.5190)  ( 2.00     0.0463)  ( 0.00     0.3832)
 E1.g :1...3         ( 4.00    -1.4249)  ( 4.00    -0.2089)  ( 0.00     0.4408)
 A1.u :1...1         ( 0.00     1.8443)
 A2.u :1...3         ( 2.00    -0.4514)  ( 2.00     0.0608)  ( 0.00     0.2936)
 B1.u :1...2         ( 2.00    -0.1251)  ( 0.00     0.6456)
 B2.u :1...1         ( 0.00     0.8485)
 E1.u :1...4         ( 4.00    -0.8960)  ( 4.00    -0.2607)  ( 4.00    -0.1166)  ( 0.00     0.0827)

 CYCLE   54
  SDIIS (wt  0.000):  3.0000 -0.0404 -0.7191 -0.9855 -2.0000  2.8261 -1.0811
 A-DIIS (wt  1.000):  0.0000 -0.0000  0.0000  0.0000  0.0000  0.6108  0.3892
  DIIS coefficients:  0.0000 -0.0000  0.0000  0.0000  0.0000  0.6108  0.3892
 SCF Error: norm([F,P])=      0.593432846396, max([F,P])=      0.127156608008
 orbitals (Q,E):
 ---------------
 A1.g :1...4         ( 2.00    -1.5092)  ( 2.00    -1.0503)  ( 2.00    -0.3241)  ( 0.00     0.0943)
 A2.g :1...2         ( 1.00     0.0602)  ( 0.00     0.8785)
 B1.g :1...3         ( 2.00    -1.4611)  ( 2.00    -0.3390)  ( 0.00     0.3292)
 B2.g :1...4         ( 2.00    -1.6053)  ( 2.00    -0.5195)  ( 2.00     0.0462)  ( 0.00     0.3833)
 E1.g :1...3         ( 4.00    -1.4246)  ( 4.00    -0.2093)  ( 0.00     0.4406)
 A1.u :1...1         ( 0.00     1.8435)
 A2.u :1...3         ( 2.00    -0.4518)  ( 1.00     0.0602)  ( 0.00     0.2932)
 B1.u :1...2         ( 2.00    -0.1255)  ( 0.00     0.6454)
 B2.u :1...1         ( 0.00     0.8477)
 E1.u :1...4         ( 4.00    -0.8964)  ( 4.00    -0.2612)  ( 4.00    -0.1172)  ( 0.00     0.0827)

 CYCLE   55
  SDIIS (wt  0.777):  2.3578  1.8949  0.0012 -0.1916 -0.3236  0.8051 -1.4787 -0.9108 -2.0000  0.8458
 A-DIIS (wt  0.223):  0.0000  0.0000  0.0000  0.0000  0.4299  0.0000  0.0000  0.0000  0.2524  0.3177
  DIIS coefficients:  1.8319  1.4722  0.0010 -0.1489 -0.1555  0.6255 -1.1489 -0.7077 -1.4976  0.7280
 SCF Error: norm([F,P])=      0.108957008709, max([F,P])=      0.023082084302
 orbitals (Q,E):
 ---------------
 A1.g :1...4         ( 2.00    -1.4976)  ( 2.00    -1.0365)  ( 2.00    -0.3111)  ( 0.00     0.0987)
 A2.g :1...1         ( 0.00     0.0779)
 B1.g :1...3         ( 2.00    -1.4501)  ( 2.00    -0.3223)  ( 0.00     0.3329)
 B2.g :1...4         ( 2.00    -1.5941)  ( 2.00    -0.5047)  ( 2.00     0.0579)  ( 0.00     0.3879)
 E1.g :1...3         ( 4.00    -1.4143)  ( 4.00    -0.1962)  ( 0.00     0.4456)
 A1.u :1...1         ( 0.00     1.8572)
 A2.u :1...3         ( 2.00    -0.4395)  ( 2.00     0.0546)  ( 0.00     0.3017)
 B1.u :1...2         ( 2.00    -0.1114)  ( 0.00     0.6509)
 B2.u :1...1         ( 0.00     0.8604)
 E1.u :1...4         ( 4.00    -0.8805)  ( 4.00    -0.2474)  ( 4.00    -0.1017)  ( 0.00     0.0826)

 CYCLE   56
   MIX coefficients:  0.8000  0.2000
 SCF Error: norm([F,P])=      0.726360847100, max([F,P])=      0.156662434430
 orbitals (Q,E):
 ---------------
 A1.g :1...4         ( 2.00    -1.7358)  ( 2.00    -1.2717)  ( 2.00    -0.5168)  ( 0.00     0.0136)
 A2.g :1...2         ( 2.00    -0.1879)  ( 0.00     0.7890)
 B1.g :1...3         ( 2.00    -1.6891)  ( 2.00    -0.5688)  ( 0.00     0.2661)
 B2.g :1...4         ( 2.00    -1.8409)  ( 2.00    -0.7367)  ( 2.00    -0.1692)  ( 0.00     0.3097)
 E1.g :1...3         ( 4.00    -1.6391)  ( 4.00    -0.4113)  ( 0.00     0.3563)
 A1.u :1...1         ( 0.00     1.6738)
 A2.u :1...2         ( 2.00    -0.6411)  ( 0.00     0.0218)
 B1.u :1...2         ( 2.00    -0.3412)  ( 0.00     0.5606)
 B2.u :1...1         ( 0.00     0.6942)
 E1.u :1...4         ( 4.00    -1.1389)  ( 4.00    -0.4679)  ( 4.00    -0.3471)  ( 0.00     0.0553)

 CYCLE   57
  SDIIS (wt  0.000):  2.8781 -2.0000  0.1219
 A-DIIS (wt  1.000):  0.7680  0.0000  0.2320
  DIIS coefficients:  0.7680  0.0000  0.2320
 SCF Error: norm([F,P])=      2.037651794272, max([F,P])=      0.385184830432
 orbitals (Q,E):
 ---------------
 A1.g :1...4         ( 2.00    -1.5501)  ( 2.00    -1.1000)  ( 2.00    -0.3720)  ( 0.00     0.0699)
 A2.g :1...2         ( 2.00    -0.0032)  ( 0.00     0.8545)
 B1.g :1...3         ( 2.00    -1.4999)  ( 2.00    -0.3984)  ( 0.00     0.3136)
 B2.g :1...4         ( 2.00    -1.6452)  ( 2.00    -0.5728)  ( 2.00     0.0029)  ( 0.00     0.3655)
 E1.g :1...3         ( 4.00    -1.4605)  ( 4.00    -0.2568)  ( 0.00     0.4193)
 A1.u :1...1         ( 0.00     1.7942)
 A2.u :1...2         ( 2.00    -0.4975)  ( 0.00     0.0471)
 B1.u :1...2         ( 2.00    -0.1765)  ( 0.00     0.6236)
 B2.u :1...1         ( 0.00     0.8019)
 E1.u :1...4         ( 4.00    -0.9541)  ( 4.00    -0.3123)  ( 4.00    -0.1739)  ( 0.00     0.0768)

 CYCLE   58
  SDIIS (wt  0.000): -1.5120  0.9749  0.9541  0.5203  0.0042  0.0584
 A-DIIS (wt  1.000):  0.0000  0.0000  0.9173 -0.0000  0.0000  0.0827
  DIIS coefficients:  0.0000  0.0000  0.9173 -0.0000  0.0000  0.0827
 SCF Error: norm([F,P])=      0.768761465279, max([F,P])=      0.155385652327
 orbitals (Q,E):
 ---------------
 A1.g :1...4         ( 2.00    -1.5263)  ( 2.00    -1.0674)  ( 2.00    -0.3387)  ( 0.00     0.0839)
 A2.g :1...2         ( 2.00     0.0405)  ( 0.00     0.8710)
 B1.g :1...3         ( 2.00    -1.4783)  ( 2.00    -0.3572)  ( 0.00     0.3243)
 B2.g :1...4         ( 2.00    -1.6229)  ( 2.00    -0.5363)  ( 2.00     0.0308)  ( 0.00     0.3766)
 E1.g :1...3         ( 4.00    -1.4408)  ( 4.00    -0.2246)  ( 0.00     0.4328)
 A1.u :1...1         ( 0.00     1.8296)
 A2.u :1...2         ( 2.00    -0.4663)  ( 0.00     0.0442)
 B1.u :1...2         ( 2.00    -0.1418)  ( 0.00     0.6379)
 B2.u :1...1         ( 0.00     0.8351)
 E1.u :1...4         ( 4.00    -0.9152)  ( 4.00    -0.2769)  ( 4.00    -0.1348)  ( 0.00     0.0776)

 CYCLE   59
  SDIIS (wt  0.000):  0.0037 -0.0351 -1.1251  0.3395  0.9700  0.6852 -0.0097 -0.0266  0.1981
 A-DIIS (wt  1.000):  0.0000  0.0000  0.0000  0.1203  0.6358 -0.0000  0.0000  0.0000  0.2438
  DIIS coefficients:  0.0000  0.0000  0.0000  0.1203  0.6358 -0.0000  0.0000  0.0000  0.2438
 SCF Error: norm([F,P])=      0.541715978014, max([F,P])=      0.108689807401
 orbitals (Q,E):
 ---------------
 A1.g :1...4         ( 2.00    -1.5167)  ( 2.00    -1.0588)  ( 2.00    -0.3320)  ( 0.00     0.0879)
 A2.g :1...1         ( 0.00     0.0494)
 B1.g :1...3         ( 2.00    -1.4683)  ( 2.00    -0.3488)  ( 0.00     0.3266)
 B2.g :1...4         ( 2.00    -1.6128)  ( 2.00    -0.5285)  ( 2.00     0.0386)  ( 0.00     0.3798)
 E1.g :1...3         ( 4.00    -1.4313)  ( 4.00    -0.2173)  ( 0.00     0.4363)
 A1.u :1...1         ( 0.00     1.8357)
 A2.u :1...3         ( 2.00    -0.4594)  ( 2.00     0.0493)  ( 0.00     0.2876)
 B1.u :1...2         ( 2.00    -0.1342)  ( 0.00     0.6412)
 B2.u :1...1         ( 0.00     0.8406)
 E1.u :1...4         ( 4.00    -0.9063)  ( 4.00    -0.2697)  ( 4.00    -0.1268)  ( 0.00     0.0796)

 CYCLE   60
  SDIIS (wt  0.000):  0.0397 -0.8259  0.9499  0.2758 -0.0056 -0.0303  0.1336  0.4628
 A-DIIS (wt  1.000):  0.5452  0.0000  0.0299  0.0000  0.0000 -0.0000  0.0000  0.4249
  DIIS coefficients:  0.5452  0.0000  0.0299  0.0000  0.0000 -0.0000  0.0000  0.4249
 SCF Error: norm([F,P])=      0.517228149124, max([F,P])=      0.110305947486
 orbitals (Q,E):
 ---------------
 A1.g :1...4         ( 2.00    -1.5195)  ( 2.00    -1.0608)  ( 2.00    -0.3331)  ( 0.00     0.0898)
 A2.g :1...2         ( 2.00     0.0482)  ( 0.00     0.8740)
 B1.g :1...3         ( 2.00    -1.4714)  ( 2.00    -0.3502)  ( 0.00     0.3263)
 B2.g :1...4         ( 2.00    -1.6157)  ( 2.00    -0.5298)  ( 2.00     0.0369)  ( 0.00     0.3794)
 E1.g :1...3         ( 4.00    -1.4343)  ( 4.00    -0.2186)  ( 0.00     0.4365)
 A1.u :1...1         ( 0.00     1.8348)
 A2.u :1...2         ( 2.00    -0.4607)  ( 0.00     0.0575)
 B1.u :1...2         ( 2.00    -0.1355)  ( 0.00     0.6412)
 B2.u :1...1         ( 0.00     0.8398)
 E1.u :1...4         ( 4.00    -0.9079)  ( 4.00    -0.2708)  ( 4.00    -0.1280)  ( 0.00     0.0811)

 CYCLE   61
  SDIIS (wt  0.000):  0.0370 -0.8686  0.9616  0.2464 -0.0074 -0.0170  0.2086  0.5037 -0.0644
 A-DIIS (wt  1.000):  0.0000  0.0000  0.3478  0.0000  0.0000  0.0000  0.0000  0.2659  0.3863
  DIIS coefficients:  0.0000  0.0000  0.3478  0.0000  0.0000  0.0000  0.0000  0.2659  0.3863
 SCF Error: norm([F,P])=      0.482286393741, max([F,P])=      0.098231045309
 orbitals (Q,E):
 ---------------
 A1.g :1...4         ( 2.00    -1.5124)  ( 2.00    -1.0548)  ( 2.00    -0.3287)  ( 0.00     0.0903)
 A2.g :1...2         ( 2.00     0.0536)  ( 0.00     0.8761)
 B1.g :1...3         ( 2.00    -1.4639)  ( 2.00    -0.3450)  ( 0.00     0.3279)
 B2.g :1...4         ( 2.00    -1.6082)  ( 2.00    -0.5247)  ( 2.00     0.0424)  ( 0.00     0.3817)
 E1.g :1...3         ( 4.00    -1.4272)  ( 4.00    -0.2138)  ( 0.00     0.4382)
 A1.u :1...1         ( 0.00     1.8385)
 A2.u :1...2         ( 2.00    -0.4561)  ( 0.00     0.0537)
 B1.u :1...2         ( 2.00    -0.1304)  ( 0.00     0.6431)
 B2.u :1...1         ( 0.00     0.8431)
 E1.u :1...4         ( 4.00    -0.9020)  ( 4.00    -0.2662)  ( 4.00    -0.1229)  ( 0.00     0.0812)

 CYCLE   62
  SDIIS (wt  0.000):  0.7139 -1.5186  0.9326  0.0342 -0.0023 -0.0694  0.2544  0.6793 -0.2964  0.2723
 A-DIIS (wt  1.000):  0.0000  0.3113  0.1965  0.0000  0.0000  0.0000  0.0000  0.0000  0.0000  0.4923
  DIIS coefficients:  0.0000  0.3113  0.1965  0.0000  0.0000  0.0000  0.0000  0.0000  0.0000  0.4923
 SCF Error: norm([F,P])=      0.426796581182, max([F,P])=      0.088531232037
 orbitals (Q,E):
 ---------------
 A1.g :1...4         ( 2.00    -1.5122)  ( 2.00    -1.0533)  ( 2.00    -0.3266)  ( 0.00     0.0922)
 A2.g :1...1         ( 0.00     0.0567)
 B1.g :1...3         ( 2.00    -1.4641)  ( 2.00    -0.3423)  ( 0.00     0.3285)
 B2.g :1...4         ( 2.00    -1.6083)  ( 2.00    -0.5224)  ( 2.00     0.0436)  ( 0.00     0.3823)
 E1.g :1...3         ( 4.00    -1.4275)  ( 4.00    -0.2119)  ( 0.00     0.4393)
 A1.u :1...1         ( 0.00     1.8410)
 A2.u :1...3         ( 2.00    -0.4543)  ( 2.00     0.0567)  ( 0.00     0.2914)
 B1.u :1...2         ( 2.00    -0.1282)  ( 0.00     0.6441)
 B2.u :1...1         ( 0.00     0.8454)
 E1.u :1...4         ( 4.00    -0.8997)  ( 4.00    -0.2639)  ( 4.00    -0.1203)  ( 0.00     0.0818)

 CYCLE   63
  SDIIS (wt  0.000): -1.1653  0.9604  0.2078 -0.0042 -0.0090  0.3836  0.3555 -0.4297  0.1622  0.5388
 A-DIIS (wt  1.000):  0.0000  0.8165  0.0000  0.0000 -0.0000  0.0000  0.0000  0.0000  0.1817  0.0018
  DIIS coefficients:  0.0000  0.8165  0.0000  0.0000 -0.0000  0.0000  0.0000  0.0000  0.1817  0.0018
 SCF Error: norm([F,P])=      0.567827158406, max([F,P])=      0.121218738745
 orbitals (Q,E):
 ---------------
 A1.g :1...4         ( 2.00    -1.5153)  ( 2.00    -1.0563)  ( 2.00    -0.3291)  ( 0.00     0.0887)
 A2.g :1...1         ( 0.00     0.0532)
 B1.g :1...3         ( 2.00    -1.4673)  ( 2.00    -0.3454)  ( 0.00     0.3275)
 B2.g :1...4         ( 2.00    -1.6116)  ( 2.00    -0.5253)  ( 2.00     0.0408)  ( 0.00     0.3808)
 E1.g :1...3         ( 4.00    -1.4304)  ( 4.00    -0.2146)  ( 0.00     0.4373)
 A1.u :1...1         ( 0.00     1.8387)
 A2.u :1...3         ( 2.00    -0.4569)  ( 2.00     0.0477)  ( 0.00     0.2894)
 B1.u :1...2         ( 2.00    -0.1311)  ( 0.00     0.6424)
 B2.u :1...1         ( 0.00     0.8434)
 E1.u :1...4         ( 4.00    -0.9030)  ( 4.00    -0.2666)  ( 4.00    -0.1234)  ( 0.00     0.0795)

 CYCLE   64
  SDIIS (wt  0.000): -2.0000  3.0000
 A-DIIS (wt  1.000):  0.0000  1.0000
  DIIS coefficients:  0.0000  1.0000
 SCF Error: norm([F,P])=      0.542390592818, max([F,P])=      0.116088448873
 orbitals (Q,E):
 ---------------
 A1.g :1...4         ( 2.00    -1.7152)  ( 2.00    -1.2532)  ( 2.00    -0.5015)  ( 0.00     0.0191)
 A2.g :1...2         ( 2.00    -0.1689)  ( 0.00     0.7958)
 B1.g :1...3         ( 2.00    -1.6678)  ( 2.00    -0.5511)  ( 0.00     0.2714)
 B2.g :1...4         ( 2.00    -1.8189)  ( 2.00    -0.7194)  ( 2.00    -0.1502)  ( 0.00     0.3154)
 E1.g :1...3         ( 4.00    -1.6190)  ( 4.00    -0.3947)  ( 0.00     0.3628)
 A1.u :1...1         ( 0.00     1.6858)
 A2.u :1...2         ( 2.00    -0.6257)  ( 0.00     0.0238)
 B1.u :1...2         ( 2.00    -0.3238)  ( 0.00     0.5670)
 B2.u :1...1         ( 0.00     0.7049)
 E1.u :1...4         ( 4.00    -1.1193)  ( 4.00    -0.4516)  ( 4.00    -0.3289)  ( 0.00     0.0575)

 CYCLE   65
  SDIIS (wt  0.000):  0.7793  0.2207
 A-DIIS (wt  1.000):  0.7594  0.2406
  DIIS coefficients:  0.7594  0.2406
 SCF Error: norm([F,P])=      1.917086392627, max([F,P])=      0.358385554751
 orbitals (Q,E):
 ---------------
 A1.g :1...4         ( 2.00    -1.5447)  ( 2.00    -1.0947)  ( 2.00    -0.3674)  ( 0.00     0.0717)
 A2.g :1...2         ( 2.00     0.0025)  ( 0.00     0.8569)
 B1.g :1...3         ( 2.00    -1.4945)  ( 2.00    -0.3930)  ( 0.00     0.3153)
 B2.g :1...4         ( 2.00    -1.6396)  ( 2.00    -0.5677)  ( 2.00     0.0079)  ( 0.00     0.3676)
 E1.g :1...3         ( 4.00    -1.4554)  ( 4.00    -0.2521)  ( 0.00     0.4215)
 A1.u :1...1         ( 0.00     1.7983)
 A2.u :1...2         ( 2.00    -0.4930)  ( 0.00     0.0478)
 B1.u :1...2         ( 2.00    -0.1715)  ( 0.00     0.6258)
 B2.u :1...1         ( 0.00     0.8057)
 E1.u :1...4         ( 4.00    -0.9483)  ( 4.00    -0.3074)  ( 4.00    -0.1686)  ( 0.00     0.0776)

 CYCLE   66
  SDIIS (wt  0.000): -2.0000  2.5471 -0.0767  0.5295
 A-DIIS (wt  1.000):  0.5220  0.0000  0.0000  0.4780
  DIIS coefficients:  0.5220  0.0000  0.0000  0.4780
 SCF Error: norm([F,P])=      0.728222017654, max([F,P])=      0.148461835693
 orbitals (Q,E):
 ---------------
 A1.g :1...4         ( 2.00    -1.5119)  ( 2.00    -1.0546)  ( 2.00    -0.3286)  ( 0.00     0.0902)
 A2.g :1...2         ( 2.00     0.0532)  ( 0.00     0.8767)
 B1.g :1...3         ( 2.00    -1.4633)  ( 2.00    -0.3462)  ( 0.00     0.3288)
 B2.g :1...4         ( 2.00    -1.6068)  ( 2.00    -0.5248)  ( 2.00     0.0436)  ( 0.00     0.3833)
 E1.g :1...3         ( 4.00    -1.4268)  ( 4.00    -0.2135)  ( 0.00     0.4391)
 A1.u :1...1         ( 0.00     1.8371)
 A2.u :1...2         ( 2.00    -0.4560)  ( 0.00     0.0572)
 B1.u :1...2         ( 2.00    -0.1297)  ( 0.00     0.6439)
 B2.u :1...1         ( 0.00     0.8414)
 E1.u :1...4         ( 4.00    -0.9016)  ( 4.00    -0.2660)  ( 4.00    -0.1231)  ( 0.00     0.0832)

 CYCLE   67
  SDIIS (wt  0.135): -0.9870 -2.0000  0.7225  0.7332  3.0000 -0.3137 -0.2939  0.1277  0.0113
 A-DIIS (wt  0.865):  0.0000  0.0000  0.0000  0.0000  0.5885  0.4115  0.0000  0.0000  0.0000
  DIIS coefficients: -0.1334 -0.2704  0.0977  0.0991  0.9145  0.3134 -0.0397  0.0173  0.0015
 SCF Error: norm([F,P])=      0.407304104413, max([F,P])=      0.086616906848
 orbitals (Q,E):
 ---------------
 A1.g :1...4         ( 2.00    -1.5065)  ( 2.00    -1.0470)  ( 2.00    -0.3209)  ( 0.00     0.0957)
 A2.g :1...1         ( 0.00     0.0645)
 B1.g :1...3         ( 2.00    -1.4585)  ( 2.00    -0.3351)  ( 0.00     0.3304)
 B2.g :1...4         ( 2.00    -1.6025)  ( 2.00    -0.5159)  ( 2.00     0.0492)  ( 0.00     0.3847)
 E1.g :1...3         ( 4.00    -1.4222)  ( 4.00    -0.2060)  ( 0.00     0.4421)
 A1.u :1...1         ( 0.00     1.8466)
 A2.u :1...3         ( 2.00    -0.4488)  ( 2.00     0.0608)  ( 0.00     0.2952)
 B1.u :1...2         ( 2.00    -0.1219)  ( 0.00     0.6469)
 B2.u :1...1         ( 0.00     0.8505)
 E1.u :1...4         ( 4.00    -0.8926)  ( 4.00    -0.2577)  ( 4.00    -0.1134)  ( 0.00     0.0833)

 CYCLE   68
  SDIIS (wt  0.000): -2.0000  0.9691  0.5472  3.0000 -0.5593  0.1219 -1.0089  0.1924 -0.2624
 A-DIIS (wt  1.000):  0.0000  0.0000  0.0000  0.6036  0.0000  0.0000  0.0000  0.0000  0.3964
  DIIS coefficients:  0.0000  0.0000  0.0000  0.6036  0.0000  0.0000  0.0000  0.0000  0.3964
 SCF Error: norm([F,P])=      0.626152348741, max([F,P])=      0.133784423739
 orbitals (Q,E):
 ---------------
 A1.g :1...4         ( 2.00    -1.5097)  ( 2.00    -1.0506)  ( 2.00    -0.3241)  ( 0.00     0.0942)
 A2.g :1...2         ( 2.00     0.0601)  ( 0.00     0.8785)
 B1.g :1...3         ( 2.00    -1.4616)  ( 2.00    -0.3392)  ( 0.00     0.3294)
 B2.g :1...4         ( 2.00    -1.6057)  ( 2.00    -0.5196)  ( 2.00     0.0461)  ( 0.00     0.3834)
 E1.g :1...3         ( 4.00    -1.4252)  ( 4.00    -0.2093)  ( 0.00     0.4407)
 A1.u :1...1         ( 0.00     1.8434)
 A2.u :1...2         ( 2.00    -0.4519)  ( 0.00     0.0601)
 B1.u :1...2         ( 2.00    -0.1255)  ( 0.00     0.6455)
 B2.u :1...1         ( 0.00     0.8476)
 E1.u :1...4         ( 4.00    -0.8966)  ( 4.00    -0.2612)  ( 4.00    -0.1173)  ( 0.00     0.0829)

 CYCLE   69
  SDIIS (wt  0.197):  2.8663 -2.0000  0.0116 -2.0000  0.0775 -0.5041  0.1292 -0.5805  3.0000
 A-DIIS (wt  0.803):  0.0000  0.0000  0.0000  0.0000  0.0000  0.0000  0.0000  0.3803  0.6197
  DIIS coefficients:  0.5652 -0.3944  0.0023 -0.3944  0.0153 -0.0994  0.0255  0.1908  1.0891
 SCF Error: norm([F,P])=      0.387831114066, max([F,P])=      0.080478897551
 orbitals (Q,E):
 ---------------
 A1.g :1...4         ( 2.00    -1.5083)  ( 2.00    -1.0489)  ( 2.00    -0.3225)  ( 0.00     0.0953)
 A2.g :1...1         ( 0.00     0.0624)
 B1.g :1...3         ( 2.00    -1.4603)  ( 2.00    -0.3368)  ( 0.00     0.3296)
 B2.g :1...4         ( 2.00    -1.6046)  ( 2.00    -0.5177)  ( 2.00     0.0473)  ( 0.00     0.3837)
 E1.g :1...3         ( 4.00    -1.4239)  ( 4.00    -0.2077)  ( 0.00     0.4413)
 A1.u :1...1         ( 0.00     1.8454)
 A2.u :1...3         ( 2.00    -0.4504)  ( 2.00     0.0608)  ( 0.00     0.2942)
 B1.u :1...2         ( 2.00    -0.1239)  ( 0.00     0.6461)
 B2.u :1...1         ( 0.00     0.8495)
 E1.u :1...4         ( 4.00    -0.8947)  ( 4.00    -0.2595)  ( 4.00    -0.1153)  ( 0.00     0.0827)

 CYCLE   70
  SDIIS (wt  0.000): -2.0000  3.0000 -1.2481  0.3733  0.0653 -0.9591  0.7687 -2.0000  3.0000
 A-DIIS (wt  1.000):  0.0000  0.5984  0.0000  0.0000  0.0000  0.0000  0.0000  0.0000  0.4016
  DIIS coefficients:  0.0000  0.5984  0.0000  0.0000  0.0000  0.0000  0.0000  0.0000  0.4016
 SCF Error: norm([F,P])=      0.603898456801, max([F,P])=      0.129522516749
 orbitals (Q,E):
 ---------------
 A1.g :1...4         ( 2.00    -1.5095)  ( 2.00    -1.0506)  ( 2.00    -0.3243)  ( 0.00     0.0940)
 A2.g :1...2         ( 2.00     0.0599)  ( 0.00     0.8785)
 B1.g :1...3         ( 2.00    -1.4614)  ( 2.00    -0.3394)  ( 0.00     0.3293)
 B2.g :1...4         ( 2.00    -1.6055)  ( 2.00    -0.5197)  ( 2.00     0.0461)  ( 0.00     0.3834)
 E1.g :1...3         ( 4.00    -1.4250)  ( 4.00    -0.2094)  ( 0.00     0.4406)
 A1.u :1...1         ( 0.00     1.8431)
 A2.u :1...2         ( 2.00    -0.4520)  ( 0.00     0.0600)
 B1.u :1...2         ( 2.00    -0.1256)  ( 0.00     0.6454)
 B2.u :1...1         ( 0.00     0.8473)
 E1.u :1...4         ( 4.00    -0.8966)  ( 4.00    -0.2614)  ( 4.00    -0.1175)  ( 0.00     0.0828)

 CYCLE   71
  SDIIS (wt  0.198):  2.8524 -2.0000  0.2760 -0.0325 -0.9993 -0.3856 -1.1987  3.0000 -0.5124
 A-DIIS (wt  0.802):  0.0000  0.0000  0.0000  0.0000  0.0000  0.0000  0.0000  0.3852  0.6148
  DIIS coefficients:  0.5640 -0.3955  0.0546 -0.0064 -0.1976 -0.0762 -0.2370  0.9022  0.3919
 SCF Error: norm([F,P])=      0.386661012810, max([F,P])=      0.080424421260
 orbitals (Q,E):
 ---------------
 A1.g :1...4         ( 2.00    -1.5038)  ( 2.00    -1.0441)  ( 2.00    -0.3184)  ( 0.00     0.0976)
 A2.g :1...1         ( 0.00     0.0681)
 B1.g :1...3         ( 2.00    -1.4559)  ( 2.00    -0.3314)  ( 0.00     0.3308)
 B2.g :1...4         ( 2.00    -1.6001)  ( 2.00    -0.5129)  ( 2.00     0.0513)  ( 0.00     0.3852)
 E1.g :1...3         ( 4.00    -1.4197)  ( 4.00    -0.2035)  ( 0.00     0.4431)
 A1.u :1...1         ( 0.00     1.8497)
 A2.u :1...3         ( 2.00    -0.4463)  ( 2.00     0.0621)  ( 0.00     0.2972)
 B1.u :1...2         ( 2.00    -0.1194)  ( 0.00     0.6479)
 B2.u :1...1         ( 0.00     0.8535)
 E1.u :1...4         ( 4.00    -0.8894)  ( 4.00    -0.2551)  ( 4.00    -0.1103)  ( 0.00     0.0833)

 CYCLE   72
   MIX coefficients:  0.8000  0.2000
 SCF Error: norm([F,P])=      0.645843372218, max([F,P])=      0.138819332142
 orbitals (Q,E):
 ---------------
 A1.g :1...4         ( 2.00    -1.7338)  ( 2.00    -1.2697)  ( 2.00    -0.5152)  ( 0.00     0.0142)
 A2.g :1...2         ( 2.00    -0.1859)  ( 0.00     0.7898)
 B1.g :1...3         ( 2.00    -1.6871)  ( 2.00    -0.5669)  ( 0.00     0.2667)
 B2.g :1...4         ( 2.00    -1.8388)  ( 2.00    -0.7349)  ( 2.00    -0.1673)  ( 0.00     0.3102)
 E1.g :1...3         ( 4.00    -1.6372)  ( 4.00    -0.4095)  ( 0.00     0.3569)
 A1.u :1...1         ( 0.00     1.6751)
 A2.u :1...2         ( 2.00    -0.6394)  ( 0.00     0.0219)
 B1.u :1...2         ( 2.00    -0.3394)  ( 0.00     0.5612)
 B2.u :1...1         ( 0.00     0.6954)
 E1.u :1...4         ( 4.00    -1.1368)  ( 4.00    -0.4662)  ( 4.00    -0.3452)  ( 0.00     0.0554)

 CYCLE   73
  SDIIS (wt  0.000):  0.7666  0.2334
 A-DIIS (wt  1.000):  0.7516  0.2484
  DIIS coefficients:  0.7516  0.2484
 SCF Error: norm([F,P])=      2.025728665696, max([F,P])=      0.382540855863
 orbitals (Q,E):
 ---------------
 A1.g :1...4         ( 2.00    -1.5492)  ( 2.00    -1.0987)  ( 2.00    -0.3706)  ( 0.00     0.0708)
 A2.g :1...2         ( 2.00    -0.0011)  ( 0.00     0.8551)
 B1.g :1...3         ( 2.00    -1.4992)  ( 2.00    -0.3966)  ( 0.00     0.3138)
 B2.g :1...4         ( 2.00    -1.6444)  ( 2.00    -0.5712)  ( 2.00     0.0041)  ( 0.00     0.3659)
 E1.g :1...3         ( 4.00    -1.4599)  ( 4.00    -0.2554)  ( 0.00     0.4199)
 A1.u :1...1         ( 0.00     1.7956)
 A2.u :1...2         ( 2.00    -0.4963)  ( 0.00     0.0480)
 B1.u :1...2         ( 2.00    -0.1750)  ( 0.00     0.6242)
 B2.u :1...1         ( 0.00     0.8031)
 E1.u :1...4         ( 4.00    -0.9524)  ( 4.00    -0.3107)  ( 4.00    -0.1721)  ( 0.00     0.0771)

 CYCLE   74
  SDIIS (wt  0.000):  2.5728 -2.0000 -0.0512  0.4784
 A-DIIS (wt  1.000):  0.5192  0.0000  0.0000  0.4808
  DIIS coefficients:  0.5192  0.0000  0.0000  0.4808
 SCF Error: norm([F,P])=      0.754736915921, max([F,P])=      0.152954607720
 orbitals (Q,E):
 ---------------
 A1.g :1...4         ( 2.00    -1.5118)  ( 2.00    -1.0547)  ( 2.00    -0.3289)  ( 0.00     0.0903)
 A2.g :1...2         ( 2.00     0.0529)  ( 0.00     0.8764)
 B1.g :1...3         ( 2.00    -1.4632)  ( 2.00    -0.3464)  ( 0.00     0.3286)
 B2.g :1...4         ( 2.00    -1.6068)  ( 2.00    -0.5250)  ( 2.00     0.0434)  ( 0.00     0.3831)
 E1.g :1...3         ( 4.00    -1.4267)  ( 4.00    -0.2138)  ( 0.00     0.4389)
 A1.u :1...1         ( 0.00     1.8368)
 A2.u :1...2         ( 2.00    -0.4561)  ( 0.00     0.0574)
 B1.u :1...2         ( 2.00    -0.1300)  ( 0.00     0.6437)
 B2.u :1...1         ( 0.00     0.8413)
 E1.u :1...4         ( 4.00    -0.9018)  ( 4.00    -0.2663)  ( 4.00    -0.1234)  ( 0.00     0.0832)

 CYCLE   75
  SDIIS (wt  0.131):  1.3296 -2.0000 -2.0000  2.5512 -1.0282  3.0000 -0.0258 -2.0000  1.1732
 A-DIIS (wt  0.869):  0.0000  0.0000  0.0000  0.6146  0.3854  0.0000  0.0000  0.0000  0.0000
  DIIS coefficients:  0.1740 -0.2617 -0.2617  0.8680  0.2004  0.3925 -0.0034 -0.2617  0.1535
 SCF Error: norm([F,P])=      0.409486469066, max([F,P])=      0.087045896116
 orbitals (Q,E):
 ---------------
 A1.g :1...4         ( 2.00    -1.5043)  ( 2.00    -1.0447)  ( 2.00    -0.3189)  ( 0.00     0.0973)
 A2.g :1...1         ( 0.00     0.0674)
 B1.g :1...3         ( 2.00    -1.4565)  ( 2.00    -0.3321)  ( 0.00     0.3307)
 B2.g :1...4         ( 2.00    -1.6006)  ( 2.00    -0.5135)  ( 2.00     0.0509)  ( 0.00     0.3851)
 E1.g :1...3         ( 4.00    -1.4202)  ( 4.00    -0.2040)  ( 0.00     0.4429)
 A1.u :1...1         ( 0.00     1.8491)
 A2.u :1...3         ( 2.00    -0.4468)  ( 2.00     0.0620)  ( 0.00     0.2968)
 B1.u :1...2         ( 2.00    -0.1199)  ( 0.00     0.6477)
 B2.u :1...1         ( 0.00     0.8529)
 E1.u :1...4         ( 4.00    -0.8900)  ( 4.00    -0.2556)  ( 4.00    -0.1109)  ( 0.00     0.0833)

 CYCLE   76
  SDIIS (wt  0.000): -0.0697  0.5883  0.4814
 A-DIIS (wt  1.000):  0.0000  0.4915  0.5085
  DIIS coefficients:  0.0000  0.4915  0.5085
 SCF Error: norm([F,P])=      0.641662700358, max([F,P])=      0.137810710276
 orbitals (Q,E):
 ---------------
 A1.g :1...4         ( 2.00    -1.5123)  ( 2.00    -1.0547)  ( 2.00    -0.3286)  ( 0.00     0.0906)
 A2.g :1...2         ( 2.00     0.0534)  ( 0.00     0.8766)
 B1.g :1...3         ( 2.00    -1.4638)  ( 2.00    -0.3460)  ( 0.00     0.3286)
 B2.g :1...4         ( 2.00    -1.6074)  ( 2.00    -0.5247)  ( 2.00     0.0433)  ( 0.00     0.3830)
 E1.g :1...3         ( 4.00    -1.4274)  ( 4.00    -0.2135)  ( 0.00     0.4390)
 A1.u :1...1         ( 0.00     1.8373)
 A2.u :1...2         ( 2.00    -0.4560)  ( 0.00     0.0578)
 B1.u :1...2         ( 2.00    -0.1298)  ( 0.00     0.6439)
 B2.u :1...1         ( 0.00     0.8417)
 E1.u :1...4         ( 4.00    -0.9016)  ( 4.00    -0.2660)  ( 4.00    -0.1230)  ( 0.00     0.0832)

 CYCLE   77
  SDIIS (wt  0.134): -2.0000  2.4943 -1.0252  3.0000 -0.0304 -0.7379  1.2991 -2.0000
 A-DIIS (wt  0.866):  0.0000  0.6146  0.3854 -0.0000  0.0000  0.0000  0.0000  0.0000
  DIIS coefficients: -0.2688  0.8672  0.1958  0.4032 -0.0041 -0.0992  0.1746 -0.2688
 SCF Error: norm([F,P])=      0.408897156414, max([F,P])=      0.086695772112
 orbitals (Q,E):
 ---------------
 A1.g :1...4         ( 2.00    -1.5041)  ( 2.00    -1.0445)  ( 2.00    -0.3187)  ( 0.00     0.0974)
 A2.g :1...1         ( 0.00     0.0676)
 B1.g :1...3         ( 2.00    -1.4562)  ( 2.00    -0.3319)  ( 0.00     0.3308)
 B2.g :1...4         ( 2.00    -1.6003)  ( 2.00    -0.5133)  ( 2.00     0.0510)  ( 0.00     0.3851)
 E1.g :1...3         ( 4.00    -1.4199)  ( 4.00    -0.2038)  ( 0.00     0.4430)
 A1.u :1...1         ( 0.00     1.8492)
 A2.u :1...3         ( 2.00    -0.4466)  ( 2.00     0.0621)  ( 0.00     0.2969)
 B1.u :1...2         ( 2.00    -0.1197)  ( 0.00     0.6478)
 B2.u :1...1         ( 0.00     0.8531)
 E1.u :1...4         ( 4.00    -0.8898)  ( 4.00    -0.2555)  ( 4.00    -0.1107)  ( 0.00     0.0834)

 CYCLE   78
  SDIIS (wt  0.000):  0.0403 -0.8066  3.0000 -1.4180  0.1844
 A-DIIS (wt  1.000):  0.0000  0.0000  0.0000  0.6126  0.3874
  DIIS coefficients:  0.0000  0.0000  0.0000  0.6126  0.3874
 SCF Error: norm([F,P])=      0.643034020119, max([F,P])=      0.138108790060
 orbitals (Q,E):
 ---------------
 A1.g :1...4         ( 2.00    -1.5094)  ( 2.00    -1.0503)  ( 2.00    -0.3238)  ( 0.00     0.0945)
 A2.g :1...1         ( 0.00     0.0605)
 B1.g :1...3         ( 2.00    -1.4613)  ( 2.00    -0.3387)  ( 0.00     0.3295)
 B2.g :1...4         ( 2.00    -1.6056)  ( 2.00    -0.5192)  ( 2.00     0.0461)  ( 0.00     0.3835)
 E1.g :1...3         ( 4.00    -1.4248)  ( 4.00    -0.2091)  ( 0.00     0.4408)
 A1.u :1...1         ( 0.00     1.8439)
 A2.u :1...3         ( 2.00    -0.4517)  ( 2.00     0.0604)  ( 0.00     0.2934)
 B1.u :1...2         ( 2.00    -0.1254)  ( 0.00     0.6456)
 B2.u :1...1         ( 0.00     0.8481)
 E1.u :1...4         ( 4.00    -0.8964)  ( 4.00    -0.2609)  ( 4.00    -0.1170)  ( 0.00     0.0829)

 CYCLE   79
  SDIIS (wt  0.000):  3.0000  1.9361 -0.0238 -0.7504  0.8381 -2.0000 -2.0000
 A-DIIS (wt  1.000):  0.6106  0.0000  0.0000  0.0000  0.0000  0.0000  0.3894
  DIIS coefficients:  0.6106  0.0000  0.0000  0.0000  0.0000  0.0000  0.3894
 SCF Error: norm([F,P])=      0.588535915488, max([F,P])=      0.126069685903
 orbitals (Q,E):
 ---------------
 A1.g :1...4         ( 2.00    -1.5089)  ( 2.00    -1.0502)  ( 2.00    -0.3241)  ( 0.00     0.0943)
 A2.g :1...2         ( 1.00     0.0602)  ( 0.00     0.8785)
 B1.g :1...3         ( 2.00    -1.4608)  ( 2.00    -0.3389)  ( 0.00     0.3293)
 B2.g :1...4         ( 2.00    -1.6050)  ( 2.00    -0.5195)  ( 2.00     0.0462)  ( 0.00     0.3833)
 E1.g :1...3         ( 4.00    -1.4242)  ( 4.00    -0.2092)  ( 0.00     0.4406)
 A1.u :1...1         ( 0.00     1.8435)
 A2.u :1...3         ( 2.00    -0.4517)  ( 1.00     0.0602)  ( 0.00     0.2933)
 B1.u :1...2         ( 2.00    -0.1255)  ( 0.00     0.6454)
 B2.u :1...1         ( 0.00     0.8478)
 E1.u :1...4         ( 4.00    -0.8964)  ( 4.00    -0.2612)  ( 4.00    -0.1172)  ( 0.00     0.0827)

 CYCLE   80
  SDIIS (wt  0.779):  0.5454  0.0449  0.0005 -0.1423  0.2003  0.8909 -0.3213 -1.0873  0.8688
 A-DIIS (wt  0.221):  0.0000  0.0000  0.0000  0.0000  0.0000  0.0000  0.4744  0.2916  0.2340
  DIIS coefficients:  0.4248  0.0350  0.0004 -0.1109  0.1560  0.6939 -0.1454 -0.7823  0.7284
 SCF Error: norm([F,P])=      0.107740489066, max([F,P])=      0.022891748820
 orbitals (Q,E):
 ---------------
 A1.g :1...4         ( 2.00    -1.5027)  ( 2.00    -1.0424)  ( 2.00    -0.3165)  ( 0.00     0.0956)
 A2.g :1...1         ( 0.00     0.0704)
 B1.g :1...3         ( 2.00    -1.4549)  ( 2.00    -0.3294)  ( 0.00     0.3313)
 B2.g :1...4         ( 2.00    -1.5990)  ( 2.00    -0.5109)  ( 2.00     0.0529)  ( 0.00     0.3859)
 E1.g :1...3         ( 4.00    -1.4188)  ( 4.00    -0.2017)  ( 0.00     0.4431)
 A1.u :1...1         ( 0.00     1.8515)
 A2.u :1...3         ( 2.00    -0.4447)  ( 2.00     0.0527)  ( 0.00     0.2980)
 B1.u :1...2         ( 2.00    -0.1173)  ( 0.00     0.6483)
 B2.u :1...1         ( 0.00     0.8551)
 E1.u :1...4         ( 4.00    -0.8872)  ( 4.00    -0.2531)  ( 4.00    -0.1083)  ( 0.00     0.0817)

 CYCLE   81
   MIX coefficients:  0.8000  0.2000
 SCF Error: norm([F,P])=      0.670761402149, max([F,P])=      0.144160791446
 orbitals (Q,E):
 ---------------
 A1.g :1...4         ( 2.00    -1.7319)  ( 2.00    -1.2680)  ( 2.00    -0.5137)  ( 0.00     0.0147)
 A2.g :1...2         ( 2.00    -0.1840)  ( 0.00     0.7904)
 B1.g :1...3         ( 2.00    -1.6851)  ( 2.00    -0.5652)  ( 0.00     0.2672)
 B2.g :1...4         ( 2.00    -1.8367)  ( 2.00    -0.7332)  ( 2.00    -0.1655)  ( 0.00     0.3108)
 E1.g :1...3         ( 4.00    -1.6353)  ( 4.00    -0.4079)  ( 0.00     0.3576)
 A1.u :1...1         ( 0.00     1.6763)
 A2.u :1...2         ( 2.00    -0.6379)  ( 0.00     0.0221)
 B1.u :1...2         ( 2.00    -0.3377)  ( 0.00     0.5619)
 B2.u :1...1         ( 0.00     0.6964)
 E1.u :1...4         ( 4.00    -1.1349)  ( 4.00    -0.4646)  ( 4.00    -0.3434)  ( 0.00     0.0557)

 CYCLE   82
  SDIIS (wt  0.000):  2.8417 -2.0000  0.1583
 A-DIIS (wt  1.000):  0.7664  0.0000  0.2336
  DIIS coefficients:  0.7664  0.0000  0.2336
 SCF Error: norm([F,P])=      2.014282685860, max([F,P])=      0.379985847310
 orbitals (Q,E):
 ---------------
 A1.g :1...4         ( 2.00    -1.5491)  ( 2.00    -1.0989)  ( 2.00    -0.3712)  ( 0.00     0.0702)
 A2.g :1...2         ( 2.00    -0.0021)  ( 0.00     0.8550)
 B1.g :1...3         ( 2.00    -1.4990)  ( 2.00    -0.3974)  ( 0.00     0.3139)
 B2.g :1...4         ( 2.00    -1.6442)  ( 2.00    -0.5718)  ( 2.00     0.0038)  ( 0.00     0.3659)
 E1.g :1...3         ( 4.00    -1.4596)  ( 4.00    -0.2559)  ( 0.00     0.4197)
 A1.u :1...1         ( 0.00     1.7950)
 A2.u :1...2         ( 2.00    -0.4966)  ( 0.00     0.0473)
 B1.u :1...2         ( 2.00    -0.1755)  ( 0.00     0.6240)
 B2.u :1...1         ( 0.00     0.8026)
 E1.u :1...4         ( 4.00    -0.9529)  ( 4.00    -0.3113)  ( 4.00    -0.1729)  ( 0.00     0.0770)

 CYCLE   83
  SDIIS (wt  0.000): -1.4333  0.6676  0.9797  0.7115 -0.0016  0.0762
 A-DIIS (wt  1.000):  0.0000  0.0000  0.9167  0.0000  0.0000  0.0833
  DIIS coefficients:  0.0000  0.0000  0.9167  0.0000  0.0000  0.0833
 SCF Error: norm([F,P])=      0.760829429510, max([F,P])=      0.154058091838
 orbitals (Q,E):
 ---------------
 A1.g :1...4         ( 2.00    -1.5265)  ( 2.00    -1.0674)  ( 2.00    -0.3386)  ( 0.00     0.0839)
 A2.g :1...2         ( 2.00     0.0407)  ( 0.00     0.8711)
 B1.g :1...3         ( 2.00    -1.4785)  ( 2.00    -0.3571)  ( 0.00     0.3243)
 B2.g :1...4         ( 2.00    -1.6231)  ( 2.00    -0.5362)  ( 2.00     0.0309)  ( 0.00     0.3766)
 E1.g :1...3         ( 4.00    -1.4411)  ( 4.00    -0.2244)  ( 0.00     0.4329)
 A1.u :1...1         ( 0.00     1.8298)
 A2.u :1...2         ( 2.00    -0.4662)  ( 0.00     0.0442)
 B1.u :1...2         ( 2.00    -0.1417)  ( 0.00     0.6379)
 B2.u :1...1         ( 0.00     0.8352)
 E1.u :1...4         ( 4.00    -0.9151)  ( 4.00    -0.2767)  ( 4.00    -0.1347)  ( 0.00     0.0777)

 CYCLE   84
  SDIIS (wt  0.000):  1.0842 -1.1091 -1.0989  0.3167  0.9729  0.7001 -0.0038 -0.0114  0.1493
 A-DIIS (wt  1.000):  0.0000  0.0000  0.0000  0.1344  0.6093  0.0000  0.0000  0.0000  0.2562
  DIIS coefficients:  0.0000  0.0000  0.0000  0.1344  0.6093  0.0000  0.0000  0.0000  0.2562
 SCF Error: norm([F,P])=      0.540016007265, max([F,P])=      0.108369516252
 orbitals (Q,E):
 ---------------
 A1.g :1...4         ( 2.00    -1.5164)  ( 2.00    -1.0586)  ( 2.00    -0.3318)  ( 0.00     0.0881)
 A2.g :1...1         ( 0.00     0.0497)
 B1.g :1...3         ( 2.00    -1.4680)  ( 2.00    -0.3485)  ( 0.00     0.3267)
 B2.g :1...4         ( 2.00    -1.6125)  ( 2.00    -0.5282)  ( 2.00     0.0389)  ( 0.00     0.3800)
 E1.g :1...3         ( 4.00    -1.4310)  ( 4.00    -0.2171)  ( 0.00     0.4364)
 A1.u :1...1         ( 0.00     1.8359)
 A2.u :1...3         ( 2.00    -0.4592)  ( 2.00     0.0497)  ( 0.00     0.2878)
 B1.u :1...2         ( 2.00    -0.1339)  ( 0.00     0.6414)
 B2.u :1...1         ( 0.00     0.8407)
 E1.u :1...4         ( 4.00    -0.9059)  ( 4.00    -0.2694)  ( 4.00    -0.1265)  ( 0.00     0.0798)

 CYCLE   85
  SDIIS (wt  0.000): -0.5643 -0.2699  0.9682  0.5022 -0.0048  0.0144  0.0971  0.2571
 A-DIIS (wt  1.000):  0.0000  0.0000  0.8152  0.0000  0.0000  0.0000  0.1674  0.0174
  DIIS coefficients:  0.0000  0.0000  0.8152  0.0000  0.0000  0.0000  0.1674  0.0174
 SCF Error: norm([F,P])=      0.520358038272, max([F,P])=      0.110894299290
 orbitals (Q,E):
 ---------------
 A1.g :1...4         ( 2.00    -1.5150)  ( 2.00    -1.0568)  ( 2.00    -0.3299)  ( 0.00     0.0881)
 A2.g :1...1         ( 0.00     0.0521)
 B1.g :1...3         ( 2.00    -1.4668)  ( 2.00    -0.3464)  ( 0.00     0.3272)
 B2.g :1...4         ( 2.00    -1.6112)  ( 2.00    -0.5262)  ( 2.00     0.0405)  ( 0.00     0.3806)
 E1.g :1...3         ( 4.00    -1.4299)  ( 4.00    -0.2153)  ( 0.00     0.4370)
 A1.u :1...1         ( 0.00     1.8377)
 A2.u :1...3         ( 2.00    -0.4575)  ( 2.00     0.0473)  ( 0.00     0.2889)
 B1.u :1...2         ( 2.00    -0.1319)  ( 0.00     0.6421)
 B2.u :1...1         ( 0.00     0.8424)
 E1.u :1...4         ( 4.00    -0.9038)  ( 4.00    -0.2675)  ( 4.00    -0.1244)  ( 0.00     0.0794)

 CYCLE   86
  SDIIS (wt  0.000): -0.4337 -0.3240  0.9704  0.3852 -0.0046  0.0166  0.0933  0.2968
 A-DIIS (wt  1.000):  0.0000  0.0000  0.8155  0.0000  0.0000  0.0000  0.1678  0.0167
  DIIS coefficients:  0.0000  0.0000  0.8155  0.0000  0.0000  0.0000  0.1678  0.0167
 SCF Error: norm([F,P])=      0.539018984644, max([F,P])=      0.114968905353
 orbitals (Q,E):
 ---------------
 A1.g :1...4         ( 2.00    -1.5149)  ( 2.00    -1.0567)  ( 2.00    -0.3298)  ( 0.00     0.0882)
 A2.g :1...1         ( 0.00     0.0522)
 B1.g :1...3         ( 2.00    -1.4667)  ( 2.00    -0.3463)  ( 0.00     0.3273)
 B2.g :1...4         ( 2.00    -1.6111)  ( 2.00    -0.5261)  ( 2.00     0.0406)  ( 0.00     0.3807)
 E1.g :1...3         ( 4.00    -1.4298)  ( 4.00    -0.2152)  ( 0.00     0.4370)
 A1.u :1...1         ( 0.00     1.8378)
 A2.u :1...3         ( 2.00    -0.4574)  ( 2.00     0.0473)  ( 0.00     0.2889)
 B1.u :1...2         ( 2.00    -0.1318)  ( 0.00     0.6421)
 B2.u :1...1         ( 0.00     0.8425)
 E1.u :1...4         ( 4.00    -0.9037)  ( 4.00    -0.2674)  ( 4.00    -0.1243)  ( 0.00     0.0795)

 CYCLE   87
  SDIIS (wt  0.000): -0.4345 -0.3233  0.9704  0.3845 -0.0046  0.0161  0.0940  0.2973
 A-DIIS (wt  1.000):  0.0000  0.0000  0.8155  0.0000  0.0000 -0.0000  0.1678  0.0167
  DIIS coefficients:  0.0000  0.0000  0.8155  0.0000  0.0000 -0.0000  0.1678  0.0167
 SCF Error: norm([F,P])=      0.539903296848, max([F,P])=      0.115154825277
 orbitals (Q,E):
 ---------------
 A1.g :1...4         ( 2.00    -1.5149)  ( 2.00    -1.0567)  ( 2.00    -0.3298)  ( 0.00     0.0882)
 A2.g :1...1         ( 0.00     0.0522)
 B1.g :1...3         ( 2.00    -1.4667)  ( 2.00    -0.3463)  ( 0.00     0.3273)
 B2.g :1...4         ( 2.00    -1.6111)  ( 2.00    -0.5261)  ( 2.00     0.0406)  ( 0.00     0.3807)
 E1.g :1...3         ( 4.00    -1.4298)  ( 4.00    -0.2152)  ( 0.00     0.4370)
 A1.u :1...1         ( 0.00     1.8378)
 A2.u :1...3         ( 2.00    -0.4574)  ( 2.00     0.0473)  ( 0.00     0.2889)
 B1.u :1...2         ( 2.00    -0.1318)  ( 0.00     0.6421)
 B2.u :1...1         ( 0.00     0.8425)
 E1.u :1...4         ( 4.00    -0.9036)  ( 4.00    -0.2674)  ( 4.00    -0.1243)  ( 0.00     0.0795)

 CYCLE   88
  SDIIS (wt  0.000): -0.7534  0.9704  0.2673 -0.0064 -0.0109  0.1385  0.3944
 A-DIIS (wt  1.000):  0.0000  0.8155  0.0000  0.0000  0.0000  0.1678  0.0167
  DIIS coefficients:  0.0000  0.8155  0.0000  0.0000  0.0000  0.1678  0.0167
 SCF Error: norm([F,P])=      0.539933768346, max([F,P])=      0.115161348830
 orbitals (Q,E):
 ---------------
 A1.g :1...4         ( 2.00    -1.5149)  ( 2.00    -1.0567)  ( 2.00    -0.3298)  ( 0.00     0.0882)
 A2.g :1...1         ( 0.00     0.0522)
 B1.g :1...3         ( 2.00    -1.4667)  ( 2.00    -0.3463)  ( 0.00     0.3273)
 B2.g :1...4         ( 2.00    -1.6111)  ( 2.00    -0.5261)  ( 2.00     0.0406)  ( 0.00     0.3807)
 E1.g :1...3         ( 4.00    -1.4298)  ( 4.00    -0.2152)  ( 0.00     0.4370)
 A1.u :1...1         ( 0.00     1.8378)
 A2.u :1...3         ( 2.00    -0.4574)  ( 2.00     0.0473)  ( 0.00     0.2889)
 B1.u :1...2         ( 2.00    -0.1318)  ( 0.00     0.6421)
 B2.u :1...1         ( 0.00     0.8425)
 E1.u :1...4         ( 4.00    -0.9036)  ( 4.00    -0.2674)  ( 4.00    -0.1243)  ( 0.00     0.0795)

 CYCLE   89
  SDIIS (wt  0.000): -2.0000 -0.0008 -0.1299  0.3616  3.0000 -0.2309
 A-DIIS (wt  1.000):  0.0000  0.0000  0.0000  0.5411  0.0000  0.4589
  DIIS coefficients:  0.0000  0.0000  0.0000  0.5411  0.0000  0.4589
 SCF Error: norm([F,P])=      0.539934851515, max([F,P])=      0.115161579701
 orbitals (Q,E):
 ---------------
 A1.g :1...4         ( 2.00    -1.5052)  ( 2.00    -1.0496)  ( 2.00    -0.3254)  ( 0.00     0.0927)
 A2.g :1...2         ( 2.00     0.0580)  ( 0.00     0.8779)
 B1.g :1...3         ( 2.00    -1.4563)  ( 2.00    -0.3409)  ( 0.00     0.3294)
 B2.g :1...4         ( 2.00    -1.6004)  ( 2.00    -0.5206)  ( 2.00     0.0473)  ( 0.00     0.3840)
 E1.g :1...3         ( 4.00    -1.4198)  ( 4.00    -0.2099)  ( 0.00     0.4404)
 A1.u :1...1         ( 0.00     1.8409)
 A2.u :1...2         ( 2.00    -0.4525)  ( 0.00     0.0586)
 B1.u :1...2         ( 2.00    -0.1263)  ( 0.00     0.6452)
 B2.u :1...1         ( 0.00     0.8451)
 E1.u :1...4         ( 4.00    -0.8970)  ( 4.00    -0.2625)  ( 4.00    -0.1188)  ( 0.00     0.0832)

 CYCLE   90
  SDIIS (wt  0.198):  2.4602 -2.0000  0.5398
 A-DIIS (wt  0.802):  0.0000  0.4003  0.5997
  DIIS coefficients:  0.4883 -0.0761  0.5878
 SCF Error: norm([F,P])=      0.377641411006, max([F,P])=      0.080351388142
 orbitals (Q,E):
 ---------------
 A1.g :1...4         ( 2.00    -1.5142)  ( 2.00    -1.0536)  ( 2.00    -0.3257)  ( 0.00     0.0930)
 A2.g :1...2         ( 2.00     0.0578)  ( 0.00     0.8779)
 B1.g :1...3         ( 2.00    -1.4665)  ( 2.00    -0.3417)  ( 0.00     0.3290)
 B2.g :1...4         ( 2.00    -1.6102)  ( 2.00    -0.5217)  ( 2.00     0.0437)  ( 0.00     0.3829)
 E1.g :1...3         ( 4.00    -1.4300)  ( 4.00    -0.2113)  ( 0.00     0.4400)
 A1.u :1...1         ( 0.00     1.8417)
 A2.u :1...2         ( 2.00    -0.4539)  ( 0.00     0.0594)
 B1.u :1...2         ( 2.00    -0.1274)  ( 0.00     0.6448)
 B2.u :1...1         ( 0.00     0.8460)
 E1.u :1...4         ( 4.00    -0.8992)  ( 4.00    -0.2629)  ( 4.00    -0.1194)  ( 0.00     0.0826)

 CYCLE   91
  SDIIS (wt  0.198):  0.4149  0.4087  0.1764
 A-DIIS (wt  0.802):  0.4055  0.2724  0.3222
  DIIS coefficients:  0.4073  0.2994  0.2932
 SCF Error: norm([F,P])=      0.408485391607, max([F,P])=      0.084088822704
 orbitals (Q,E):
 ---------------
 A1.g :1...4         ( 2.00    -1.5098)  ( 2.00    -1.0511)  ( 2.00    -0.3248)  ( 0.00     0.0937)
 A2.g :1...2         ( 2.00     0.0591)  ( 0.00     0.8783)
 B1.g :1...3         ( 2.00    -1.4616)  ( 2.00    -0.3401)  ( 0.00     0.3293)
 B2.g :1...4         ( 2.00    -1.6057)  ( 2.00    -0.5203)  ( 2.00     0.0457)  ( 0.00     0.3833)
 E1.g :1...3         ( 4.00    -1.4251)  ( 4.00    -0.2100)  ( 0.00     0.4405)
 A1.u :1...1         ( 0.00     1.8426)
 A2.u :1...2         ( 2.00    -0.4525)  ( 0.00     0.0597)
 B1.u :1...2         ( 2.00    -0.1262)  ( 0.00     0.6452)
 B2.u :1...1         ( 0.00     0.8468)
 E1.u :1...4         ( 4.00    -0.8973)  ( 4.00    -0.2619)  ( 4.00    -0.1182)  ( 0.00     0.0828)

 CYCLE   92
  SDIIS (wt  0.198):  0.4129 -0.1075 -0.5773  1.2719
 A-DIIS (wt  0.802):  0.4043  0.0000  0.0000  0.5957
  DIIS coefficients:  0.4060 -0.0213 -0.1146  0.7299
 SCF Error: norm([F,P])=      0.393597954256, max([F,P])=      0.081765410631
 orbitals (Q,E):
 ---------------
 A1.g :1...4         ( 2.00    -1.5099)  ( 2.00    -1.0512)  ( 2.00    -0.3249)  ( 0.00     0.0937)
 A2.g :1...2         ( 2.00     0.0590)  ( 0.00     0.8782)
 B1.g :1...3         ( 2.00    -1.4617)  ( 2.00    -0.3401)  ( 0.00     0.3292)
 B2.g :1...4         ( 2.00    -1.6058)  ( 2.00    -0.5204)  ( 2.00     0.0456)  ( 0.00     0.3833)
 E1.g :1...3         ( 4.00    -1.4252)  ( 4.00    -0.2100)  ( 0.00     0.4404)
 A1.u :1...1         ( 0.00     1.8425)
 A2.u :1...2         ( 2.00    -0.4526)  ( 0.00     0.0597)
 B1.u :1...2         ( 2.00    -0.1263)  ( 0.00     0.6452)
 B2.u :1...1         ( 0.00     0.8467)
 E1.u :1...4         ( 4.00    -0.8974)  ( 4.00    -0.2620)  ( 4.00    -0.1182)  ( 0.00     0.0828)

 CYCLE   93
  SDIIS (wt  0.198):  0.4112 -0.3210 -0.8570  1.7668
 A-DIIS (wt  0.802):  0.4041  0.0000  0.0000  0.5959
  DIIS coefficients:  0.4055 -0.0637 -0.1701  0.8283
 SCF Error: norm([F,P])=      0.392920959120, max([F,P])=      0.081692556387
 orbitals (Q,E):
 ---------------
 A1.g :1...4         ( 2.00    -1.5099)  ( 2.00    -1.0512)  ( 2.00    -0.3248)  ( 0.00     0.0937)
 A2.g :1...2         ( 2.00     0.0590)  ( 0.00     0.8782)
 B1.g :1...3         ( 2.00    -1.4617)  ( 2.00    -0.3401)  ( 0.00     0.3292)
 B2.g :1...4         ( 2.00    -1.6058)  ( 2.00    -0.5204)  ( 2.00     0.0456)  ( 0.00     0.3832)
 E1.g :1...3         ( 4.00    -1.4252)  ( 4.00    -0.2100)  ( 0.00     0.4404)
 A1.u :1...1         ( 0.00     1.8425)
 A2.u :1...2         ( 2.00    -0.4526)  ( 0.00     0.0597)
 B1.u :1...2         ( 2.00    -0.1263)  ( 0.00     0.6452)
 B2.u :1...1         ( 0.00     0.8468)
 E1.u :1...4         ( 4.00    -0.8974)  ( 4.00    -0.2620)  ( 4.00    -0.1182)  ( 0.00     0.0828)

 CYCLE   94
  SDIIS (wt  0.198):  0.4108 -0.3563 -0.9369  1.8824
 A-DIIS (wt  0.802):  0.4041  0.0000  0.0000  0.5959
  DIIS coefficients:  0.4054 -0.0707 -0.1859  0.8512
 SCF Error: norm([F,P])=      0.393000083447, max([F,P])=      0.081690970625
 orbitals (Q,E):
 ---------------
 A1.g :1...4         ( 2.00    -1.5099)  ( 2.00    -1.0512)  ( 2.00    -0.3248)  ( 0.00     0.0937)
 A2.g :1...2         ( 2.00     0.0590)  ( 0.00     0.8782)
 B1.g :1...3         ( 2.00    -1.4617)  ( 2.00    -0.3401)  ( 0.00     0.3292)
 B2.g :1...4         ( 2.00    -1.6058)  ( 2.00    -0.5204)  ( 2.00     0.0456)  ( 0.00     0.3832)
 E1.g :1...3         ( 4.00    -1.4252)  ( 4.00    -0.2100)  ( 0.00     0.4404)
 A1.u :1...1         ( 0.00     1.8425)
 A2.u :1...2         ( 2.00    -0.4526)  ( 0.00     0.0597)
 B1.u :1...2         ( 2.00    -0.1263)  ( 0.00     0.6452)
 B2.u :1...1         ( 0.00     0.8468)
 E1.u :1...4         ( 4.00    -0.8974)  ( 4.00    -0.2620)  ( 4.00    -0.1182)  ( 0.00     0.0828)

 CYCLE   95
  SDIIS (wt  0.198):  0.4110 -0.3373 -0.8950  1.8213
 A-DIIS (wt  0.802):  0.4041  0.0000  0.0000  0.5959
  DIIS coefficients:  0.4055 -0.0669 -0.1776  0.8391
 SCF Error: norm([F,P])=      0.392939018128, max([F,P])=      0.081682923159
 orbitals (Q,E):
 ---------------
 A1.g :1...4         ( 2.00    -1.5099)  ( 2.00    -1.0512)  ( 2.00    -0.3248)  ( 0.00     0.0937)
 A2.g :1...2         ( 2.00     0.0590)  ( 0.00     0.8782)
 B1.g :1...3         ( 2.00    -1.4617)  ( 2.00    -0.3401)  ( 0.00     0.3292)
 B2.g :1...4         ( 2.00    -1.6058)  ( 2.00    -0.5204)  ( 2.00     0.0456)  ( 0.00     0.3832)
 E1.g :1...3         ( 4.00    -1.4252)  ( 4.00    -0.2100)  ( 0.00     0.4404)
 A1.u :1...1         ( 0.00     1.8425)
 A2.u :1...2         ( 2.00    -0.4526)  ( 0.00     0.0597)
 B1.u :1...2         ( 2.00    -0.1263)  ( 0.00     0.6452)
 B2.u :1...1         ( 0.00     0.8468)
 E1.u :1...4         ( 4.00    -0.8974)  ( 4.00    -0.2620)  ( 4.00    -0.1182)  ( 0.00     0.0828)

 CYCLE   96
  SDIIS (wt  0.198):  0.4108 -0.3505 -0.9220  1.8617
 A-DIIS (wt  0.802):  0.4041  0.0000  0.0000  0.5959
  DIIS coefficients:  0.4054 -0.0696 -0.1830  0.8471
 SCF Error: norm([F,P])=      0.392964107668, max([F,P])=      0.081685876257
 orbitals (Q,E):
 ---------------
 A1.g :1...4         ( 2.00    -1.5099)  ( 2.00    -1.0512)  ( 2.00    -0.3248)  ( 0.00     0.0937)
 A2.g :1...2         ( 2.00     0.0590)  ( 0.00     0.8782)
 B1.g :1...3         ( 2.00    -1.4617)  ( 2.00    -0.3401)  ( 0.00     0.3292)
 B2.g :1...4         ( 2.00    -1.6058)  ( 2.00    -0.5204)  ( 2.00     0.0456)  ( 0.00     0.3832)
 E1.g :1...3         ( 4.00    -1.4252)  ( 4.00    -0.2100)  ( 0.00     0.4404)
 A1.u :1...1         ( 0.00     1.8425)
 A2.u :1...2         ( 2.00    -0.4526)  ( 0.00     0.0597)
 B1.u :1...2         ( 2.00    -0.1263)  ( 0.00     0.6452)
 B2.u :1...1         ( 0.00     0.8468)
 E1.u :1...4         ( 4.00    -0.8974)  ( 4.00    -0.2620)  ( 4.00    -0.1182)  ( 0.00     0.0828)

 CYCLE   97
  SDIIS (wt  0.198):  0.4109 -0.3439 -0.9083  1.8412
 A-DIIS (wt  0.802):  0.4041  0.0000  0.0000  0.5959
  DIIS coefficients:  0.4054 -0.0682 -0.1803  0.8431
 SCF Error: norm([F,P])=      0.392949207986, max([F,P])=      0.081683875083
 orbitals (Q,E):
 ---------------
 A1.g :1...4         ( 2.00    -1.5099)  ( 2.00    -1.0512)  ( 2.00    -0.3248)  ( 0.00     0.0937)
 A2.g :1...2         ( 2.00     0.0590)  ( 0.00     0.8782)
 B1.g :1...3         ( 2.00    -1.4617)  ( 2.00    -0.3401)  ( 0.00     0.3292)
 B2.g :1...4         ( 2.00    -1.6058)  ( 2.00    -0.5204)  ( 2.00     0.0456)  ( 0.00     0.3832)
 E1.g :1...3         ( 4.00    -1.4252)  ( 4.00    -0.2100)  ( 0.00     0.4404)
 A1.u :1...1         ( 0.00     1.8425)
 A2.u :1...2         ( 2.00    -0.4526)  ( 0.00     0.0597)
 B1.u :1...2         ( 2.00    -0.1263)  ( 0.00     0.6452)
 B2.u :1...1         ( 0.00     0.8468)
 E1.u :1...4         ( 4.00    -0.8974)  ( 4.00    -0.2620)  ( 4.00    -0.1182)  ( 0.00     0.0828)

 CYCLE   98
  SDIIS (wt  0.198):  0.4108 -0.3475 -0.9158  1.8525
 A-DIIS (wt  0.802):  0.4041  0.0000  0.0000  0.5959
  DIIS coefficients:  0.4054 -0.0690 -0.1818  0.8453
 SCF Error: norm([F,P])=      0.392956859661, max([F,P])=      0.081684878198
 orbitals (Q,E):
 ---------------
 A1.g :1...4         ( 2.00    -1.5099)  ( 2.00    -1.0512)  ( 2.00    -0.3248)  ( 0.00     0.0937)
 A2.g :1...2         ( 2.00     0.0590)  ( 0.00     0.8782)
 B1.g :1...3         ( 2.00    -1.4617)  ( 2.00    -0.3401)  ( 0.00     0.3292)
 B2.g :1...4         ( 2.00    -1.6058)  ( 2.00    -0.5204)  ( 2.00     0.0456)  ( 0.00     0.3832)
 E1.g :1...3         ( 4.00    -1.4252)  ( 4.00    -0.2100)  ( 0.00     0.4404)
 A1.u :1...1         ( 0.00     1.8425)
 A2.u :1...2         ( 2.00    -0.4526)  ( 0.00     0.0597)
 B1.u :1...2         ( 2.00    -0.1263)  ( 0.00     0.6452)
 B2.u :1...1         ( 0.00     0.8468)
 E1.u :1...4         ( 4.00    -0.8974)  ( 4.00    -0.2620)  ( 4.00    -0.1182)  ( 0.00     0.0828)

 CYCLE   99
  SDIIS (wt  0.198): -2.0000  3.0000
 A-DIIS (wt  0.802):  0.0000  1.0000
  DIIS coefficients: -0.3969  1.3969
 SCF Error: norm([F,P])=      0.392952699554, max([F,P])=      0.081684323094
 orbitals (Q,E):
 ---------------
 A1.g :1...4         ( 2.00    -1.3692)  ( 2.00    -0.9137)  ( 2.00    -0.2126)  ( 0.00     0.1440)
 A2.g :1...1         ( 0.00     0.2085)
 B1.g :1...3         ( 2.00    -1.3194)  ( 2.00    -0.2016)  ( 0.00     0.3708)
 B2.g :1...3         ( 2.00    -1.4590)  ( 2.00    -0.3888)  ( 0.00     0.1615)
 E1.g :1...3         ( 4.00    -1.2912)  ( 4.00    -0.0919)  ( 0.00     0.4965)
 A1.u :1...1         ( 0.00     1.9495)
 A2.u :1...3         ( 2.00    -0.3402)  ( 2.00     0.0823)  ( 0.00     0.3688)
 B1.u :1...2         ( 2.00     0.0020)  ( 0.00     0.7039)
 B2.u :1...1         ( 0.00     0.9436)
 E1.u :1...5         ( 4.00    -0.7480)  ( 4.00    -0.1427)  ( 4.00     0.0069)  ( 2.00     0.1162)
                     ( 0.00     0.5685)

 CYCLE  100
  SDIIS (wt  0.000):  0.8875  0.1125
 A-DIIS (wt  1.000):  0.8986  0.1014
  DIIS coefficients:  0.8986  0.1014
 SCF Error: norm([F,P])=      2.675048433789, max([F,P])=      0.532186780465
 orbitals (Q,E):
 ---------------
 A1.g :1...4         ( 2.00    -1.5016)  ( 2.00    -1.0211)  ( 2.00    -0.2862)  ( 0.00     0.1119)
 A2.g :1...1         ( 0.00     0.1133)
 B1.g :1...3         ( 2.00    -1.4595)  ( 2.00    -0.2949)  ( 0.00     0.3415)
 B2.g :1...4         ( 2.00    -1.5996)  ( 2.00    -0.4781)  ( 2.00     0.0748)  ( 0.00     0.4014)
 E1.g :1...3         ( 4.00    -1.4254)  ( 4.00    -0.1736)  ( 0.00     0.4586)
 A1.u :1...1         ( 0.00     1.8811)
 A2.u :1...3         ( 2.00    -0.4200)  ( 2.00     0.0730)  ( 0.00     0.3153)
 B1.u :1...2         ( 2.00    -0.0840)  ( 0.00     0.6643)
 B2.u :1...1         ( 0.00     0.8809)
 E1.u :1...4         ( 4.00    -0.8543)  ( 4.00    -0.2203)  ( 4.00    -0.0725)  ( 0.00     0.0914)

 CYCLE  101
  SDIIS (wt  0.000):  0.7416  0.0158  0.2426
 A-DIIS (wt  1.000):  0.7057  0.0000  0.2943
  DIIS coefficients:  0.7057  0.0000  0.2943
 SCF Error: norm([F,P])=      1.025967053796, max([F,P])=      0.217321454903
 orbitals (Q,E):
 ---------------
 A1.g :1...4         ( 2.00    -1.4950)  ( 2.00    -1.0402)  ( 2.00    -0.3179)  ( 0.00     0.0994)
 A2.g :1...1         ( 0.00     0.0688)
 B1.g :1...3         ( 2.00    -1.4461)  ( 2.00    -0.3292)  ( 0.00     0.3310)
 B2.g :1...4         ( 2.00    -1.5917)  ( 2.00    -0.5118)  ( 2.00     0.0535)  ( 0.00     0.3852)
 E1.g :1...3         ( 4.00    -1.4094)  ( 4.00    -0.2023)  ( 0.00     0.4435)
 A1.u :1...1         ( 0.00     1.8507)
 A2.u :1...3         ( 2.00    -0.4447)  ( 2.00     0.0637)  ( 0.00     0.2988)
 B1.u :1...2         ( 2.00    -0.1191)  ( 0.00     0.6482)
 B2.u :1...1         ( 0.00     0.8549)
 E1.u :1...4         ( 4.00    -0.8876)  ( 4.00    -0.2548)  ( 4.00    -0.1094)  ( 0.00     0.0836)

 CYCLE  102
  SDIIS (wt  0.000):  0.5973 -0.0161 -0.0022  0.4210
 A-DIIS (wt  1.000):  0.6238  0.0000  0.0000  0.3762
  DIIS coefficients:  0.6238  0.0000  0.0000  0.3762
 SCF Error: norm([F,P])=      0.645157611593, max([F,P])=      0.138545275047
 orbitals (Q,E):
 ---------------
 A1.g :1...4         ( 2.00    -1.5137)  ( 2.00    -1.0520)  ( 2.00    -0.3238)  ( 0.00     0.0944)
 A2.g :1...1         ( 0.00     0.0608)
 B1.g :1...3         ( 2.00    -1.4663)  ( 2.00    -0.3391)  ( 0.00     0.3291)
 B2.g :1...4         ( 2.00    -1.6099)  ( 2.00    -0.5195)  ( 2.00     0.0451)  ( 0.00     0.3832)
 E1.g :1...3         ( 4.00    -1.4300)  ( 4.00    -0.2094)  ( 0.00     0.4407)
 A1.u :1...1         ( 0.00     1.8440)
 A2.u :1...3         ( 2.00    -0.4521)  ( 2.00     0.0606)  ( 0.00     0.2930)
 B1.u :1...2         ( 2.00    -0.1253)  ( 0.00     0.6455)
 B2.u :1...1         ( 0.00     0.8480)
 E1.u :1...4         ( 4.00    -0.8969)  ( 4.00    -0.2608)  ( 4.00    -0.1169)  ( 0.00     0.0827)

 CYCLE  103
  SDIIS (wt  0.000):  0.2823 -0.0087 -0.6360 -0.6337  1.9961
 A-DIIS (wt  1.000):  0.6087  0.0000  0.0000  0.0000  0.3913
  DIIS coefficients:  0.6087  0.0000  0.0000  0.0000  0.3913
 SCF Error: norm([F,P])=      0.592521278369, max([F,P])=      0.126848225819
 orbitals (Q,E):
 ---------------
 A1.g :1...4         ( 2.00    -1.5067)  ( 2.00    -1.0493)  ( 2.00    -0.3240)  ( 0.00     0.0945)
 A2.g :1...1         ( 0.00     0.0602)
 B1.g :1...3         ( 2.00    -1.4583)  ( 2.00    -0.3386)  ( 0.00     0.3294)
 B2.g :1...4         ( 2.00    -1.6027)  ( 2.00    -0.5192)  ( 2.00     0.0469)  ( 0.00     0.3834)
 E1.g :1...3         ( 4.00    -1.4216)  ( 4.00    -0.2090)  ( 0.00     0.4407)
 A1.u :1...1         ( 0.00     1.8436)
 A2.u :1...3         ( 2.00    -0.4514)  ( 2.00     0.0602)  ( 0.00     0.2935)
 B1.u :1...2         ( 2.00    -0.1254)  ( 0.00     0.6455)
 B2.u :1...1         ( 0.00     0.8479)
 E1.u :1...4         ( 4.00    -0.8960)  ( 4.00    -0.2612)  ( 4.00    -0.1171)  ( 0.00     0.0828)

 CYCLE  104
  SDIIS (wt  0.000):  0.2819 -0.0085 -0.6435 -0.5825  2.0765 -0.1238
 A-DIIS (wt  1.000):  0.6090  0.0000  0.0000  0.0000  0.0000  0.3910
  DIIS coefficients:  0.6090  0.0000  0.0000  0.0000  0.0000  0.3910
 SCF Error: norm([F,P])=      0.593067936212, max([F,P])=      0.126594559563
 orbitals (Q,E):
 ---------------
 A1.g :1...4         ( 2.00    -1.5104)  ( 2.00    -1.0509)  ( 2.00    -0.3241)  ( 0.00     0.0942)
 A2.g :1...1         ( 0.00     0.0601)
 B1.g :1...3         ( 2.00    -1.4625)  ( 2.00    -0.3392)  ( 0.00     0.3293)
 B2.g :1...4         ( 2.00    -1.6065)  ( 2.00    -0.5196)  ( 2.00     0.0458)  ( 0.00     0.3833)
 E1.g :1...3         ( 4.00    -1.4260)  ( 4.00    -0.2094)  ( 0.00     0.4406)
 A1.u :1...1         ( 0.00     1.8435)
 A2.u :1...3         ( 2.00    -0.4520)  ( 2.00     0.0601)  ( 0.00     0.2931)
 B1.u :1...2         ( 2.00    -0.1255)  ( 0.00     0.6454)
 B2.u :1...1         ( 0.00     0.8477)
 E1.u :1...4         ( 4.00    -0.8967)  ( 4.00    -0.2612)  ( 4.00    -0.1173)  ( 0.00     0.0828)

 CYCLE  105
  SDIIS (wt  0.000):  0.2817 -0.0084 -0.6467 -0.5750  2.2587 -0.3102
 A-DIIS (wt  1.000):  0.6082  0.0000  0.0000  0.0000  0.0000  0.3918
  DIIS coefficients:  0.6082  0.0000  0.0000  0.0000  0.0000  0.3918
 SCF Error: norm([F,P])=      0.590398119680, max([F,P])=      0.126209816794
 orbitals (Q,E):
 ---------------
 A1.g :1...4         ( 2.00    -1.5085)  ( 2.00    -1.0501)  ( 2.00    -0.3241)  ( 0.00     0.0943)
 A2.g :1...2         ( 1.00     0.0601)  ( 0.00     0.8785)
 B1.g :1...3         ( 2.00    -1.4603)  ( 2.00    -0.3389)  ( 0.00     0.3293)
 B2.g :1...4         ( 2.00    -1.6046)  ( 2.00    -0.5194)  ( 2.00     0.0464)  ( 0.00     0.3834)
 E1.g :1...3         ( 4.00    -1.4238)  ( 4.00    -0.2092)  ( 0.00     0.4407)
 A1.u :1...1         ( 0.00     1.8435)
 A2.u :1...3         ( 2.00    -0.4517)  ( 1.00     0.0601)  ( 0.00     0.2933)
 B1.u :1...2         ( 2.00    -0.1255)  ( 0.00     0.6454)
 B2.u :1...1         ( 0.00     0.8477)
 E1.u :1...4         ( 4.00    -0.8964)  ( 4.00    -0.2612)  ( 4.00    -0.1172)  ( 0.00     0.0828)

 CYCLE  106
  SDIIS (wt  0.779):  0.1480 -0.0000 -0.0010  0.1483 -1.3570 -1.8637  3.0000  0.9255
 A-DIIS (wt  0.221):  0.5626  0.0000  0.0000  0.0000  0.0000  0.0000  0.3527  0.0848
  DIIS coefficients:  0.2396 -0.0000 -0.0008  0.1155 -1.0569 -1.4516  2.4147  0.7396
 SCF Error: norm([F,P])=      0.108042024832, max([F,P])=      0.022887877920
 orbitals (Q,E):
 ---------------
 A1.g :1...4         ( 2.00    -1.5097)  ( 2.00    -1.0508)  ( 2.00    -0.3245)  ( 0.00     0.0910)
 A2.g :1...1         ( 0.00     0.0593)
 B1.g :1...3         ( 2.00    -1.4616)  ( 2.00    -0.3396)  ( 0.00     0.3291)
 B2.g :1...4         ( 2.00    -1.6057)  ( 2.00    -0.5200)  ( 2.00     0.0458)  ( 0.00     0.3830)
 E1.g :1...3         ( 4.00    -1.4250)  ( 4.00    -0.2097)  ( 0.00     0.4396)
 A1.u :1...1         ( 0.00     1.8431)
 A2.u :1...3         ( 2.00    -0.4523)  ( 2.00     0.0497)  ( 0.00     0.2925)
 B1.u :1...2         ( 2.00    -0.1259)  ( 0.00     0.6447)
 B2.u :1...1         ( 0.00     0.8473)
 E1.u :1...4         ( 4.00    -0.8970)  ( 4.00    -0.2617)  ( 4.00    -0.1179)  ( 0.00     0.0805)

 CYCLE  107
  SDIIS (wt  0.000):  0.1356 -0.0000  0.0003  0.0165 -0.1555 -0.6302  0.9501  0.6831
 A-DIIS (wt  1.000):  0.5617  0.0000  0.0000  0.0000  0.0000  0.0000  0.0311  0.4072
  DIIS coefficients:  0.5617  0.0000  0.0000  0.0000  0.0000  0.0000  0.0311  0.4072
 SCF Error: norm([F,P])=      0.592639227974, max([F,P])=      0.126575619451
 orbitals (Q,E):
 ---------------
 A1.g :1...4         ( 2.00    -1.5208)  ( 2.00    -1.0616)  ( 2.00    -0.3336)  ( 0.00     0.0901)
 A2.g :1...2         ( 2.00     0.0477)  ( 0.00     0.8738)
 B1.g :1...3         ( 2.00    -1.4728)  ( 2.00    -0.3505)  ( 0.00     0.3261)
 B2.g :1...4         ( 2.00    -1.6173)  ( 2.00    -0.5304)  ( 2.00     0.0359)  ( 0.00     0.3789)
 E1.g :1...3         ( 4.00    -1.4356)  ( 4.00    -0.2193)  ( 0.00     0.4363)
 A1.u :1...1         ( 0.00     1.8348)
 A2.u :1...2         ( 2.00    -0.4612)  ( 0.00     0.0580)
 B1.u :1...2         ( 2.00    -0.1363)  ( 0.00     0.6409)
 B2.u :1...1         ( 0.00     0.8398)
 E1.u :1...4         ( 4.00    -0.9088)  ( 4.00    -0.2714)  ( 4.00    -0.1285)  ( 0.00     0.0810)

 CYCLE  108
  SDIIS (wt  0.000):  0.1183 -0.0000  0.0008 -0.0009 -0.1764 -0.5918  0.9526  0.6834  0.0140
 A-DIIS (wt  1.000):  0.0000  0.0000  0.0000  0.0000  0.0000  0.0000  0.4386  0.2110  0.3504
  DIIS coefficients:  0.0000  0.0000  0.0000  0.0000  0.0000  0.0000  0.4386  0.2110  0.3504
 SCF Error: norm([F,P])=      0.495143773874, max([F,P])=      0.100021416335
 orbitals (Q,E):
 ---------------
 A1.g :1...4         ( 2.00    -1.5141)  ( 2.00    -1.0561)  ( 2.00    -0.3296)  ( 0.00     0.0898)
 A2.g :1...1         ( 0.00     0.0526)
 B1.g :1...3         ( 2.00    -1.4658)  ( 2.00    -0.3459)  ( 0.00     0.3275)
 B2.g :1...4         ( 2.00    -1.6101)  ( 2.00    -0.5257)  ( 2.00     0.0411)  ( 0.00     0.3810)
 E1.g :1...3         ( 4.00    -1.4289)  ( 4.00    -0.2148)  ( 0.00     0.4377)
 A1.u :1...1         ( 0.00     1.8379)
 A2.u :1...3         ( 2.00    -0.4571)  ( 2.00     0.0526)  ( 0.00     0.2893)
 B1.u :1...2         ( 2.00    -0.1315)  ( 0.00     0.6426)
 B2.u :1...1         ( 0.00     0.8426)
 E1.u :1...4         ( 4.00    -0.9032)  ( 4.00    -0.2671)  ( 4.00    -0.1239)  ( 0.00     0.0807)

 CYCLE  109
  SDIIS (wt  0.000):  0.0000  0.0021 -0.1241 -0.3127 -0.3185  0.9707  0.7036  0.1097 -0.0308
 A-DIIS (wt  1.000):  0.0000  0.0000  0.0000  0.0000  0.0000  0.8160  0.0000  0.1732  0.0107
  DIIS coefficients:  0.0000  0.0000  0.0000  0.0000  0.0000  0.8160  0.0000  0.1732  0.0107
 SCF Error: norm([F,P])=      0.542284963073, max([F,P])=      0.115461800274
 orbitals (Q,E):
 ---------------
 A1.g :1...4         ( 2.00    -1.5154)  ( 2.00    -1.0566)  ( 2.00    -0.3295)  ( 0.00     0.0884)
 A2.g :1...1         ( 0.00     0.0527)
 B1.g :1...3         ( 2.00    -1.4672)  ( 2.00    -0.3459)  ( 0.00     0.3273)
 B2.g :1...4         ( 2.00    -1.6115)  ( 2.00    -0.5258)  ( 2.00     0.0406)  ( 0.00     0.3807)
 E1.g :1...3         ( 4.00    -1.4304)  ( 4.00    -0.2149)  ( 0.00     0.4372)
 A1.u :1...1         ( 0.00     1.8382)
 A2.u :1...3         ( 2.00    -0.4572)  ( 2.00     0.0475)  ( 0.00     0.2891)
 B1.u :1...2         ( 2.00    -0.1315)  ( 0.00     0.6423)
 B2.u :1...1         ( 0.00     0.8429)
 E1.u :1...4         ( 4.00    -0.9034)  ( 4.00    -0.2670)  ( 4.00    -0.1239)  ( 0.00     0.0795)

 CYCLE  110
  SDIIS (wt  0.000):  0.0021 -0.1187 -0.3089 -0.3436  0.9706  0.7133  0.1097 -0.0247
 A-DIIS (wt  1.000):  0.0000  0.0000  0.0000  0.0000  0.8161  0.0000  0.1734  0.0105
  DIIS coefficients:  0.0000  0.0000  0.0000  0.0000  0.8161  0.0000  0.1734  0.0105
 SCF Error: norm([F,P])=      0.541536041913, max([F,P])=      0.115654175133
 orbitals (Q,E):
 ---------------
 A1.g :1...4         ( 2.00    -1.5153)  ( 2.00    -1.0565)  ( 2.00    -0.3295)  ( 0.00     0.0884)
 A2.g :1...1         ( 0.00     0.0527)
 B1.g :1...3         ( 2.00    -1.4672)  ( 2.00    -0.3458)  ( 0.00     0.3274)
 B2.g :1...4         ( 2.00    -1.6114)  ( 2.00    -0.5257)  ( 2.00     0.0407)  ( 0.00     0.3808)
 E1.g :1...3         ( 4.00    -1.4303)  ( 4.00    -0.2149)  ( 0.00     0.4372)
 A1.u :1...1         ( 0.00     1.8382)
 A2.u :1...3         ( 2.00    -0.4571)  ( 2.00     0.0475)  ( 0.00     0.2892)
 B1.u :1...2         ( 2.00    -0.1314)  ( 0.00     0.6423)
 B2.u :1...1         ( 0.00     0.8429)
 E1.u :1...4         ( 4.00    -0.9033)  ( 4.00    -0.2670)  ( 4.00    -0.1238)  ( 0.00     0.0795)

 CYCLE  111
  SDIIS (wt  0.000): -0.1955 -0.3504  0.9718  0.5949  0.1098 -0.4384  0.3078
 A-DIIS (wt  1.000):  0.0000  0.0000  0.8158  0.0000  0.1791  0.0000  0.0051
  DIIS coefficients:  0.0000  0.0000  0.8158  0.0000  0.1791  0.0000  0.0051
 SCF Error: norm([F,P])=      0.542138285368, max([F,P])=      0.115776581485
 orbitals (Q,E):
 ---------------
 A1.g :1...4         ( 2.00    -1.5132)  ( 2.00    -1.0545)  ( 2.00    -0.3278)  ( 0.00     0.0891)
 A2.g :1...1         ( 0.00     0.0549)
 B1.g :1...3         ( 2.00    -1.4651)  ( 2.00    -0.3438)  ( 0.00     0.3280)
 B2.g :1...4         ( 2.00    -1.6093)  ( 2.00    -0.5238)  ( 2.00     0.0425)  ( 0.00     0.3816)
 E1.g :1...3         ( 4.00    -1.4283)  ( 4.00    -0.2131)  ( 0.00     0.4380)
 A1.u :1...1         ( 0.00     1.8398)
 A2.u :1...3         ( 2.00    -0.4555)  ( 2.00     0.0478)  ( 0.00     0.2903)
 B1.u :1...2         ( 2.00    -0.1295)  ( 0.00     0.6431)
 B2.u :1...1         ( 0.00     0.8443)
 E1.u :1...4         ( 4.00    -0.9011)  ( 4.00    -0.2652)  ( 4.00    -0.1218)  ( 0.00     0.0798)

 CYCLE  112
  SDIIS (wt  0.000): -0.1743 -0.5547  0.9721  0.1098  0.0223 -0.9252  1.5499
 A-DIIS (wt  1.000):  0.0000  0.0000  0.8160  0.1802  0.0000  0.0000  0.0038
  DIIS coefficients:  0.0000  0.0000  0.8160  0.1802  0.0000  0.0000  0.0038
 SCF Error: norm([F,P])=      0.561039989263, max([F,P])=      0.119674232341
 orbitals (Q,E):
 ---------------
 A1.g :1...4         ( 2.00    -1.5127)  ( 2.00    -1.0541)  ( 2.00    -0.3274)  ( 0.00     0.0893)
 A2.g :1...1         ( 0.00     0.0554)
 B1.g :1...3         ( 2.00    -1.4646)  ( 2.00    -0.3433)  ( 0.00     0.3281)
 B2.g :1...4         ( 2.00    -1.6088)  ( 2.00    -0.5233)  ( 2.00     0.0429)  ( 0.00     0.3817)
 E1.g :1...3         ( 4.00    -1.4279)  ( 4.00    -0.2127)  ( 0.00     0.4382)
 A1.u :1...1         ( 0.00     1.8401)
 A2.u :1...3         ( 2.00    -0.4551)  ( 2.00     0.0479)  ( 0.00     0.2905)
 B1.u :1...2         ( 2.00    -0.1291)  ( 0.00     0.6433)
 B2.u :1...1         ( 0.00     0.8446)
 E1.u :1...4         ( 4.00    -0.9006)  ( 4.00    -0.2648)  ( 4.00    -0.1214)  ( 0.00     0.0799)

 CYCLE  113
  SDIIS (wt  0.000): -0.4268 -0.3430  0.9727  0.1099  0.0967 -0.7619  1.3523
 A-DIIS (wt  1.000):  0.0000  0.0000  0.8160  0.1803  0.0000  0.0000  0.0037
  DIIS coefficients:  0.0000  0.0000  0.8160  0.1803  0.0000  0.0000  0.0037
 SCF Error: norm([F,P])=      0.565130482589, max([F,P])=      0.120519634265
 orbitals (Q,E):
 ---------------
 A1.g :1...4         ( 2.00    -1.5127)  ( 2.00    -1.0541)  ( 2.00    -0.3274)  ( 0.00     0.0893)
 A2.g :1...1         ( 0.00     0.0554)
 B1.g :1...3         ( 2.00    -1.4646)  ( 2.00    -0.3433)  ( 0.00     0.3281)
 B2.g :1...4         ( 2.00    -1.6088)  ( 2.00    -0.5233)  ( 2.00     0.0430)  ( 0.00     0.3817)
 E1.g :1...3         ( 4.00    -1.4279)  ( 4.00    -0.2127)  ( 0.00     0.4382)
 A1.u :1...1         ( 0.00     1.8401)
 A2.u :1...3         ( 2.00    -0.4551)  ( 2.00     0.0479)  ( 0.00     0.2905)
 B1.u :1...2         ( 2.00    -0.1291)  ( 0.00     0.6433)
 B2.u :1...1         ( 0.00     0.8446)
 E1.u :1...4         ( 4.00    -0.9006)  ( 4.00    -0.2648)  ( 4.00    -0.1214)  ( 0.00     0.0799)

 CYCLE  114
  SDIIS (wt  0.000): -0.3396  0.9912  0.1119 -0.8113  0.1781  0.8698
 A-DIIS (wt  1.000):  0.0000  0.8159  0.1833  0.0000  0.0000  0.0008
  DIIS coefficients:  0.0000  0.8159  0.1833  0.0000  0.0000  0.0008
 SCF Error: norm([F,P])=      0.565278605689, max([F,P])=      0.120550485189
 orbitals (Q,E):
 ---------------
 A1.g :1...4         ( 2.00    -1.5116)  ( 2.00    -1.0530)  ( 2.00    -0.3265)  ( 0.00     0.0897)
 A2.g :1...1         ( 0.00     0.0566)
 B1.g :1...3         ( 2.00    -1.4635)  ( 2.00    -0.3422)  ( 0.00     0.3284)
 B2.g :1...4         ( 2.00    -1.6076)  ( 2.00    -0.5223)  ( 2.00     0.0439)  ( 0.00     0.3822)
 E1.g :1...3         ( 4.00    -1.4268)  ( 4.00    -0.2117)  ( 0.00     0.4386)
 A1.u :1...1         ( 0.00     1.8410)
 A2.u :1...3         ( 2.00    -0.4542)  ( 2.00     0.0481)  ( 0.00     0.2912)
 B1.u :1...2         ( 2.00    -0.1280)  ( 0.00     0.6437)
 B2.u :1...1         ( 0.00     0.8454)
 E1.u :1...4         ( 4.00    -0.8994)  ( 4.00    -0.2638)  ( 4.00    -0.1203)  ( 0.00     0.0801)

 CYCLE  115
   MIX coefficients:  0.8000  0.2000
 SCF Error: norm([F,P])=      0.575523772883, max([F,P])=      0.122663745642
 orbitals (Q,E):
 ---------------
 A1.g :1...4         ( 2.00    -1.7169)  ( 2.00    -1.2545)  ( 2.00    -0.5024)  ( 0.00     0.0187)
 A2.g :1...2         ( 2.00    -0.1701)  ( 0.00     0.7954)
 B1.g :1...3         ( 2.00    -1.6696)  ( 2.00    -0.5523)  ( 0.00     0.2711)
 B2.g :1...4         ( 2.00    -1.8208)  ( 2.00    -0.7206)  ( 2.00    -0.1515)  ( 0.00     0.3150)
 E1.g :1...3         ( 4.00    -1.6208)  ( 4.00    -0.3958)  ( 0.00     0.3625)
 A1.u :1...1         ( 0.00     1.6851)
 A2.u :1...2         ( 2.00    -0.6268)  ( 0.00     0.0237)
 B1.u :1...2         ( 2.00    -0.3249)  ( 0.00     0.5667)
 B2.u :1...1         ( 0.00     0.7042)
 E1.u :1...4         ( 4.00    -1.1207)  ( 4.00    -0.4526)  ( 4.00    -0.3301)  ( 0.00     0.0574)

 CYCLE  116
  SDIIS (wt  0.000):  2.8157 -2.0000  0.1843
 A-DIIS (wt  1.000):  0.7674  0.0000  0.2326
  DIIS coefficients:  0.7674  0.0000  0.2326
 SCF Error: norm([F,P])=      1.925803573363, max([F,P])=      0.360266059218
 orbitals (Q,E):
 ---------------
 A1.g :1...4         ( 2.00    -1.5451)  ( 2.00    -1.0953)  ( 2.00    -0.3681)  ( 0.00     0.0712)
 A2.g :1...2         ( 2.00     0.0016)  ( 0.00     0.8566)
 B1.g :1...3         ( 2.00    -1.4948)  ( 2.00    -0.3939)  ( 0.00     0.3152)
 B2.g :1...4         ( 2.00    -1.6399)  ( 2.00    -0.5684)  ( 2.00     0.0073)  ( 0.00     0.3675)
 E1.g :1...3         ( 4.00    -1.4557)  ( 4.00    -0.2528)  ( 0.00     0.4213)
 A1.u :1...1         ( 0.00     1.7975)
 A2.u :1...2         ( 2.00    -0.4937)  ( 0.00     0.0475)
 B1.u :1...2         ( 2.00    -0.1722)  ( 0.00     0.6256)
 B2.u :1...1         ( 0.00     0.8049)
 E1.u :1...4         ( 4.00    -0.9491)  ( 4.00    -0.3081)  ( 4.00    -0.1694)  ( 0.00     0.0776)

 CYCLE  117
  SDIIS (wt  0.000):  2.5731 -2.0000 -0.0639  0.4907
 A-DIIS (wt  1.000):  0.5302  0.0000  0.0000  0.4698
  DIIS coefficients:  0.5302  0.0000  0.0000  0.4698
 SCF Error: norm([F,P])=      0.732867550300, max([F,P])=      0.149430842835
 orbitals (Q,E):
 ---------------
 A1.g :1...4         ( 2.00    -1.5117)  ( 2.00    -1.0546)  ( 2.00    -0.3288)  ( 0.00     0.0900)
 A2.g :1...2         ( 2.00     0.0530)  ( 0.00     0.8766)
 B1.g :1...3         ( 2.00    -1.4629)  ( 2.00    -0.3464)  ( 0.00     0.3288)
 B2.g :1...4         ( 2.00    -1.6064)  ( 2.00    -0.5249)  ( 2.00     0.0437)  ( 0.00     0.3835)
 E1.g :1...3         ( 4.00    -1.4266)  ( 4.00    -0.2136)  ( 0.00     0.4391)
 A1.u :1...1         ( 0.00     1.8367)
 A2.u :1...2         ( 2.00    -0.4561)  ( 0.00     0.0571)
 B1.u :1...2         ( 2.00    -0.1298)  ( 0.00     0.6439)
 B2.u :1...1         ( 0.00     0.8411)
 E1.u :1...4         ( 4.00    -0.9016)  ( 4.00    -0.2661)  ( 4.00    -0.1233)  ( 0.00     0.0833)

 CYCLE  118
  SDIIS (wt  0.136):  2.3440 -2.0000 -0.0022 -0.4412  1.0994
 A-DIIS (wt  0.864):  0.0000  0.4045  0.0000  0.0000  0.5955
  DIIS coefficients:  0.3183  0.0779 -0.0003 -0.0599  0.6640
 SCF Error: norm([F,P])=      0.405573059957, max([F,P])=      0.086554458259
 orbitals (Q,E):
 ---------------
 A1.g :1...4         ( 2.00    -1.5083)  ( 2.00    -1.0497)  ( 2.00    -0.3235)  ( 0.00     0.0944)
 A2.g :1...1         ( 0.00     0.0607)
 B1.g :1...3         ( 2.00    -1.4601)  ( 2.00    -0.3384)  ( 0.00     0.3298)
 B2.g :1...4         ( 2.00    -1.6043)  ( 2.00    -0.5189)  ( 2.00     0.0468)  ( 0.00     0.3839)
 E1.g :1...3         ( 4.00    -1.4236)  ( 4.00    -0.2088)  ( 0.00     0.4410)
 A1.u :1...1         ( 0.00     1.8440)
 A2.u :1...3         ( 2.00    -0.4513)  ( 2.00     0.0601)  ( 0.00     0.2936)
 B1.u :1...2         ( 2.00    -0.1250)  ( 0.00     0.6458)
 B2.u :1...1         ( 0.00     0.8482)
 E1.u :1...4         ( 4.00    -0.8959)  ( 4.00    -0.2606)  ( 4.00    -0.1167)  ( 0.00     0.0830)

 CYCLE  119
  SDIIS (wt  0.000):  1.3603 -2.0000  0.0216 -0.6570  1.4048  0.8703
 A-DIIS (wt  1.000):  0.0000  0.0000  0.0000  0.0000  0.5994  0.4006
  DIIS coefficients:  0.0000  0.0000  0.0000  0.0000  0.5994  0.4006
 SCF Error: norm([F,P])=      0.592865342311, max([F,P])=      0.126755345049
 orbitals (Q,E):
 ---------------
 A1.g :1...4         ( 2.00    -1.5098)  ( 2.00    -1.0507)  ( 2.00    -0.3241)  ( 0.00     0.0941)
 A2.g :1...2         ( 2.00     0.0599)  ( 0.00     0.8787)
 B1.g :1...3         ( 2.00    -1.4617)  ( 2.00    -0.3393)  ( 0.00     0.3296)
 B2.g :1...4         ( 2.00    -1.6059)  ( 2.00    -0.5197)  ( 2.00     0.0459)  ( 0.00     0.3835)
 E1.g :1...3         ( 4.00    -1.4253)  ( 4.00    -0.2095)  ( 0.00     0.4407)
 A1.u :1...1         ( 0.00     1.8434)
 A2.u :1...2         ( 2.00    -0.4520)  ( 0.00     0.0600)
 B1.u :1...2         ( 2.00    -0.1257)  ( 0.00     0.6455)
 B2.u :1...1         ( 0.00     0.8476)
 E1.u :1...4         ( 4.00    -0.8968)  ( 4.00    -0.2613)  ( 4.00    -0.1175)  ( 0.00     0.0829)

 CYCLE  120
  SDIIS (wt  0.188): -2.0000  1.4900 -0.0501 -0.5235 -0.7605  0.6067  2.2374
 A-DIIS (wt  0.812):  0.0000  0.0000  0.0000  0.0000  0.0000  0.3906  0.6094
  DIIS coefficients: -0.3769  0.2808 -0.0094 -0.0987 -0.1433  0.4313  0.9162
 SCF Error: norm([F,P])=      0.393524668420, max([F,P])=      0.081342959703
 orbitals (Q,E):
 ---------------
 A1.g :1...4         ( 2.00    -1.5038)  ( 2.00    -1.0444)  ( 2.00    -0.3189)  ( 0.00     0.0972)
 A2.g :1...1         ( 0.00     0.0673)
 B1.g :1...3         ( 2.00    -1.4558)  ( 2.00    -0.3321)  ( 0.00     0.3308)
 B2.g :1...4         ( 2.00    -1.6000)  ( 2.00    -0.5135)  ( 2.00     0.0511)  ( 0.00     0.3851)
 E1.g :1...3         ( 4.00    -1.4196)  ( 4.00    -0.2039)  ( 0.00     0.4429)
 A1.u :1...1         ( 0.00     1.8490)
 A2.u :1...3         ( 2.00    -0.4466)  ( 2.00     0.0618)  ( 0.00     0.2969)
 B1.u :1...2         ( 2.00    -0.1198)  ( 0.00     0.6477)
 B2.u :1...1         ( 0.00     0.8529)
 E1.u :1...4         ( 4.00    -0.8899)  ( 4.00    -0.2557)  ( 4.00    -0.1109)  ( 0.00     0.0833)

 CYCLE  121
  SDIIS (wt  0.000):  0.6228  0.3772
 A-DIIS (wt  1.000):  0.6226  0.3774
  DIIS coefficients:  0.6226  0.3774
 SCF Error: norm([F,P])=      0.642056836065, max([F,P])=      0.137789567351
 orbitals (Q,E):
 ---------------
 A1.g :1...4         ( 2.00    -1.5094)  ( 2.00    -1.0502)  ( 2.00    -0.3238)  ( 0.00     0.0947)
 A2.g :1...1         ( 0.00     0.0607)
 B1.g :1...3         ( 2.00    -1.4614)  ( 2.00    -0.3385)  ( 0.00     0.3292)
 B2.g :1...4         ( 2.00    -1.6056)  ( 2.00    -0.5192)  ( 2.00     0.0462)  ( 0.00     0.3832)
 E1.g :1...3         ( 4.00    -1.4249)  ( 4.00    -0.2090)  ( 0.00     0.4407)
 A1.u :1...1         ( 0.00     1.8440)
 A2.u :1...3         ( 2.00    -0.4516)  ( 2.00     0.0606)  ( 0.00     0.2934)
 B1.u :1...2         ( 2.00    -0.1253)  ( 0.00     0.6455)
 B2.u :1...1         ( 0.00     0.8482)
 E1.u :1...4         ( 4.00    -0.8962)  ( 4.00    -0.2609)  ( 4.00    -0.1169)  ( 0.00     0.0827)

 CYCLE  122
  SDIIS (wt  0.000):  0.5020 -2.0000  2.4980
 A-DIIS (wt  1.000):  0.6095  0.0000  0.3905
  DIIS coefficients:  0.6095  0.0000  0.3905
 SCF Error: norm([F,P])=      0.592342997551, max([F,P])=      0.126805951213
 orbitals (Q,E):
 ---------------
 A1.g :1...4         ( 2.00    -1.5086)  ( 2.00    -1.0501)  ( 2.00    -0.3241)  ( 0.00     0.0943)
 A2.g :1...2         ( 1.00     0.0601)  ( 0.00     0.8785)
 B1.g :1...3         ( 2.00    -1.4605)  ( 2.00    -0.3389)  ( 0.00     0.3293)
 B2.g :1...4         ( 2.00    -1.6047)  ( 2.00    -0.5195)  ( 2.00     0.0463)  ( 0.00     0.3833)
 E1.g :1...3         ( 4.00    -1.4239)  ( 4.00    -0.2092)  ( 0.00     0.4406)
 A1.u :1...1         ( 0.00     1.8435)
 A2.u :1...3         ( 2.00    -0.4517)  ( 1.00     0.0602)  ( 0.00     0.2933)
 B1.u :1...2         ( 2.00    -0.1255)  ( 0.00     0.6454)
 B2.u :1...1         ( 0.00     0.8477)
 E1.u :1...4         ( 4.00    -0.8964)  ( 4.00    -0.2612)  ( 4.00    -0.1172)  ( 0.00     0.0827)

 CYCLE  123
  SDIIS (wt  0.777):  0.8876 -0.2574  0.0049  0.0093  0.0406 -0.3252  0.0511 -0.0913 -0.2574  0.9376
 A-DIIS (wt  0.223):  0.0000  0.0000  0.0000  0.0000  0.1495  0.0000  0.0000  0.0000  0.0000  0.8505
  DIIS coefficients:  0.6900 -0.2001  0.0038  0.0072  0.0649 -0.2528  0.0397 -0.0709 -0.2001  0.9182
 SCF Error: norm([F,P])=      0.108986315574, max([F,P])=      0.023039893436
 orbitals (Q,E):
 ---------------
 A1.g :1...4         ( 2.00    -1.5155)  ( 2.00    -1.0568)  ( 2.00    -0.3297)  ( 0.00     0.0877)
 A2.g :1...1         ( 0.00     0.0523)
 B1.g :1...3         ( 2.00    -1.4673)  ( 2.00    -0.3462)  ( 0.00     0.3274)
 B2.g :1...4         ( 2.00    -1.6116)  ( 2.00    -0.5260)  ( 2.00     0.0405)  ( 0.00     0.3808)
 E1.g :1...3         ( 4.00    -1.4305)  ( 4.00    -0.2152)  ( 0.00     0.4371)
 A1.u :1...1         ( 0.00     1.8379)
 A2.u :1...3         ( 2.00    -0.4575)  ( 2.00     0.0459)  ( 0.00     0.2888)
 B1.u :1...2         ( 2.00    -0.1317)  ( 0.00     0.6422)
 B2.u :1...1         ( 0.00     0.8426)
 E1.u :1...4         ( 4.00    -0.9037)  ( 4.00    -0.2672)  ( 4.00    -0.1242)  ( 0.00     0.0793)

 CYCLE  124
  SDIIS (wt  0.000): -0.0015  0.0180 -0.6085  0.1168  0.3384 -0.3495  0.9302  0.5561
 A-DIIS (wt  1.000):  0.0000  0.0000  0.0000  0.5487  0.0000  0.0000  0.0300  0.4213
  DIIS coefficients:  0.0000  0.0000  0.0000  0.5487  0.0000  0.0000  0.0300  0.4213
 SCF Error: norm([F,P])=      0.540765163247, max([F,P])=      0.115337018148
 orbitals (Q,E):
 ---------------
 A1.g :1...4         ( 2.00    -1.5195)  ( 2.00    -1.0612)  ( 2.00    -0.3337)  ( 0.00     0.0898)
 A2.g :1...2         ( 2.00     0.0475)  ( 0.00     0.8737)
 B1.g :1...3         ( 2.00    -1.4712)  ( 2.00    -0.3507)  ( 0.00     0.3261)
 B2.g :1...4         ( 2.00    -1.6158)  ( 2.00    -0.5304)  ( 2.00     0.0364)  ( 0.00     0.3791)
 E1.g :1...3         ( 4.00    -1.4341)  ( 4.00    -0.2192)  ( 0.00     0.4363)
 A1.u :1...1         ( 0.00     1.8344)
 A2.u :1...2         ( 2.00    -0.4611)  ( 0.00     0.0576)
 B1.u :1...2         ( 2.00    -0.1362)  ( 0.00     0.6409)
 B2.u :1...1         ( 0.00     0.8394)
 E1.u :1...4         ( 4.00    -0.9086)  ( 4.00    -0.2715)  ( 4.00    -0.1286)  ( 0.00     0.0810)

 CYCLE  125
  SDIIS (wt  0.000): -0.0099 -0.5668  0.9299  0.5405  0.1063
 A-DIIS (wt  1.000):  0.0000  0.0000  0.3631  0.2559  0.3810
  DIIS coefficients:  0.0000  0.0000  0.3631  0.2559  0.3810
 SCF Error: norm([F,P])=      0.490492624604, max([F,P])=      0.099665010360
 orbitals (Q,E):
 ---------------
 A1.g :1...4         ( 2.00    -1.5130)  ( 2.00    -1.0552)  ( 2.00    -0.3289)  ( 0.00     0.0902)
 A2.g :1...2         ( 2.00     0.0535)  ( 0.00     0.8761)
 B1.g :1...3         ( 2.00    -1.4646)  ( 2.00    -0.3452)  ( 0.00     0.3278)
 B2.g :1...4         ( 2.00    -1.6088)  ( 2.00    -0.5249)  ( 2.00     0.0421)  ( 0.00     0.3816)
 E1.g :1...3         ( 4.00    -1.4278)  ( 4.00    -0.2140)  ( 0.00     0.4382)
 A1.u :1...1         ( 0.00     1.8384)
 A2.u :1...2         ( 2.00    -0.4563)  ( 0.00     0.0536)
 B1.u :1...2         ( 2.00    -0.1306)  ( 0.00     0.6431)
 B2.u :1...1         ( 0.00     0.8430)
 E1.u :1...4         ( 4.00    -0.9022)  ( 4.00    -0.2663)  ( 4.00    -0.1231)  ( 0.00     0.0811)

 CYCLE  126
  SDIIS (wt  0.000):  0.0016 -0.5832  0.9347  0.5439  0.1317 -0.0288
 A-DIIS (wt  1.000):  0.0000  0.3175  0.1854  0.0000  0.0000  0.4971
  DIIS coefficients:  0.0000  0.3175  0.1854  0.0000  0.0000  0.4971
 SCF Error: norm([F,P])=      0.428904707584, max([F,P])=      0.088865760541
 orbitals (Q,E):
 ---------------
 A1.g :1...4         ( 2.00    -1.5119)  ( 2.00    -1.0531)  ( 2.00    -0.3265)  ( 0.00     0.0923)
 A2.g :1...1         ( 0.00     0.0569)
 B1.g :1...3         ( 2.00    -1.4638)  ( 2.00    -0.3421)  ( 0.00     0.3285)
 B2.g :1...4         ( 2.00    -1.6079)  ( 2.00    -0.5223)  ( 2.00     0.0438)  ( 0.00     0.3824)
 E1.g :1...3         ( 4.00    -1.4272)  ( 4.00    -0.2117)  ( 0.00     0.4393)
 A1.u :1...1         ( 0.00     1.8411)
 A2.u :1...3         ( 2.00    -0.4542)  ( 2.00     0.0569)  ( 0.00     0.2915)
 B1.u :1...2         ( 2.00    -0.1281)  ( 0.00     0.6442)
 B2.u :1...1         ( 0.00     0.8455)
 E1.u :1...4         ( 4.00    -0.8995)  ( 4.00    -0.2637)  ( 4.00    -0.1202)  ( 0.00     0.0819)

 CYCLE  127
  SDIIS (wt  0.000): -0.1525  0.9244  0.6454  0.0685  0.0422 -0.5281
 A-DIIS (wt  1.000):  0.0000  0.0000  0.0000  0.0000  0.5881  0.4119
  DIIS coefficients:  0.0000  0.0000  0.0000  0.0000  0.5881  0.4119
 SCF Error: norm([F,P])=      0.569328421901, max([F,P])=      0.121499759304
 orbitals (Q,E):
 ---------------
 A1.g :1...4         ( 2.00    -1.5088)  ( 2.00    -1.0504)  ( 2.00    -0.3244)  ( 0.00     0.0938)
 A2.g :1...2         ( 2.00     0.0596)  ( 0.00     0.8784)
 B1.g :1...3         ( 2.00    -1.4606)  ( 2.00    -0.3396)  ( 0.00     0.3294)
 B2.g :1...4         ( 2.00    -1.6046)  ( 2.00    -0.5198)  ( 2.00     0.0463)  ( 0.00     0.3836)
 E1.g :1...3         ( 4.00    -1.4241)  ( 4.00    -0.2095)  ( 0.00     0.4406)
 A1.u :1...1         ( 0.00     1.8428)
 A2.u :1...2         ( 2.00    -0.4520)  ( 0.00     0.0597)
 B1.u :1...2         ( 2.00    -0.1257)  ( 0.00     0.6454)
 B2.u :1...1         ( 0.00     0.8470)
 E1.u :1...4         ( 4.00    -0.8967)  ( 4.00    -0.2615)  ( 4.00    -0.1177)  ( 0.00     0.0829)

 CYCLE  128
  SDIIS (wt  0.000):  0.0797 -1.5794  0.9693  0.3055  0.1488  0.4177  1.1719 -0.5133
 A-DIIS (wt  1.000): -0.0000  0.3459  0.0924  0.0000  0.0000  0.0000  0.0000  0.5617
  DIIS coefficients: -0.0000  0.3459  0.0924  0.0000  0.0000  0.0000  0.0000  0.5617
 SCF Error: norm([F,P])=      0.385573167105, max([F,P])=      0.080473764399
 orbitals (Q,E):
 ---------------
 A1.g :1...4         ( 2.00    -1.5110)  ( 2.00    -1.0518)  ( 2.00    -0.3252)  ( 0.00     0.0935)
 A2.g :1...1         ( 0.00     0.0587)
 B1.g :1...3         ( 2.00    -1.4629)  ( 2.00    -0.3404)  ( 0.00     0.3289)
 B2.g :1...4         ( 2.00    -1.6071)  ( 2.00    -0.5208)  ( 2.00     0.0448)  ( 0.00     0.3827)
 E1.g :1...3         ( 4.00    -1.4263)  ( 4.00    -0.2105)  ( 0.00     0.4400)
 A1.u :1...1         ( 0.00     1.8425)
 A2.u :1...3         ( 2.00    -0.4529)  ( 2.00     0.0587)  ( 0.00     0.2924)
 B1.u :1...2         ( 2.00    -0.1268)  ( 0.00     0.6448)
 B2.u :1...1         ( 0.00     0.8469)
 E1.u :1...4         ( 4.00    -0.8980)  ( 4.00    -0.2624)  ( 4.00    -0.1186)  ( 0.00     0.0823)

 CYCLE  129
  SDIIS (wt  0.000):  1.2960  0.0807  0.9154  0.5839 -0.4744  0.8597 -1.5418 -0.7195
 A-DIIS (wt  1.000):  0.0000  0.0000  0.0000  0.0000  0.0000  0.5907  0.0000  0.4093
  DIIS coefficients:  0.0000  0.0000  0.0000  0.0000  0.0000  0.5907  0.0000  0.4093
 SCF Error: norm([F,P])=      0.578367519120, max([F,P])=      0.123768799540
 orbitals (Q,E):
 ---------------
 A1.g :1...4         ( 2.00    -1.5088)  ( 2.00    -1.0504)  ( 2.00    -0.3243)  ( 0.00     0.0938)
 A2.g :1...2         ( 2.00     0.0597)  ( 0.00     0.8784)
 B1.g :1...3         ( 2.00    -1.4606)  ( 2.00    -0.3395)  ( 0.00     0.3294)
 B2.g :1...4         ( 2.00    -1.6047)  ( 2.00    -0.5198)  ( 2.00     0.0463)  ( 0.00     0.3835)
 E1.g :1...3         ( 4.00    -1.4241)  ( 4.00    -0.2094)  ( 0.00     0.4406)
 A1.u :1...1         ( 0.00     1.8429)
 A2.u :1...2         ( 2.00    -0.4520)  ( 0.00     0.0597)
 B1.u :1...2         ( 2.00    -0.1257)  ( 0.00     0.6454)
 B2.u :1...1         ( 0.00     0.8471)
 E1.u :1...4         ( 4.00    -0.8967)  ( 4.00    -0.2615)  ( 4.00    -0.1176)  ( 0.00     0.0829)

 CYCLE  130
  SDIIS (wt  0.000): -0.0001 -1.5278  0.9807  0.3021  0.1146  0.6803  1.2103 -0.7601
 A-DIIS (wt  1.000):  0.0000  0.3535  0.0758  0.0000  0.0000  0.0000  0.0000  0.5707
  DIIS coefficients:  0.0000  0.3535  0.0758  0.0000  0.0000  0.0000  0.0000  0.5707
 SCF Error: norm([F,P])=      0.385629632611, max([F,P])=      0.080439430912
 orbitals (Q,E):
 ---------------
 A1.g :1...4         ( 2.00    -1.5107)  ( 2.00    -1.0516)  ( 2.00    -0.3250)  ( 0.00     0.0936)
 A2.g :1...1         ( 0.00     0.0590)
 B1.g :1...3         ( 2.00    -1.4627)  ( 2.00    -0.3401)  ( 0.00     0.3290)
 B2.g :1...4         ( 2.00    -1.6068)  ( 2.00    -0.5206)  ( 2.00     0.0451)  ( 0.00     0.3828)
 E1.g :1...3         ( 4.00    -1.4261)  ( 4.00    -0.2103)  ( 0.00     0.4401)
 A1.u :1...1         ( 0.00     1.8427)
 A2.u :1...3         ( 2.00    -0.4527)  ( 2.00     0.0590)  ( 0.00     0.2926)
 B1.u :1...2         ( 2.00    -0.1265)  ( 0.00     0.6449)
 B2.u :1...1         ( 0.00     0.8470)
 E1.u :1...4         ( 4.00    -0.8977)  ( 4.00    -0.2622)  ( 4.00    -0.1183)  ( 0.00     0.0823)

 CYCLE  131
  SDIIS (wt  0.000):  0.6111 -1.0469 -1.2091  3.0000 -0.3551
 A-DIIS (wt  1.000):  0.0000  0.0000  0.0000  0.6086  0.3914
  DIIS coefficients:  0.0000  0.0000  0.0000  0.6086  0.3914
 SCF Error: norm([F,P])=      0.580583770958, max([F,P])=      0.124226359246
 orbitals (Q,E):
 ---------------
 A1.g :1...4         ( 2.00    -1.5093)  ( 2.00    -1.0504)  ( 2.00    -0.3241)  ( 0.00     0.0943)
 A2.g :1...1         ( 0.00     0.0601)
 B1.g :1...3         ( 2.00    -1.4612)  ( 2.00    -0.3390)  ( 0.00     0.3293)
 B2.g :1...4         ( 2.00    -1.6054)  ( 2.00    -0.5195)  ( 2.00     0.0461)  ( 0.00     0.3833)
 E1.g :1...3         ( 4.00    -1.4247)  ( 4.00    -0.2093)  ( 0.00     0.4406)
 A1.u :1...1         ( 0.00     1.8435)
 A2.u :1...3         ( 2.00    -0.4518)  ( 2.00     0.0601)  ( 0.00     0.2932)
 B1.u :1...2         ( 2.00    -0.1255)  ( 0.00     0.6454)
 B2.u :1...1         ( 0.00     0.8477)
 E1.u :1...4         ( 4.00    -0.8965)  ( 4.00    -0.2612)  ( 4.00    -0.1173)  ( 0.00     0.0827)

 CYCLE  132
  SDIIS (wt  0.000):  0.9009 -1.0836 -1.1879  3.0000 -0.6293
 A-DIIS (wt  1.000):  0.0000  0.0000  0.0000  0.6110  0.3890
  DIIS coefficients:  0.0000  0.0000  0.0000  0.6110  0.3890
 SCF Error: norm([F,P])=      0.590534456440, max([F,P])=      0.126213873285
 orbitals (Q,E):
 ---------------
 A1.g :1...4         ( 2.00    -1.5097)  ( 2.00    -1.0505)  ( 2.00    -0.3241)  ( 0.00     0.0943)
 A2.g :1...2         ( 2.00     0.0602)  ( 0.00     0.8785)
 B1.g :1...3         ( 2.00    -1.4616)  ( 2.00    -0.3390)  ( 0.00     0.3293)
 B2.g :1...4         ( 2.00    -1.6058)  ( 2.00    -0.5195)  ( 2.00     0.0460)  ( 0.00     0.3833)
 E1.g :1...3         ( 4.00    -1.4251)  ( 4.00    -0.2093)  ( 0.00     0.4406)
 A1.u :1...1         ( 0.00     1.8436)
 A2.u :1...2         ( 2.00    -0.4518)  ( 0.00     0.0602)
 B1.u :1...2         ( 2.00    -0.1255)  ( 0.00     0.6454)
 B2.u :1...1         ( 0.00     0.8478)
 E1.u :1...4         ( 4.00    -0.8966)  ( 4.00    -0.2612)  ( 4.00    -0.1173)  ( 0.00     0.0827)

 CYCLE  133
  SDIIS (wt  0.195): -0.1066 -1.7580 -2.0000  1.6050  2.2596 -2.0000  3.0000
 A-DIIS (wt  0.805):  0.0000  0.0000  0.0000  0.0000  0.0000  0.3897  0.6103
  DIIS coefficients: -0.0208 -0.3435 -0.3908  0.3136  0.4415 -0.0772  1.0772
 SCF Error: norm([F,P])=      0.389856691672, max([F,P])=      0.080656959795
 orbitals (Q,E):
 ---------------
 A1.g :1...4         ( 2.00    -1.5045)  ( 2.00    -1.0451)  ( 2.00    -0.3194)  ( 0.00     0.0969)
 A2.g :1...1         ( 0.00     0.0666)
 B1.g :1...3         ( 2.00    -1.4565)  ( 2.00    -0.3329)  ( 0.00     0.3307)
 B2.g :1...4         ( 2.00    -1.6007)  ( 2.00    -0.5141)  ( 2.00     0.0505)  ( 0.00     0.3851)
 E1.g :1...3         ( 4.00    -1.4202)  ( 4.00    -0.2045)  ( 0.00     0.4427)
 A1.u :1...1         ( 0.00     1.8485)
 A2.u :1...3         ( 2.00    -0.4472)  ( 2.00     0.0616)  ( 0.00     0.2965)
 B1.u :1...2         ( 2.00    -0.1204)  ( 0.00     0.6476)
 B2.u :1...1         ( 0.00     0.8523)
 E1.u :1...4         ( 4.00    -0.8906)  ( 4.00    -0.2562)  ( 4.00    -0.1116)  ( 0.00     0.0833)

 CYCLE  134
   MIX coefficients:  0.8000  0.2000
 SCF Error: norm([F,P])=      0.636002653511, max([F,P])=      0.136458237637
 orbitals (Q,E):
 ---------------
 A1.g :1...4         ( 2.00    -1.7305)  ( 2.00    -1.2666)  ( 2.00    -0.5124)  ( 0.00     0.0151)
 A2.g :1...2         ( 2.00    -0.1824)  ( 0.00     0.7910)
 B1.g :1...3         ( 2.00    -1.6837)  ( 2.00    -0.5637)  ( 0.00     0.2676)
 B2.g :1...4         ( 2.00    -1.8353)  ( 2.00    -0.7318)  ( 2.00    -0.1640)  ( 0.00     0.3113)
 E1.g :1...3         ( 4.00    -1.6341)  ( 4.00    -0.4065)  ( 0.00     0.3581)
 A1.u :1...1         ( 0.00     1.6774)
 A2.u :1...2         ( 2.00    -0.6367)  ( 0.00     0.0223)
 B1.u :1...2         ( 2.00    -0.3362)  ( 0.00     0.5624)
 B2.u :1...1         ( 0.00     0.6974)
 E1.u :1...4         ( 4.00    -1.1333)  ( 4.00    -0.4632)  ( 4.00    -0.3419)  ( 0.00     0.0558)

 CYCLE  135
  SDIIS (wt  0.000):  0.7674  0.2326
 A-DIIS (wt  1.000):  0.7518  0.2482
  DIIS coefficients:  0.7518  0.2482
 SCF Error: norm([F,P])=      2.005287852709, max([F,P])=      0.377965421866
 orbitals (Q,E):
 ---------------
 A1.g :1...4         ( 2.00    -1.5485)  ( 2.00    -1.0979)  ( 2.00    -0.3700)  ( 0.00     0.0710)
 A2.g :1...2         ( 2.00    -0.0003)  ( 0.00     0.8555)
 B1.g :1...3         ( 2.00    -1.4985)  ( 2.00    -0.3958)  ( 0.00     0.3141)
 B2.g :1...4         ( 2.00    -1.6436)  ( 2.00    -0.5705)  ( 2.00     0.0049)  ( 0.00     0.3662)
 E1.g :1...3         ( 4.00    -1.4592)  ( 4.00    -0.2547)  ( 0.00     0.4203)
 A1.u :1...1         ( 0.00     1.7962)
 A2.u :1...2         ( 2.00    -0.4956)  ( 0.00     0.0480)
 B1.u :1...2         ( 2.00    -0.1742)  ( 0.00     0.6245)
 B2.u :1...1         ( 0.00     0.8037)
 E1.u :1...4         ( 4.00    -0.9515)  ( 4.00    -0.3100)  ( 4.00    -0.1713)  ( 0.00     0.0772)

 CYCLE  136
  SDIIS (wt  0.000):  0.4827 -0.0689  0.5862
 A-DIIS (wt  1.000):  0.5086  0.0000  0.4914
  DIIS coefficients:  0.5086  0.0000  0.4914
 SCF Error: norm([F,P])=      0.749319919892, max([F,P])=      0.152019127210
 orbitals (Q,E):
 ---------------
 A1.g :1...4         ( 2.00    -1.5125)  ( 2.00    -1.0547)  ( 2.00    -0.3286)  ( 0.00     0.0906)
 A2.g :1...2         ( 2.00     0.0535)  ( 0.00     0.8766)
 B1.g :1...3         ( 2.00    -1.4640)  ( 2.00    -0.3459)  ( 0.00     0.3286)
 B2.g :1...4         ( 2.00    -1.6075)  ( 2.00    -0.5247)  ( 2.00     0.0433)  ( 0.00     0.3831)
 E1.g :1...3         ( 4.00    -1.4276)  ( 4.00    -0.2135)  ( 0.00     0.4391)
 A1.u :1...1         ( 0.00     1.8373)
 A2.u :1...2         ( 2.00    -0.4559)  ( 0.00     0.0578)
 B1.u :1...2         ( 2.00    -0.1297)  ( 0.00     0.6439)
 B2.u :1...1         ( 0.00     0.8417)
 E1.u :1...4         ( 4.00    -0.9015)  ( 4.00    -0.2659)  ( 4.00    -0.1229)  ( 0.00     0.0832)

 CYCLE  137
  SDIIS (wt  0.135):  3.0000 -2.0000 -1.1787  0.3131  3.0000  0.0023 -1.0450 -1.0918
 A-DIIS (wt  0.865):  0.0000  0.0000  0.3897  0.6103  0.0000  0.0000  0.0000  0.0000
  DIIS coefficients:  0.4048 -0.2699  0.1781  0.5702  0.4048  0.0003 -0.1410 -0.1473
 SCF Error: norm([F,P])=      0.408744514226, max([F,P])=      0.086641257111
 orbitals (Q,E):
 ---------------
 A1.g :1...4         ( 2.00    -1.5023)  ( 2.00    -1.0423)  ( 2.00    -0.3166)  ( 0.00     0.0984)
 A2.g :1...1         ( 0.00     0.0705)
 B1.g :1...3         ( 2.00    -1.4545)  ( 2.00    -0.3293)  ( 0.00     0.3314)
 B2.g :1...4         ( 2.00    -1.5986)  ( 2.00    -0.5110)  ( 2.00     0.0530)  ( 0.00     0.3860)
 E1.g :1...3         ( 4.00    -1.4184)  ( 4.00    -0.2017)  ( 0.00     0.4439)
 A1.u :1...1         ( 0.00     1.8514)
 A2.u :1...3         ( 2.00    -0.4446)  ( 2.00     0.0627)  ( 0.00     0.2983)
 B1.u :1...2         ( 2.00    -0.1174)  ( 0.00     0.6488)
 B2.u :1...1         ( 0.00     0.8550)
 E1.u :1...4         ( 4.00    -0.8872)  ( 4.00    -0.2533)  ( 4.00    -0.1082)  ( 0.00     0.0837)

 CYCLE  138
  SDIIS (wt  0.000):  2.7145 -0.0415 -0.5190 -1.2639  0.1098
 A-DIIS (wt  1.000):  0.6299  0.0000  0.0000  0.0000  0.3701
  DIIS coefficients:  0.6299  0.0000  0.0000  0.0000  0.3701
 SCF Error: norm([F,P])=      0.665028820295, max([F,P])=      0.142932380350
 orbitals (Q,E):
 ---------------
 A1.g :1...4         ( 2.00    -1.5093)  ( 2.00    -1.0500)  ( 2.00    -0.3236)  ( 0.00     0.0949)
 A2.g :1...1         ( 0.00     0.0610)
 B1.g :1...3         ( 2.00    -1.4613)  ( 2.00    -0.3382)  ( 0.00     0.3292)
 B2.g :1...4         ( 2.00    -1.6055)  ( 2.00    -0.5190)  ( 2.00     0.0463)  ( 0.00     0.3832)
 E1.g :1...3         ( 4.00    -1.4248)  ( 4.00    -0.2089)  ( 0.00     0.4408)
 A1.u :1...1         ( 0.00     1.8443)
 A2.u :1...3         ( 2.00    -0.4514)  ( 2.00     0.0608)  ( 0.00     0.2936)
 B1.u :1...2         ( 2.00    -0.1251)  ( 0.00     0.6456)
 B2.u :1...1         ( 0.00     0.8485)
 E1.u :1...4         ( 4.00    -0.8960)  ( 4.00    -0.2607)  ( 4.00    -0.1166)  ( 0.00     0.0827)

 CYCLE  139
  SDIIS (wt  0.000):  3.0000 -0.0428 -0.7310 -1.1276  1.9015 -2.0000
 A-DIIS (wt  1.000):  0.6113  0.0000  0.0000  0.0000  0.0000  0.3887
  DIIS coefficients:  0.6113  0.0000  0.0000  0.0000  0.0000  0.3887
 SCF Error: norm([F,P])=      0.592901581693, max([F,P])=      0.127086713847
 orbitals (Q,E):
 ---------------
 A1.g :1...4         ( 2.00    -1.5088)  ( 2.00    -1.0501)  ( 2.00    -0.3241)  ( 0.00     0.0944)
 A2.g :1...1         ( 0.00     0.0602)
 B1.g :1...3         ( 2.00    -1.4606)  ( 2.00    -0.3389)  ( 0.00     0.3293)
 B2.g :1...4         ( 2.00    -1.6048)  ( 2.00    -0.5194)  ( 2.00     0.0463)  ( 0.00     0.3833)
 E1.g :1...3         ( 4.00    -1.4241)  ( 4.00    -0.2092)  ( 0.00     0.4406)
 A1.u :1...1         ( 0.00     1.8435)
 A2.u :1...3         ( 2.00    -0.4517)  ( 2.00     0.0602)  ( 0.00     0.2933)
 B1.u :1...2         ( 2.00    -0.1255)  ( 0.00     0.6454)
 B2.u :1...1         ( 0.00     0.8477)
 E1.u :1...4         ( 4.00    -0.8964)  ( 4.00    -0.2612)  ( 4.00    -0.1172)  ( 0.00     0.0827)

 CYCLE  140
  SDIIS (wt  0.000): -2.0000  3.0000 -0.0151 -0.8480 -1.0762  1.0926 -2.0000  2.8468
 A-DIIS (wt  1.000):  0.0000  0.6107  0.0000  0.0000  0.0000  0.0000  0.0000  0.3893
  DIIS coefficients:  0.0000  0.6107  0.0000  0.0000  0.0000  0.0000  0.0000  0.3893
 SCF Error: norm([F,P])=      0.592303894313, max([F,P])=      0.126543947621
 orbitals (Q,E):
 ---------------
 A1.g :1...4         ( 2.00    -1.5092)  ( 2.00    -1.0503)  ( 2.00    -0.3241)  ( 0.00     0.0943)
 A2.g :1...2         ( 1.00     0.0602)  ( 0.00     0.8785)
 B1.g :1...3         ( 2.00    -1.4611)  ( 2.00    -0.3390)  ( 0.00     0.3293)
 B2.g :1...4         ( 2.00    -1.6052)  ( 2.00    -0.5195)  ( 2.00     0.0462)  ( 0.00     0.3833)
 E1.g :1...3         ( 4.00    -1.4246)  ( 4.00    -0.2093)  ( 0.00     0.4406)
 A1.u :1...1         ( 0.00     1.8435)
 A2.u :1...3         ( 2.00    -0.4518)  ( 1.00     0.0602)  ( 0.00     0.2932)
 B1.u :1...2         ( 2.00    -0.1255)  ( 0.00     0.6454)
 B2.u :1...1         ( 0.00     0.8477)
 E1.u :1...4         ( 4.00    -0.8965)  ( 4.00    -0.2612)  ( 4.00    -0.1172)  ( 0.00     0.0827)

 CYCLE  141
  SDIIS (wt  0.778):  2.0566  0.5489  2.1390 -0.0035 -0.0976 -0.1888 -0.4360 -1.9265 -2.0000  0.9078
 A-DIIS (wt  0.222):  0.0000  0.0000  0.0000  0.0000  0.0000  0.1487  0.0000  0.0000  0.0000  0.8513
  DIIS coefficients:  1.6005  0.4272  1.6646 -0.0027 -0.0759 -0.1139 -0.3393 -1.4993 -1.5564  0.8952
 SCF Error: norm([F,P])=      0.108098004970, max([F,P])=      0.022956686936
 orbitals (Q,E):
 ---------------
 A1.g :1...4         ( 2.00    -1.5047)  ( 2.00    -1.0445)  ( 2.00    -0.3184)  ( 0.00     0.0941)
 A2.g :1...1         ( 0.00     0.0679)
 B1.g :1...3         ( 2.00    -1.4570)  ( 2.00    -0.3316)  ( 0.00     0.3307)
 B2.g :1...4         ( 2.00    -1.6011)  ( 2.00    -0.5130)  ( 2.00     0.0510)  ( 0.00     0.3850)
 E1.g :1...3         ( 4.00    -1.4208)  ( 4.00    -0.2036)  ( 0.00     0.4421)
 A1.u :1...1         ( 0.00     1.8497)
 A2.u :1...3         ( 2.00    -0.4465)  ( 2.00     0.0500)  ( 0.00     0.2967)
 B1.u :1...2         ( 2.00    -0.1194)  ( 0.00     0.6474)
 B2.u :1...1         ( 0.00     0.8535)
 E1.u :1...4         ( 4.00    -0.8895)  ( 4.00    -0.2551)  ( 4.00    -0.1105)  ( 0.00     0.0809)

 CYCLE  142
  SDIIS (wt  0.000): -2.0000  3.0000
 A-DIIS (wt  1.000):  0.0000  1.0000
  DIIS coefficients:  0.0000  1.0000
 SCF Error: norm([F,P])=      0.651399255461, max([F,P])=      0.139997890391
 orbitals (Q,E):
 ---------------
 A1.g :1...4         ( 2.00    -1.7445)  ( 2.00    -1.2797)  ( 2.00    -0.5237)  ( 0.00     0.0112)
 A2.g :1...2         ( 2.00    -0.1963)  ( 0.00     0.7861)
 B1.g :1...3         ( 2.00    -1.6980)  ( 2.00    -0.5766)  ( 0.00     0.2639)
 B2.g :1...4         ( 2.00    -1.8501)  ( 2.00    -0.7444)  ( 2.00    -0.1775)  ( 0.00     0.3074)
 E1.g :1...3         ( 4.00    -1.6475)  ( 4.00    -0.4187)  ( 0.00     0.3537)
 A1.u :1...1         ( 0.00     1.6683)
 A2.u :1...2         ( 2.00    -0.6480)  ( 0.00     0.0211)
 B1.u :1...2         ( 2.00    -0.3491)  ( 0.00     0.5579)
 B2.u :1...1         ( 0.00     0.6892)
 E1.u :1...4         ( 4.00    -1.1474)  ( 4.00    -0.4752)  ( 4.00    -0.3552)  ( 0.00     0.0546)

 CYCLE  143
  SDIIS (wt  0.000): -2.0000  3.0000 -0.1586  0.1586
 A-DIIS (wt  1.000):  0.0000  0.7747  0.0000  0.2253
  DIIS coefficients:  0.0000  0.7747  0.0000  0.2253
 SCF Error: norm([F,P])=      2.086914738590, max([F,P])=      0.396045992875
 orbitals (Q,E):
 ---------------
 A1.g :1...4         ( 2.00    -1.5526)  ( 2.00    -1.1025)  ( 2.00    -0.3742)  ( 0.00     0.0690)
 A2.g :1...2         ( 2.00    -0.0060)  ( 0.00     0.8535)
 B1.g :1...3         ( 2.00    -1.5025)  ( 2.00    -0.4010)  ( 0.00     0.3128)
 B2.g :1...4         ( 2.00    -1.6479)  ( 2.00    -0.5752)  ( 2.00     0.0006)  ( 0.00     0.3646)
 E1.g :1...3         ( 4.00    -1.4629)  ( 4.00    -0.2590)  ( 0.00     0.4183)
 A1.u :1...1         ( 0.00     1.7923)
 A2.u :1...2         ( 2.00    -0.4996)  ( 0.00     0.0467)
 B1.u :1...2         ( 2.00    -0.1789)  ( 0.00     0.6226)
 B2.u :1...1         ( 0.00     0.8001)
 E1.u :1...4         ( 4.00    -0.9568)  ( 4.00    -0.3146)  ( 4.00    -0.1764)  ( 0.00     0.0765)

 CYCLE  144
  SDIIS (wt  0.000): -0.8793  0.0222  0.2088  0.9704  0.6077 -0.0015  0.0717
 A-DIIS (wt  1.000):  0.0000  0.0000  0.0000  0.9211  0.0000  0.0000  0.0789
  DIIS coefficients:  0.0000  0.0000  0.0000  0.9211  0.0000  0.0000  0.0789
 SCF Error: norm([F,P])=      0.787974281961, max([F,P])=      0.158641010796
 orbitals (Q,E):
 ---------------
 A1.g :1...4         ( 2.00    -1.5269)  ( 2.00    -1.0680)  ( 2.00    -0.3392)  ( 0.00     0.0837)
 A2.g :1...2         ( 2.00     0.0399)  ( 0.00     0.8708)
 B1.g :1...3         ( 2.00    -1.4788)  ( 2.00    -0.3578)  ( 0.00     0.3241)
 B2.g :1...4         ( 2.00    -1.6234)  ( 2.00    -0.5369)  ( 2.00     0.0303)  ( 0.00     0.3764)
 E1.g :1...3         ( 4.00    -1.4413)  ( 4.00    -0.2250)  ( 0.00     0.4326)
 A1.u :1...1         ( 0.00     1.8292)
 A2.u :1...2         ( 2.00    -0.4667)  ( 0.00     0.0440)
 B1.u :1...2         ( 2.00    -0.1423)  ( 0.00     0.6376)
 B2.u :1...1         ( 0.00     0.8347)
 E1.u :1...4         ( 4.00    -0.9158)  ( 4.00    -0.2774)  ( 4.00    -0.1354)  ( 0.00     0.0775)

 CYCLE  145
  SDIIS (wt  0.000):  0.1162 -0.0147 -0.4544 -0.8325  0.6273  0.9786  0.5723 -0.0022 -0.1104  0.1197
 A-DIIS (wt  1.000):  0.0000  0.0000  0.0000  0.0000  0.0744  0.7293  0.0000  0.0000  0.0000  0.1963
  DIIS coefficients:  0.0000  0.0000  0.0000  0.0000  0.0744  0.7293  0.0000  0.0000  0.0000  0.1963
 SCF Error: norm([F,P])=      0.546336713468, max([F,P])=      0.109540236940
 orbitals (Q,E):
 ---------------
 A1.g :1...4         ( 2.00    -1.5187)  ( 2.00    -1.0606)  ( 2.00    -0.3333)  ( 0.00     0.0870)
 A2.g :1...2         ( 2.00     0.0477)  ( 0.00     0.8737)
 B1.g :1...3         ( 2.00    -1.4704)  ( 2.00    -0.3504)  ( 0.00     0.3261)
 B2.g :1...4         ( 2.00    -1.6149)  ( 2.00    -0.5300)  ( 2.00     0.0370)  ( 0.00     0.3791)
 E1.g :1...3         ( 4.00    -1.4333)  ( 4.00    -0.2187)  ( 0.00     0.4355)
 A1.u :1...1         ( 0.00     1.8346)
 A2.u :1...2         ( 2.00    -0.4608)  ( 0.00     0.0478)
 B1.u :1...2         ( 2.00    -0.1357)  ( 0.00     0.6405)
 B2.u :1...1         ( 0.00     0.8396)
 E1.u :1...4         ( 4.00    -0.9080)  ( 4.00    -0.2711)  ( 4.00    -0.1283)  ( 0.00     0.0791)

 CYCLE  146
  SDIIS (wt  0.000): -0.3950 -0.5781  0.3163  0.9627  0.5644 -0.0020 -0.0120 -0.0200  0.1636
 A-DIIS (wt  1.000):  0.0000  0.0000  0.2384  0.3780  0.0000  0.0000  0.0000  0.0000  0.3836
  DIIS coefficients:  0.0000  0.0000  0.2384  0.3780  0.0000  0.0000  0.0000  0.0000  0.3836
 SCF Error: norm([F,P])=      0.480793644991, max([F,P])=      0.097937269266
 orbitals (Q,E):
 ---------------
 A1.g :1...4         ( 2.00    -1.5138)  ( 2.00    -1.0556)  ( 2.00    -0.3289)  ( 0.00     0.0903)
 A2.g :1...1         ( 0.00     0.0535)
 B1.g :1...3         ( 2.00    -1.4656)  ( 2.00    -0.3451)  ( 0.00     0.3277)
 B2.g :1...4         ( 2.00    -1.6099)  ( 2.00    -0.5250)  ( 2.00     0.0416)  ( 0.00     0.3813)
 E1.g :1...3         ( 4.00    -1.4288)  ( 4.00    -0.2142)  ( 0.00     0.4380)
 A1.u :1...1         ( 0.00     1.8386)
 A2.u :1...3         ( 2.00    -0.4565)  ( 2.00     0.0535)  ( 0.00     0.2897)
 B1.u :1...2         ( 2.00    -0.1307)  ( 0.00     0.6429)
 B2.u :1...1         ( 0.00     0.8432)
 E1.u :1...4         ( 4.00    -0.9024)  ( 4.00    -0.2664)  ( 4.00    -0.1231)  ( 0.00     0.0809)

 CYCLE  147
  SDIIS (wt  0.000): -0.1195 -0.7197  0.9580  0.4182 -0.0009 -0.0138 -0.0306  0.1734  0.3348
 A-DIIS (wt  1.000):  0.0000  0.0000  0.8162  0.0000  0.0000  0.0000  0.0000  0.1748  0.0090
  DIIS coefficients:  0.0000  0.0000  0.8162  0.0000  0.0000  0.0000  0.0000  0.1748  0.0090
 SCF Error: norm([F,P])=      0.548076823451, max([F,P])=      0.116750641230
 orbitals (Q,E):
 ---------------
 A1.g :1...4         ( 2.00    -1.5151)  ( 2.00    -1.0564)  ( 2.00    -0.3295)  ( 0.00     0.0884)
 A2.g :1...1         ( 0.00     0.0527)
 B1.g :1...3         ( 2.00    -1.4669)  ( 2.00    -0.3458)  ( 0.00     0.3274)
 B2.g :1...4         ( 2.00    -1.6112)  ( 2.00    -0.5257)  ( 2.00     0.0407)  ( 0.00     0.3807)
 E1.g :1...3         ( 4.00    -1.4301)  ( 4.00    -0.2149)  ( 0.00     0.4372)
 A1.u :1...1         ( 0.00     1.8383)
 A2.u :1...3         ( 2.00    -0.4571)  ( 2.00     0.0475)  ( 0.00     0.2892)
 B1.u :1...2         ( 2.00    -0.1314)  ( 0.00     0.6423)
 B2.u :1...1         ( 0.00     0.8430)
 E1.u :1...4         ( 4.00    -0.9033)  ( 4.00    -0.2670)  ( 4.00    -0.1238)  ( 0.00     0.0795)

 CYCLE  148
  SDIIS (wt  0.000): -0.7788  0.9569  0.3125 -0.0014 -0.0130 -0.0261  0.1686  0.2077  0.1736
 A-DIIS (wt  1.000):  0.0000  0.8161  0.0000  0.0000  0.0000  0.0000  0.1763  0.0000  0.0076
  DIIS coefficients:  0.0000  0.8161  0.0000  0.0000  0.0000  0.0000  0.1763  0.0000  0.0076
 SCF Error: norm([F,P])=      0.541656771200, max([F,P])=      0.115720437887
 orbitals (Q,E):
 ---------------
 A1.g :1...4         ( 2.00    -1.5145)  ( 2.00    -1.0559)  ( 2.00    -0.3290)  ( 0.00     0.0886)
 A2.g :1...1         ( 0.00     0.0533)
 B1.g :1...3         ( 2.00    -1.4664)  ( 2.00    -0.3452)  ( 0.00     0.3275)
 B2.g :1...4         ( 2.00    -1.6107)  ( 2.00    -0.5252)  ( 2.00     0.0412)  ( 0.00     0.3810)
 E1.g :1...3         ( 4.00    -1.4295)  ( 4.00    -0.2144)  ( 0.00     0.4374)
 A1.u :1...1         ( 0.00     1.8387)
 A2.u :1...3         ( 2.00    -0.4567)  ( 2.00     0.0476)  ( 0.00     0.2895)
 B1.u :1...2         ( 2.00    -0.1309)  ( 0.00     0.6425)
 B2.u :1...1         ( 0.00     0.8433)
 E1.u :1...4         ( 4.00    -0.9027)  ( 4.00    -0.2665)  ( 4.00    -0.1233)  ( 0.00     0.0796)

 CYCLE  149
  SDIIS (wt  0.000): -0.6656  0.9289  0.3362 -0.0006 -0.0238 -0.3133  0.5063  0.2318
 A-DIIS (wt  1.000):  0.0000  0.8162  0.0000  0.0000  0.0000  0.0000  0.1750  0.0088
  DIIS coefficients:  0.0000  0.8162  0.0000  0.0000  0.0000  0.0000  0.1750  0.0088
 SCF Error: norm([F,P])=      0.546685187172, max([F,P])=      0.116754890593
 orbitals (Q,E):
 ---------------
 A1.g :1...4         ( 2.00    -1.5150)  ( 2.00    -1.0564)  ( 2.00    -0.3294)  ( 0.00     0.0885)
 A2.g :1...1         ( 0.00     0.0528)
 B1.g :1...3         ( 2.00    -1.4668)  ( 2.00    -0.3457)  ( 0.00     0.3274)
 B2.g :1...4         ( 2.00    -1.6112)  ( 2.00    -0.5256)  ( 2.00     0.0408)  ( 0.00     0.3808)
 E1.g :1...3         ( 4.00    -1.4300)  ( 4.00    -0.2148)  ( 0.00     0.4372)
 A1.u :1...1         ( 0.00     1.8383)
 A2.u :1...3         ( 2.00    -0.4571)  ( 2.00     0.0475)  ( 0.00     0.2892)
 B1.u :1...2         ( 2.00    -0.1314)  ( 0.00     0.6423)
 B2.u :1...1         ( 0.00     0.8430)
 E1.u :1...4         ( 4.00    -0.9032)  ( 4.00    -0.2669)  ( 4.00    -0.1237)  ( 0.00     0.0795)

 CYCLE  150
  SDIIS (wt  0.000):  0.9298  0.2149 -0.0047 -0.0368 -0.3042  0.5349 -1.2441  0.9101
 A-DIIS (wt  1.000):  0.8160  0.0000  0.0000 -0.0000  0.0000  0.1786  0.0000  0.0054
  DIIS coefficients:  0.8160  0.0000  0.0000 -0.0000  0.0000  0.1786  0.0000  0.0054
 SCF Error: norm([F,P])=      0.542304418025, max([F,P])=      0.115852498521
 orbitals (Q,E):
 ---------------
 A1.g :1...4         ( 2.00    -1.5137)  ( 2.00    -1.0551)  ( 2.00    -0.3283)  ( 0.00     0.0889)
 A2.g :1...1         ( 0.00     0.0542)
 B1.g :1...3         ( 2.00    -1.4655)  ( 2.00    -0.3444)  ( 0.00     0.3278)
 B2.g :1...4         ( 2.00    -1.6098)  ( 2.00    -0.5244)  ( 2.00     0.0420)  ( 0.00     0.3813)
 E1.g :1...3         ( 4.00    -1.4287)  ( 4.00    -0.2137)  ( 0.00     0.4377)
 A1.u :1...1         ( 0.00     1.8393)
 A2.u :1...3         ( 2.00    -0.4560)  ( 2.00     0.0477)  ( 0.00     0.2899)
 B1.u :1...2         ( 2.00    -0.1302)  ( 0.00     0.6428)
 B2.u :1...1         ( 0.00     0.8439)
 E1.u :1...4         ( 4.00    -0.9018)  ( 4.00    -0.2658)  ( 4.00    -0.1225)  ( 0.00     0.0797)

 CYCLE  151
   MIX coefficients:  0.8000  0.2000
 SCF Error: norm([F,P])=      0.554235489135, max([F,P])=      0.118312054780
 orbitals (Q,E):
 ---------------
 A1.g :1...4         ( 2.00    -1.7175)  ( 2.00    -1.2547)  ( 2.00    -0.5023)  ( 0.00     0.0187)
 A2.g :1...1         ( 0.00    -0.1699)
 B1.g :1...3         ( 2.00    -1.6703)  ( 2.00    -0.5522)  ( 0.00     0.2711)
 B2.g :1...4         ( 2.00    -1.8214)  ( 2.00    -0.7205)  ( 2.00    -0.1517)  ( 0.00     0.3150)
 E1.g :1...3         ( 4.00    -1.6214)  ( 4.00    -0.3958)  ( 0.00     0.3624)
 A1.u :1...1         ( 0.00     1.6853)
 A2.u :1...3         ( 2.00    -0.6267)  ( 2.00     0.0236)  ( 0.00     0.1750)
 B1.u :1...2         ( 2.00    -0.3248)  ( 0.00     0.5667)
 B2.u :1...1         ( 0.00     0.7044)
 E1.u :1...4         ( 4.00    -1.1206)  ( 4.00    -0.4524)  ( 4.00    -0.3300)  ( 0.00     0.0574)

 CYCLE  152
 ADIIS disabled due to non-aufbau populations
  SDIIS (wt  1.000): -0.0298 -0.3155 -2.0000  2.9548  0.3807 -0.1239  0.1336
  DIIS coefficients: -0.0298 -0.3155 -2.0000  2.9548  0.3807 -0.1239  0.1336
 SCF Error: norm([F,P])=      0.963177947017, max([F,P])=      0.192253652240
 orbitals (Q,E):
 ---------------
 A1.g :1...4         ( 2.00    -1.5170)  ( 2.00    -1.0567)  ( 2.00    -0.3284)  ( 0.00     0.0913)
 A2.g :1...1         ( 0.00     0.0544)
 B1.g :1...3         ( 2.00    -1.4694)  ( 2.00    -0.3447)  ( 0.00     0.3273)
 B2.g :1...4         ( 2.00    -1.6135)  ( 2.00    -0.5246)  ( 2.00     0.0407)  ( 0.00     0.3809)
 E1.g :1...3         ( 4.00    -1.4325)  ( 4.00    -0.2140)  ( 0.00     0.4382)
 A1.u :1...1         ( 0.00     1.8395)
 A2.u :1...3         ( 2.00    -0.4565)  ( 2.00     0.0578)  ( 0.00     0.2895)
 B1.u :1...2         ( 2.00    -0.1304)  ( 0.00     0.6430)
 B2.u :1...1         ( 0.00     0.8440)
 E1.u :1...4         ( 4.00    -0.9028)  ( 4.00    -0.2659)  ( 4.00    -0.1226)  ( 0.00     0.0808)

 CYCLE  153
 ADIIS disabled due to non-aufbau populations
  SDIIS (wt  1.000): -0.4643 -1.8965  3.0000  1.2720 -0.8258  0.1115 -0.1970
  DIIS coefficients: -0.4643 -1.8965  3.0000  1.2720 -0.8258  0.1115 -0.1970
 SCF Error: norm([F,P])=      0.544692608705, max([F,P])=      0.116925341568
 orbitals (Q,E):
 ---------------
 A1.g :1...4         ( 2.00    -1.5141)  ( 2.00    -1.0535)  ( 2.00    -0.3255)  ( 0.00     0.0930)
 A2.g :1...1         ( 0.00     0.0585)
 B1.g :1...3         ( 2.00    -1.4665)  ( 2.00    -0.3409)  ( 0.00     0.3281)
 B2.g :1...4         ( 2.00    -1.6106)  ( 2.00    -0.5212)  ( 2.00     0.0435)  ( 0.00     0.3819)
 E1.g :1...3         ( 4.00    -1.4298)  ( 4.00    -0.2110)  ( 0.00     0.4395)
 A1.u :1...1         ( 0.00     1.8426)
 A2.u :1...3         ( 2.00    -0.4537)  ( 2.00     0.0589)  ( 0.00     0.2915)
 B1.u :1...2         ( 2.00    -0.1271)  ( 0.00     0.6443)
 B2.u :1...1         ( 0.00     0.8468)
 E1.u :1...4         ( 4.00    -0.8991)  ( 4.00    -0.2627)  ( 4.00    -0.1190)  ( 0.00     0.0812)

 CYCLE  154
 ADIIS disabled due to non-aufbau populations
  SDIIS (wt  1.000): -2.0000  2.4260  0.9801 -0.8926  0.1266  2.3599 -2.0000
  DIIS coefficients: -2.0000  2.4260  0.9801 -0.8926  0.1266  2.3599 -2.0000
 SCF Error: norm([F,P])=      0.575086933613, max([F,P])=      0.123607566190
 orbitals (Q,E):
 ---------------
 A1.g :1...4         ( 2.00    -1.5343)  ( 2.00    -1.0770)  ( 2.00    -0.3475)  ( 0.00     0.0808)
 A2.g :1...1         ( 0.00     0.0283)
 B1.g :1...3         ( 2.00    -1.4859)  ( 2.00    -0.3693)  ( 0.00     0.3217)
 B2.g :1...4         ( 2.00    -1.6303)  ( 2.00    -0.5463)  ( 2.00     0.0232)  ( 0.00     0.3741)
 E1.g :1...3         ( 4.00    -1.4479)  ( 4.00    -0.2332)  ( 0.00     0.4297)
 A1.u :1...1         ( 0.00     1.8196)
 A2.u :1...3         ( 2.00    -0.4748)  ( 2.00     0.0515)  ( 0.00     0.2765)
 B1.u :1...2         ( 2.00    -0.1509)  ( 0.00     0.6344)
 B2.u :1...1         ( 0.00     0.8256)
 E1.u :1...4         ( 4.00    -0.9262)  ( 4.00    -0.2863)  ( 4.00    -0.1457)  ( 0.00     0.0785)

 CYCLE  155
 ADIIS disabled due to non-aufbau populations
  SDIIS (wt  1.000):  0.0207  1.9289 -0.7492  0.0926 -2.0000 -0.5479  2.2550
  DIIS coefficients:  0.0207  1.9289 -0.7492  0.0926 -2.0000 -0.5479  2.2550
 SCF Error: norm([F,P])=      0.375553609987, max([F,P])=      0.079314721518
 orbitals (Q,E):
 ---------------
 A1.g :1...4         ( 2.00    -1.5748)  ( 2.00    -1.1237)  ( 2.00    -0.3918)  ( 0.00     0.0561)
 A2.g :1...1         ( 0.00    -0.0321)
 B1.g :1...3         ( 2.00    -1.5244)  ( 2.00    -0.4256)  ( 0.00     0.3092)
 B2.g :1...4         ( 2.00    -1.6696)  ( 2.00    -0.5962)  ( 2.00    -0.0186)  ( 0.00     0.3599)
 E1.g :1...3         ( 4.00    -1.4838)  ( 4.00    -0.2778)  ( 0.00     0.4103)
 A1.u :1...1         ( 0.00     1.7745)
 A2.u :1...3         ( 2.00    -0.5170)  ( 2.00     0.0354)  ( 0.00     0.2467)
 B1.u :1...2         ( 2.00    -0.1986)  ( 0.00     0.6150)
 B2.u :1...1         ( 0.00     0.7839)
 E1.u :1...4         ( 4.00    -0.9804)  ( 4.00    -0.3340)  ( 4.00    -0.1997)  ( 0.00     0.0733)

 CYCLE  156
 ADIIS disabled due to non-aufbau populations
  SDIIS (wt  1.000):  0.1708 -0.2549  0.1474  0.0003  0.9839 -0.8057 -0.3506  1.1088
  DIIS coefficients:  0.1708 -0.2549  0.1474  0.0003  0.9839 -0.8057 -0.3506  1.1088
 SCF Error: norm([F,P])=      0.020055850666, max([F,P])=      0.004183160516
 orbitals (Q,E):
 ---------------
 A1.g :1...4         ( 2.00    -1.5772)  ( 2.00    -1.1264)  ( 2.00    -0.3946)  ( 0.00     0.0546)
 A2.g :1...1         ( 0.00    -0.0357)
 B1.g :1...3         ( 2.00    -1.5267)  ( 2.00    -0.4290)  ( 0.00     0.3084)
 B2.g :1...4         ( 2.00    -1.6720)  ( 2.00    -0.5993)  ( 2.00    -0.0212)  ( 0.00     0.3591)
 E1.g :1...3         ( 4.00    -1.4860)  ( 4.00    -0.2805)  ( 0.00     0.4092)
 A1.u :1...1         ( 0.00     1.7718)
 A2.u :1...3         ( 2.00    -0.5195)  ( 2.00     0.0345)  ( 0.00     0.2449)
 B1.u :1...2         ( 2.00    -0.2015)  ( 0.00     0.6139)
 B2.u :1...1         ( 0.00     0.7814)
 E1.u :1...4         ( 4.00    -0.9835)  ( 4.00    -0.3370)  ( 4.00    -0.2029)  ( 0.00     0.0730)

 CYCLE  157
 ADIIS disabled due to non-aufbau populations
  SDIIS (wt  1.000): -2.0000  3.0000  0.1158 -1.1185 -0.0002  0.1141 -0.0829 -0.0472  0.1893  0.8296
  DIIS coefficients: -2.0000  3.0000  0.1158 -1.1185 -0.0002  0.1141 -0.0829 -0.0472  0.1893  0.8296
 SCF Error: norm([F,P])=      0.000487371731, max([F,P])=      0.000086229035
 orbitals (Q,E):
 ---------------
 A1.g :1...4         ( 2.00    -1.5772)  ( 2.00    -1.1264)  ( 2.00    -0.3945)  ( 0.00     0.0546)
 A2.g :1...1         ( 0.00    -0.0357)
 B1.g :1...3         ( 2.00    -1.5267)  ( 2.00    -0.4289)  ( 0.00     0.3084)
 B2.g :1...4         ( 2.00    -1.6719)  ( 2.00    -0.5992)  ( 2.00    -0.0212)  ( 0.00     0.3591)
 E1.g :1...3         ( 4.00    -1.4860)  ( 4.00    -0.2805)  ( 0.00     0.4092)
 A1.u :1...1         ( 0.00     1.7718)
 A2.u :1...3         ( 2.00    -0.5195)  ( 2.00     0.0345)  ( 0.00     0.2449)
 B1.u :1...2         ( 2.00    -0.2015)  ( 0.00     0.6140)
 B2.u :1...1         ( 0.00     0.7815)
 E1.u :1...4         ( 4.00    -0.9835)  ( 4.00    -0.3369)  ( 4.00    -0.2029)  ( 0.00     0.0730)

 CYCLE  158
 ADIIS disabled due to non-aufbau populations
  SDIIS (wt  1.000): -0.7406  0.4601  0.2804 -0.0000  0.0072 -0.0061 -0.0014  0.0048  0.0617  0.9339
  DIIS coefficients: -0.7406  0.4601  0.2804 -0.0000  0.0072 -0.0061 -0.0014  0.0048  0.0617  0.9339
 SCF Error: norm([F,P])=      0.000034210348, max([F,P])=      0.000007715188
 orbitals (Q,E):
 ---------------
 A1.g :1...4         ( 2.00    -1.5772)  ( 2.00    -1.1263)  ( 2.00    -0.3945)  ( 0.00     0.0546)
 A2.g :1...1         ( 0.00    -0.0357)
 B1.g :1...3         ( 2.00    -1.5267)  ( 2.00    -0.4289)  ( 0.00     0.3084)
 B2.g :1...4         ( 2.00    -1.6719)  ( 2.00    -0.5992)  ( 2.00    -0.0212)  ( 0.00     0.3591)
 E1.g :1...3         ( 4.00    -1.4860)  ( 4.00    -0.2805)  ( 0.00     0.4092)
 A1.u :1...1         ( 0.00     1.7718)
 A2.u :1...3         ( 2.00    -0.5195)  ( 2.00     0.0345)  ( 0.00     0.2449)
 B1.u :1...2         ( 2.00    -0.2015)  ( 0.00     0.6140)
 B2.u :1...1         ( 0.00     0.7815)
 E1.u :1...4         ( 4.00    -0.9835)  ( 4.00    -0.3369)  ( 4.00    -0.2029)  ( 0.00     0.0730)

 CYCLE  159
 ADIIS disabled due to non-aufbau populations
  SDIIS (wt  1.000):  0.0004 -0.0003  0.0000 -0.0009  0.0007  0.0003 -0.0014 -0.0036  0.0325  0.9724
  DIIS coefficients:  0.0004 -0.0003  0.0000 -0.0009  0.0007  0.0003 -0.0014 -0.0036  0.0325  0.9724
 SCF Error: norm([F,P])=      0.000002672593, max([F,P])=      0.000000768463
 orbitals (Q,E):
 ---------------
 A1.g :1...4         ( 2.00    -1.5772)  ( 2.00    -1.1263)  ( 2.00    -0.3945)  ( 0.00     0.0546)
 A2.g :1...1         ( 0.00    -0.0357)
 B1.g :1...3         ( 2.00    -1.5267)  ( 2.00    -0.4289)  ( 0.00     0.3084)
 B2.g :1...4         ( 2.00    -1.6719)  ( 2.00    -0.5992)  ( 2.00    -0.0212)  ( 0.00     0.3591)
 E1.g :1...3         ( 4.00    -1.4860)  ( 4.00    -0.2805)  ( 0.00     0.4092)
 A1.u :1...1         ( 0.00     1.7718)
 A2.u :1...3         ( 2.00    -0.5195)  ( 2.00     0.0345)  ( 0.00     0.2449)
 B1.u :1...2         ( 2.00    -0.2015)  ( 0.00     0.6140)
 B2.u :1...1         ( 0.00     0.7815)
 E1.u :1...4         ( 4.00    -0.9835)  ( 4.00    -0.3369)  ( 4.00    -0.2029)  ( 0.00     0.0730)

 SCF CONVERGED
 cosmo_calcen: 0.5 (esolb+esolc) (Hartrees) =   -0.742477

 Solvation energy (screening term,uncorrected) =   -465.911606 kcal/mol

 Solvation energy (dispersion and cavitation terms) =      0.524263 kcal/mol
 Solvation Energy Contributions (Hartrees)
          esola   esolb+esolc
     0.74247733   -1.48495465
 esol last cycle   -0.74247733

 CYCLE  160
 *** Using FIT density in Focky
 ADIIS disabled due to non-aufbau populations
  SDIIS (wt  1.000): -0.0000  0.0000 -0.0000  0.0000  0.0000  0.0000 -0.0001 -0.0014  0.0973  0.9041
  DIIS coefficients: -0.0000  0.0000 -0.0000  0.0000  0.0000  0.0000 -0.0001 -0.0014  0.0973  0.9041
 SCF Error: norm([F,P])=      0.000000694517, max([F,P])=      0.000000117936
 orbitals (Q,E):
 ---------------
 A1.g :1...13        ( 2.00    -1.5772)  ( 2.00    -1.1263)  ( 2.00    -0.3945)  ( 0.00     0.0546)
                     ( 0.00     0.2774)  ( 0.00     0.5811)  ( 0.00     1.0414)  ( 0.00     1.3024)
                     ( 0.00     1.7465)  ( 0.00     2.1483)  ( 0.00     3.3322)  ( 0.00     3.8215)
                     ( 0.00     7.8445)
 A2.g :1...4         ( 0.00    -0.0357)  ( 0.00     0.8449)  ( 0.00     2.6107)  ( 0.00     5.3353)
 B1.g :1...8         ( 2.00    -1.5267)  ( 2.00    -0.4289)  ( 0.00     0.3084)  ( 0.00     1.1127)
                     ( 0.00     1.4714)  ( 0.00     3.3862)  ( 0.00     4.6950)  ( 0.00    17.3936)
 B2.g :1...12        ( 2.00    -1.6719)  ( 2.00    -0.5992)  ( 2.00    -0.0212)  ( 0.00     0.3591)
                     ( 0.00     0.9934)  ( 0.00     2.0921)  ( 0.00     2.4871)  ( 0.00     2.8579)
                     ( 0.00     4.6658)  ( 0.00     7.8590)  ( 0.00    20.7554)  ( 0.00    36.8110)
 E1.g :1...9         ( 4.00    -1.4860)  ( 4.00    -0.2805)  ( 0.00     0.4092)  ( 0.00     0.6873)
                     ( 0.00     1.4854)  ( 0.00     1.8608)  ( 0.00     2.9287)  ( 0.00     4.6559)
                     ( 0.00    16.6163)
 A1.u :1...1         ( 0.00     1.7718)
 A2.u :1...7         ( 2.00    -0.5195)  ( 2.00     0.0345)  ( 0.00     0.2449)  ( 0.00     0.5905)
                     ( 0.00     1.0487)  ( 0.00     1.9130)  ( 0.00     4.5485)
 B1.u :1...4         ( 2.00    -0.2015)  ( 0.00     0.6140)  ( 0.00     1.7848)  ( 0.00     4.4847)
 B2.u :1...1         ( 0.00     0.7815)
 E1.u :1...13        ( 4.00    -0.9835)  ( 4.00    -0.3369)  ( 4.00    -0.2029)  ( 0.00     0.0730)
                     ( 0.00     0.5040)  ( 0.00     0.5722)  ( 0.00     0.6317)  ( 0.00     1.3272)
                     ( 0.00     1.6311)  ( 0.00     2.1821)  ( 0.00     2.6536)  ( 0.00     3.0640)
                     ( 0.00     4.6755)
 cosmo_calcen: 0.5 (esolb+esolc) (Hartrees) =   -0.742477

 Solvation energy (screening term,uncorrected) =   -465.911623 kcal/mol

 Solvation energy (dispersion and cavitation terms) =      0.524263 kcal/mol
 Solvation Energy Contributions (Hartrees)
          esola   esolb+esolc
     0.74247735   -1.48495471
 esol last cycle   -0.74247735


 SCF WARNING: MO occupations may be NOT AUFBAU


 Fit test: (difference of exact and fit density, squared integrated, result summed over spins)
         SCF:                                          0.00009651143008

 Gross Charges per Atom (Z minus electrons)
 ==========================================
             1.1523   -1.0381   -1.0381   -1.0381   -1.0381
 Net Total: -3.00000000



 =================================================================
 M U L T I P O L E   D E R I V E D   C H A R G E   A N A L Y S I S
 =================================================================

 See: M. Swart, P.Th. van Duijnen, J.G. Snijders, J.Comput.Chem., (2001), p. 79-88.

 --------------------------------------- 
 Multipole derived atomic charges (a.u.)
 --------------------------------------- 

        Atom    Level:     MDC-m        MDC-d        MDC-q
 ---------------------------------------------------------
     1     As           2.722839     2.867915    -9.636401
     2     O           -1.430710    -1.466979     1.659100
     3     O           -1.430710    -1.466979     1.659100
     4     O           -1.430710    -1.466979     1.659100
     5     O           -1.430710    -1.466979     1.659100
 *** Using NEW gradient routines ***


 Geometry CYCLE 3
 ==============

 Energy gradients wrt nuclear displacements
 ==========================================

     Atom      Cartesian (a.u./angstrom)
                 X         Y         Z
 ----------------------------------------
     1 As    0.000000 -0.000000  0.000000
     2 O    -3.432588 -3.432588 -0.000000
     3 O     3.432588  3.432588 -0.000000
     4 O     3.432588 -3.432588 -0.000000
     5 O    -3.432588  3.432588 -0.000000
 ----------------------------------------

 dE(predicted):    -0.17082E+01, dE(actual):    -0.22109E+01, Trust radius:    0.894427, all in a.u.
 
----------------------------------------------------------------------
Geometry Convergence after Step   3       (Hartree/Angstrom,Angstrom)
----------------------------------------------------------------------
current energy                                2.21087462 Hartree
energy change                      -2.21086941     0.00100000    F
constrained gradient max            3.43258760     0.00100000    F
constrained gradient rms            2.50680755     0.00066667    F
gradient max                        3.43258760
gradient rms                        2.50680755
cart. step max                      0.09661410     0.01000000    F
cart. step rms                      0.07055696     0.00666667    F
 


 Coordinates (Cartesian)
 =======================

     Atom                    bohr                                 angstrom                 Geometric Variables
                   X           Y           Z              X           Y           Z       (0:frozen, *:LT par.)
 --------------------------------------------------------------------------------------------------------------
     1 As      0.000000    0.000000   -0.000000       0.000000    0.000000   -0.000000      1       2       3
     2 O       1.701415    1.701415   -0.000000       0.900350    0.900350   -0.000000      4       5       6
     3 O      -1.701415   -1.701415   -0.000000      -0.900350   -0.900350   -0.000000      7       8       9
     4 O      -1.701415    1.701415   -0.000000      -0.900350    0.900350   -0.000000     10      11      12
     5 O       1.701415   -1.701415   -0.000000       0.900350   -0.900350   -0.000000     13      14      15
 --------------------------------------------------------------------------------------------------------------

 Number of elements of the density matrix on this node (used, total):      1035      7381



 ===========================================
 Numerical Integration : Fuzzy Cells (Becke)
 ===========================================
  
 Becke grid quality: GOOD           
  
 Lebedev angular grid order:             min:  11 max:  35
 Nr. of radial points:                   min:  58 max:  80

 Total nr. of points:      88640
 Nr. of blocks:              704
 Block length:               126
 Nr. of dummy points:         64


 Test of Precision of the Numerical Integration Grid
 ===================================================

 Integral of the Total Core Density:                  26.00009287811405
 Relative Error:                                       3.572E-06


 -------------------------------------------
  COSMO surface
  Area             =          299.204
  Volume           =          447.314
  Number of Points =          762
 -------------------------------------------



 ========================
 Density Fitting (zlmFit)
 ========================
  
 ZlmFit Fit Quality: GOOD           
  
 Max L-expansion:                        min:   8 max:   9
 Nr. of radial interpolation points:     min:  84 max: 132



 =====
 S C F  ***  ScaSCF  ***
 =====
  
 Initial density matrix is taken from previous geometry

 CYCLE    1
 SCF Error: norm([F,P])=      1.218679156095, max([F,P])=      0.220610232007
 orbitals (Q,E):
 ---------------
 A1.g :1...13        ( 2.00    -0.2510)  ( 2.00     0.0493)  ( 2.00     0.5851)  ( 0.00     0.9349)
                     ( 0.00     1.1270)  ( 0.00     1.4508)  ( 0.00     1.9870)  ( 0.00     2.2607)
                     ( 0.00     2.5849)  ( 0.00     3.1336)  ( 0.00     4.0443)  ( 0.00     4.5630)
                     ( 0.00     8.3196)
 A2.g :1...4         ( 0.00     0.9633)  ( 0.00     1.6855)  ( 0.00     3.4125)  ( 0.00     5.9959)
 B1.g :1...8         ( 2.00    -0.1837)  ( 2.00     0.6613)  ( 0.00     1.1758)  ( 0.00     2.0043)
                     ( 0.00     2.6376)  ( 0.00     4.1475)  ( 0.00     5.7439)  ( 0.00    18.0042)
 B2.g :1...12        ( 2.00    -0.2758)  ( 2.00     0.3865)  ( 0.00     0.9136)  ( 0.00     1.1909)
                     ( 0.00     1.9360)  ( 0.00     2.8534)  ( 0.00     3.4253)  ( 0.00     3.6128)
                     ( 0.00     5.1898)  ( 0.00     8.1288)  ( 0.00    20.7910)  ( 0.00    37.1664)
 E1.g :1...9         ( 4.00    -0.1882)  ( 4.00     0.7667)  ( 0.00     1.3117)  ( 0.00     1.5894)
                     ( 0.00     2.3962)  ( 0.00     2.9252)  ( 0.00     3.8026)  ( 0.00     5.4635)
                     ( 0.00    17.5372)
 A1.u :1...1         ( 0.00     2.5948)
 A2.u :1...7         ( 2.00     0.5829)  ( 2.00     0.7625)  ( 0.00     1.1496)  ( 0.00     1.5180)
                     ( 0.00     2.0214)  ( 0.00     2.7386)  ( 0.00     5.5923)
 B1.u :1...4         ( 2.00     0.8419)  ( 0.00     1.5028)  ( 0.00     2.6210)  ( 0.00     5.4761)
 B2.u :1...1         ( 0.00     1.8091)
 E1.u :1...14        ( 4.00     0.1644)  ( 4.00     0.6568)  ( 4.00     0.7480)  ( 2.00     0.8644)
                     ( 0.00     1.2938)  ( 0.00     1.4864)  ( 0.00     1.6044)  ( 0.00     2.1911)
                     ( 0.00     2.3683)  ( 0.00     3.1085)  ( 0.00     3.5407)  ( 0.00     3.8455)
                     ( 0.00     5.6323)  ( 0.00     7.0467)

 CYCLE    2
  SDIIS (wt  0.000):  0.7973  0.2027
 A-DIIS (wt  1.000):  0.8291  0.1709
  DIIS coefficients:  0.8291  0.1709
 SCF Error: norm([F,P])=      4.001174260504, max([F,P])=      0.836498630684
 orbitals (Q,E):
 ---------------
 A1.g :1...4         ( 2.00    -0.7314)  ( 2.00    -0.3417)  ( 2.00     0.2811)  ( 0.00     0.7329)
 A2.g :1...2         ( 2.00     0.6208)  ( 0.00     1.4612)
 B1.g :1...3         ( 2.00    -0.6859)  ( 2.00     0.3258)  ( 0.00     0.9677)
 B2.g :1...4         ( 2.00    -0.7732)  ( 2.00     0.0426)  ( 2.00     0.5732)  ( 0.00     0.9642)
 E1.g :1...3         ( 4.00    -0.6795)  ( 4.00     0.4481)  ( 0.00     1.0849)
 A1.u :1...1         ( 0.00     2.3078)
 A2.u :1...2         ( 2.00     0.2738)  ( 0.00     0.6269)
 B1.u :1...2         ( 2.00     0.5151)  ( 0.00     1.2720)
 B2.u :1...1         ( 0.00     1.5312)
 E1.u :1...4         ( 4.00    -0.2099)  ( 4.00     0.3481)  ( 4.00     0.4938)  ( 0.00     0.6417)

 CYCLE    3
  SDIIS (wt  0.000):  0.2657  0.0780  0.6563
 A-DIIS (wt  1.000):  0.3533  0.0068  0.6399
  DIIS coefficients:  0.3533  0.0068  0.6399
 SCF Error: norm([F,P])=      0.498372491562, max([F,P])=      0.105141836806
 orbitals (Q,E):
 ---------------
 A1.g :1...4         ( 2.00    -1.0356)  ( 2.00    -0.6035)  ( 2.00     0.0306)  ( 0.00     0.4007)
 A2.g :1...1         ( 0.00     0.4025)
 B1.g :1...3         ( 2.00    -0.9904)  ( 2.00     0.0850)  ( 0.00     0.6563)
 B2.g :1...4         ( 2.00    -1.0706)  ( 2.00    -0.1960)  ( 2.00     0.3165)  ( 0.00     0.6697)
 E1.g :1...3         ( 4.00    -0.9922)  ( 4.00     0.1815)  ( 0.00     0.7769)
 A1.u :1...1         ( 0.00     2.0390)
 A2.u :1...3         ( 2.00    -0.0116)  ( 2.00     0.3220)  ( 0.00     0.5689)
 B1.u :1...2         ( 2.00     0.2621)  ( 0.00     0.9632)
 B2.u :1...1         ( 0.00     1.2471)
 E1.u :1...4         ( 4.00    -0.4506)  ( 4.00     0.1046)  ( 4.00     0.2465)  ( 0.00     0.3552)

 CYCLE    4
  SDIIS (wt  0.000): -0.0810  0.8395  0.2415
 A-DIIS (wt  1.000):  0.0000  0.9632  0.0368
  DIIS coefficients:  0.0000  0.9632  0.0368
 SCF Error: norm([F,P])=      2.116341804017, max([F,P])=      0.474108694254
 orbitals (Q,E):
 ---------------
 A1.g :1...4         ( 2.00    -1.4724)  ( 2.00    -0.9694)  ( 2.00    -0.2808)  ( 0.00     0.0986)
 A2.g :1...1         ( 0.00     0.0822)
 B1.g :1...3         ( 2.00    -1.4361)  ( 2.00    -0.2419)  ( 0.00     0.3701)
 B2.g :1...4         ( 2.00    -1.5123)  ( 2.00    -0.5316)  ( 2.00    -0.0203)  ( 0.00     0.3890)
 E1.g :1...3         ( 4.00    -1.4351)  ( 4.00    -0.1498)  ( 0.00     0.4807)
 A1.u :1...1         ( 0.00     1.7271)
 A2.u :1...3         ( 2.00    -0.3502)  ( 2.00     0.0798)  ( 0.00     0.2436)
 B1.u :1...2         ( 2.00    -0.0670)  ( 0.00     0.6646)
 B2.u :1...1         ( 0.00     0.9329)
 E1.u :1...4         ( 4.00    -0.8031)  ( 4.00    -0.2086)  ( 4.00    -0.0663)  ( 0.00     0.1020)

 CYCLE    5
  SDIIS (wt  0.000):  0.0004  0.7030 -0.1897  0.4863
 A-DIIS (wt  1.000):  0.0000  0.8890  0.0000  0.1110
  DIIS coefficients:  0.0000  0.8890  0.0000  0.1110
 SCF Error: norm([F,P])=      1.331721087941, max([F,P])=      0.268161341909
 orbitals (Q,E):
 ---------------
 A1.g :1...4         ( 2.00    -1.4696)  ( 2.00    -0.9854)  ( 2.00    -0.3004)  ( 0.00     0.0921)
 A2.g :1...2         ( 2.00     0.0563)  ( 0.00     0.8632)
 B1.g :1...3         ( 2.00    -1.4331)  ( 2.00    -0.2627)  ( 0.00     0.3629)
 B2.g :1...4         ( 2.00    -1.5117)  ( 2.00    -0.5531)  ( 2.00    -0.0386)  ( 0.00     0.3795)
 E1.g :1...3         ( 4.00    -1.4305)  ( 4.00    -0.1680)  ( 0.00     0.4707)
 A1.u :1...1         ( 0.00     1.7097)
 A2.u :1...2         ( 2.00    -0.3642)  ( 0.00     0.0759)
 B1.u :1...2         ( 2.00    -0.0883)  ( 0.00     0.6542)
 B2.u :1...1         ( 0.00     0.9183)
 E1.u :1...4         ( 4.00    -0.8240)  ( 4.00    -0.2295)  ( 4.00    -0.0876)  ( 0.00     0.0969)

 CYCLE    6
  SDIIS (wt  0.022):  0.0111  0.4489  0.0022  0.0232  0.5145
 A-DIIS (wt  0.978):  0.0000  0.2590  0.0000  0.0000  0.7410
  DIIS coefficients:  0.0002  0.2632  0.0000  0.0005  0.7360
 SCF Error: norm([F,P])=      0.391402505591, max([F,P])=      0.097843480495
 orbitals (Q,E):
 ---------------
 A1.g :1...4         ( 2.00    -1.3474)  ( 2.00    -0.9451)  ( 2.00    -0.3014)  ( 0.00     0.1054)
 A2.g :1...2         ( 2.00     0.0542)  ( 0.00     0.8617)
 B1.g :1...3         ( 2.00    -1.3046)  ( 2.00    -0.2495)  ( 0.00     0.3669)
 B2.g :1...4         ( 2.00    -1.3944)  ( 2.00    -0.5421)  ( 2.00    -0.0231)  ( 0.00     0.3753)
 E1.g :1...3         ( 4.00    -1.2993)  ( 4.00    -0.1597)  ( 0.00     0.4713)
 A1.u :1...1         ( 0.00     1.7146)
 A2.u :1...2         ( 2.00    -0.3439)  ( 0.00     0.0793)
 B1.u :1...2         ( 2.00    -0.0876)  ( 0.00     0.6540)
 B2.u :1...1         ( 0.00     0.9286)
 E1.u :1...4         ( 4.00    -0.8034)  ( 4.00    -0.2316)  ( 4.00    -0.0840)  ( 0.00     0.0960)

 CYCLE    7
  SDIIS (wt  0.333): -0.0022  0.1026 -0.0199  0.0263  0.3644  0.5288
 A-DIIS (wt  0.667):  0.0000  0.0000  0.0000  0.0000  0.1994  0.8006
  DIIS coefficients: -0.0007  0.0341 -0.0066  0.0088  0.2543  0.7101
 SCF Error: norm([F,P])=      0.223883190596, max([F,P])=      0.067059365308
 orbitals (Q,E):
 ---------------
 A1.g :1...4         ( 2.00    -1.4156)  ( 2.00    -0.9706)  ( 2.00    -0.3085)  ( 0.00     0.0979)
 A2.g :1...2         ( 2.00     0.0468)  ( 0.00     0.8586)
 B1.g :1...3         ( 2.00    -1.3769)  ( 2.00    -0.2622)  ( 0.00     0.3622)
 B2.g :1...4         ( 2.00    -1.4607)  ( 2.00    -0.5558)  ( 2.00    -0.0391)  ( 0.00     0.3729)
 E1.g :1...3         ( 4.00    -1.3726)  ( 4.00    -0.1698)  ( 0.00     0.4674)
 A1.u :1...1         ( 0.00     1.7082)
 A2.u :1...2         ( 2.00    -0.3574)  ( 0.00     0.0777)
 B1.u :1...2         ( 2.00    -0.0950)  ( 0.00     0.6506)
 B2.u :1...1         ( 0.00     0.9208)
 E1.u :1...4         ( 4.00    -0.8197)  ( 4.00    -0.2386)  ( 4.00    -0.0924)  ( 0.00     0.0944)

 CYCLE    8
  SDIIS (wt  0.704):  0.0001  0.0032  0.0007  0.0028  0.1291  0.4016  0.4627
 A-DIIS (wt  0.296):  0.0000  0.0000  0.0000  0.0000  0.0000  0.2078  0.7922
  DIIS coefficients:  0.0000  0.0022  0.0005  0.0020  0.0909  0.3442  0.5602
 SCF Error: norm([F,P])=      0.106389374016, max([F,P])=      0.030294912623
 orbitals (Q,E):
 ---------------
 A1.g :1...4         ( 2.00    -1.3909)  ( 2.00    -0.9592)  ( 2.00    -0.3026)  ( 0.00     0.1012)
 A2.g :1...2         ( 2.00     0.0536)  ( 0.00     0.8614)
 B1.g :1...3         ( 2.00    -1.3509)  ( 2.00    -0.2547)  ( 0.00     0.3649)
 B2.g :1...4         ( 2.00    -1.4362)  ( 2.00    -0.5471)  ( 2.00    -0.0300)  ( 0.00     0.3756)
 E1.g :1...3         ( 4.00    -1.3465)  ( 4.00    -0.1630)  ( 0.00     0.4706)
 A1.u :1...1         ( 0.00     1.7129)
 A2.u :1...2         ( 2.00    -0.3504)  ( 0.00     0.0788)
 B1.u :1...2         ( 2.00    -0.0885)  ( 0.00     0.6536)
 B2.u :1...1         ( 0.00     0.9253)
 E1.u :1...4         ( 4.00    -0.8105)  ( 4.00    -0.2324)  ( 4.00    -0.0860)  ( 0.00     0.0960)

 CYCLE    9
  SDIIS (wt  0.966): -0.0001  0.0006 -0.0007  0.0004  0.0490  0.1952  0.3249  0.4307
 A-DIIS (wt  0.034):  0.0000  0.0000  0.0000  0.0000  0.0000  0.0000  0.0821  0.9179
  DIIS coefficients: -0.0001  0.0005 -0.0007  0.0004  0.0473  0.1885  0.3166  0.4475
 SCF Error: norm([F,P])=      0.026228808765, max([F,P])=      0.004408442907
 orbitals (Q,E):
 ---------------
 A1.g :1...4         ( 2.00    -1.3946)  ( 2.00    -0.9618)  ( 2.00    -0.3043)  ( 0.00     0.1005)
 A2.g :1...2         ( 2.00     0.0515)  ( 0.00     0.8605)
 B1.g :1...3         ( 2.00    -1.3548)  ( 2.00    -0.2567)  ( 0.00     0.3642)
 B2.g :1...4         ( 2.00    -1.4401)  ( 2.00    -0.5494)  ( 2.00    -0.0323)  ( 0.00     0.3747)
 E1.g :1...3         ( 4.00    -1.3503)  ( 4.00    -0.1649)  ( 0.00     0.4696)
 A1.u :1...1         ( 0.00     1.7115)
 A2.u :1...2         ( 2.00    -0.3522)  ( 0.00     0.0785)
 B1.u :1...2         ( 2.00    -0.0905)  ( 0.00     0.6527)
 B2.u :1...1         ( 0.00     0.9241)
 E1.u :1...4         ( 4.00    -0.8130)  ( 4.00    -0.2343)  ( 4.00    -0.0879)  ( 0.00     0.0955)

 CYCLE   10
  SDIIS (wt  1.000):  0.0000  0.0002 -0.0001  0.0000  0.0019  0.0130  0.0294  0.0895  0.8661
  DIIS coefficients:  0.0000  0.0002 -0.0001  0.0000  0.0019  0.0130  0.0294  0.0895  0.8661
 SCF Error: norm([F,P])=      0.001155211654, max([F,P])=      0.000193389366
 orbitals (Q,E):
 ---------------
 A1.g :1...4         ( 2.00    -1.3944)  ( 2.00    -0.9617)  ( 2.00    -0.3043)  ( 0.00     0.1005)
 A2.g :1...2         ( 2.00     0.0516)  ( 0.00     0.8605)
 B1.g :1...3         ( 2.00    -1.3546)  ( 2.00    -0.2566)  ( 0.00     0.3642)
 B2.g :1...4         ( 2.00    -1.4399)  ( 2.00    -0.5493)  ( 2.00    -0.0322)  ( 0.00     0.3748)
 E1.g :1...3         ( 4.00    -1.3501)  ( 4.00    -0.1648)  ( 0.00     0.4697)
 A1.u :1...1         ( 0.00     1.7115)
 A2.u :1...2         ( 2.00    -0.3521)  ( 0.00     0.0785)
 B1.u :1...2         ( 2.00    -0.0905)  ( 0.00     0.6527)
 B2.u :1...1         ( 0.00     0.9241)
 E1.u :1...4         ( 4.00    -0.8129)  ( 4.00    -0.2342)  ( 4.00    -0.0879)  ( 0.00     0.0955)

 CYCLE   11
  SDIIS (wt  1.000):  0.0000  0.0000 -0.0000  0.0000 -0.0002  0.0000  0.0017  0.0080  0.0414  0.9491
  DIIS coefficients:  0.0000  0.0000 -0.0000  0.0000 -0.0002  0.0000  0.0017  0.0080  0.0414  0.9491
 SCF Error: norm([F,P])=      0.000046499803, max([F,P])=      0.000008064904
 orbitals (Q,E):
 ---------------
 A1.g :1...4         ( 2.00    -1.3944)  ( 2.00    -0.9617)  ( 2.00    -0.3043)  ( 0.00     0.1005)
 A2.g :1...2         ( 2.00     0.0516)  ( 0.00     0.8605)
 B1.g :1...3         ( 2.00    -1.3546)  ( 2.00    -0.2566)  ( 0.00     0.3642)
 B2.g :1...4         ( 2.00    -1.4399)  ( 2.00    -0.5493)  ( 2.00    -0.0322)  ( 0.00     0.3748)
 E1.g :1...3         ( 4.00    -1.3501)  ( 4.00    -0.1648)  ( 0.00     0.4697)
 A1.u :1...1         ( 0.00     1.7115)
 A2.u :1...2         ( 2.00    -0.3521)  ( 0.00     0.0785)
 B1.u :1...2         ( 2.00    -0.0905)  ( 0.00     0.6527)
 B2.u :1...1         ( 0.00     0.9241)
 E1.u :1...4         ( 4.00    -0.8129)  ( 4.00    -0.2342)  ( 4.00    -0.0879)  ( 0.00     0.0955)

 CYCLE   12
  SDIIS (wt  1.000): -0.0000  0.0000 -0.0000 -0.0000  0.0000  0.0001  0.0005  0.0011  0.0398  0.9585
  DIIS coefficients: -0.0000  0.0000 -0.0000 -0.0000  0.0000  0.0001  0.0005  0.0011  0.0398  0.9585
 SCF Error: norm([F,P])=      0.000003330830, max([F,P])=      0.000000629707
 orbitals (Q,E):
 ---------------
 A1.g :1...4         ( 2.00    -1.3944)  ( 2.00    -0.9617)  ( 2.00    -0.3043)  ( 0.00     0.1005)
 A2.g :1...2         ( 2.00     0.0516)  ( 0.00     0.8605)
 B1.g :1...3         ( 2.00    -1.3546)  ( 2.00    -0.2566)  ( 0.00     0.3642)
 B2.g :1...4         ( 2.00    -1.4399)  ( 2.00    -0.5493)  ( 2.00    -0.0322)  ( 0.00     0.3748)
 E1.g :1...3         ( 4.00    -1.3501)  ( 4.00    -0.1648)  ( 0.00     0.4697)
 A1.u :1...1         ( 0.00     1.7115)
 A2.u :1...2         ( 2.00    -0.3521)  ( 0.00     0.0785)
 B1.u :1...2         ( 2.00    -0.0905)  ( 0.00     0.6527)
 B2.u :1...1         ( 0.00     0.9241)
 E1.u :1...4         ( 4.00    -0.8129)  ( 4.00    -0.2342)  ( 4.00    -0.0879)  ( 0.00     0.0955)

 SCF CONVERGED
 cosmo_calcen: 0.5 (esolb+esolc) (Hartrees) =   -0.882589

 Solvation energy (screening term,uncorrected) =   -553.833103 kcal/mol

 Solvation energy (dispersion and cavitation terms) =      0.559488 kcal/mol
 Solvation Energy Contributions (Hartrees)
          esola   esolb+esolc
     0.88258914   -1.76517827
 esol last cycle   -0.88258914

 CYCLE   13
 *** Using FIT density in Focky
  SDIIS (wt  1.000): -0.0000  0.0000 -0.0000 -0.0000  0.0000  0.0000  0.0000 -0.0002  0.1490  0.8512
  DIIS coefficients: -0.0000  0.0000 -0.0000 -0.0000  0.0000  0.0000  0.0000 -0.0002  0.1490  0.8512
 SCF Error: norm([F,P])=      0.000000536727, max([F,P])=      0.000000117255
 orbitals (Q,E):
 ---------------
 A1.g :1...13        ( 2.00    -1.3944)  ( 2.00    -0.9617)  ( 2.00    -0.3043)  ( 0.00     0.1005)
                     ( 0.00     0.3124)  ( 0.00     0.5648)  ( 0.00     1.0380)  ( 0.00     1.3785)
                     ( 0.00     1.6363)  ( 0.00     2.2539)  ( 0.00     3.0600)  ( 0.00     3.5586)
                     ( 0.00     7.3062)
 A2.g :1...4         ( 2.00     0.0516)  ( 0.00     0.8605)  ( 0.00     2.5203)  ( 0.00     5.0392)
 B1.g :1...8         ( 2.00    -1.3546)  ( 2.00    -0.2566)  ( 0.00     0.3642)  ( 0.00     1.0801)
                     ( 0.00     1.7507)  ( 0.00     3.1179)  ( 0.00     4.7823)  ( 0.00    16.7955)
 B2.g :1...12        ( 2.00    -1.4399)  ( 2.00    -0.5493)  ( 2.00    -0.0322)  ( 0.00     0.3748)
                     ( 0.00     1.0396)  ( 0.00     1.9699)  ( 0.00     2.5129)  ( 0.00     2.7182)
                     ( 0.00     4.1364)  ( 0.00     7.0984)  ( 0.00    19.5841)  ( 0.00    36.1525)
 E1.g :1...9         ( 4.00    -1.3501)  ( 4.00    -0.1648)  ( 0.00     0.4697)  ( 0.00     0.6840)
                     ( 0.00     1.5096)  ( 0.00     2.0080)  ( 0.00     2.7907)  ( 0.00     4.4820)
                     ( 0.00    16.3394)
 A1.u :1...1         ( 0.00     1.7115)
 A2.u :1...7         ( 2.00    -0.3521)  ( 0.00     0.0785)  ( 0.00     0.2441)  ( 0.00     0.6696)
                     ( 0.00     1.0875)  ( 0.00     1.8212)  ( 0.00     4.6292)
 B1.u :1...4         ( 2.00    -0.0905)  ( 0.00     0.6527)  ( 0.00     1.7106)  ( 0.00     4.5112)
 B2.u :1...1         ( 0.00     0.9241)
 E1.u :1...13        ( 4.00    -0.8129)  ( 4.00    -0.2342)  ( 4.00    -0.0879)  ( 0.00     0.0955)
                     ( 0.00     0.5135)  ( 0.00     0.6307)  ( 0.00     0.7378)  ( 0.00     1.2867)
                     ( 0.00     1.4286)  ( 0.00     2.2168)  ( 0.00     2.5893)  ( 0.00     2.9608)
                     ( 0.00     4.6834)
 cosmo_calcen: 0.5 (esolb+esolc) (Hartrees) =   -0.882589

 Solvation energy (screening term,uncorrected) =   -553.833116 kcal/mol

 Solvation energy (dispersion and cavitation terms) =      0.559488 kcal/mol
 Solvation Energy Contributions (Hartrees)
          esola   esolb+esolc
     0.88258916   -1.76517831
 esol last cycle   -0.88258916


 Fit test: (difference of exact and fit density, squared integrated, result summed over spins)
         SCF:                                          0.00005063387657

 Gross Charges per Atom (Z minus electrons)
 ==========================================
             2.3769   -1.3442   -1.3442   -1.3442   -1.3442
 Net Total: -3.00000000



 =================================================================
 M U L T I P O L E   D E R I V E D   C H A R G E   A N A L Y S I S
 =================================================================

 See: M. Swart, P.Th. van Duijnen, J.G. Snijders, J.Comput.Chem., (2001), p. 79-88.

 --------------------------------------- 
 Multipole derived atomic charges (a.u.)
 --------------------------------------- 

        Atom    Level:     MDC-m        MDC-d        MDC-q
 ---------------------------------------------------------
     1     As           2.764097     2.916651     3.853628
     2     O           -1.441024    -1.479163    -1.713407
     3     O           -1.441024    -1.479163    -1.713407
     4     O           -1.441024    -1.479163    -1.713407
     5     O           -1.441024    -1.479163    -1.713407
 *** Using NEW gradient routines ***


 Geometry CYCLE 4
 ==============

 Energy gradients wrt nuclear displacements
 ==========================================

     Atom      Cartesian (a.u./angstrom)
                 X         Y         Z
 ----------------------------------------
     1 As    0.000000  0.000000 -0.000000
     2 O    -1.769892 -1.769892  0.000000
     3 O     1.769892  1.769892  0.000000
     4 O     1.769892 -1.769892  0.000000
     5 O    -1.769892  1.769892  0.000000
 ----------------------------------------

 dE(predicted):    -0.13512E+01, dE(actual):    -0.20075E+01, Trust radius:    1.788854, all in a.u.
 
----------------------------------------------------------------------
Geometry Convergence after Step   4       (Hartree/Angstrom,Angstrom)
----------------------------------------------------------------------
current energy                                0.20335762 Hartree
energy change                      -2.00751700     0.00100000    F
constrained gradient max            1.76989236     0.00100000    F
constrained gradient rms            1.29254663     0.00066667    F
gradient max                        1.76989236
gradient rms                        1.29254663
cart. step max                      0.10284299     0.01000000    F
cart. step rms                      0.07510590     0.00666667    F
 


 Coordinates (Cartesian)
 =======================

     Atom                    bohr                                 angstrom                 Geometric Variables
                   X           Y           Z              X           Y           Z       (0:frozen, *:LT par.)
 --------------------------------------------------------------------------------------------------------------
     1 As     -0.000000    0.000000    0.000000      -0.000000    0.000000    0.000000      1       2       3
     2 O       1.895760    1.895760   -0.000000       1.003193    1.003193   -0.000000      4       5       6
     3 O      -1.895760   -1.895760   -0.000000      -1.003193   -1.003193   -0.000000      7       8       9
     4 O      -1.895760    1.895760   -0.000000      -1.003193    1.003193   -0.000000     10      11      12
     5 O       1.895760   -1.895760   -0.000000       1.003193   -1.003193   -0.000000     13      14      15
 --------------------------------------------------------------------------------------------------------------

 Number of elements of the density matrix on this node (used, total):      1035      7381



 ===========================================
 Numerical Integration : Fuzzy Cells (Becke)
 ===========================================
  
 Becke grid quality: GOOD           
  
 Lebedev angular grid order:             min:  11 max:  35
 Nr. of radial points:                   min:  58 max:  80

 Total nr. of points:      88672
 Nr. of blocks:              704
 Block length:               126
 Nr. of dummy points:         32


 Test of Precision of the Numerical Integration Grid
 ===================================================

 Integral of the Total Core Density:                  26.00023483781221
 Relative Error:                                       9.032E-06


 -------------------------------------------
  COSMO surface
  Area             =          320.200
  Volume           =          485.950
  Number of Points =          786
 -------------------------------------------



 ========================
 Density Fitting (zlmFit)
 ========================
  
 ZlmFit Fit Quality: GOOD           
  
 Max L-expansion:                        min:   8 max:   9
 Nr. of radial interpolation points:     min:  84 max: 132



 =====
 S C F  ***  ScaSCF  ***
 =====
  
 Initial density matrix is taken from previous geometry

 CYCLE    1
 SCF Error: norm([F,P])=      0.774115832329, max([F,P])=      0.145099842875
 orbitals (Q,E):
 ---------------
 A1.g :1...13        ( 2.00    -0.4498)  ( 2.00    -0.0021)  ( 2.00     0.5211)  ( 0.00     0.8417)
                     ( 0.00     1.0662)  ( 0.00     1.2670)  ( 0.00     1.7735)  ( 0.00     2.1891)
                     ( 0.00     2.3663)  ( 0.00     3.0562)  ( 0.00     3.6360)  ( 0.00     4.1708)
                     ( 0.00     7.4744)
 A2.g :1...4         ( 0.00     0.8937)  ( 0.00     1.6248)  ( 0.00     3.1305)  ( 0.00     5.7220)
 B1.g :1...8         ( 2.00    -0.4043)  ( 2.00     0.6512)  ( 0.00     1.1728)  ( 0.00     1.7651)
                     ( 0.00     2.8762)  ( 0.00     3.7042)  ( 0.00     5.5973)  ( 0.00    17.3535)
 B2.g :1...12        ( 2.00    -0.4444)  ( 2.00     0.2860)  ( 2.00     0.7773)  ( 0.00     1.1125)
                     ( 0.00     1.8498)  ( 0.00     2.5964)  ( 0.00     3.0427)  ( 0.00     3.4455)
                     ( 0.00     4.7000)  ( 0.00     7.1988)  ( 0.00    19.3161)  ( 0.00    36.5184)
 E1.g :1...9         ( 4.00    -0.4252)  ( 4.00     0.7004)  ( 0.00     1.2669)  ( 0.00     1.4194)
                     ( 0.00     2.2714)  ( 0.00     2.8854)  ( 0.00     3.4491)  ( 0.00     5.2077)
                     ( 0.00    17.0274)
 A1.u :1...1         ( 0.00     2.4215)
 A2.u :1...7         ( 2.00     0.5268)  ( 2.00     0.7157)  ( 0.00     0.9840)  ( 0.00     1.4553)
                     ( 0.00     1.8890)  ( 0.00     2.4933)  ( 0.00     5.4703)
 B1.u :1...4         ( 2.00     0.7697)  ( 0.00     1.4292)  ( 0.00     2.4051)  ( 0.00     5.3452)
 B2.u :1...1         ( 0.00     1.8145)
 E1.u :1...13        ( 4.00     0.1305)  ( 4.00     0.6094)  ( 4.00     0.7191)  ( 0.00     0.8243)
                     ( 0.00     1.2347)  ( 0.00     1.4317)  ( 0.00     1.5679)  ( 0.00     1.9551)
                     ( 0.00     2.1228)  ( 0.00     2.9405)  ( 0.00     3.1577)  ( 0.00     3.6446)
                     ( 0.00     5.5580)

 CYCLE    2
  SDIIS (wt  0.000):  0.8491  0.1509
 A-DIIS (wt  1.000):  0.8316  0.1684
  DIIS coefficients:  0.8316  0.1684
 SCF Error: norm([F,P])=      3.427682223230, max([F,P])=      0.880618140370
 orbitals (Q,E):
 ---------------
 A1.g :1...4         ( 2.00    -0.7651)  ( 2.00    -0.3133)  ( 2.00     0.2492)  ( 0.00     0.6589)
 A2.g :1...2         ( 2.00     0.5812)  ( 0.00     1.4129)
 B1.g :1...3         ( 2.00    -0.7293)  ( 2.00     0.3592)  ( 0.00     0.9753)
 B2.g :1...4         ( 2.00    -0.7725)  ( 2.00    -0.0250)  ( 2.00     0.4879)  ( 0.00     0.9206)
 E1.g :1...3         ( 4.00    -0.7408)  ( 4.00     0.4263)  ( 0.00     1.0534)
 A1.u :1...1         ( 0.00     2.1632)
 A2.u :1...2         ( 2.00     0.2799)  ( 0.00     0.5878)
 B1.u :1...2         ( 2.00     0.4825)  ( 0.00     1.2177)
 B2.u :1...1         ( 0.00     1.5672)
 E1.u :1...4         ( 4.00    -0.1882)  ( 4.00     0.3324)  ( 4.00     0.4826)  ( 0.00     0.6259)

 CYCLE    3
  SDIIS (wt  0.000):  0.2627  0.0477  0.6897
 A-DIIS (wt  1.000):  0.2924  0.0000  0.7076
  DIIS coefficients:  0.2924  0.0000  0.7076
 SCF Error: norm([F,P])=      0.309228195764, max([F,P])=      0.089303598895
 orbitals (Q,E):
 ---------------
 A1.g :1...4         ( 2.00    -1.1624)  ( 2.00    -0.6529)  ( 2.00    -0.0824)  ( 0.00     0.2971)
 A2.g :1...2         ( 2.00     0.2607)  ( 0.00     1.0551)
 B1.g :1...3         ( 2.00    -1.1306)  ( 2.00     0.0235)  ( 0.00     0.6114)
 B2.g :1...4         ( 2.00    -1.1692)  ( 2.00    -0.3534)  ( 2.00     0.1556)  ( 0.00     0.5749)
 E1.g :1...3         ( 4.00    -1.1416)  ( 4.00     0.0884)  ( 0.00     0.7037)
 A1.u :1...1         ( 0.00     1.8157)
 A2.u :1...2         ( 2.00    -0.0683)  ( 0.00     0.2663)
 B1.u :1...2         ( 2.00     0.1518)  ( 0.00     0.8654)
 B2.u :1...1         ( 0.00     1.2125)
 E1.u :1...4         ( 4.00    -0.5185)  ( 4.00     0.0040)  ( 4.00     0.1504)  ( 0.00     0.2979)

 CYCLE    4
  SDIIS (wt  0.000): -0.1726  1.1726
 A-DIIS (wt  1.000):  0.0000  1.0000
  DIIS coefficients:  0.0000  1.0000
 SCF Error: norm([F,P])=      0.648776382217, max([F,P])=      0.134051314926
 orbitals (Q,E):
 ---------------
 A1.g :1...4         ( 2.00    -1.4626)  ( 2.00    -1.0273)  ( 2.00    -0.4406)  ( 0.00     0.0325)
 A2.g :1...2         ( 2.00    -0.1400)  ( 0.00     0.7627)
 B1.g :1...3         ( 2.00    -1.4386)  ( 2.00    -0.3492)  ( 0.00     0.3361)
 B2.g :1...4         ( 2.00    -1.4868)  ( 2.00    -0.7451)  ( 2.00    -0.2237)  ( 0.00     0.3103)
 E1.g :1...3         ( 4.00    -1.4391)  ( 4.00    -0.2770)  ( 0.00     0.4065)
 A1.u :1...1         ( 0.00     1.4813)
 A2.u :1...2         ( 2.00    -0.4034)  ( 0.00     0.0483)
 B1.u :1...2         ( 2.00    -0.2288)  ( 0.00     0.5761)
 B2.u :1...1         ( 0.00     0.8914)
 E1.u :1...4         ( 4.00    -0.9119)  ( 4.00    -0.3662)  ( 4.00    -0.2275)  ( 0.00     0.0759)

 CYCLE    5
  SDIIS (wt  0.000): -0.0245  0.7236  0.3009
 A-DIIS (wt  1.000):  0.0000  0.7267  0.2733
  DIIS coefficients:  0.0000  0.7267  0.2733
 SCF Error: norm([F,P])=      1.317274050679, max([F,P])=      0.253335144324
 orbitals (Q,E):
 ---------------
 A1.g :1...4         ( 2.00    -1.4117)  ( 2.00    -0.9398)  ( 2.00    -0.3587)  ( 0.00     0.0650)
 A2.g :1...2         ( 2.00    -0.0362)  ( 0.00     0.8059)
 B1.g :1...3         ( 2.00    -1.3846)  ( 2.00    -0.2620)  ( 0.00     0.3707)
 B2.g :1...4         ( 2.00    -1.4278)  ( 2.00    -0.6466)  ( 2.00    -0.1293)  ( 0.00     0.3436)
 E1.g :1...3         ( 4.00    -1.3901)  ( 4.00    -0.1914)  ( 0.00     0.4552)
 A1.u :1...1         ( 0.00     1.5452)
 A2.u :1...2         ( 2.00    -0.3345)  ( 0.00     0.0759)
 B1.u :1...2         ( 2.00    -0.1350)  ( 0.00     0.6197)
 B2.u :1...1         ( 0.00     0.9474)
 E1.u :1...4         ( 4.00    -0.8136)  ( 4.00    -0.2775)  ( 4.00    -0.1342)  ( 0.00     0.0943)

 CYCLE    6
  SDIIS (wt  0.401): -0.0014  0.0439  0.2339 -0.0752  0.7988
 A-DIIS (wt  0.599):  0.0000  0.3940  0.1111  0.0000  0.4949
  DIIS coefficients: -0.0005  0.2537  0.1603 -0.0301  0.6167
 SCF Error: norm([F,P])=      0.301310825819, max([F,P])=      0.060329574910
 orbitals (Q,E):
 ---------------
 A1.g :1...4         ( 2.00    -1.3947)  ( 2.00    -0.9020)  ( 2.00    -0.3245)  ( 0.00     0.0792)
 A2.g :1...2         ( 2.00     0.0066)  ( 0.00     0.8253)
 B1.g :1...3         ( 2.00    -1.3665)  ( 2.00    -0.2254)  ( 0.00     0.3868)
 B2.g :1...4         ( 2.00    -1.4073)  ( 2.00    -0.6059)  ( 2.00    -0.0914)  ( 0.00     0.3589)
 E1.g :1...3         ( 4.00    -1.3740)  ( 4.00    -0.1568)  ( 0.00     0.4764)
 A1.u :1...1         ( 0.00     1.5738)
 A2.u :1...2         ( 2.00    -0.3056)  ( 0.00     0.0833)
 B1.u :1...2         ( 2.00    -0.0969)  ( 0.00     0.6391)
 B2.u :1...1         ( 0.00     0.9731)
 E1.u :1...4         ( 4.00    -0.7719)  ( 4.00    -0.2408)  ( 4.00    -0.0965)  ( 0.00     0.1033)

 CYCLE    7
  SDIIS (wt  0.766):  0.0019  0.2058 -0.1638  0.0188 -0.0715  1.0087
 A-DIIS (wt  0.234):  0.0000  0.0000  0.0000  0.0000  0.1659  0.8341
  DIIS coefficients:  0.0014  0.1576 -0.1254  0.0144 -0.0158  0.9678
 SCF Error: norm([F,P])=      0.141838443337, max([F,P])=      0.024208458773
 orbitals (Q,E):
 ---------------
 A1.g :1...4         ( 2.00    -1.3838)  ( 2.00    -0.9083)  ( 2.00    -0.3325)  ( 0.00     0.0775)
 A2.g :1...2         ( 2.00    -0.0044)  ( 0.00     0.8206)
 B1.g :1...3         ( 2.00    -1.3554)  ( 2.00    -0.2333)  ( 0.00     0.3838)
 B2.g :1...4         ( 2.00    -1.3978)  ( 2.00    -0.6151)  ( 2.00    -0.1001)  ( 0.00     0.3548)
 E1.g :1...3         ( 4.00    -1.3623)  ( 4.00    -0.1649)  ( 0.00     0.4712)
 A1.u :1...1         ( 0.00     1.5677)
 A2.u :1...2         ( 2.00    -0.3108)  ( 0.00     0.0818)
 B1.u :1...2         ( 2.00    -0.1066)  ( 0.00     0.6342)
 B2.u :1...1         ( 0.00     0.9682)
 E1.u :1...4         ( 4.00    -0.7808)  ( 4.00    -0.2497)  ( 4.00    -0.1055)  ( 0.00     0.1013)

 CYCLE    8
  SDIIS (wt  0.942):  0.0001  0.0173 -0.0112  0.0043 -0.0006  0.2800  0.7101
 A-DIIS (wt  0.058):  0.0000  0.0000  0.0000  0.0000  0.0000  0.0399  0.9601
  DIIS coefficients:  0.0001  0.0163 -0.0106  0.0041 -0.0006  0.2661  0.7246
 SCF Error: norm([F,P])=      0.034653617611, max([F,P])=      0.006734666861
 orbitals (Q,E):
 ---------------
 A1.g :1...4         ( 2.00    -1.3873)  ( 2.00    -0.9069)  ( 2.00    -0.3308)  ( 0.00     0.0779)
 A2.g :1...2         ( 2.00    -0.0017)  ( 0.00     0.8218)
 B1.g :1...3         ( 2.00    -1.3589)  ( 2.00    -0.2313)  ( 0.00     0.3847)
 B2.g :1...4         ( 2.00    -1.4008)  ( 2.00    -0.6129)  ( 2.00    -0.0981)  ( 0.00     0.3557)
 E1.g :1...3         ( 4.00    -1.3660)  ( 4.00    -0.1629)  ( 0.00     0.4725)
 A1.u :1...1         ( 0.00     1.5694)
 A2.u :1...2         ( 2.00    -0.3097)  ( 0.00     0.0824)
 B1.u :1...2         ( 2.00    -0.1043)  ( 0.00     0.6354)
 B2.u :1...1         ( 0.00     0.9696)
 E1.u :1...4         ( 4.00    -0.7786)  ( 4.00    -0.2477)  ( 4.00    -0.1033)  ( 0.00     0.1019)

 CYCLE    9
  SDIIS (wt  1.000):  0.0000  0.0020 -0.0040  0.0024 -0.0125  0.0299  0.1514  0.8307
  DIIS coefficients:  0.0000  0.0020 -0.0040  0.0024 -0.0125  0.0299  0.1514  0.8307
 SCF Error: norm([F,P])=      0.003911854436, max([F,P])=      0.000730219098
 orbitals (Q,E):
 ---------------
 A1.g :1...4         ( 2.00    -1.3867)  ( 2.00    -0.9069)  ( 2.00    -0.3309)  ( 0.00     0.0780)
 A2.g :1...2         ( 2.00    -0.0019)  ( 0.00     0.8217)
 B1.g :1...3         ( 2.00    -1.3584)  ( 2.00    -0.2314)  ( 0.00     0.3846)
 B2.g :1...4         ( 2.00    -1.4003)  ( 2.00    -0.6131)  ( 2.00    -0.0983)  ( 0.00     0.3557)
 E1.g :1...3         ( 4.00    -1.3655)  ( 4.00    -0.1631)  ( 0.00     0.4724)
 A1.u :1...1         ( 0.00     1.5693)
 A2.u :1...2         ( 2.00    -0.3097)  ( 0.00     0.0824)
 B1.u :1...2         ( 2.00    -0.1045)  ( 0.00     0.6353)
 B2.u :1...1         ( 0.00     0.9695)
 E1.u :1...4         ( 4.00    -0.7788)  ( 4.00    -0.2478)  ( 4.00    -0.1035)  ( 0.00     0.1018)

 CYCLE   10
  SDIIS (wt  1.000): -0.0000 -0.0000  0.0000 -0.0000  0.0004 -0.0006 -0.0024  0.0019  1.0007
  DIIS coefficients: -0.0000 -0.0000  0.0000 -0.0000  0.0004 -0.0006 -0.0024  0.0019  1.0007
 SCF Error: norm([F,P])=      0.000061138516, max([F,P])=      0.000011253296
 orbitals (Q,E):
 ---------------
 A1.g :1...4         ( 2.00    -1.3868)  ( 2.00    -0.9069)  ( 2.00    -0.3309)  ( 0.00     0.0779)
 A2.g :1...2         ( 2.00    -0.0019)  ( 0.00     0.8217)
 B1.g :1...3         ( 2.00    -1.3584)  ( 2.00    -0.2314)  ( 0.00     0.3846)
 B2.g :1...4         ( 2.00    -1.4003)  ( 2.00    -0.6131)  ( 2.00    -0.0983)  ( 0.00     0.3557)
 E1.g :1...3         ( 4.00    -1.3655)  ( 4.00    -0.1631)  ( 0.00     0.4724)
 A1.u :1...1         ( 0.00     1.5693)
 A2.u :1...2         ( 2.00    -0.3097)  ( 0.00     0.0824)
 B1.u :1...2         ( 2.00    -0.1045)  ( 0.00     0.6353)
 B2.u :1...1         ( 0.00     0.9695)
 E1.u :1...4         ( 4.00    -0.7788)  ( 4.00    -0.2478)  ( 4.00    -0.1035)  ( 0.00     0.1018)

 CYCLE   11
  SDIIS (wt  1.000): -0.0000  0.0000 -0.0000 -0.0000  0.0000 -0.0001 -0.0005 -0.0009  0.1333  0.8682
  DIIS coefficients: -0.0000  0.0000 -0.0000 -0.0000  0.0000 -0.0001 -0.0005 -0.0009  0.1333  0.8682
 SCF Error: norm([F,P])=      0.000004218810, max([F,P])=      0.000000899639
 orbitals (Q,E):
 ---------------
 A1.g :1...4         ( 2.00    -1.3868)  ( 2.00    -0.9069)  ( 2.00    -0.3309)  ( 0.00     0.0779)
 A2.g :1...2         ( 2.00    -0.0019)  ( 0.00     0.8217)
 B1.g :1...3         ( 2.00    -1.3584)  ( 2.00    -0.2314)  ( 0.00     0.3846)
 B2.g :1...4         ( 2.00    -1.4003)  ( 2.00    -0.6131)  ( 2.00    -0.0983)  ( 0.00     0.3557)
 E1.g :1...3         ( 4.00    -1.3655)  ( 4.00    -0.1631)  ( 0.00     0.4724)
 A1.u :1...1         ( 0.00     1.5693)
 A2.u :1...2         ( 2.00    -0.3097)  ( 0.00     0.0824)
 B1.u :1...2         ( 2.00    -0.1045)  ( 0.00     0.6353)
 B2.u :1...1         ( 0.00     0.9695)
 E1.u :1...4         ( 4.00    -0.7788)  ( 4.00    -0.2478)  ( 4.00    -0.1035)  ( 0.00     0.1018)

 SCF CONVERGED
 cosmo_calcen: 0.5 (esolb+esolc) (Hartrees) =   -0.860268

 Solvation energy (screening term,uncorrected) =   -539.826384 kcal/mol

 Solvation energy (dispersion and cavitation terms) =      0.598748 kcal/mol
 Solvation Energy Contributions (Hartrees)
          esola   esolb+esolc
     0.86026801   -1.72053602
 esol last cycle   -0.86026801

 CYCLE   12
 *** Using FIT density in Focky
  SDIIS (wt  1.000):  0.0000  0.0000 -0.0000  0.0000 -0.0000  0.0000  0.0001  0.0005  0.0812  0.9183
  DIIS coefficients:  0.0000  0.0000 -0.0000  0.0000 -0.0000  0.0000  0.0001  0.0005  0.0812  0.9183
 SCF Error: norm([F,P])=      0.000000182493, max([F,P])=      0.000000042146
 orbitals (Q,E):
 ---------------
 A1.g :1...13        ( 2.00    -1.3868)  ( 2.00    -0.9069)  ( 2.00    -0.3309)  ( 0.00     0.0779)
                     ( 0.00     0.3048)  ( 0.00     0.4483)  ( 0.00     0.9002)  ( 0.00     1.3577)
                     ( 0.00     1.5242)  ( 0.00     2.2062)  ( 0.00     2.7785)  ( 0.00     3.2931)
                     ( 0.00     6.5412)
 A2.g :1...4         ( 2.00    -0.0019)  ( 0.00     0.8217)  ( 0.00     2.2633)  ( 0.00     4.8047)
 B1.g :1...8         ( 2.00    -1.3584)  ( 2.00    -0.2314)  ( 0.00     0.3846)  ( 0.00     0.8869)
                     ( 0.00     2.0423)  ( 0.00     2.8024)  ( 0.00     4.6776)  ( 0.00    16.3823)
 B2.g :1...12        ( 2.00    -1.4003)  ( 2.00    -0.6131)  ( 2.00    -0.0983)  ( 0.00     0.3557)
                     ( 0.00     1.0282)  ( 0.00     1.7283)  ( 0.00     2.1600)  ( 0.00     2.6061)
                     ( 0.00     3.8029)  ( 0.00     6.2612)  ( 0.00    18.3427)  ( 0.00    35.5579)
 E1.g :1...9         ( 4.00    -1.3655)  ( 4.00    -0.1631)  ( 0.00     0.4724)  ( 0.00     0.6058)
                     ( 0.00     1.4229)  ( 0.00     2.0513)  ( 0.00     2.5717)  ( 0.00     4.2953)
                     ( 0.00    16.0687)
 A1.u :1...1         ( 0.00     1.5693)
 A2.u :1...7         ( 2.00    -0.3097)  ( 0.00     0.0824)  ( 0.00     0.1659)  ( 0.00     0.6632)
                     ( 0.00     1.0894)  ( 0.00     1.6480)  ( 0.00     4.5633)
 B1.u :1...4         ( 2.00    -0.1045)  ( 0.00     0.6353)  ( 0.00     1.5557)  ( 0.00     4.4375)
 B2.u :1...1         ( 0.00     0.9695)
 E1.u :1...13        ( 4.00    -0.7788)  ( 4.00    -0.2478)  ( 4.00    -0.1035)  ( 0.00     0.1018)
                     ( 0.00     0.4842)  ( 0.00     0.6250)  ( 0.00     0.7420)  ( 0.00     1.0868)
                     ( 0.00     1.2680)  ( 0.00     2.0884)  ( 0.00     2.2854)  ( 0.00     2.7947)
                     ( 0.00     4.6454)
 cosmo_calcen: 0.5 (esolb+esolc) (Hartrees) =   -0.860268

 Solvation energy (screening term,uncorrected) =   -539.826386 kcal/mol

 Solvation energy (dispersion and cavitation terms) =      0.598748 kcal/mol
 Solvation Energy Contributions (Hartrees)
          esola   esolb+esolc
     0.86026801   -1.72053603
 esol last cycle   -0.86026801


 Fit test: (difference of exact and fit density, squared integrated, result summed over spins)
         SCF:                                          0.00003308485295

 Gross Charges per Atom (Z minus electrons)
 ==========================================
             1.9593   -1.2398   -1.2398   -1.2398   -1.2398
 Net Total: -3.00000000



 =================================================================
 M U L T I P O L E   D E R I V E D   C H A R G E   A N A L Y S I S
 =================================================================

 See: M. Swart, P.Th. van Duijnen, J.G. Snijders, J.Comput.Chem., (2001), p. 79-88.

 --------------------------------------- 
 Multipole derived atomic charges (a.u.)
 --------------------------------------- 

        Atom    Level:     MDC-m        MDC-d        MDC-q
 ---------------------------------------------------------
     1     As           2.543720     2.481874     2.799891
     2     O           -1.385930    -1.370468    -1.449973
     3     O           -1.385930    -1.370468    -1.449973
     4     O           -1.385930    -1.370468    -1.449973
     5     O           -1.385930    -1.370468    -1.449973
 *** Using NEW gradient routines ***


 Geometry CYCLE 5
 ==============

 Energy gradients wrt nuclear displacements
 ==========================================

     Atom      Cartesian (a.u./angstrom)
                 X         Y         Z
 ----------------------------------------
     1 As    0.000000  0.000000  0.000000
     2 O    -0.778125 -0.778125 -0.000000
     3 O     0.778125  0.778125 -0.000000
     4 O     0.778125 -0.778125 -0.000000
     5 O    -0.778125  0.778125 -0.000000
 ----------------------------------------

 dE(predicted):    -0.72808E+00, dE(actual):    -0.10019E+01, Trust radius:    1.788854, all in a.u.
 
----------------------------------------------------------------------
Geometry Convergence after Step   5       (Hartree/Angstrom,Angstrom)
----------------------------------------------------------------------
current energy                               -0.79854155 Hartree
energy change                      -1.00189916     0.00100000    F
constrained gradient max            0.77812513     0.00100000    F
constrained gradient rms            0.56826225     0.00066667    F
gradient max                        0.77812513
gradient rms                        0.56826225
cart. step max                      0.08068901     0.01000000    F
cart. step rms                      0.05892692     0.00666667    F
 


 Coordinates (Cartesian)
 =======================

     Atom                    bohr                                 angstrom                 Geometric Variables
                   X           Y           Z              X           Y           Z       (0:frozen, *:LT par.)
 --------------------------------------------------------------------------------------------------------------
     1 As      0.000000    0.000000    0.000000       0.000000    0.000000    0.000000      1       2       3
     2 O       2.048240    2.048240    0.000000       1.083882    1.083882    0.000000      4       5       6
     3 O      -2.048240   -2.048240    0.000000      -1.083882   -1.083882    0.000000      7       8       9
     4 O      -2.048240    2.048240    0.000000      -1.083882    1.083882    0.000000     10      11      12
     5 O       2.048240   -2.048240    0.000000       1.083882   -1.083882    0.000000     13      14      15
 --------------------------------------------------------------------------------------------------------------

 Number of elements of the density matrix on this node (used, total):      1035      7381



 ===========================================
 Numerical Integration : Fuzzy Cells (Becke)
 ===========================================
  
 Becke grid quality: GOOD           
  
 Lebedev angular grid order:             min:  11 max:  35
 Nr. of radial points:                   min:  58 max:  80

 Total nr. of points:      88672
 Nr. of blocks:              704
 Block length:               126
 Nr. of dummy points:         32


 Test of Precision of the Numerical Integration Grid
 ===================================================

 Integral of the Total Core Density:                  26.00024154383648
 Relative Error:                                       9.290E-06


 -------------------------------------------
  COSMO surface
  Area             =          335.414
  Volume           =          514.215
  Number of Points =          818
 -------------------------------------------



 ========================
 Density Fitting (zlmFit)
 ========================
  
 ZlmFit Fit Quality: GOOD           
  
 Max L-expansion:                        min:   8 max:   9
 Nr. of radial interpolation points:     min:  84 max: 132



 =====
 S C F  ***  ScaSCF  ***
 =====
  
 Initial density matrix is taken from previous geometry

 CYCLE    1
 SCF Error: norm([F,P])=      0.394416095226, max([F,P])=      0.090558065508
 orbitals (Q,E):
 ---------------
 A1.g :1...13        ( 2.00    -0.7465)  ( 2.00    -0.1943)  ( 2.00     0.3003)  ( 0.00     0.6667)
                     ( 0.00     0.9085)  ( 0.00     0.9861)  ( 0.00     1.4701)  ( 0.00     1.9624)
                     ( 0.00     2.1511)  ( 0.00     2.7697)  ( 0.00     3.2889)  ( 0.00     3.7844)
                     ( 0.00     6.6656)
 A2.g :1...4         ( 0.00     0.6441)  ( 0.00     1.4324)  ( 0.00     2.7296)  ( 0.00     5.3967)
 B1.g :1...8         ( 2.00    -0.7148)  ( 2.00     0.4555)  ( 0.00     1.0297)  ( 0.00     1.4198)
                     ( 0.00     2.7894)  ( 0.00     3.3523)  ( 0.00     5.2553)  ( 0.00    16.9302)
 B2.g :1...12        ( 2.00    -0.7357)  ( 2.00     0.0332)  ( 2.00     0.5392)  ( 0.00     0.9476)
                     ( 0.00     1.6692)  ( 0.00     2.2146)  ( 0.00     2.5515)  ( 0.00     3.2026)
                     ( 0.00     4.2837)  ( 0.00     6.4488)  ( 0.00    18.2684)  ( 0.00    35.8460)
 E1.g :1...9         ( 4.00    -0.7319)  ( 4.00     0.4994)  ( 0.00     1.0974)  ( 0.00     1.1830)
                     ( 0.00     2.0233)  ( 0.00     2.6569)  ( 0.00     3.1188)  ( 0.00     4.8945)
                     ( 0.00    16.6045)
 A1.u :1...1         ( 0.00     2.1420)
 A2.u :1...7         ( 2.00     0.3549)  ( 2.00     0.6050)  ( 0.00     0.7411)  ( 0.00     1.2682)
                     ( 0.00     1.7059)  ( 0.00     2.1946)  ( 0.00     5.1882)
 B1.u :1...4         ( 2.00     0.5522)  ( 0.00     1.2473)  ( 0.00     2.1118)  ( 0.00     5.0723)
 B2.u :1...1         ( 0.00     1.6632)
 E1.u :1...13        ( 4.00    -0.0791)  ( 4.00     0.4057)  ( 4.00     0.5509)  ( 0.00     0.6635)
                     ( 0.00     1.0650)  ( 0.00     1.2430)  ( 0.00     1.3385)  ( 0.00     1.6470)
                     ( 0.00     1.8780)  ( 0.00     2.6054)  ( 0.00     2.7562)  ( 0.00     3.3048)
                     ( 0.00     5.2990)

 CYCLE    2
  SDIIS (wt  0.000):  0.8605  0.1395
 A-DIIS (wt  1.000):  0.8395  0.1605
  DIIS coefficients:  0.8395  0.1605
 SCF Error: norm([F,P])=      1.756306403568, max([F,P])=      0.401534112899
 orbitals (Q,E):
 ---------------
 A1.g :1...4         ( 2.00    -0.9041)  ( 2.00    -0.3701)  ( 2.00     0.1349)  ( 0.00     0.5395)
 A2.g :1...2         ( 2.00     0.4577)  ( 0.00     1.2937)
 B1.g :1...3         ( 2.00    -0.8770)  ( 2.00     0.2809)  ( 0.00     0.8977)
 B2.g :1...4         ( 2.00    -0.8994)  ( 2.00    -0.1512)  ( 2.00     0.3647)  ( 0.00     0.8242)
 E1.g :1...3         ( 4.00    -0.8899)  ( 4.00     0.3324)  ( 0.00     0.9531)
 A1.u :1...1         ( 0.00     1.9837)
 A2.u :1...2         ( 2.00     0.2056)  ( 0.00     0.5083)
 B1.u :1...2         ( 2.00     0.3787)  ( 0.00     1.1107)
 B2.u :1...1         ( 0.00     1.5100)
 E1.u :1...4         ( 4.00    -0.2621)  ( 4.00     0.2352)  ( 4.00     0.3809)  ( 0.00     0.5546)

 CYCLE    3
  SDIIS (wt  0.000):  0.2214  0.0553  0.7233
 A-DIIS (wt  1.000):  0.2981  0.0000  0.7019
  DIIS coefficients:  0.2981  0.0000  0.7019
 SCF Error: norm([F,P])=      0.161195018185, max([F,P])=      0.040627311526
 orbitals (Q,E):
 ---------------
 A1.g :1...4         ( 2.00    -1.2173)  ( 2.00    -0.6618)  ( 2.00    -0.1565)  ( 0.00     0.2378)
 A2.g :1...2         ( 2.00     0.1714)  ( 0.00     0.9850)
 B1.g :1...3         ( 2.00    -1.1928)  ( 2.00    -0.0135)  ( 0.00     0.5865)
 B2.g :1...4         ( 2.00    -1.2143)  ( 2.00    -0.4395)  ( 2.00     0.0746)  ( 0.00     0.5255)
 E1.g :1...3         ( 4.00    -1.2043)  ( 4.00     0.0378)  ( 0.00     0.6533)
 A1.u :1...1         ( 0.00     1.6807)
 A2.u :1...2         ( 2.00    -0.0924)  ( 0.00     0.2386)
 B1.u :1...2         ( 2.00     0.0872)  ( 0.00     0.8078)
 B2.u :1...1         ( 0.00     1.2037)
 E1.u :1...4         ( 4.00    -0.5512)  ( 4.00    -0.0549)  ( 4.00     0.0889)  ( 0.00     0.2710)

 CYCLE    4
  SDIIS (wt  0.000): -0.0755  0.5329  0.5426
 A-DIIS (wt  1.000):  0.0000  0.9478  0.0522
  DIIS coefficients:  0.0000  0.9478  0.0522
 SCF Error: norm([F,P])=      0.332794683436, max([F,P])=      0.069308950112
 orbitals (Q,E):
 ---------------
 A1.g :1...4         ( 2.00    -1.4176)  ( 2.00    -0.8636)  ( 2.00    -0.3535)  ( 0.00     0.0538)
 A2.g :1...2         ( 2.00    -0.0332)  ( 0.00     0.7933)
 B1.g :1...3         ( 2.00    -1.3962)  ( 2.00    -0.2158)  ( 0.00     0.3968)
 B2.g :1...4         ( 2.00    -1.4182)  ( 2.00    -0.6440)  ( 2.00    -0.1265)  ( 0.00     0.3452)
 E1.g :1...3         ( 4.00    -1.4053)  ( 4.00    -0.1616)  ( 0.00     0.4626)
 A1.u :1...1         ( 0.00     1.4825)
 A2.u :1...2         ( 2.00    -0.2857)  ( 0.00     0.0748)
 B1.u :1...2         ( 2.00    -0.1139)  ( 0.00     0.6196)
 B2.u :1...1         ( 0.00     1.0065)
 E1.u :1...4         ( 4.00    -0.7552)  ( 4.00    -0.2540)  ( 4.00    -0.1127)  ( 0.00     0.1045)

 CYCLE    5
  SDIIS (wt  0.655): -0.0032  0.4351  0.0069  0.5613
 A-DIIS (wt  0.345):  0.0000  0.0000  0.0000  1.0000
  DIIS coefficients: -0.0021  0.2851  0.0045  0.7125
 SCF Error: norm([F,P])=      0.127866645073, max([F,P])=      0.035131754594
 orbitals (Q,E):
 ---------------
 A1.g :1...4         ( 2.00    -1.3925)  ( 2.00    -0.8657)  ( 2.00    -0.3575)  ( 0.00     0.0540)
 A2.g :1...2         ( 2.00    -0.0398)  ( 0.00     0.7906)
 B1.g :1...3         ( 2.00    -1.3704)  ( 2.00    -0.2196)  ( 0.00     0.3954)
 B2.g :1...4         ( 2.00    -1.3936)  ( 2.00    -0.6488)  ( 2.00    -0.1312)  ( 0.00     0.3428)
 E1.g :1...3         ( 4.00    -1.3796)  ( 4.00    -0.1661)  ( 0.00     0.4593)
 A1.u :1...1         ( 0.00     1.4798)
 A2.u :1...2         ( 2.00    -0.2876)  ( 0.00     0.0738)
 B1.u :1...2         ( 2.00    -0.1197)  ( 0.00     0.6167)
 B2.u :1...1         ( 0.00     1.0046)
 E1.u :1...4         ( 4.00    -0.7597)  ( 4.00    -0.2589)  ( 4.00    -0.1179)  ( 0.00     0.1037)

 CYCLE    6
  SDIIS (wt  0.818): -0.0006  0.0660  0.0416  0.3444  0.5486
 A-DIIS (wt  0.182):  0.0000  0.0000  0.0000  0.3999  0.6001
  DIIS coefficients: -0.0005  0.0540  0.0340  0.3545  0.5580
 SCF Error: norm([F,P])=      0.080324810857, max([F,P])=      0.018993743498
 orbitals (Q,E):
 ---------------
 A1.g :1...4         ( 2.00    -1.4046)  ( 2.00    -0.8643)  ( 2.00    -0.3552)  ( 0.00     0.0543)
 A2.g :1...2         ( 2.00    -0.0356)  ( 0.00     0.7927)
 B1.g :1...3         ( 2.00    -1.3822)  ( 2.00    -0.2167)  ( 0.00     0.3968)
 B2.g :1...4         ( 2.00    -1.4048)  ( 2.00    -0.6454)  ( 2.00    -0.1282)  ( 0.00     0.3444)
 E1.g :1...3         ( 4.00    -1.3918)  ( 4.00    -0.1630)  ( 0.00     0.4616)
 A1.u :1...1         ( 0.00     1.4824)
 A2.u :1...2         ( 2.00    -0.2866)  ( 0.00     0.0753)
 B1.u :1...2         ( 2.00    -0.1159)  ( 0.00     0.6188)
 B2.u :1...1         ( 0.00     1.0067)
 E1.u :1...4         ( 4.00    -0.7567)  ( 4.00    -0.2559)  ( 4.00    -0.1144)  ( 0.00     0.1047)

 CYCLE    7
  SDIIS (wt  0.997):  0.0006  0.0050  0.0091  0.1120  0.2388  0.6345
 A-DIIS (wt  0.003):  0.0000  0.0000  0.0000  0.0000  0.0000  1.0000
  DIIS coefficients:  0.0006  0.0050  0.0091  0.1117  0.2381  0.6356
 SCF Error: norm([F,P])=      0.007275829326, max([F,P])=      0.001278122205
 orbitals (Q,E):
 ---------------
 A1.g :1...4         ( 2.00    -1.4027)  ( 2.00    -0.8636)  ( 2.00    -0.3549)  ( 0.00     0.0548)
 A2.g :1...2         ( 2.00    -0.0355)  ( 0.00     0.7927)
 B1.g :1...3         ( 2.00    -1.3803)  ( 2.00    -0.2164)  ( 0.00     0.3969)
 B2.g :1...4         ( 2.00    -1.4030)  ( 2.00    -0.6451)  ( 2.00    -0.1279)  ( 0.00     0.3444)
 E1.g :1...3         ( 4.00    -1.3899)  ( 4.00    -0.1628)  ( 0.00     0.4618)
 A1.u :1...1         ( 0.00     1.4826)
 A2.u :1...2         ( 2.00    -0.2860)  ( 0.00     0.0756)
 B1.u :1...2         ( 2.00    -0.1158)  ( 0.00     0.6189)
 B2.u :1...1         ( 0.00     1.0070)
 E1.u :1...4         ( 4.00    -0.7562)  ( 4.00    -0.2557)  ( 4.00    -0.1142)  ( 0.00     0.1049)

 CYCLE    8
  SDIIS (wt  1.000):  0.0001 -0.0010  0.0005  0.0107  0.0330  0.1547  0.8019
  DIIS coefficients:  0.0001 -0.0010  0.0005  0.0107  0.0330  0.1547  0.8019
 SCF Error: norm([F,P])=      0.000754058563, max([F,P])=      0.000181547823
 orbitals (Q,E):
 ---------------
 A1.g :1...4         ( 2.00    -1.4027)  ( 2.00    -0.8636)  ( 2.00    -0.3549)  ( 0.00     0.0548)
 A2.g :1...2         ( 2.00    -0.0355)  ( 0.00     0.7927)
 B1.g :1...3         ( 2.00    -1.3803)  ( 2.00    -0.2164)  ( 0.00     0.3969)
 B2.g :1...4         ( 2.00    -1.4030)  ( 2.00    -0.6451)  ( 2.00    -0.1279)  ( 0.00     0.3445)
 E1.g :1...3         ( 4.00    -1.3899)  ( 4.00    -0.1628)  ( 0.00     0.4617)
 A1.u :1...1         ( 0.00     1.4826)
 A2.u :1...2         ( 2.00    -0.2860)  ( 0.00     0.0756)
 B1.u :1...2         ( 2.00    -0.1158)  ( 0.00     0.6189)
 B2.u :1...1         ( 0.00     1.0070)
 E1.u :1...4         ( 4.00    -0.7563)  ( 4.00    -0.2557)  ( 4.00    -0.1142)  ( 0.00     0.1049)

 CYCLE    9
  SDIIS (wt  1.000):  0.0000  0.0002 -0.0004  0.0005  0.0005  0.0099  0.1257  0.8637
  DIIS coefficients:  0.0000  0.0002 -0.0004  0.0005  0.0005  0.0099  0.1257  0.8637
 SCF Error: norm([F,P])=      0.000131488835, max([F,P])=      0.000025443764
 orbitals (Q,E):
 ---------------
 A1.g :1...4         ( 2.00    -1.4027)  ( 2.00    -0.8637)  ( 2.00    -0.3549)  ( 0.00     0.0548)
 A2.g :1...2         ( 2.00    -0.0355)  ( 0.00     0.7927)
 B1.g :1...3         ( 2.00    -1.3803)  ( 2.00    -0.2165)  ( 0.00     0.3969)
 B2.g :1...4         ( 2.00    -1.4030)  ( 2.00    -0.6451)  ( 2.00    -0.1279)  ( 0.00     0.3444)
 E1.g :1...3         ( 4.00    -1.3899)  ( 4.00    -0.1628)  ( 0.00     0.4617)
 A1.u :1...1         ( 0.00     1.4826)
 A2.u :1...2         ( 2.00    -0.2860)  ( 0.00     0.0756)
 B1.u :1...2         ( 2.00    -0.1158)  ( 0.00     0.6189)
 B2.u :1...1         ( 0.00     1.0069)
 E1.u :1...4         ( 4.00    -0.7563)  ( 4.00    -0.2557)  ( 4.00    -0.1142)  ( 0.00     0.1048)

 CYCLE   10
  SDIIS (wt  1.000):  0.0000  0.0000 -0.0000 -0.0001 -0.0002  0.0001  0.0000  0.0326  0.9675
  DIIS coefficients:  0.0000  0.0000 -0.0000 -0.0001 -0.0002  0.0001  0.0000  0.0326  0.9675
 SCF Error: norm([F,P])=      0.000009269792, max([F,P])=      0.000001779275
 orbitals (Q,E):
 ---------------
 A1.g :1...4         ( 2.00    -1.4027)  ( 2.00    -0.8637)  ( 2.00    -0.3549)  ( 0.00     0.0548)
 A2.g :1...2         ( 2.00    -0.0355)  ( 0.00     0.7927)
 B1.g :1...3         ( 2.00    -1.3803)  ( 2.00    -0.2165)  ( 0.00     0.3969)
 B2.g :1...4         ( 2.00    -1.4030)  ( 2.00    -0.6451)  ( 2.00    -0.1279)  ( 0.00     0.3444)
 E1.g :1...3         ( 4.00    -1.3899)  ( 4.00    -0.1628)  ( 0.00     0.4617)
 A1.u :1...1         ( 0.00     1.4826)
 A2.u :1...2         ( 2.00    -0.2860)  ( 0.00     0.0756)
 B1.u :1...2         ( 2.00    -0.1158)  ( 0.00     0.6189)
 B2.u :1...1         ( 0.00     1.0069)
 E1.u :1...4         ( 4.00    -0.7563)  ( 4.00    -0.2557)  ( 4.00    -0.1142)  ( 0.00     0.1048)

 CYCLE   11
  SDIIS (wt  1.000):  0.0000 -0.0000  0.0000 -0.0000 -0.0000 -0.0001 -0.0004 -0.0012  0.0173  0.9844
  DIIS coefficients:  0.0000 -0.0000  0.0000 -0.0000 -0.0000 -0.0001 -0.0004 -0.0012  0.0173  0.9844
 SCF Error: norm([F,P])=      0.000000457830, max([F,P])=      0.000000089376
 orbitals (Q,E):
 ---------------
 A1.g :1...4         ( 2.00    -1.4027)  ( 2.00    -0.8637)  ( 2.00    -0.3549)  ( 0.00     0.0548)
 A2.g :1...2         ( 2.00    -0.0355)  ( 0.00     0.7927)
 B1.g :1...3         ( 2.00    -1.3803)  ( 2.00    -0.2165)  ( 0.00     0.3969)
 B2.g :1...4         ( 2.00    -1.4030)  ( 2.00    -0.6451)  ( 2.00    -0.1279)  ( 0.00     0.3444)
 E1.g :1...3         ( 4.00    -1.3899)  ( 4.00    -0.1628)  ( 0.00     0.4617)
 A1.u :1...1         ( 0.00     1.4826)
 A2.u :1...2         ( 2.00    -0.2860)  ( 0.00     0.0756)
 B1.u :1...2         ( 2.00    -0.1158)  ( 0.00     0.6189)
 B2.u :1...1         ( 0.00     1.0069)
 E1.u :1...4         ( 4.00    -0.7563)  ( 4.00    -0.2557)  ( 4.00    -0.1142)  ( 0.00     0.1048)

 SCF CONVERGED
 cosmo_calcen: 0.5 (esolb+esolc) (Hartrees) =   -0.842999

 Solvation energy (screening term,uncorrected) =   -528.989763 kcal/mol

 Solvation energy (dispersion and cavitation terms) =      0.627199 kcal/mol
 Solvation Energy Contributions (Hartrees)
          esola   esolb+esolc
     0.84299876   -1.68599752
 esol last cycle   -0.84299876

 CYCLE   12
 *** Using FIT density in Focky
  SDIIS (wt  1.000): -0.0000  0.0000  0.0000 -0.0000 -0.0001 -0.0023  0.0201  0.9823
  DIIS coefficients: -0.0000  0.0000  0.0000 -0.0000 -0.0001 -0.0023  0.0201  0.9823
 SCF Error: norm([F,P])=      0.000000017818, max([F,P])=      0.000000003650
 orbitals (Q,E):
 ---------------
 A1.g :1...13        ( 2.00    -1.4027)  ( 2.00    -0.8637)  ( 2.00    -0.3549)  ( 0.00     0.0548)
                     ( 0.00     0.2895)  ( 0.00     0.3661)  ( 0.00     0.8125)  ( 0.00     1.3143)
                     ( 0.00     1.5179)  ( 0.00     2.1238)  ( 0.00     2.6444)  ( 0.00     3.1401)
                     ( 0.00     5.9775)
 A2.g :1...4         ( 2.00    -0.0355)  ( 0.00     0.7927)  ( 0.00     2.0668)  ( 0.00     4.7113)
 B1.g :1...8         ( 2.00    -1.3803)  ( 2.00    -0.2165)  ( 0.00     0.3969)  ( 0.00     0.7573)
                     ( 0.00     2.1376)  ( 0.00     2.7034)  ( 0.00     4.5670)  ( 0.00    16.2561)
 B2.g :1...12        ( 2.00    -1.4030)  ( 2.00    -0.6451)  ( 2.00    -0.1279)  ( 0.00     0.3444)
                     ( 0.00     1.0267)  ( 0.00     1.5526)  ( 0.00     1.8856)  ( 0.00     2.5547)
                     ( 0.00     3.6297)  ( 0.00     5.7600)  ( 0.00    17.5928)  ( 0.00    35.1403)
 E1.g :1...9         ( 4.00    -1.3899)  ( 4.00    -0.1628)  ( 0.00     0.4617)  ( 0.00     0.5614)
                     ( 0.00     1.3664)  ( 0.00     2.0112)  ( 0.00     2.4811)  ( 0.00     4.2131)
                     ( 0.00    15.9373)
 A1.u :1...1         ( 0.00     1.4826)
 A2.u :1...7         ( 2.00    -0.2860)  ( 0.00     0.0756)  ( 0.00     0.1208)  ( 0.00     0.6470)
                     ( 0.00     1.1041)  ( 0.00     1.5456)  ( 0.00     4.5084)
 B1.u :1...4         ( 2.00    -0.1158)  ( 0.00     0.6189)  ( 0.00     1.4595)  ( 0.00     4.3918)
 B2.u :1...1         ( 0.00     1.0069)
 E1.u :1...13        ( 4.00    -0.7563)  ( 4.00    -0.2557)  ( 4.00    -0.1142)  ( 0.00     0.1048)
                     ( 0.00     0.4560)  ( 0.00     0.6029)  ( 0.00     0.6955)  ( 0.00     1.0124)
                     ( 0.00     1.2215)  ( 0.00     1.9435)  ( 0.00     2.1051)  ( 0.00     2.6526)
                     ( 0.00     4.6154)
 cosmo_calcen: 0.5 (esolb+esolc) (Hartrees) =   -0.842999

 Solvation energy (screening term,uncorrected) =   -528.989764 kcal/mol

 Solvation energy (dispersion and cavitation terms) =      0.627199 kcal/mol
 Solvation Energy Contributions (Hartrees)
          esola   esolb+esolc
     0.84299876   -1.68599752
 esol last cycle   -0.84299876


 Fit test: (difference of exact and fit density, squared integrated, result summed over spins)
         SCF:                                          0.00002581999871

 Gross Charges per Atom (Z minus electrons)
 ==========================================
             1.6926   -1.1732   -1.1732   -1.1732   -1.1732
 Net Total: -3.00000000



 =================================================================
 M U L T I P O L E   D E R I V E D   C H A R G E   A N A L Y S I S
 =================================================================

 See: M. Swart, P.Th. van Duijnen, J.G. Snijders, J.Comput.Chem., (2001), p. 79-88.

 --------------------------------------- 
 Multipole derived atomic charges (a.u.)
 --------------------------------------- 

        Atom    Level:     MDC-m        MDC-d        MDC-q
 ---------------------------------------------------------
     1     As           2.380163     2.202583     2.207923
     2     O           -1.345041    -1.300646    -1.301981
     3     O           -1.345041    -1.300646    -1.301981
     4     O           -1.345041    -1.300646    -1.301981
     5     O           -1.345041    -1.300646    -1.301981
 *** Using NEW gradient routines ***


 Geometry CYCLE 6
 ==============

 Energy gradients wrt nuclear displacements
 ==========================================

     Atom      Cartesian (a.u./angstrom)
                 X         Y         Z
 ----------------------------------------
     1 As    0.000000  0.000000 -0.000000
     2 O    -0.372638 -0.372638  0.000000
     3 O     0.372638  0.372638  0.000000
     4 O     0.372638 -0.372638  0.000000
     5 O    -0.372638  0.372638  0.000000
 ----------------------------------------

 dE(predicted):    -0.25114E+00, dE(actual):    -0.36102E+00, Trust radius:    1.788854, all in a.u.
 
----------------------------------------------------------------------
Geometry Convergence after Step   6       (Hartree/Angstrom,Angstrom)
----------------------------------------------------------------------
current energy                               -1.15956394 Hartree
energy change                      -0.36102239     0.00100000    F
constrained gradient max            0.37263808     0.00100000    F
constrained gradient rms            0.27213637     0.00066667    F
gradient max                        0.37263808
gradient rms                        0.27213637
cart. step max                      0.07415230     0.01000000    F
cart. step rms                      0.05415318     0.00666667    F
 


 Coordinates (Cartesian)
 =======================

     Atom                    bohr                                 angstrom                 Geometric Variables
                   X           Y           Z              X           Y           Z       (0:frozen, *:LT par.)
 --------------------------------------------------------------------------------------------------------------
     1 As      0.000000   -0.000000   -0.000000       0.000000   -0.000000   -0.000000      1       2       3
     2 O       2.188368    2.188368   -0.000000       1.158034    1.158034   -0.000000      4       5       6
     3 O      -2.188368   -2.188368   -0.000000      -1.158034   -1.158034   -0.000000      7       8       9
     4 O      -2.188368    2.188368   -0.000000      -1.158034    1.158034   -0.000000     10      11      12
     5 O       2.188368   -2.188368   -0.000000       1.158034   -1.158034   -0.000000     13      14      15
 --------------------------------------------------------------------------------------------------------------

 Number of elements of the density matrix on this node (used, total):      1035      7381



 ===========================================
 Numerical Integration : Fuzzy Cells (Becke)
 ===========================================
  
 Becke grid quality: GOOD           
  
 Lebedev angular grid order:             min:  11 max:  35
 Nr. of radial points:                   min:  58 max:  80

 Total nr. of points:      88672
 Nr. of blocks:              704
 Block length:               126
 Nr. of dummy points:         32


 Test of Precision of the Numerical Integration Grid
 ===================================================

 Integral of the Total Core Density:                  26.00019697097523
 Relative Error:                                       7.576E-06


 -------------------------------------------
  COSMO surface
  Area             =          349.347
  Volume           =          540.031
  Number of Points =          850
 -------------------------------------------



 ========================
 Density Fitting (zlmFit)
 ========================
  
 ZlmFit Fit Quality: GOOD           
  
 Max L-expansion:                        min:   8 max:   9
 Nr. of radial interpolation points:     min:  84 max: 132



 =====
 S C F  ***  ScaSCF  ***
 =====
  
 Initial density matrix is taken from previous geometry

 CYCLE    1
 SCF Error: norm([F,P])=      0.279448573489, max([F,P])=      0.072135042923
 orbitals (Q,E):
 ---------------
 A1.g :1...13        ( 2.00    -0.8600)  ( 2.00    -0.2373)  ( 2.00     0.2052)  ( 0.00     0.5867)
                     ( 0.00     0.8264)  ( 0.00     0.8740)  ( 0.00     1.3350)  ( 0.00     1.8574)
                     ( 0.00     2.0866)  ( 0.00     2.6003)  ( 0.00     3.1563)  ( 0.00     3.5833)
                     ( 0.00     6.1305)
 A2.g :1...4         ( 2.00     0.5441)  ( 0.00     1.3493)  ( 0.00     2.4963)  ( 0.00     5.2637)
 B1.g :1...8         ( 2.00    -0.8354)  ( 2.00     0.3936)  ( 0.00     0.9834)  ( 0.00     1.2457)
                     ( 0.00     2.6500)  ( 0.00     3.3063)  ( 0.00     5.0586)  ( 0.00    16.7919)
 B2.g :1...12        ( 2.00    -0.8469)  ( 2.00    -0.0619)  ( 2.00     0.4489)  ( 0.00     0.8884)
                     ( 0.00     1.6047)  ( 0.00     1.9832)  ( 0.00     2.2915)  ( 0.00     3.1030)
                     ( 0.00     4.0357)  ( 0.00     6.0394)  ( 0.00    17.6719)  ( 0.00    35.3830)
 E1.g :1...9         ( 4.00    -0.8501)  ( 4.00     0.4294)  ( 0.00     1.0135)  ( 0.00     1.0990)
                     ( 0.00     1.9161)  ( 0.00     2.4972)  ( 0.00     3.0153)  ( 0.00     4.7702)
                     ( 0.00    16.4286)
 A1.u :1...1         ( 0.00     2.0121)
 A2.u :1...7         ( 2.00     0.3031)  ( 0.00     0.5679)  ( 0.00     0.6318)  ( 0.00     1.1925)
                     ( 0.00     1.6439)  ( 0.00     2.0649)  ( 0.00     5.0611)
 B1.u :1...4         ( 2.00     0.4712)  ( 0.00     1.1733)  ( 0.00     1.9745)  ( 0.00     4.9575)
 B2.u :1...1         ( 0.00     1.6321)
 E1.u :1...13        ( 4.00    -0.1408)  ( 4.00     0.3302)  ( 4.00     0.4750)  ( 0.00     0.6227)
                     ( 0.00     0.9735)  ( 0.00     1.1298)  ( 0.00     1.2384)  ( 0.00     1.5752)
                     ( 0.00     1.7949)  ( 0.00     2.3872)  ( 0.00     2.5711)  ( 0.00     3.0918)
                     ( 0.00     5.1730)

 CYCLE    2
  SDIIS (wt  0.000):  0.7323  0.2677
 A-DIIS (wt  1.000):  0.5494  0.4506
  DIIS coefficients:  0.5494  0.4506
 SCF Error: norm([F,P])=      0.610062762922, max([F,P])=      0.130999763329
 orbitals (Q,E):
 ---------------
 A1.g :1...4         ( 2.00    -1.1208)  ( 2.00    -0.5437)  ( 2.00    -0.0943)  ( 0.00     0.3131)
 A2.g :1...2         ( 2.00     0.2187)  ( 0.00     1.0617)
 B1.g :1...3         ( 2.00    -1.1018)  ( 2.00     0.0805)  ( 0.00     0.7016)
 B2.g :1...4         ( 2.00    -1.1148)  ( 2.00    -0.3849)  ( 2.00     0.1337)  ( 0.00     0.6215)
 E1.g :1...3         ( 4.00    -1.1118)  ( 4.00     0.1197)  ( 0.00     0.7248)
 A1.u :1...1         ( 0.00     1.7113)
 A2.u :1...2         ( 2.00     0.0187)  ( 0.00     0.3212)
 B1.u :1...2         ( 2.00     0.1550)  ( 0.00     0.8900)
 B2.u :1...1         ( 0.00     1.3357)
 E1.u :1...4         ( 4.00    -0.4591)  ( 4.00     0.0214)  ( 4.00     0.1602)  ( 0.00     0.3777)

 CYCLE    3
  SDIIS (wt  0.000):  0.2022  0.3191  0.4787
 A-DIIS (wt  1.000):  0.2468  0.2176  0.5356
  DIIS coefficients:  0.2468  0.2176  0.5356
 SCF Error: norm([F,P])=      0.355867563681, max([F,P])=      0.070377298597
 orbitals (Q,E):
 ---------------
 A1.g :1...4         ( 2.00    -1.2921)  ( 2.00    -0.6816)  ( 2.00    -0.2334)  ( 0.00     0.1648)
 A2.g :1...2         ( 2.00     0.0909)  ( 0.00     0.9118)
 B1.g :1...3         ( 2.00    -1.2728)  ( 2.00    -0.0570)  ( 0.00     0.5484)
 B2.g :1...4         ( 2.00    -1.2850)  ( 2.00    -0.5135)  ( 2.00     0.0029)  ( 0.00     0.4746)
 E1.g :1...3         ( 4.00    -1.2835)  ( 4.00    -0.0153)  ( 0.00     0.5803)
 A1.u :1...1         ( 0.00     1.5653)
 A2.u :1...2         ( 2.00    -0.1273)  ( 0.00     0.1832)
 B1.u :1...2         ( 2.00     0.0240)  ( 0.00     0.7442)
 B2.u :1...1         ( 0.00     1.1863)
 E1.u :1...4         ( 4.00    -0.5906)  ( 4.00    -0.1132)  ( 4.00     0.0266)  ( 0.00     0.2333)

 CYCLE    4
  SDIIS (wt  0.595): -0.0679  0.3289  0.7390
 A-DIIS (wt  0.405):  0.0000  0.3369  0.6631
  DIIS coefficients: -0.0404  0.3321  0.7083
 SCF Error: norm([F,P])=      0.211882155505, max([F,P])=      0.041090735878
 orbitals (Q,E):
 ---------------
 A1.g :1...4         ( 2.00    -1.4142)  ( 2.00    -0.8281)  ( 2.00    -0.3788)  ( 0.00     0.0268)
 A2.g :1...2         ( 2.00    -0.0630)  ( 0.00     0.7662)
 B1.g :1...3         ( 2.00    -1.3964)  ( 2.00    -0.2075)  ( 0.00     0.4048)
 B2.g :1...4         ( 2.00    -1.4092)  ( 2.00    -0.6657)  ( 2.00    -0.1474)  ( 0.00     0.3373)
 E1.g :1...3         ( 4.00    -1.4057)  ( 4.00    -0.1648)  ( 0.00     0.4369)
 A1.u :1...1         ( 0.00     1.4172)
 A2.u :1...2         ( 2.00    -0.2692)  ( 0.00     0.0463)
 B1.u :1...2         ( 2.00    -0.1275)  ( 0.00     0.6012)
 B2.u :1...1         ( 0.00     1.0392)
 E1.u :1...4         ( 4.00    -0.7413)  ( 4.00    -0.2617)  ( 4.00    -0.1248)  ( 0.00     0.1050)

 CYCLE    5
  SDIIS (wt  0.931): -0.0533  0.0789  0.3853  0.5892
 A-DIIS (wt  0.069):  0.0000  0.0000  0.0000  1.0000
  DIIS coefficients: -0.0496  0.0734  0.3585  0.6177
 SCF Error: norm([F,P])=      0.043915336194, max([F,P])=      0.007871410920
 orbitals (Q,E):
 ---------------
 A1.g :1...4         ( 2.00    -1.4223)  ( 2.00    -0.8275)  ( 2.00    -0.3779)  ( 0.00     0.0269)
 A2.g :1...2         ( 2.00    -0.0602)  ( 0.00     0.7676)
 B1.g :1...3         ( 2.00    -1.4040)  ( 2.00    -0.2055)  ( 0.00     0.4057)
 B2.g :1...4         ( 2.00    -1.4167)  ( 2.00    -0.6634)  ( 2.00    -0.1454)  ( 0.00     0.3384)
 E1.g :1...3         ( 4.00    -1.4137)  ( 4.00    -0.1628)  ( 0.00     0.4379)
 A1.u :1...1         ( 0.00     1.4191)
 A2.u :1...2         ( 2.00    -0.2689)  ( 0.00     0.0469)
 B1.u :1...2         ( 2.00    -0.1250)  ( 0.00     0.6026)
 B2.u :1...1         ( 0.00     1.0408)
 E1.u :1...4         ( 4.00    -0.7395)  ( 4.00    -0.2600)  ( 4.00    -0.1225)  ( 0.00     0.1058)

 CYCLE    6
  SDIIS (wt  0.994): -0.0028  0.0058  0.0220  0.1858  0.7892
 A-DIIS (wt  0.006):  0.0000  0.0000  0.0000  0.0000  1.0000
  DIIS coefficients: -0.0027  0.0057  0.0218  0.1847  0.7905
 SCF Error: norm([F,P])=      0.008901381029, max([F,P])=      0.001602159377
 orbitals (Q,E):
 ---------------
 A1.g :1...4         ( 2.00    -1.4207)  ( 2.00    -0.8272)  ( 2.00    -0.3778)  ( 0.00     0.0272)
 A2.g :1...2         ( 2.00    -0.0604)  ( 0.00     0.7675)
 B1.g :1...3         ( 2.00    -1.4025)  ( 2.00    -0.2056)  ( 0.00     0.4057)
 B2.g :1...4         ( 2.00    -1.4152)  ( 2.00    -0.6635)  ( 2.00    -0.1455)  ( 0.00     0.3383)
 E1.g :1...3         ( 4.00    -1.4121)  ( 4.00    -0.1629)  ( 0.00     0.4379)
 A1.u :1...1         ( 0.00     1.4190)
 A2.u :1...2         ( 2.00    -0.2686)  ( 0.00     0.0471)
 B1.u :1...2         ( 2.00    -0.1251)  ( 0.00     0.6025)
 B2.u :1...1         ( 0.00     1.0408)
 E1.u :1...4         ( 4.00    -0.7394)  ( 4.00    -0.2600)  ( 4.00    -0.1226)  ( 0.00     0.1057)

 CYCLE    7
  SDIIS (wt  1.000):  0.0014  0.0000 -0.0091  0.0321  0.2709  0.7047
  DIIS coefficients:  0.0014  0.0000 -0.0091  0.0321  0.2709  0.7047
 SCF Error: norm([F,P])=      0.000725790012, max([F,P])=      0.000154658126
 orbitals (Q,E):
 ---------------
 A1.g :1...4         ( 2.00    -1.4208)  ( 2.00    -0.8274)  ( 2.00    -0.3779)  ( 0.00     0.0271)
 A2.g :1...2         ( 2.00    -0.0605)  ( 0.00     0.7675)
 B1.g :1...3         ( 2.00    -1.4026)  ( 2.00    -0.2056)  ( 0.00     0.4057)
 B2.g :1...4         ( 2.00    -1.4153)  ( 2.00    -0.6636)  ( 2.00    -0.1455)  ( 0.00     0.3383)
 E1.g :1...3         ( 4.00    -1.4122)  ( 4.00    -0.1629)  ( 0.00     0.4379)
 A1.u :1...1         ( 0.00     1.4190)
 A2.u :1...2         ( 2.00    -0.2687)  ( 0.00     0.0470)
 B1.u :1...2         ( 2.00    -0.1252)  ( 0.00     0.6025)
 B2.u :1...1         ( 0.00     1.0407)
 E1.u :1...4         ( 4.00    -0.7395)  ( 4.00    -0.2601)  ( 4.00    -0.1227)  ( 0.00     0.1057)

 CYCLE    8
  SDIIS (wt  1.000): -0.0001  0.0001  0.0000 -0.0001  0.0057  0.0629  0.9315
  DIIS coefficients: -0.0001  0.0001  0.0000 -0.0001  0.0057  0.0629  0.9315
 SCF Error: norm([F,P])=      0.000042172339, max([F,P])=      0.000013172836
 orbitals (Q,E):
 ---------------
 A1.g :1...4         ( 2.00    -1.4208)  ( 2.00    -0.8274)  ( 2.00    -0.3779)  ( 0.00     0.0271)
 A2.g :1...2         ( 2.00    -0.0605)  ( 0.00     0.7675)
 B1.g :1...3         ( 2.00    -1.4026)  ( 2.00    -0.2056)  ( 0.00     0.4057)
 B2.g :1...4         ( 2.00    -1.4153)  ( 2.00    -0.6636)  ( 2.00    -0.1455)  ( 0.00     0.3383)
 E1.g :1...3         ( 4.00    -1.4122)  ( 4.00    -0.1629)  ( 0.00     0.4379)
 A1.u :1...1         ( 0.00     1.4190)
 A2.u :1...2         ( 2.00    -0.2687)  ( 0.00     0.0470)
 B1.u :1...2         ( 2.00    -0.1252)  ( 0.00     0.6025)
 B2.u :1...1         ( 0.00     1.0407)
 E1.u :1...4         ( 4.00    -0.7395)  ( 4.00    -0.2601)  ( 4.00    -0.1227)  ( 0.00     0.1057)

 CYCLE    9
  SDIIS (wt  1.000): -0.0000  0.0000  0.0000 -0.0002  0.0008  0.0097  0.1965  0.7932
  DIIS coefficients: -0.0000  0.0000  0.0000 -0.0002  0.0008  0.0097  0.1965  0.7932
 SCF Error: norm([F,P])=      0.000006264405, max([F,P])=      0.000001199847
 orbitals (Q,E):
 ---------------
 A1.g :1...4         ( 2.00    -1.4208)  ( 2.00    -0.8274)  ( 2.00    -0.3779)  ( 0.00     0.0271)
 A2.g :1...2         ( 2.00    -0.0605)  ( 0.00     0.7675)
 B1.g :1...3         ( 2.00    -1.4026)  ( 2.00    -0.2056)  ( 0.00     0.4057)
 B2.g :1...4         ( 2.00    -1.4153)  ( 2.00    -0.6636)  ( 2.00    -0.1455)  ( 0.00     0.3383)
 E1.g :1...3         ( 4.00    -1.4122)  ( 4.00    -0.1629)  ( 0.00     0.4379)
 A1.u :1...1         ( 0.00     1.4190)
 A2.u :1...2         ( 2.00    -0.2687)  ( 0.00     0.0470)
 B1.u :1...2         ( 2.00    -0.1252)  ( 0.00     0.6025)
 B2.u :1...1         ( 0.00     1.0407)
 E1.u :1...4         ( 4.00    -0.7395)  ( 4.00    -0.2601)  ( 4.00    -0.1227)  ( 0.00     0.1057)

 CYCLE   10
  SDIIS (wt  1.000): -0.0000 -0.0000  0.0000 -0.0001 -0.0004 -0.0017  0.0041  0.0473  0.9508
  DIIS coefficients: -0.0000 -0.0000  0.0000 -0.0001 -0.0004 -0.0017  0.0041  0.0473  0.9508
 SCF Error: norm([F,P])=      0.000001009479, max([F,P])=      0.000000199328
 orbitals (Q,E):
 ---------------
 A1.g :1...4         ( 2.00    -1.4208)  ( 2.00    -0.8274)  ( 2.00    -0.3779)  ( 0.00     0.0271)
 A2.g :1...2         ( 2.00    -0.0605)  ( 0.00     0.7675)
 B1.g :1...3         ( 2.00    -1.4026)  ( 2.00    -0.2056)  ( 0.00     0.4057)
 B2.g :1...4         ( 2.00    -1.4153)  ( 2.00    -0.6636)  ( 2.00    -0.1455)  ( 0.00     0.3383)
 E1.g :1...3         ( 4.00    -1.4122)  ( 4.00    -0.1629)  ( 0.00     0.4379)
 A1.u :1...1         ( 0.00     1.4190)
 A2.u :1...2         ( 2.00    -0.2687)  ( 0.00     0.0470)
 B1.u :1...2         ( 2.00    -0.1252)  ( 0.00     0.6025)
 B2.u :1...1         ( 0.00     1.0407)
 E1.u :1...4         ( 4.00    -0.7395)  ( 4.00    -0.2601)  ( 4.00    -0.1227)  ( 0.00     0.1057)

 SCF CONVERGED
 cosmo_calcen: 0.5 (esolb+esolc) (Hartrees) =   -0.827944

 Solvation energy (screening term,uncorrected) =   -519.543010 kcal/mol

 Solvation energy (dispersion and cavitation terms) =      0.653251 kcal/mol
 Solvation Energy Contributions (Hartrees)
          esola   esolb+esolc
     0.82794440   -1.65588880
 esol last cycle   -0.82794440

 CYCLE   11
 *** Using FIT density in Focky
  SDIIS (wt  1.000): -0.0000  0.0000 -0.0000 -0.0000 -0.0000 -0.0001  0.0007  0.0248  0.9747
  DIIS coefficients: -0.0000  0.0000 -0.0000 -0.0000 -0.0000 -0.0001  0.0007  0.0248  0.9747
 SCF Error: norm([F,P])=      0.000000018374, max([F,P])=      0.000000003585
 orbitals (Q,E):
 ---------------
 A1.g :1...13        ( 2.00    -1.4208)  ( 2.00    -0.8274)  ( 2.00    -0.3779)  ( 0.00     0.0271)
                     ( 0.00     0.2551)  ( 0.00     0.3296)  ( 0.00     0.7513)  ( 0.00     1.2736)
                     ( 0.00     1.5193)  ( 0.00     2.0312)  ( 0.00     2.5814)  ( 0.00     3.0191)
                     ( 0.00     5.5258)
 A2.g :1...4         ( 2.00    -0.0605)  ( 0.00     0.7675)  ( 0.00     1.9039)  ( 0.00     4.6573)
 B1.g :1...8         ( 2.00    -1.4026)  ( 2.00    -0.2056)  ( 0.00     0.4057)  ( 0.00     0.6592)
                     ( 0.00     2.0639)  ( 0.00     2.7415)  ( 0.00     4.4499)  ( 0.00    16.2188)
 B2.g :1...12        ( 2.00    -1.4153)  ( 2.00    -0.6636)  ( 2.00    -0.1455)  ( 0.00     0.3383)
                     ( 0.00     1.0245)  ( 0.00     1.3977)  ( 0.00     1.6969)  ( 0.00     2.5220)
                     ( 0.00     3.4653)  ( 0.00     5.4340)  ( 0.00    17.0979)  ( 0.00    34.7649)
 E1.g :1...9         ( 4.00    -1.4122)  ( 4.00    -0.1629)  ( 0.00     0.4379)  ( 0.00     0.5405)
                     ( 0.00     1.3251)  ( 0.00     1.9158)  ( 0.00     2.4598)  ( 0.00     4.1675)
                     ( 0.00    15.8604)
 A1.u :1...1         ( 0.00     1.4190)
 A2.u :1...7         ( 2.00    -0.2687)  ( 0.00     0.0470)  ( 0.00     0.1087)  ( 0.00     0.6297)
                     ( 0.00     1.1090)  ( 0.00     1.4835)  ( 0.00     4.4593)
 B1.u :1...4         ( 2.00    -0.1252)  ( 0.00     0.6025)  ( 0.00     1.3898)  ( 0.00     4.3549)
 B2.u :1...1         ( 0.00     1.0407)
 E1.u :1...13        ( 4.00    -0.7395)  ( 4.00    -0.2601)  ( 4.00    -0.1227)  ( 0.00     0.1057)
                     ( 0.00     0.4142)  ( 0.00     0.5527)  ( 0.00     0.6634)  ( 0.00     1.0134)
                     ( 0.00     1.2073)  ( 0.00     1.7933)  ( 0.00     1.9930)  ( 0.00     2.5090)
                     ( 0.00     4.5687)
 cosmo_calcen: 0.5 (esolb+esolc) (Hartrees) =   -0.827944

 Solvation energy (screening term,uncorrected) =   -519.543010 kcal/mol

 Solvation energy (dispersion and cavitation terms) =      0.653251 kcal/mol
 Solvation Energy Contributions (Hartrees)
          esola   esolb+esolc
     0.82794440   -1.65588880
 esol last cycle   -0.82794440


 Fit test: (difference of exact and fit density, squared integrated, result summed over spins)
         SCF:                                          0.00002106647198

 Gross Charges per Atom (Z minus electrons)
 ==========================================
             1.4727   -1.1182   -1.1182   -1.1182   -1.1182
 Net Total: -3.00000000



 =================================================================
 M U L T I P O L E   D E R I V E D   C H A R G E   A N A L Y S I S
 =================================================================

 See: M. Swart, P.Th. van Duijnen, J.G. Snijders, J.Comput.Chem., (2001), p. 79-88.

 --------------------------------------- 
 Multipole derived atomic charges (a.u.)
 --------------------------------------- 

        Atom    Level:     MDC-m        MDC-d        MDC-q
 ---------------------------------------------------------
     1     As           2.229546     1.974535     1.772799
     2     O           -1.307387    -1.243634    -1.193200
     3     O           -1.307387    -1.243634    -1.193200
     4     O           -1.307387    -1.243634    -1.193200
     5     O           -1.307387    -1.243634    -1.193200
 *** Using NEW gradient routines ***


 Geometry CYCLE 7
 ==============

 Energy gradients wrt nuclear displacements
 ==========================================

     Atom      Cartesian (a.u./angstrom)
                 X         Y         Z
 ----------------------------------------
     1 As   -0.000000  0.000000 -0.000000
     2 O    -0.160299 -0.160299  0.000000
     3 O     0.160299  0.160299  0.000000
     4 O     0.160299 -0.160299  0.000000
     5 O    -0.160299  0.160299  0.000000
 ----------------------------------------

 dE(predicted):    -0.11053E+00, dE(actual):    -0.15454E+00, Trust radius:    1.788854, all in a.u.
 
----------------------------------------------------------------------
Geometry Convergence after Step   7       (Hartree/Angstrom,Angstrom)
----------------------------------------------------------------------
current energy                               -1.31410715 Hartree
energy change                      -0.15454321     0.00100000    F
constrained gradient max            0.16029917     0.00100000    F
constrained gradient rms            0.11706596     0.00066667    F
gradient max                        0.16029917
gradient rms                        0.11706596
cart. step max                      0.05597915     0.01000000    F
cart. step rms                      0.04088139     0.00666667    F
 


 Coordinates (Cartesian)
 =======================

     Atom                    bohr                                 angstrom                 Geometric Variables
                   X           Y           Z              X           Y           Z       (0:frozen, *:LT par.)
 --------------------------------------------------------------------------------------------------------------
     1 As      0.000000    0.000000    0.000000       0.000000    0.000000    0.000000      1       2       3
     2 O       2.294153    2.294153   -0.000000       1.214013    1.214013   -0.000000      4       5       6
     3 O      -2.294153   -2.294153   -0.000000      -1.214013   -1.214013   -0.000000      7       8       9
     4 O      -2.294153    2.294153   -0.000000      -1.214013    1.214013   -0.000000     10      11      12
     5 O       2.294153   -2.294153   -0.000000       1.214013   -1.214013   -0.000000     13      14      15
 --------------------------------------------------------------------------------------------------------------

 Number of elements of the density matrix on this node (used, total):      1035      7381



 ===========================================
 Numerical Integration : Fuzzy Cells (Becke)
 ===========================================
  
 Becke grid quality: GOOD           
  
 Lebedev angular grid order:             min:  11 max:  35
 Nr. of radial points:                   min:  58 max:  80

 Total nr. of points:      88704
 Nr. of blocks:              704
 Block length:               126
 Nr. of dummy points:          0


 Test of Precision of the Numerical Integration Grid
 ===================================================

 Integral of the Total Core Density:                  26.00015735543288
 Relative Error:                                       6.052E-06


 -------------------------------------------
  COSMO surface
  Area             =          360.516
  Volume           =          560.329
  Number of Points =          882
 -------------------------------------------



 ========================
 Density Fitting (zlmFit)
 ========================
  
 ZlmFit Fit Quality: GOOD           
  
 Max L-expansion:                        min:   8 max:   9
 Nr. of radial interpolation points:     min:  84 max: 132



 =====
 S C F  ***  ScaSCF  ***
 =====
  
 Initial density matrix is taken from previous geometry

 CYCLE    1
 SCF Error: norm([F,P])=      0.182558138264, max([F,P])=      0.050570677634
 orbitals (Q,E):
 ---------------
 A1.g :1...13        ( 2.00    -0.9098)  ( 2.00    -0.2505)  ( 2.00     0.1519)  ( 0.00     0.5366)
                     ( 0.00     0.7640)  ( 0.00     0.8395)  ( 0.00     1.2620)  ( 0.00     1.8008)
                     ( 0.00     2.0422)  ( 0.00     2.5042)  ( 0.00     3.0976)  ( 0.00     3.4627)
                     ( 0.00     5.7949)
 A2.g :1...4         ( 2.00     0.4887)  ( 0.00     1.3003)  ( 0.00     2.3518)  ( 0.00     5.1889)
 B1.g :1...8         ( 2.00    -0.8903)  ( 2.00     0.3632)  ( 0.00     0.9596)  ( 0.00     1.1479)
                     ( 0.00     2.5196)  ( 0.00     3.3150)  ( 0.00     4.9244)  ( 0.00    16.7343)
 B2.g :1...12        ( 2.00    -0.8976)  ( 2.00    -0.1111)  ( 2.00     0.4015)  ( 0.00     0.8590)
                     ( 0.00     1.5618)  ( 0.00     1.8430)  ( 0.00     2.1537)  ( 0.00     3.0479)
                     ( 0.00     3.8652)  ( 0.00     5.8196)  ( 0.00    17.3674)  ( 0.00    35.0516)
 E1.g :1...9         ( 4.00    -0.9024)  ( 4.00     0.3935)  ( 0.00     0.9577)  ( 0.00     1.0657)
                     ( 0.00     1.8580)  ( 0.00     2.3787)  ( 0.00     2.9826)  ( 0.00     4.7056)
                     ( 0.00    16.3473)
 A1.u :1...1         ( 0.00     1.9390)
 A2.u :1...7         ( 2.00     0.2826)  ( 0.00     0.5427)  ( 0.00     0.5817)  ( 0.00     1.1497)
                     ( 0.00     1.6122)  ( 0.00     2.0031)  ( 0.00     4.9836)
 B1.u :1...4         ( 2.00     0.4277)  ( 0.00     1.1305)  ( 0.00     1.8991)  ( 0.00     4.8895)
 B2.u :1...1         ( 0.00     1.6236)
 E1.u :1...13        ( 4.00    -0.1698)  ( 4.00     0.2919)  ( 4.00     0.4328)  ( 0.00     0.6025)
                     ( 0.00     0.8995)  ( 0.00     1.0607)  ( 0.00     1.1970)  ( 0.00     1.5621)
                     ( 0.00     1.7619)  ( 0.00     2.2499)  ( 0.00     2.4616)  ( 0.00     2.9495)
                     ( 0.00     5.0160)

 CYCLE    2
  SDIIS (wt  0.000):  0.7341  0.2659
 A-DIIS (wt  1.000):  0.4378  0.5622
  DIIS coefficients:  0.4378  0.5622
 SCF Error: norm([F,P])=      0.395229063645, max([F,P])=      0.094415920119
 orbitals (Q,E):
 ---------------
 A1.g :1...4         ( 2.00    -1.1929)  ( 2.00    -0.5896)  ( 2.00    -0.1792)  ( 0.00     0.2185)
 A2.g :1...2         ( 2.00     0.1307)  ( 0.00     0.9708)
 B1.g :1...3         ( 2.00    -1.1780)  ( 2.00     0.0148)  ( 0.00     0.6336)
 B2.g :1...4         ( 2.00    -1.1864)  ( 2.00    -0.4661)  ( 2.00     0.0528)  ( 0.00     0.5508)
 E1.g :1...3         ( 4.00    -1.1864)  ( 4.00     0.0475)  ( 0.00     0.6334)
 A1.u :1...1         ( 0.00     1.5993)
 A2.u :1...2         ( 2.00    -0.0391)  ( 0.00     0.2339)
 B1.u :1...2         ( 2.00     0.0766)  ( 0.00     0.8063)
 B2.u :1...1         ( 0.00     1.2868)
 E1.u :1...4         ( 4.00    -0.5205)  ( 4.00    -0.0502)  ( 4.00     0.0820)  ( 0.00     0.3138)

 CYCLE    3
  SDIIS (wt  0.000):  0.2453  0.4057  0.3489
 A-DIIS (wt  1.000):  0.0753  0.4073  0.5174
  DIIS coefficients:  0.0753  0.4073  0.5174
 SCF Error: norm([F,P])=      0.400394904562, max([F,P])=      0.074651336175
 orbitals (Q,E):
 ---------------
 A1.g :1...4         ( 2.00    -1.4042)  ( 2.00    -0.7634)  ( 2.00    -0.3554)  ( 0.00     0.0407)
 A2.g :1...2         ( 2.00    -0.0338)  ( 0.00     0.7903)
 B1.g :1...3         ( 2.00    -1.3891)  ( 2.00    -0.1577)  ( 0.00     0.4508)
 B2.g :1...4         ( 2.00    -1.3968)  ( 2.00    -0.6310)  ( 2.00    -0.1134)  ( 0.00     0.3757)
 E1.g :1...3         ( 4.00    -1.3979)  ( 4.00    -0.1218)  ( 0.00     0.4542)
 A1.u :1...1         ( 0.00     1.4201)
 A2.u :1...2         ( 2.00    -0.2186)  ( 0.00     0.0594)
 B1.u :1...2         ( 2.00    -0.0896)  ( 0.00     0.6300)
 B2.u :1...1         ( 0.00     1.1049)
 E1.u :1...4         ( 4.00    -0.6882)  ( 4.00    -0.2209)  ( 4.00    -0.0865)  ( 0.00     0.1415)

 CYCLE    4
  SDIIS (wt  0.855):  0.0852  0.2265  0.6883
 A-DIIS (wt  0.145):  0.0000  0.0188  0.9812
  DIIS coefficients:  0.0729  0.1965  0.7306
 SCF Error: norm([F,P])=      0.090532628482, max([F,P])=      0.015308511397
 orbitals (Q,E):
 ---------------
 A1.g :1...4         ( 2.00    -1.4273)  ( 2.00    -0.8040)  ( 2.00    -0.3955)  ( 0.00     0.0016)
 A2.g :1...2         ( 2.00    -0.0782)  ( 0.00     0.7482)
 B1.g :1...3         ( 2.00    -1.4120)  ( 2.00    -0.2006)  ( 0.00     0.4093)
 B2.g :1...4         ( 2.00    -1.4201)  ( 2.00    -0.6746)  ( 2.00    -0.1565)  ( 0.00     0.3360)
 E1.g :1...3         ( 4.00    -1.4208)  ( 4.00    -0.1648)  ( 0.00     0.4140)
 A1.u :1...1         ( 0.00     1.3781)
 A2.u :1...2         ( 2.00    -0.2582)  ( 0.00     0.0203)
 B1.u :1...2         ( 2.00    -0.1333)  ( 0.00     0.5886)
 B2.u :1...1         ( 0.00     1.0634)
 E1.u :1...4         ( 4.00    -0.7309)  ( 4.00    -0.2628)  ( 4.00    -0.1301)  ( 0.00     0.1042)

 CYCLE    5
  SDIIS (wt  0.915):  0.0036  0.0420  0.4020  0.5524
 A-DIIS (wt  0.085):  0.0000  0.0000  0.2208  0.7792
  DIIS coefficients:  0.0033  0.0384  0.3866  0.5717
 SCF Error: norm([F,P])=      0.040974438945, max([F,P])=      0.009397326550
 orbitals (Q,E):
 ---------------
 A1.g :1...4         ( 2.00    -1.4350)  ( 2.00    -0.8036)  ( 2.00    -0.3953)  ( 0.00     0.0016)
 A2.g :1...2         ( 2.00    -0.0763)  ( 0.00     0.7491)
 B1.g :1...3         ( 2.00    -1.4195)  ( 2.00    -0.1993)  ( 0.00     0.4100)
 B2.g :1...4         ( 2.00    -1.4274)  ( 2.00    -0.6730)  ( 2.00    -0.1551)  ( 0.00     0.3368)
 E1.g :1...3         ( 4.00    -1.4285)  ( 4.00    -0.1634)  ( 0.00     0.4143)
 A1.u :1...1         ( 0.00     1.3794)
 A2.u :1...2         ( 2.00    -0.2581)  ( 0.00     0.0204)
 B1.u :1...2         ( 2.00    -0.1317)  ( 0.00     0.5895)
 B2.u :1...1         ( 0.00     1.0644)
 E1.u :1...4         ( 4.00    -0.7297)  ( 4.00    -0.2618)  ( 4.00    -0.1285)  ( 0.00     0.1046)

 CYCLE    6
  SDIIS (wt  1.000): -0.0014  0.0018  0.0385  0.1567  0.8043
 A-DIIS (wt  0.000):  0.0000  0.0000  0.0000  0.0000  1.0000
  DIIS coefficients: -0.0014  0.0018  0.0385  0.1567  0.8044
 SCF Error: norm([F,P])=      0.005168249274, max([F,P])=      0.001047851172
 orbitals (Q,E):
 ---------------
 A1.g :1...4         ( 2.00    -1.4336)  ( 2.00    -0.8033)  ( 2.00    -0.3950)  ( 0.00     0.0019)
 A2.g :1...2         ( 2.00    -0.0763)  ( 0.00     0.7492)
 B1.g :1...3         ( 2.00    -1.4181)  ( 2.00    -0.1991)  ( 0.00     0.4100)
 B2.g :1...4         ( 2.00    -1.4261)  ( 2.00    -0.6729)  ( 2.00    -0.1550)  ( 0.00     0.3368)
 E1.g :1...3         ( 4.00    -1.4271)  ( 4.00    -0.1633)  ( 0.00     0.4146)
 A1.u :1...1         ( 0.00     1.3795)
 A2.u :1...2         ( 2.00    -0.2578)  ( 0.00     0.0207)
 B1.u :1...2         ( 2.00    -0.1316)  ( 0.00     0.5895)
 B2.u :1...1         ( 0.00     1.0645)
 E1.u :1...4         ( 4.00    -0.7295)  ( 4.00    -0.2616)  ( 4.00    -0.1284)  ( 0.00     0.1047)

 CYCLE    7
  SDIIS (wt  1.000): -0.0004  0.0008 -0.0009  0.0340  0.3600  0.6066
  DIIS coefficients: -0.0004  0.0008 -0.0009  0.0340  0.3600  0.6066
 SCF Error: norm([F,P])=      0.000968515873, max([F,P])=      0.000177407788
 orbitals (Q,E):
 ---------------
 A1.g :1...4         ( 2.00    -1.4338)  ( 2.00    -0.8034)  ( 2.00    -0.3951)  ( 0.00     0.0018)
 A2.g :1...2         ( 2.00    -0.0764)  ( 0.00     0.7491)
 B1.g :1...3         ( 2.00    -1.4183)  ( 2.00    -0.1993)  ( 0.00     0.4100)
 B2.g :1...4         ( 2.00    -1.4263)  ( 2.00    -0.6730)  ( 2.00    -0.1551)  ( 0.00     0.3368)
 E1.g :1...3         ( 4.00    -1.4273)  ( 4.00    -0.1634)  ( 0.00     0.4145)
 A1.u :1...1         ( 0.00     1.3794)
 A2.u :1...2         ( 2.00    -0.2579)  ( 0.00     0.0206)
 B1.u :1...2         ( 2.00    -0.1317)  ( 0.00     0.5895)
 B2.u :1...1         ( 0.00     1.0644)
 E1.u :1...4         ( 4.00    -0.7296)  ( 4.00    -0.2617)  ( 4.00    -0.1286)  ( 0.00     0.1047)

 CYCLE    8
  SDIIS (wt  1.000): -0.0001  0.0002 -0.0002  0.0022  0.0386  0.0707  0.8886
  DIIS coefficients: -0.0001  0.0002 -0.0002  0.0022  0.0386  0.0707  0.8886
 SCF Error: norm([F,P])=      0.000041583354, max([F,P])=      0.000011544107
 orbitals (Q,E):
 ---------------
 A1.g :1...4         ( 2.00    -1.4338)  ( 2.00    -0.8034)  ( 2.00    -0.3951)  ( 0.00     0.0018)
 A2.g :1...2         ( 2.00    -0.0764)  ( 0.00     0.7491)
 B1.g :1...3         ( 2.00    -1.4184)  ( 2.00    -0.1993)  ( 0.00     0.4100)
 B2.g :1...4         ( 2.00    -1.4263)  ( 2.00    -0.6730)  ( 2.00    -0.1551)  ( 0.00     0.3368)
 E1.g :1...3         ( 4.00    -1.4273)  ( 4.00    -0.1634)  ( 0.00     0.4145)
 A1.u :1...1         ( 0.00     1.3794)
 A2.u :1...2         ( 2.00    -0.2579)  ( 0.00     0.0206)
 B1.u :1...2         ( 2.00    -0.1317)  ( 0.00     0.5895)
 B2.u :1...1         ( 0.00     1.0644)
 E1.u :1...4         ( 4.00    -0.7296)  ( 4.00    -0.2617)  ( 4.00    -0.1286)  ( 0.00     0.1047)

 CYCLE    9
  SDIIS (wt  1.000):  0.0000 -0.0000 -0.0000 -0.0006 -0.0046 -0.0074  0.1577  0.8550
  DIIS coefficients:  0.0000 -0.0000 -0.0000 -0.0006 -0.0046 -0.0074  0.1577  0.8550
 SCF Error: norm([F,P])=      0.000005625104, max([F,P])=      0.000001011266
 orbitals (Q,E):
 ---------------
 A1.g :1...4         ( 2.00    -1.4338)  ( 2.00    -0.8034)  ( 2.00    -0.3951)  ( 0.00     0.0018)
 A2.g :1...2         ( 2.00    -0.0764)  ( 0.00     0.7491)
 B1.g :1...3         ( 2.00    -1.4184)  ( 2.00    -0.1993)  ( 0.00     0.4100)
 B2.g :1...4         ( 2.00    -1.4263)  ( 2.00    -0.6730)  ( 2.00    -0.1551)  ( 0.00     0.3368)
 E1.g :1...3         ( 4.00    -1.4273)  ( 4.00    -0.1634)  ( 0.00     0.4145)
 A1.u :1...1         ( 0.00     1.3794)
 A2.u :1...2         ( 2.00    -0.2579)  ( 0.00     0.0206)
 B1.u :1...2         ( 2.00    -0.1317)  ( 0.00     0.5895)
 B2.u :1...1         ( 0.00     1.0644)
 E1.u :1...4         ( 4.00    -0.7296)  ( 4.00    -0.2617)  ( 4.00    -0.1286)  ( 0.00     0.1047)

 CYCLE   10
  SDIIS (wt  1.000):  0.0000 -0.0000 -0.0000 -0.0000 -0.0003 -0.0005  0.0021  0.0380  0.9608
  DIIS coefficients:  0.0000 -0.0000 -0.0000 -0.0000 -0.0003 -0.0005  0.0021  0.0380  0.9608
 SCF Error: norm([F,P])=      0.000000289441, max([F,P])=      0.000000055679
 orbitals (Q,E):
 ---------------
 A1.g :1...4         ( 2.00    -1.4338)  ( 2.00    -0.8034)  ( 2.00    -0.3951)  ( 0.00     0.0018)
 A2.g :1...2         ( 2.00    -0.0764)  ( 0.00     0.7491)
 B1.g :1...3         ( 2.00    -1.4184)  ( 2.00    -0.1993)  ( 0.00     0.4100)
 B2.g :1...4         ( 2.00    -1.4263)  ( 2.00    -0.6730)  ( 2.00    -0.1551)  ( 0.00     0.3368)
 E1.g :1...3         ( 4.00    -1.4273)  ( 4.00    -0.1634)  ( 0.00     0.4145)
 A1.u :1...1         ( 0.00     1.3794)
 A2.u :1...2         ( 2.00    -0.2579)  ( 0.00     0.0206)
 B1.u :1...2         ( 2.00    -0.1317)  ( 0.00     0.5895)
 B2.u :1...1         ( 0.00     1.0644)
 E1.u :1...4         ( 4.00    -0.7296)  ( 4.00    -0.2617)  ( 4.00    -0.1286)  ( 0.00     0.1047)

 SCF CONVERGED
 cosmo_calcen: 0.5 (esolb+esolc) (Hartrees) =   -0.817176

 Solvation energy (screening term,uncorrected) =   -512.785516 kcal/mol

 Solvation energy (dispersion and cavitation terms) =      0.674138 kcal/mol
 Solvation Energy Contributions (Hartrees)
          esola   esolb+esolc
     0.81717565   -1.63435130
 esol last cycle   -0.81717565

 CYCLE   11
 *** Using FIT density in Focky
  SDIIS (wt  1.000): -0.0000  0.0000  0.0000  0.0000 -0.0003 -0.0025 -0.0206  1.0235
  DIIS coefficients: -0.0000  0.0000  0.0000  0.0000 -0.0003 -0.0025 -0.0206  1.0235
 SCF Error: norm([F,P])=      0.000000026329, max([F,P])=      0.000000005345
 orbitals (Q,E):
 ---------------
 A1.g :1...13        ( 2.00    -1.4338)  ( 2.00    -0.8034)  ( 2.00    -0.3951)  ( 0.00     0.0018)
                     ( 0.00     0.2263)  ( 0.00     0.3211)  ( 0.00     0.7139)  ( 0.00     1.2482)
                     ( 0.00     1.5030)  ( 0.00     1.9707)  ( 0.00     2.5570)  ( 0.00     2.9320)
                     ( 0.00     5.2332)
 A2.g :1...4         ( 2.00    -0.0764)  ( 0.00     0.7491)  ( 0.00     1.7948)  ( 0.00     4.6252)
 B1.g :1...8         ( 2.00    -1.4184)  ( 2.00    -0.1993)  ( 0.00     0.4100)  ( 0.00     0.5978)
                     ( 0.00     1.9690)  ( 0.00     2.7826)  ( 0.00     4.3583)  ( 0.00    16.2029)
 B2.g :1...12        ( 2.00    -1.4263)  ( 2.00    -0.6730)  ( 2.00    -0.1551)  ( 0.00     0.3368)
                     ( 0.00     1.0132)  ( 0.00     1.2943)  ( 0.00     1.5932)  ( 0.00     2.5027)
                     ( 0.00     3.3305)  ( 0.00     5.2575)  ( 0.00    16.8354)  ( 0.00    34.4820)
 E1.g :1...9         ( 4.00    -1.4273)  ( 4.00    -0.1634)  ( 0.00     0.4145)  ( 0.00     0.5336)
                     ( 0.00     1.2998)  ( 0.00     1.8304)  ( 0.00     2.4580)  ( 0.00     4.1449)
                     ( 0.00    15.8190)
 A1.u :1...1         ( 0.00     1.3794)
 A2.u :1...7         ( 2.00    -0.2579)  ( 0.00     0.0206)  ( 0.00     0.1086)  ( 0.00     0.6166)
                     ( 0.00     1.1018)  ( 0.00     1.4558)  ( 0.00     4.4236)
 B1.u :1...4         ( 2.00    -0.1317)  ( 0.00     0.5895)  ( 0.00     1.3474)  ( 0.00     4.3288)
 B2.u :1...1         ( 0.00     1.0644)
 E1.u :1...13        ( 4.00    -0.7296)  ( 4.00    -0.2617)  ( 4.00    -0.1286)  ( 0.00     0.1047)
                     ( 0.00     0.3656)  ( 0.00     0.5202)  ( 0.00     0.6536)  ( 0.00     1.0298)
                     ( 0.00     1.2098)  ( 0.00     1.6912)  ( 0.00     1.9167)  ( 0.00     2.4026)
                     ( 0.00     4.4550)
 cosmo_calcen: 0.5 (esolb+esolc) (Hartrees) =   -0.817176

 Solvation energy (screening term,uncorrected) =   -512.785516 kcal/mol

 Solvation energy (dispersion and cavitation terms) =      0.674138 kcal/mol
 Solvation Energy Contributions (Hartrees)
          esola   esolb+esolc
     0.81717565   -1.63435130
 esol last cycle   -0.81717565


 Fit test: (difference of exact and fit density, squared integrated, result summed over spins)
         SCF:                                          0.00001821726779

 Gross Charges per Atom (Z minus electrons)
 ==========================================
             1.3199   -1.0800   -1.0800   -1.0800   -1.0800
 Net Total: -3.00000000



 =================================================================
 M U L T I P O L E   D E R I V E D   C H A R G E   A N A L Y S I S
 =================================================================

 See: M. Swart, P.Th. van Duijnen, J.G. Snijders, J.Comput.Chem., (2001), p. 79-88.

 --------------------------------------- 
 Multipole derived atomic charges (a.u.)
 --------------------------------------- 

        Atom    Level:     MDC-m        MDC-d        MDC-q
 ---------------------------------------------------------
     1     As           2.115223     1.816814     1.497938
     2     O           -1.278806    -1.204204    -1.124484
     3     O           -1.278806    -1.204204    -1.124484
     4     O           -1.278806    -1.204204    -1.124484
     5     O           -1.278806    -1.204204    -1.124484
 *** Using NEW gradient routines ***


 Geometry CYCLE 8
 ==============

 Energy gradients wrt nuclear displacements
 ==========================================

     Atom      Cartesian (a.u./angstrom)
                 X         Y         Z
 ----------------------------------------
     1 As   -0.000000 -0.000000 -0.000000
     2 O    -0.062284 -0.062284  0.000000
     3 O     0.062284  0.062284  0.000000
     4 O     0.062284 -0.062284  0.000000
     5 O    -0.062284  0.062284  0.000000
 ----------------------------------------

 dE(predicted):    -0.35894E-01, dE(actual):    -0.50116E-01, Trust radius:    1.788854, all in a.u.
 
----------------------------------------------------------------------
Geometry Convergence after Step   8       (Hartree/Angstrom,Angstrom)
----------------------------------------------------------------------
current energy                               -1.36422342 Hartree
energy change                      -0.05011627     0.00100000    F
constrained gradient max            0.06228431     0.00100000    F
constrained gradient rms            0.04548603     0.00066667    F
gradient max                        0.06228431
gradient rms                        0.04548603
cart. step max                      0.03557239     0.01000000    F
cart. step rms                      0.02597840     0.00666667    F
 


 Coordinates (Cartesian)
 =======================

     Atom                    bohr                                 angstrom                 Geometric Variables
                   X           Y           Z              X           Y           Z       (0:frozen, *:LT par.)
 --------------------------------------------------------------------------------------------------------------
     1 As      0.000000    0.000000   -0.000000       0.000000    0.000000   -0.000000      1       2       3
     2 O       2.361375    2.361375   -0.000000       1.249586    1.249586   -0.000000      4       5       6
     3 O      -2.361375   -2.361375   -0.000000      -1.249586   -1.249586   -0.000000      7       8       9
     4 O      -2.361375    2.361375   -0.000000      -1.249586    1.249586   -0.000000     10      11      12
     5 O       2.361375   -2.361375   -0.000000       1.249586   -1.249586   -0.000000     13      14      15
 --------------------------------------------------------------------------------------------------------------

 Number of elements of the density matrix on this node (used, total):      1035      7381



 ===========================================
 Numerical Integration : Fuzzy Cells (Becke)
 ===========================================
  
 Becke grid quality: GOOD           
  
 Lebedev angular grid order:             min:  11 max:  35
 Nr. of radial points:                   min:  58 max:  80

 Total nr. of points:      88688
 Nr. of blocks:              704
 Block length:               126
 Nr. of dummy points:         16


 Test of Precision of the Numerical Integration Grid
 ===================================================

 Integral of the Total Core Density:                  26.00013212525353
 Relative Error:                                       5.082E-06


 -------------------------------------------
  COSMO surface
  Area             =          367.940
  Volume           =          573.399
  Number of Points =          890
 -------------------------------------------



 ========================
 Density Fitting (zlmFit)
 ========================
  
 ZlmFit Fit Quality: GOOD           
  
 Max L-expansion:                        min:   8 max:   9
 Nr. of radial interpolation points:     min:  84 max: 132



 =====
 S C F  ***  ScaSCF  ***
 =====
  
 Initial density matrix is taken from previous geometry

 CYCLE    1
 SCF Error: norm([F,P])=      0.116154447743, max([F,P])=      0.033070334624
 orbitals (Q,E):
 ---------------
 A1.g :1...13        ( 2.00    -0.9197)  ( 2.00    -0.2472)  ( 2.00     0.1309)  ( 0.00     0.5133)
                     ( 0.00     0.7397)  ( 0.00     0.8302)  ( 0.00     1.2304)  ( 0.00     1.7781)
                     ( 0.00     2.0154)  ( 0.00     2.4668)  ( 0.00     3.0771)  ( 0.00     3.4022)
                     ( 0.00     5.6158)
 A2.g :1...4         ( 2.00     0.4652)  ( 0.00     1.2775)  ( 0.00     2.2774)  ( 0.00     5.1534)
 B1.g :1...8         ( 2.00    -0.9032)  ( 2.00     0.3541)  ( 0.00     0.9517)  ( 0.00     1.1049)
                     ( 0.00     2.4467)  ( 0.00     3.3280)  ( 0.00     4.8518)  ( 0.00    16.7159)
 B2.g :1...12        ( 2.00    -0.9090)  ( 2.00    -0.1297)  ( 2.00     0.3830)  ( 0.00     0.8488)
                     ( 0.00     1.5350)  ( 0.00     1.7818)  ( 0.00     2.0897)  ( 0.00     3.0212)
                     ( 0.00     3.7740)  ( 0.00     5.7127)  ( 0.00    17.2380)  ( 0.00    34.8510)
 E1.g :1...9         ( 4.00    -0.9136)  ( 4.00     0.3811)  ( 0.00     0.9339)  ( 0.00     1.0561)
                     ( 0.00     1.8336)  ( 0.00     2.3146)  ( 0.00     2.9795)  ( 0.00     4.6789)
                     ( 0.00    16.3208)
 A1.u :1...1         ( 0.00     1.9060)
 A2.u :1...7         ( 2.00     0.2813)  ( 0.00     0.5265)  ( 0.00     0.5718)  ( 0.00     1.1316)
                     ( 0.00     1.6029)  ( 0.00     1.9809)  ( 0.00     4.9457)
 B1.u :1...4         ( 2.00     0.4107)  ( 0.00     1.1117)  ( 0.00     1.8660)  ( 0.00     4.8574)
 B2.u :1...1         ( 0.00     1.6272)
 E1.u :1...13        ( 4.00    -0.1776)  ( 4.00     0.2795)  ( 4.00     0.4161)  ( 0.00     0.5959)
                     ( 0.00     0.8583)  ( 0.00     1.0343)  ( 0.00     1.1819)  ( 0.00     1.5683)
                     ( 0.00     1.7556)  ( 0.00     2.1810)  ( 0.00     2.4035)  ( 0.00     2.8749)
                     ( 0.00     4.9377)

 CYCLE    2
  SDIIS (wt  0.000):  0.7455  0.2545
 A-DIIS (wt  1.000):  0.3475  0.6525
  DIIS coefficients:  0.3475  0.6525
 SCF Error: norm([F,P])=      0.268562442850, max([F,P])=      0.069487317646
 orbitals (Q,E):
 ---------------
 A1.g :1...4         ( 2.00    -1.2516)  ( 2.00    -0.6259)  ( 2.00    -0.2378)  ( 0.00     0.1514)
 A2.g :1...2         ( 2.00     0.0729)  ( 0.00     0.9089)
 B1.g :1...3         ( 2.00    -1.2387)  ( 2.00    -0.0316)  ( 0.00     0.5841)
 B2.g :1...4         ( 2.00    -1.2451)  ( 2.00    -0.5199)  ( 2.00    -0.0011)  ( 0.00     0.5029)
 E1.g :1...3         ( 4.00    -1.2463)  ( 4.00    -0.0021)  ( 0.00     0.5699)
 A1.u :1...1         ( 0.00     1.5271)
 A2.u :1...2         ( 2.00    -0.0822)  ( 0.00     0.1714)
 B1.u :1...2         ( 2.00     0.0239)  ( 0.00     0.7487)
 B2.u :1...1         ( 0.00     1.2501)
 E1.u :1...4         ( 4.00    -0.5648)  ( 4.00    -0.0992)  ( 4.00     0.0292)  ( 0.00     0.2669)

 CYCLE    3
  SDIIS (wt  0.000):  0.3414  0.4130  0.2456
 A-DIIS (wt  1.000):  0.0000  0.5281  0.4719
  DIIS coefficients:  0.0000  0.5281  0.4719
 SCF Error: norm([F,P])=      0.373486722616, max([F,P])=      0.069719545310
 orbitals (Q,E):
 ---------------
 A1.g :1...4         ( 2.00    -1.4523)  ( 2.00    -0.7935)  ( 2.00    -0.4092)  ( 0.00    -0.0183)
 A2.g :1...2         ( 2.00    -0.0870)  ( 0.00     0.7366)
 B1.g :1...3         ( 2.00    -1.4389)  ( 2.00    -0.1982)  ( 0.00     0.4103)
 B2.g :1...4         ( 2.00    -1.4449)  ( 2.00    -0.6799)  ( 2.00    -0.1620)  ( 0.00     0.3362)
 E1.g :1...3         ( 4.00    -1.4470)  ( 4.00    -0.1658)  ( 0.00     0.3965)
 A1.u :1...1         ( 0.00     1.3549)
 A2.u :1...2         ( 2.00    -0.2550)  ( 0.00     0.0015)
 B1.u :1...2         ( 2.00    -0.1372)  ( 0.00     0.5799)
 B2.u :1...1         ( 0.00     1.0758)
 E1.u :1...4         ( 4.00    -0.7271)  ( 4.00    -0.2648)  ( 4.00    -0.1339)  ( 0.00     0.1020)

 CYCLE    4
  SDIIS (wt  0.897):  0.1470  0.1760  0.6771
 A-DIIS (wt  0.103):  0.0000  0.0000  1.0000
  DIIS coefficients:  0.1319  0.1579  0.7102
 SCF Error: norm([F,P])=      0.052821029365, max([F,P])=      0.011169857710
 orbitals (Q,E):
 ---------------
 A1.g :1...4         ( 2.00    -1.4346)  ( 2.00    -0.7893)  ( 2.00    -0.4049)  ( 0.00    -0.0148)
 A2.g :1...2         ( 2.00    -0.0856)  ( 0.00     0.7375)
 B1.g :1...3         ( 2.00    -1.4207)  ( 2.00    -0.1959)  ( 0.00     0.4115)
 B2.g :1...4         ( 2.00    -1.4269)  ( 2.00    -0.6778)  ( 2.00    -0.1600)  ( 0.00     0.3370)
 E1.g :1...3         ( 4.00    -1.4291)  ( 4.00    -0.1640)  ( 0.00     0.3997)
 A1.u :1...1         ( 0.00     1.3572)
 A2.u :1...2         ( 2.00    -0.2513)  ( 0.00     0.0052)
 B1.u :1...2         ( 2.00    -0.1358)  ( 0.00     0.5809)
 B2.u :1...1         ( 0.00     1.0783)
 E1.u :1...4         ( 4.00    -0.7244)  ( 4.00    -0.2619)  ( 4.00    -0.1322)  ( 0.00     0.1031)

 CYCLE    5
  SDIIS (wt  0.928):  0.0262  0.0392  0.4140  0.5206
 A-DIIS (wt  0.072):  0.0000  0.0000  0.2993  0.7007
  DIIS coefficients:  0.0243  0.0364  0.4058  0.5335
 SCF Error: norm([F,P])=      0.030088406899, max([F,P])=      0.008081688091
 orbitals (Q,E):
 ---------------
 A1.g :1...4         ( 2.00    -1.4419)  ( 2.00    -0.7899)  ( 2.00    -0.4057)  ( 0.00    -0.0154)
 A2.g :1...2         ( 2.00    -0.0851)  ( 0.00     0.7378)
 B1.g :1...3         ( 2.00    -1.4278)  ( 2.00    -0.1957)  ( 0.00     0.4117)
 B2.g :1...4         ( 2.00    -1.4339)  ( 2.00    -0.6775)  ( 2.00    -0.1598)  ( 0.00     0.3373)
 E1.g :1...3         ( 4.00    -1.4364)  ( 4.00    -0.1637)  ( 0.00     0.3993)
 A1.u :1...1         ( 0.00     1.3576)
 A2.u :1...2         ( 2.00    -0.2518)  ( 0.00     0.0046)
 B1.u :1...2         ( 2.00    -0.1353)  ( 0.00     0.5812)
 B2.u :1...1         ( 0.00     1.0786)
 E1.u :1...4         ( 4.00    -0.7243)  ( 4.00    -0.2619)  ( 4.00    -0.1318)  ( 0.00     0.1033)

 CYCLE    6
  SDIIS (wt  1.000): -0.0012  0.0041  0.0052  0.0662  0.9257
  DIIS coefficients: -0.0012  0.0041  0.0052  0.0662  0.9257
 SCF Error: norm([F,P])=      0.003401051964, max([F,P])=      0.000692871691
 orbitals (Q,E):
 ---------------
 A1.g :1...4         ( 2.00    -1.4414)  ( 2.00    -0.7899)  ( 2.00    -0.4057)  ( 0.00    -0.0154)
 A2.g :1...2         ( 2.00    -0.0853)  ( 0.00     0.7377)
 B1.g :1...3         ( 2.00    -1.4274)  ( 2.00    -0.1958)  ( 0.00     0.4116)
 B2.g :1...4         ( 2.00    -1.4335)  ( 2.00    -0.6776)  ( 2.00    -0.1599)  ( 0.00     0.3372)
 E1.g :1...3         ( 4.00    -1.4359)  ( 4.00    -0.1638)  ( 0.00     0.3993)
 A1.u :1...1         ( 0.00     1.3575)
 A2.u :1...2         ( 2.00    -0.2518)  ( 0.00     0.0046)
 B1.u :1...2         ( 2.00    -0.1355)  ( 0.00     0.5811)
 B2.u :1...1         ( 0.00     1.0785)
 E1.u :1...4         ( 4.00    -0.7244)  ( 4.00    -0.2620)  ( 4.00    -0.1320)  ( 0.00     0.1032)

 CYCLE    7
  SDIIS (wt  1.000): -0.0006  0.0014  0.0009  0.0243  0.3478  0.6263
  DIIS coefficients: -0.0006  0.0014  0.0009  0.0243  0.3478  0.6263
 SCF Error: norm([F,P])=      0.000167855939, max([F,P])=      0.000033738213
 orbitals (Q,E):
 ---------------
 A1.g :1...4         ( 2.00    -1.4414)  ( 2.00    -0.7899)  ( 2.00    -0.4057)  ( 0.00    -0.0154)
 A2.g :1...2         ( 2.00    -0.0853)  ( 0.00     0.7377)
 B1.g :1...3         ( 2.00    -1.4274)  ( 2.00    -0.1958)  ( 0.00     0.4116)
 B2.g :1...4         ( 2.00    -1.4335)  ( 2.00    -0.6776)  ( 2.00    -0.1599)  ( 0.00     0.3372)
 E1.g :1...3         ( 4.00    -1.4359)  ( 4.00    -0.1638)  ( 0.00     0.3993)
 A1.u :1...1         ( 0.00     1.3575)
 A2.u :1...2         ( 2.00    -0.2518)  ( 0.00     0.0046)
 B1.u :1...2         ( 2.00    -0.1354)  ( 0.00     0.5811)
 B2.u :1...1         ( 0.00     1.0785)
 E1.u :1...4         ( 4.00    -0.7244)  ( 4.00    -0.2620)  ( 4.00    -0.1319)  ( 0.00     0.1032)

 CYCLE    8
  SDIIS (wt  1.000): -0.0000  0.0000 -0.0002 -0.0015 -0.0066  0.1276  0.8806
  DIIS coefficients: -0.0000  0.0000 -0.0002 -0.0015 -0.0066  0.1276  0.8806
 SCF Error: norm([F,P])=      0.000037846888, max([F,P])=      0.000007201887
 orbitals (Q,E):
 ---------------
 A1.g :1...4         ( 2.00    -1.4414)  ( 2.00    -0.7899)  ( 2.00    -0.4057)  ( 0.00    -0.0154)
 A2.g :1...2         ( 2.00    -0.0853)  ( 0.00     0.7377)
 B1.g :1...3         ( 2.00    -1.4274)  ( 2.00    -0.1958)  ( 0.00     0.4116)
 B2.g :1...4         ( 2.00    -1.4335)  ( 2.00    -0.6776)  ( 2.00    -0.1599)  ( 0.00     0.3372)
 E1.g :1...3         ( 4.00    -1.4359)  ( 4.00    -0.1638)  ( 0.00     0.3993)
 A1.u :1...1         ( 0.00     1.3575)
 A2.u :1...2         ( 2.00    -0.2518)  ( 0.00     0.0046)
 B1.u :1...2         ( 2.00    -0.1355)  ( 0.00     0.5811)
 B2.u :1...1         ( 0.00     1.0785)
 E1.u :1...4         ( 4.00    -0.7244)  ( 4.00    -0.2620)  ( 4.00    -0.1320)  ( 0.00     0.1032)

 CYCLE    9
  SDIIS (wt  1.000):  0.0000 -0.0000 -0.0000 -0.0005 -0.0047  0.0211  0.1950  0.7891
  DIIS coefficients:  0.0000 -0.0000 -0.0000 -0.0005 -0.0047  0.0211  0.1950  0.7891
 SCF Error: norm([F,P])=      0.000003346250, max([F,P])=      0.000000591359
 orbitals (Q,E):
 ---------------
 A1.g :1...4         ( 2.00    -1.4414)  ( 2.00    -0.7899)  ( 2.00    -0.4057)  ( 0.00    -0.0154)
 A2.g :1...2         ( 2.00    -0.0853)  ( 0.00     0.7377)
 B1.g :1...3         ( 2.00    -1.4274)  ( 2.00    -0.1958)  ( 0.00     0.4116)
 B2.g :1...4         ( 2.00    -1.4335)  ( 2.00    -0.6776)  ( 2.00    -0.1599)  ( 0.00     0.3372)
 E1.g :1...3         ( 4.00    -1.4359)  ( 4.00    -0.1638)  ( 0.00     0.3993)
 A1.u :1...1         ( 0.00     1.3575)
 A2.u :1...2         ( 2.00    -0.2518)  ( 0.00     0.0046)
 B1.u :1...2         ( 2.00    -0.1355)  ( 0.00     0.5811)
 B2.u :1...1         ( 0.00     1.0785)
 E1.u :1...4         ( 4.00    -0.7244)  ( 4.00    -0.2620)  ( 4.00    -0.1320)  ( 0.00     0.1032)

 SCF CONVERGED
 cosmo_calcen: 0.5 (esolb+esolc) (Hartrees) =   -0.810554

 Solvation energy (screening term,uncorrected) =   -508.630352 kcal/mol

 Solvation energy (dispersion and cavitation terms) =      0.688020 kcal/mol
 Solvation Energy Contributions (Hartrees)
          esola   esolb+esolc
     0.81055397   -1.62110795
 esol last cycle   -0.81055397

 CYCLE   10
 *** Using FIT density in Focky
  SDIIS (wt  1.000):  0.0000 -0.0000 -0.0000 -0.0000 -0.0004  0.0000  0.0098  0.1164  0.8742
  DIIS coefficients:  0.0000 -0.0000 -0.0000 -0.0000 -0.0004  0.0000  0.0098  0.1164  0.8742
 SCF Error: norm([F,P])=      0.000000449909, max([F,P])=      0.000000111900
 orbitals (Q,E):
 ---------------
 A1.g :1...13        ( 2.00    -1.4414)  ( 2.00    -0.7899)  ( 2.00    -0.4057)  ( 0.00    -0.0154)
                     ( 0.00     0.2121)  ( 0.00     0.3189)  ( 0.00     0.6928)  ( 0.00     1.2347)
                     ( 0.00     1.4825)  ( 0.00     1.9406)  ( 0.00     2.5472)  ( 0.00     2.8768)
                     ( 0.00     5.0693)
 A2.g :1...4         ( 2.00    -0.0853)  ( 0.00     0.7377)  ( 0.00     1.7320)  ( 0.00     4.6064)
 B1.g :1...8         ( 2.00    -1.4274)  ( 2.00    -0.1958)  ( 0.00     0.4116)  ( 0.00     0.5643)
                     ( 0.00     1.9064)  ( 0.00     2.8002)  ( 0.00     4.3017)  ( 0.00    16.1902)
 B2.g :1...12        ( 2.00    -1.4335)  ( 2.00    -0.6776)  ( 2.00    -0.1599)  ( 0.00     0.3372)
                     ( 0.00     0.9962)  ( 0.00     1.2423)  ( 0.00     1.5404)  ( 0.00     2.4897)
                     ( 0.00     3.2446)  ( 0.00     5.1664)  ( 0.00    16.7120)  ( 0.00    34.3011)
 E1.g :1...9         ( 4.00    -1.4359)  ( 4.00    -0.1638)  ( 0.00     0.3993)  ( 0.00     0.5312)
                     ( 0.00     1.2861)  ( 0.00     1.7762)  ( 0.00     2.4572)  ( 0.00     4.1342)
                     ( 0.00    15.7972)
 A1.u :1...1         ( 0.00     1.3575)
 A2.u :1...7         ( 2.00    -0.2518)  ( 0.00     0.0046)  ( 0.00     0.1095)  ( 0.00     0.6086)
                     ( 0.00     1.0928)  ( 0.00     1.4448)  ( 0.00     4.4018)
 B1.u :1...4         ( 2.00    -0.1355)  ( 0.00     0.5811)  ( 0.00     1.3246)  ( 0.00     4.3128)
 B2.u :1...1         ( 0.00     1.0785)
 E1.u :1...13        ( 4.00    -0.7244)  ( 4.00    -0.2620)  ( 4.00    -0.1320)  ( 0.00     0.1032)
                     ( 0.00     0.3304)  ( 0.00     0.5067)  ( 0.00     0.6495)  ( 0.00     1.0419)
                     ( 0.00     1.2159)  ( 0.00     1.6340)  ( 0.00     1.8672)  ( 0.00     2.3403)
                     ( 0.00     4.3930)
 cosmo_calcen: 0.5 (esolb+esolc) (Hartrees) =   -0.810554

 Solvation energy (screening term,uncorrected) =   -508.630353 kcal/mol

 Solvation energy (dispersion and cavitation terms) =      0.688020 kcal/mol
 Solvation Energy Contributions (Hartrees)
          esola   esolb+esolc
     0.81055398   -1.62110795
 esol last cycle   -0.81055398


 Fit test: (difference of exact and fit density, squared integrated, result summed over spins)
         SCF:                                          0.00001664712094

 Gross Charges per Atom (Z minus electrons)
 ==========================================
             1.2297   -1.0574   -1.0574   -1.0574   -1.0574
 Net Total: -3.00000000



 =================================================================
 M U L T I P O L E   D E R I V E D   C H A R G E   A N A L Y S I S
 =================================================================

 See: M. Swart, P.Th. van Duijnen, J.G. Snijders, J.Comput.Chem., (2001), p. 79-88.

 --------------------------------------- 
 Multipole derived atomic charges (a.u.)
 --------------------------------------- 

        Atom    Level:     MDC-m        MDC-d        MDC-q
 ---------------------------------------------------------
     1     As           2.042709     1.722590     1.344565
     2     O           -1.260677    -1.180647    -1.086141
     3     O           -1.260677    -1.180647    -1.086141
     4     O           -1.260677    -1.180647    -1.086141
     5     O           -1.260677    -1.180647    -1.086141
 *** Using NEW gradient routines ***


 Geometry CYCLE 9
 ==============

 Energy gradients wrt nuclear displacements
 ==========================================

     Atom      Cartesian (a.u./angstrom)
                 X         Y         Z
 ----------------------------------------
     1 As    0.000000 -0.000000  0.000000
     2 O    -0.018939 -0.018939 -0.000000
     3 O     0.018939  0.018939 -0.000000
     4 O     0.018939 -0.018939 -0.000000
     5 O    -0.018939  0.018939 -0.000000
 ----------------------------------------

 dE(predicted):    -0.88624E-02, dE(actual):    -0.12495E-01, Trust radius:    1.788854, all in a.u.
 
----------------------------------------------------------------------
Geometry Convergence after Step   9       (Hartree/Angstrom,Angstrom)
----------------------------------------------------------------------
current energy                               -1.37671854 Hartree
energy change                      -0.01249512     0.00100000    F
constrained gradient max            0.01893927     0.00100000    F
constrained gradient rms            0.01383129     0.00066667    F
gradient max                        0.01893927
gradient rms                        0.01383129
cart. step max                      0.01554307     0.01000000    F
cart. step rms                      0.01135105     0.00666667    F
 


 Coordinates (Cartesian)
 =======================

     Atom                    bohr                                 angstrom                 Geometric Variables
                   X           Y           Z              X           Y           Z       (0:frozen, *:LT par.)
 --------------------------------------------------------------------------------------------------------------
     1 As      0.000000    0.000000    0.000000       0.000000    0.000000    0.000000      1       2       3
     2 O       2.390747    2.390747    0.000000       1.265129    1.265129    0.000000      4       5       6
     3 O      -2.390747   -2.390747    0.000000      -1.265129   -1.265129    0.000000      7       8       9
     4 O      -2.390747    2.390747    0.000000      -1.265129    1.265129    0.000000     10      11      12
     5 O       2.390747   -2.390747    0.000000       1.265129   -1.265129    0.000000     13      14      15
 --------------------------------------------------------------------------------------------------------------

 Number of elements of the density matrix on this node (used, total):      1035      7381



 ===========================================
 Numerical Integration : Fuzzy Cells (Becke)
 ===========================================
  
 Becke grid quality: GOOD           
  
 Lebedev angular grid order:             min:  11 max:  35
 Nr. of radial points:                   min:  58 max:  80

 Total nr. of points:      88672
 Nr. of blocks:              704
 Block length:               126
 Nr. of dummy points:         32


 Test of Precision of the Numerical Integration Grid
 ===================================================

 Integral of the Total Core Density:                  26.00012270894138
 Relative Error:                                       4.720E-06


 -------------------------------------------
  COSMO surface
  Area             =          371.021
  Volume           =          578.824
  Number of Points =          890
 -------------------------------------------



 ========================
 Density Fitting (zlmFit)
 ========================
  
 ZlmFit Fit Quality: GOOD           
  
 Max L-expansion:                        min:   8 max:   9
 Nr. of radial interpolation points:     min:  84 max: 132



 =====
 S C F  ***  ScaSCF  ***
 =====
  
 Initial density matrix is taken from previous geometry

 CYCLE    1
 SCF Error: norm([F,P])=      0.076420216051, max([F,P])=      0.023669341408
 orbitals (Q,E):
 ---------------
 A1.g :1...13        ( 2.00    -0.9118)  ( 2.00    -0.2406)  ( 2.00     0.1282)  ( 0.00     0.5080)
                     ( 0.00     0.7356)  ( 0.00     0.8309)  ( 0.00     1.2225)  ( 0.00     1.7735)
                     ( 0.00     2.0070)  ( 0.00     2.4604)  ( 0.00     3.0740)  ( 0.00     3.3843)
                     ( 0.00     5.5470)
 A2.g :1...4         ( 2.00     0.4587)  ( 0.00     1.2706)  ( 0.00     2.2509)  ( 0.00     5.1410)
 B1.g :1...8         ( 2.00    -0.8969)  ( 2.00     0.3540)  ( 0.00     0.9511)  ( 0.00     1.0941)
                     ( 0.00     2.4208)  ( 0.00     3.3397)  ( 0.00     4.8245)  ( 0.00    16.7176)
 B2.g :1...12        ( 2.00    -0.9021)  ( 2.00    -0.1337)  ( 2.00     0.3788)  ( 0.00     0.8472)
                     ( 0.00     1.5257)  ( 0.00     1.7653)  ( 0.00     2.0682)  ( 0.00     3.0117)
                     ( 0.00     3.7448)  ( 0.00     5.6734)  ( 0.00    17.2013)  ( 0.00    34.7655)
 E1.g :1...9         ( 4.00    -0.9062)  ( 4.00     0.3796)  ( 0.00     0.9296)  ( 0.00     1.0567)
                     ( 0.00     1.8276)  ( 0.00     2.2921)  ( 0.00     2.9877)  ( 0.00     4.6712)
                     ( 0.00    16.3213)
 A1.u :1...1         ( 0.00     1.8962)
 A2.u :1...7         ( 2.00     0.2867)  ( 0.00     0.5232)  ( 0.00     0.5746)  ( 0.00     1.1272)
                     ( 0.00     1.6070)  ( 0.00     1.9769)  ( 0.00     4.9326)
 B1.u :1...4         ( 2.00     0.4072)  ( 0.00     1.1069)  ( 0.00     1.8569)  ( 0.00     4.8466)
 B2.u :1...1         ( 0.00     1.6327)
 E1.u :1...13        ( 4.00    -0.1769)  ( 4.00     0.2789)  ( 4.00     0.4126)  ( 0.00     0.5960)
                     ( 0.00     0.8465)  ( 0.00     1.0274)  ( 0.00     1.1789)  ( 0.00     1.5771)
                     ( 0.00     1.7578)  ( 0.00     2.1570)  ( 0.00     2.3837)  ( 0.00     2.8483)
                     ( 0.00     4.9108)

 CYCLE    2
  SDIIS (wt  0.000):  0.7448  0.2552
 A-DIIS (wt  1.000):  0.3919  0.6081
  DIIS coefficients:  0.3919  0.6081
 SCF Error: norm([F,P])=      0.188394969588, max([F,P])=      0.049634801992
 orbitals (Q,E):
 ---------------
 A1.g :1...4         ( 2.00    -1.2411)  ( 2.00    -0.5918)  ( 2.00    -0.2151)  ( 0.00     0.1700)
 A2.g :1...2         ( 2.00     0.1017)  ( 0.00     0.9316)
 B1.g :1...3         ( 2.00    -1.2284)  ( 2.00     0.0003)  ( 0.00     0.6115)
 B2.g :1...4         ( 2.00    -1.2339)  ( 2.00    -0.4898)  ( 2.00     0.0278)  ( 0.00     0.5286)
 E1.g :1...3         ( 4.00    -1.2360)  ( 4.00     0.0285)  ( 0.00     0.5903)
 A1.u :1...1         ( 0.00     1.5474)
 A2.u :1...2         ( 2.00    -0.0529)  ( 0.00     0.1913)
 B1.u :1...2         ( 2.00     0.0541)  ( 0.00     0.7725)
 B2.u :1...1         ( 0.00     1.2845)
 E1.u :1...4         ( 4.00    -0.5320)  ( 4.00    -0.0697)  ( 4.00     0.0591)  ( 0.00     0.2901)

 CYCLE    3
  SDIIS (wt  0.000):  0.4614  0.3389  0.1997
 A-DIIS (wt  1.000):  0.0000  0.4185  0.5815
  DIIS coefficients:  0.0000  0.4185  0.5815
 SCF Error: norm([F,P])=      0.230706040190, max([F,P])=      0.045412235764
 orbitals (Q,E):
 ---------------
 A1.g :1...4         ( 2.00    -1.4576)  ( 2.00    -0.7854)  ( 2.00    -0.4122)  ( 0.00    -0.0241)
 A2.g :1...2         ( 2.00    -0.0864)  ( 0.00     0.7338)
 B1.g :1...3         ( 2.00    -1.4444)  ( 2.00    -0.1935)  ( 0.00     0.4126)
 B2.g :1...4         ( 2.00    -1.4497)  ( 2.00    -0.6775)  ( 2.00    -0.1602)  ( 0.00     0.3382)
 E1.g :1...3         ( 4.00    -1.4525)  ( 4.00    -0.1626)  ( 0.00     0.3912)
 A1.u :1...1         ( 0.00     1.3487)
 A2.u :1...2         ( 2.00    -0.2512)  ( 0.00    -0.0038)
 B1.u :1...2         ( 2.00    -0.1349)  ( 0.00     0.5784)
 B2.u :1...1         ( 0.00     1.0840)
 E1.u :1...4         ( 4.00    -0.7214)  ( 4.00    -0.2619)  ( 4.00    -0.1316)  ( 0.00     0.1021)

 CYCLE    4
  SDIIS (wt  0.794):  0.1190  0.3401  0.5409
 A-DIIS (wt  0.206):  0.0000  0.2440  0.7560
  DIIS coefficients:  0.0945  0.3204  0.5851
 SCF Error: norm([F,P])=      0.113330733759, max([F,P])=      0.021366849369
 orbitals (Q,E):
 ---------------
 A1.g :1...4         ( 2.00    -1.4362)  ( 2.00    -0.7837)  ( 2.00    -0.4091)  ( 0.00    -0.0222)
 A2.g :1...2         ( 2.00    -0.0896)  ( 0.00     0.7325)
 B1.g :1...3         ( 2.00    -1.4230)  ( 2.00    -0.1947)  ( 0.00     0.4117)
 B2.g :1...4         ( 2.00    -1.4284)  ( 2.00    -0.6798)  ( 2.00    -0.1621)  ( 0.00     0.3373)
 E1.g :1...3         ( 4.00    -1.4311)  ( 4.00    -0.1644)  ( 0.00     0.3934)
 A1.u :1...1         ( 0.00     1.3482)
 A2.u :1...2         ( 2.00    -0.2486)  ( 0.00    -0.0013)
 B1.u :1...2         ( 2.00    -0.1377)  ( 0.00     0.5771)
 B2.u :1...1         ( 0.00     1.0840)
 E1.u :1...4         ( 4.00    -0.7225)  ( 4.00    -0.2619)  ( 4.00    -0.1339)  ( 0.00     0.1022)

 CYCLE    5
  SDIIS (wt  0.922):  0.0012  0.1187  0.3749  0.5052
 A-DIIS (wt  0.078):  0.0000  0.0000  0.1370  0.8630
  DIIS coefficients:  0.0011  0.1095  0.3564  0.5330
 SCF Error: norm([F,P])=      0.038869434913, max([F,P])=      0.008691694681
 orbitals (Q,E):
 ---------------
 A1.g :1...4         ( 2.00    -1.4450)  ( 2.00    -0.7842)  ( 2.00    -0.4100)  ( 0.00    -0.0228)
 A2.g :1...2         ( 2.00    -0.0886)  ( 0.00     0.7330)
 B1.g :1...3         ( 2.00    -1.4316)  ( 2.00    -0.1942)  ( 0.00     0.4121)
 B2.g :1...4         ( 2.00    -1.4370)  ( 2.00    -0.6791)  ( 2.00    -0.1616)  ( 0.00     0.3379)
 E1.g :1...3         ( 4.00    -1.4398)  ( 4.00    -0.1638)  ( 0.00     0.3929)
 A1.u :1...1         ( 0.00     1.3489)
 A2.u :1...2         ( 2.00    -0.2492)  ( 0.00    -0.0020)
 B1.u :1...2         ( 2.00    -0.1368)  ( 0.00     0.5775)
 B2.u :1...1         ( 0.00     1.0846)
 E1.u :1...4         ( 4.00    -0.7222)  ( 4.00    -0.2618)  ( 4.00    -0.1331)  ( 0.00     0.1025)

 CYCLE    6
  SDIIS (wt  0.996): -0.0026  0.0341  0.1023  0.1919  0.6743
 A-DIIS (wt  0.004):  0.0000  0.0000  0.0000  0.0000  1.0000
  DIIS coefficients: -0.0026  0.0340  0.1020  0.1912  0.6754
 SCF Error: norm([F,P])=      0.004876807310, max([F,P])=      0.001347847698
 orbitals (Q,E):
 ---------------
 A1.g :1...4         ( 2.00    -1.4447)  ( 2.00    -0.7845)  ( 2.00    -0.4102)  ( 0.00    -0.0230)
 A2.g :1...2         ( 2.00    -0.0888)  ( 0.00     0.7329)
 B1.g :1...3         ( 2.00    -1.4313)  ( 2.00    -0.1944)  ( 0.00     0.4119)
 B2.g :1...4         ( 2.00    -1.4367)  ( 2.00    -0.6793)  ( 2.00    -0.1618)  ( 0.00     0.3378)
 E1.g :1...3         ( 4.00    -1.4395)  ( 4.00    -0.1640)  ( 0.00     0.3928)
 A1.u :1...1         ( 0.00     1.3488)
 A2.u :1...2         ( 2.00    -0.2494)  ( 0.00    -0.0021)
 B1.u :1...2         ( 2.00    -0.1370)  ( 0.00     0.5774)
 B2.u :1...1         ( 0.00     1.0844)
 E1.u :1...4         ( 4.00    -0.7224)  ( 4.00    -0.2620)  ( 4.00    -0.1333)  ( 0.00     0.1024)

 CYCLE    7
  SDIIS (wt  1.000): -0.0011  0.0030 -0.0002  0.0273  0.2099  0.7611
  DIIS coefficients: -0.0011  0.0030 -0.0002  0.0273  0.2099  0.7611
 SCF Error: norm([F,P])=      0.001381352160, max([F,P])=      0.000308598386
 orbitals (Q,E):
 ---------------
 A1.g :1...4         ( 2.00    -1.4445)  ( 2.00    -0.7844)  ( 2.00    -0.4102)  ( 0.00    -0.0230)
 A2.g :1...2         ( 2.00    -0.0889)  ( 0.00     0.7328)
 B1.g :1...3         ( 2.00    -1.4311)  ( 2.00    -0.1944)  ( 0.00     0.4119)
 B2.g :1...4         ( 2.00    -1.4365)  ( 2.00    -0.6793)  ( 2.00    -0.1618)  ( 0.00     0.3378)
 E1.g :1...3         ( 4.00    -1.4394)  ( 4.00    -0.1640)  ( 0.00     0.3928)
 A1.u :1...1         ( 0.00     1.3487)
 A2.u :1...2         ( 2.00    -0.2493)  ( 0.00    -0.0021)
 B1.u :1...2         ( 2.00    -0.1370)  ( 0.00     0.5774)
 B2.u :1...1         ( 0.00     1.0844)
 E1.u :1...4         ( 4.00    -0.7224)  ( 4.00    -0.2620)  ( 4.00    -0.1334)  ( 0.00     0.1024)

 CYCLE    8
  SDIIS (wt  1.000): -0.0002  0.0003 -0.0003  0.0031  0.0256  0.1036  0.8678
  DIIS coefficients: -0.0002  0.0003 -0.0003  0.0031  0.0256  0.1036  0.8678
 SCF Error: norm([F,P])=      0.000022953106, max([F,P])=      0.000005062923
 orbitals (Q,E):
 ---------------
 A1.g :1...4         ( 2.00    -1.4445)  ( 2.00    -0.7844)  ( 2.00    -0.4102)  ( 0.00    -0.0230)
 A2.g :1...2         ( 2.00    -0.0889)  ( 0.00     0.7328)
 B1.g :1...3         ( 2.00    -1.4311)  ( 2.00    -0.1944)  ( 0.00     0.4119)
 B2.g :1...4         ( 2.00    -1.4365)  ( 2.00    -0.6793)  ( 2.00    -0.1618)  ( 0.00     0.3378)
 E1.g :1...3         ( 4.00    -1.4394)  ( 4.00    -0.1640)  ( 0.00     0.3928)
 A1.u :1...1         ( 0.00     1.3487)
 A2.u :1...2         ( 2.00    -0.2493)  ( 0.00    -0.0021)
 B1.u :1...2         ( 2.00    -0.1370)  ( 0.00     0.5774)
 B2.u :1...1         ( 0.00     1.0844)
 E1.u :1...4         ( 4.00    -0.7224)  ( 4.00    -0.2620)  ( 4.00    -0.1334)  ( 0.00     0.1024)

 CYCLE    9
  SDIIS (wt  1.000):  0.0000 -0.0000 -0.0000 -0.0006 -0.0029 -0.0109  0.1651  0.8494
  DIIS coefficients:  0.0000 -0.0000 -0.0000 -0.0006 -0.0029 -0.0109  0.1651  0.8494
 SCF Error: norm([F,P])=      0.000008553070, max([F,P])=      0.000002364322
 orbitals (Q,E):
 ---------------
 A1.g :1...4         ( 2.00    -1.4445)  ( 2.00    -0.7844)  ( 2.00    -0.4102)  ( 0.00    -0.0230)
 A2.g :1...2         ( 2.00    -0.0889)  ( 0.00     0.7328)
 B1.g :1...3         ( 2.00    -1.4311)  ( 2.00    -0.1944)  ( 0.00     0.4119)
 B2.g :1...4         ( 2.00    -1.4365)  ( 2.00    -0.6793)  ( 2.00    -0.1618)  ( 0.00     0.3378)
 E1.g :1...3         ( 4.00    -1.4394)  ( 4.00    -0.1640)  ( 0.00     0.3928)
 A1.u :1...1         ( 0.00     1.3487)
 A2.u :1...2         ( 2.00    -0.2493)  ( 0.00    -0.0021)
 B1.u :1...2         ( 2.00    -0.1370)  ( 0.00     0.5774)
 B2.u :1...1         ( 0.00     1.0844)
 E1.u :1...4         ( 4.00    -0.7224)  ( 4.00    -0.2620)  ( 4.00    -0.1334)  ( 0.00     0.1024)

 CYCLE   10
  SDIIS (wt  1.000):  0.0000 -0.0000  0.0000 -0.0000 -0.0002 -0.0007  0.0049  0.0424  0.9535
  DIIS coefficients:  0.0000 -0.0000  0.0000 -0.0000 -0.0002 -0.0007  0.0049  0.0424  0.9535
 SCF Error: norm([F,P])=      0.000000334691, max([F,P])=      0.000000071129
 orbitals (Q,E):
 ---------------
 A1.g :1...4         ( 2.00    -1.4445)  ( 2.00    -0.7844)  ( 2.00    -0.4102)  ( 0.00    -0.0230)
 A2.g :1...2         ( 2.00    -0.0889)  ( 0.00     0.7328)
 B1.g :1...3         ( 2.00    -1.4311)  ( 2.00    -0.1944)  ( 0.00     0.4119)
 B2.g :1...4         ( 2.00    -1.4365)  ( 2.00    -0.6793)  ( 2.00    -0.1618)  ( 0.00     0.3378)
 E1.g :1...3         ( 4.00    -1.4394)  ( 4.00    -0.1640)  ( 0.00     0.3928)
 A1.u :1...1         ( 0.00     1.3487)
 A2.u :1...2         ( 2.00    -0.2493)  ( 0.00    -0.0021)
 B1.u :1...2         ( 2.00    -0.1370)  ( 0.00     0.5774)
 B2.u :1...1         ( 0.00     1.0844)
 E1.u :1...4         ( 4.00    -0.7224)  ( 4.00    -0.2620)  ( 4.00    -0.1334)  ( 0.00     0.1024)

 SCF CONVERGED
 cosmo_calcen: 0.5 (esolb+esolc) (Hartrees) =   -0.807694

 Solvation energy (screening term,uncorrected) =   -506.835478 kcal/mol

 Solvation energy (dispersion and cavitation terms) =      0.693781 kcal/mol
 Solvation Energy Contributions (Hartrees)
          esola   esolb+esolc
     0.80769366   -1.61538732
 esol last cycle   -0.80769366

 CYCLE   11
 *** Using FIT density in Focky
  SDIIS (wt  1.000): -0.0000 -0.0000  0.0000  0.0000  0.0000 -0.0004 -0.0026  0.0046  0.9984
  DIIS coefficients: -0.0000 -0.0000  0.0000  0.0000  0.0000 -0.0004 -0.0026  0.0046  0.9984
 SCF Error: norm([F,P])=      0.000000038573, max([F,P])=      0.000000009079
 orbitals (Q,E):
 ---------------
 A1.g :1...13        ( 2.00    -1.4445)  ( 2.00    -0.7844)  ( 2.00    -0.4102)  ( 0.00    -0.0230)
                     ( 0.00     0.2070)  ( 0.00     0.3184)  ( 0.00     0.6841)  ( 0.00     1.2293)
                     ( 0.00     1.4713)  ( 0.00     1.9295)  ( 0.00     2.5439)  ( 0.00     2.8525)
                     ( 0.00     5.0029)
 A2.g :1...4         ( 2.00    -0.0889)  ( 0.00     0.7328)  ( 0.00     1.7061)  ( 0.00     4.5984)
 B1.g :1...8         ( 2.00    -1.4311)  ( 2.00    -0.1944)  ( 0.00     0.4119)  ( 0.00     0.5510)
                     ( 0.00     1.8795)  ( 0.00     2.8052)  ( 0.00     4.2778)  ( 0.00    16.1833)
 B2.g :1...12        ( 2.00    -1.4365)  ( 2.00    -0.6793)  ( 2.00    -0.1618)  ( 0.00     0.3378)
                     ( 0.00     0.9854)  ( 0.00     1.2240)  ( 0.00     1.5198)  ( 0.00     2.4831)
                     ( 0.00     3.2084)  ( 0.00     5.1300)  ( 0.00    16.6669)  ( 0.00    34.2215)
 E1.g :1...9         ( 4.00    -1.4394)  ( 4.00    -0.1640)  ( 0.00     0.3928)  ( 0.00     0.5304)
                     ( 0.00     1.2806)  ( 0.00     1.7531)  ( 0.00     2.4564)  ( 0.00     4.1303)
                     ( 0.00    15.7883)
 A1.u :1...1         ( 0.00     1.3487)
 A2.u :1...7         ( 2.00    -0.2493)  ( 0.00    -0.0021)  ( 0.00     0.1100)  ( 0.00     0.6052)
                     ( 0.00     1.0881)  ( 0.00     1.4412)  ( 0.00     4.3925)
 B1.u :1...4         ( 2.00    -0.1370)  ( 0.00     0.5774)  ( 0.00     1.3156)  ( 0.00     4.3060)
 B2.u :1...1         ( 0.00     1.0844)
 E1.u :1...13        ( 4.00    -0.7224)  ( 4.00    -0.2620)  ( 4.00    -0.1334)  ( 0.00     0.1024)
                     ( 0.00     0.3149)  ( 0.00     0.5022)  ( 0.00     0.6478)  ( 0.00     1.0472)
                     ( 0.00     1.2194)  ( 0.00     1.6110)  ( 0.00     1.8449)  ( 0.00     2.3149)
                     ( 0.00     4.3698)
 cosmo_calcen: 0.5 (esolb+esolc) (Hartrees) =   -0.807694

 Solvation energy (screening term,uncorrected) =   -506.835478 kcal/mol

 Solvation energy (dispersion and cavitation terms) =      0.693781 kcal/mol
 Solvation Energy Contributions (Hartrees)
          esola   esolb+esolc
     0.80769366   -1.61538732
 esol last cycle   -0.80769366


 Fit test: (difference of exact and fit density, squared integrated, result summed over spins)
         SCF:                                          0.00001600959641

 Gross Charges per Atom (Z minus electrons)
 ==========================================
             1.1919   -1.0480   -1.0480   -1.0480   -1.0480
 Net Total: -3.00000000



 =================================================================
 M U L T I P O L E   D E R I V E D   C H A R G E   A N A L Y S I S
 =================================================================

 See: M. Swart, P.Th. van Duijnen, J.G. Snijders, J.Comput.Chem., (2001), p. 79-88.

 --------------------------------------- 
 Multipole derived atomic charges (a.u.)
 --------------------------------------- 

        Atom    Level:     MDC-m        MDC-d        MDC-q
 ---------------------------------------------------------
     1     As           2.011126     1.682831     1.282324
     2     O           -1.252782    -1.170708    -1.070581
     3     O           -1.252782    -1.170708    -1.070581
     4     O           -1.252782    -1.170708    -1.070581
     5     O           -1.252782    -1.170708    -1.070581
 *** Using NEW gradient routines ***


 Geometry CYCLE 10
 ==============

 Energy gradients wrt nuclear displacements
 ==========================================

     Atom      Cartesian (a.u./angstrom)
                 X         Y         Z
 ----------------------------------------
     1 As   -0.000000 -0.000000  0.000000
     2 O    -0.003533 -0.003533 -0.000000
     3 O     0.003533  0.003533 -0.000000
     4 O     0.003533 -0.003533 -0.000000
     5 O    -0.003533  0.003533 -0.000000
 ----------------------------------------

 dE(predicted):    -0.11775E-02, dE(actual):    -0.19073E-02, Trust radius:    1.788854, all in a.u.
 
----------------------------------------------------------------------
Geometry Convergence after Step  10       (Hartree/Angstrom,Angstrom)
----------------------------------------------------------------------
current energy                               -1.37862586 Hartree
energy change                      -0.00190732     0.00100000    F
constrained gradient max            0.00353335     0.00100000    F
constrained gradient rms            0.00258039     0.00066667    F
gradient max                        0.00353335
gradient rms                        0.00258039
cart. step max                      0.00356480     0.01000000    T
cart. step rms                      0.00260336     0.00666667    T
 


 Coordinates (Cartesian)
 =======================

     Atom                    bohr                                 angstrom                 Geometric Variables
                   X           Y           Z              X           Y           Z       (0:frozen, *:LT par.)
 --------------------------------------------------------------------------------------------------------------
     1 As     -0.000000    0.000000    0.000000      -0.000000    0.000000    0.000000      1       2       3
     2 O       2.397484    2.397484    0.000000       1.268694    1.268694    0.000000      4       5       6
     3 O      -2.397484   -2.397484    0.000000      -1.268694   -1.268694    0.000000      7       8       9
     4 O      -2.397484    2.397484    0.000000      -1.268694    1.268694    0.000000     10      11      12
     5 O       2.397484   -2.397484    0.000000       1.268694   -1.268694    0.000000     13      14      15
 --------------------------------------------------------------------------------------------------------------

 Number of elements of the density matrix on this node (used, total):      1035      7381



 ===========================================
 Numerical Integration : Fuzzy Cells (Becke)
 ===========================================
  
 Becke grid quality: GOOD           
  
 Lebedev angular grid order:             min:  11 max:  35
 Nr. of radial points:                   min:  58 max:  80

 Total nr. of points:      88672
 Nr. of blocks:              704
 Block length:               126
 Nr. of dummy points:         32


 Test of Precision of the Numerical Integration Grid
 ===================================================

 Integral of the Total Core Density:                  26.00012056673047
 Relative Error:                                       4.637E-06


 -------------------------------------------
  COSMO surface
  Area             =          371.733
  Volume           =          580.069
  Number of Points =          890
 -------------------------------------------



 ========================
 Density Fitting (zlmFit)
 ========================
  
 ZlmFit Fit Quality: GOOD           
  
 Max L-expansion:                        min:   8 max:   9
 Nr. of radial interpolation points:     min:  84 max: 132



 =====
 S C F  ***  ScaSCF  ***
 =====
  
 Initial density matrix is taken from previous geometry

 CYCLE    1
 SCF Error: norm([F,P])=      0.066833856801, max([F,P])=      0.018912099821
 orbitals (Q,E):
 ---------------
 A1.g :1...13        ( 2.00    -0.9035)  ( 2.00    -0.2365)  ( 2.00     0.1306)  ( 0.00     0.5093)
                     ( 0.00     0.7373)  ( 0.00     0.8332)  ( 0.00     1.2233)  ( 0.00     1.7746)
                     ( 0.00     2.0076)  ( 0.00     2.4630)  ( 0.00     3.0757)  ( 0.00     3.3846)
                     ( 0.00     5.5332)
 A2.g :1...4         ( 2.00     0.4585)  ( 0.00     1.2702)  ( 0.00     2.2468)  ( 0.00     5.1390)
 B1.g :1...8         ( 2.00    -0.8893)  ( 2.00     0.3556)  ( 0.00     0.9523)  ( 0.00     1.0951)
                     ( 0.00     2.4174)  ( 0.00     3.3467)  ( 0.00     4.8195)  ( 0.00    16.7236)
 B2.g :1...12        ( 2.00    -0.8945)  ( 2.00    -0.1331)  ( 2.00     0.3793)  ( 0.00     0.8479)
                     ( 0.00     1.5262)  ( 0.00     1.7646)  ( 0.00     2.0652)  ( 0.00     3.0105)
                     ( 0.00     3.7432)  ( 0.00     5.6661)  ( 0.00    17.1992)  ( 0.00    34.7464)
 E1.g :1...9         ( 4.00    -0.8982)  ( 4.00     0.3810)  ( 0.00     0.9315)  ( 0.00     1.0591)
                     ( 0.00     1.8281)  ( 0.00     2.2893)  ( 0.00     2.9948)  ( 0.00     4.6705)
                     ( 0.00    16.3273)
 A1.u :1...1         ( 0.00     1.8958)
 A2.u :1...7         ( 2.00     0.2909)  ( 0.00     0.5249)  ( 0.00     0.5783)  ( 0.00     1.1277)
                     ( 0.00     1.6127)  ( 0.00     1.9782)  ( 0.00     4.9307)
 B1.u :1...4         ( 2.00     0.4079)  ( 0.00     1.1073)  ( 0.00     1.8570)  ( 0.00     4.8452)
 B2.u :1...1         ( 0.00     1.6357)
 E1.u :1...13        ( 4.00    -0.1749)  ( 4.00     0.2807)  ( 4.00     0.4132)  ( 0.00     0.5975)
                     ( 0.00     0.8472)  ( 0.00     1.0272)  ( 0.00     1.1797)  ( 0.00     1.5820)
                     ( 0.00     1.7602)  ( 0.00     2.1535)  ( 0.00     2.3820)  ( 0.00     2.8442)
                     ( 0.00     4.9060)

 CYCLE    2
  SDIIS (wt  0.000):  0.7257  0.2743
 A-DIIS (wt  1.000):  0.6146  0.3854
  DIIS coefficients:  0.6146  0.3854
 SCF Error: norm([F,P])=      0.157893238933, max([F,P])=      0.043350277149
 orbitals (Q,E):
 ---------------
 A1.g :1...4         ( 2.00    -1.1214)  ( 2.00    -0.4599)  ( 2.00    -0.0885)  ( 0.00     0.2941)
 A2.g :1...2         ( 2.00     0.2339)  ( 0.00     1.0559)
 B1.g :1...3         ( 2.00    -1.1082)  ( 2.00     0.1322)  ( 0.00     0.7374)
 B2.g :1...4         ( 2.00    -1.1135)  ( 2.00    -0.3575)  ( 2.00     0.1580)  ( 0.00     0.6464)
 E1.g :1...3         ( 4.00    -1.1163)  ( 4.00     0.1593)  ( 0.00     0.7150)
 A1.u :1...1         ( 0.00     1.6751)
 A2.u :1...2         ( 2.00     0.0743)  ( 0.00     0.3144)
 B1.u :1...2         ( 2.00     0.1854)  ( 0.00     0.8957)
 B2.u :1...1         ( 0.00     1.4152)
 E1.u :1...4         ( 4.00    -0.3993)  ( 4.00     0.0600)  ( 4.00     0.1904)  ( 0.00     0.4033)

 CYCLE    3
  SDIIS (wt  0.000):  0.4964  0.2177  0.2859
 A-DIIS (wt  1.000):  0.0727  0.0000  0.9273
  DIIS coefficients:  0.0727  0.0000  0.9273
 SCF Error: norm([F,P])=      0.081261995424, max([F,P])=      0.017294736817
 orbitals (Q,E):
 ---------------
 A1.g :1...4         ( 2.00    -1.4149)  ( 2.00    -0.7422)  ( 2.00    -0.3719)  ( 0.00     0.0149)
 A2.g :1...2         ( 2.00    -0.0452)  ( 0.00     0.7730)
 B1.g :1...3         ( 2.00    -1.4017)  ( 2.00    -0.1513)  ( 0.00     0.4531)
 B2.g :1...4         ( 2.00    -1.4068)  ( 2.00    -0.6358)  ( 2.00    -0.1191)  ( 0.00     0.3762)
 E1.g :1...3         ( 4.00    -1.4099)  ( 4.00    -0.1211)  ( 0.00     0.4306)
 A1.u :1...1         ( 0.00     1.3883)
 A2.u :1...2         ( 2.00    -0.2097)  ( 0.00     0.0353)
 B1.u :1...2         ( 2.00    -0.0937)  ( 0.00     0.6173)
 B2.u :1...1         ( 0.00     1.1268)
 E1.u :1...4         ( 4.00    -0.6789)  ( 4.00    -0.2204)  ( 4.00    -0.0901)  ( 0.00     0.1387)

 CYCLE    4
  SDIIS (wt  0.000): -0.1349  0.6459  0.4890
 A-DIIS (wt  1.000):  0.0000  0.6536  0.3464
  DIIS coefficients:  0.0000  0.6536  0.3464
 SCF Error: norm([F,P])=      0.130385710297, max([F,P])=      0.025613342819
 orbitals (Q,E):
 ---------------
 A1.g :1...4         ( 2.00    -1.4449)  ( 2.00    -0.7859)  ( 2.00    -0.4134)  ( 0.00    -0.0268)
 A2.g :1...2         ( 2.00    -0.0926)  ( 0.00     0.7301)
 B1.g :1...3         ( 2.00    -1.4320)  ( 2.00    -0.1968)  ( 0.00     0.4104)
 B2.g :1...4         ( 2.00    -1.4373)  ( 2.00    -0.6828)  ( 2.00    -0.1650)  ( 0.00     0.3366)
 E1.g :1...3         ( 4.00    -1.4400)  ( 4.00    -0.1667)  ( 0.00     0.3894)
 A1.u :1...1         ( 0.00     1.3443)
 A2.u :1...2         ( 2.00    -0.2508)  ( 0.00    -0.0057)
 B1.u :1...2         ( 2.00    -0.1402)  ( 0.00     0.5749)
 B2.u :1...1         ( 0.00     1.0834)
 E1.u :1...4         ( 4.00    -0.7250)  ( 4.00    -0.2646)  ( 4.00    -0.1364)  ( 0.00     0.1011)

 CYCLE    5
  SDIIS (wt  0.958):  0.0076  0.0604  0.1626  0.7694
 A-DIIS (wt  0.042):  0.0000  0.0000  0.0164  0.9836
  DIIS coefficients:  0.0073  0.0578  0.1565  0.7783
 SCF Error: norm([F,P])=      0.024294628784, max([F,P])=      0.005123455147
 orbitals (Q,E):
 ---------------
 A1.g :1...4         ( 2.00    -1.4452)  ( 2.00    -0.7829)  ( 2.00    -0.4109)  ( 0.00    -0.0244)
 A2.g :1...2         ( 2.00    -0.0894)  ( 0.00     0.7319)
 B1.g :1...3         ( 2.00    -1.4319)  ( 2.00    -0.1939)  ( 0.00     0.4121)
 B2.g :1...4         ( 2.00    -1.4371)  ( 2.00    -0.6794)  ( 2.00    -0.1619)  ( 0.00     0.3380)
 E1.g :1...3         ( 4.00    -1.4401)  ( 4.00    -0.1638)  ( 0.00     0.3915)
 A1.u :1...1         ( 0.00     1.3469)
 A2.u :1...2         ( 2.00    -0.2485)  ( 0.00    -0.0034)
 B1.u :1...2         ( 2.00    -0.1371)  ( 0.00     0.5767)
 B2.u :1...1         ( 0.00     1.0859)
 E1.u :1...4         ( 4.00    -0.7217)  ( 4.00    -0.2617)  ( 4.00    -0.1334)  ( 0.00     0.1022)

 CYCLE    6
  SDIIS (wt  0.999): -0.0012  0.0139  0.0472  0.2840  0.6560
 A-DIIS (wt  0.001):  0.0000  0.0000  0.0000  0.0000  1.0000
  DIIS coefficients: -0.0012  0.0139  0.0472  0.2838  0.6563
 SCF Error: norm([F,P])=      0.004325462185, max([F,P])=      0.001081615488
 orbitals (Q,E):
 ---------------
 A1.g :1...4         ( 2.00    -1.4453)  ( 2.00    -0.7832)  ( 2.00    -0.4112)  ( 0.00    -0.0247)
 A2.g :1...2         ( 2.00    -0.0896)  ( 0.00     0.7318)
 B1.g :1...3         ( 2.00    -1.4320)  ( 2.00    -0.1941)  ( 0.00     0.4120)
 B2.g :1...4         ( 2.00    -1.4373)  ( 2.00    -0.6797)  ( 2.00    -0.1621)  ( 0.00     0.3380)
 E1.g :1...3         ( 4.00    -1.4402)  ( 4.00    -0.1640)  ( 0.00     0.3913)
 A1.u :1...1         ( 0.00     1.3468)
 A2.u :1...2         ( 2.00    -0.2488)  ( 0.00    -0.0036)
 B1.u :1...2         ( 2.00    -0.1373)  ( 0.00     0.5766)
 B2.u :1...1         ( 0.00     1.0858)
 E1.u :1...4         ( 4.00    -0.7219)  ( 4.00    -0.2619)  ( 4.00    -0.1336)  ( 0.00     0.1022)

 CYCLE    7
  SDIIS (wt  1.000): -0.0004  0.0012 -0.0065  0.0217  0.1374  0.8466
  DIIS coefficients: -0.0004  0.0012 -0.0065  0.0217  0.1374  0.8466
 SCF Error: norm([F,P])=      0.001452216875, max([F,P])=      0.000316835190
 orbitals (Q,E):
 ---------------
 A1.g :1...4         ( 2.00    -1.4452)  ( 2.00    -0.7832)  ( 2.00    -0.4112)  ( 0.00    -0.0247)
 A2.g :1...2         ( 2.00    -0.0897)  ( 0.00     0.7317)
 B1.g :1...3         ( 2.00    -1.4320)  ( 2.00    -0.1941)  ( 0.00     0.4119)
 B2.g :1...4         ( 2.00    -1.4372)  ( 2.00    -0.6797)  ( 2.00    -0.1622)  ( 0.00     0.3380)
 E1.g :1...3         ( 4.00    -1.4401)  ( 4.00    -0.1640)  ( 0.00     0.3913)
 A1.u :1...1         ( 0.00     1.3468)
 A2.u :1...2         ( 2.00    -0.2488)  ( 0.00    -0.0036)
 B1.u :1...2         ( 2.00    -0.1374)  ( 0.00     0.5766)
 B2.u :1...1         ( 0.00     1.0857)
 E1.u :1...4         ( 4.00    -0.7220)  ( 4.00    -0.2620)  ( 4.00    -0.1337)  ( 0.00     0.1022)

 CYCLE    8
  SDIIS (wt  1.000): -0.0001  0.0002 -0.0008  0.0017  0.0136  0.0997  0.8858
  DIIS coefficients: -0.0001  0.0002 -0.0008  0.0017  0.0136  0.0997  0.8858
 SCF Error: norm([F,P])=      0.000021331944, max([F,P])=      0.000005005273
 orbitals (Q,E):
 ---------------
 A1.g :1...4         ( 2.00    -1.4452)  ( 2.00    -0.7832)  ( 2.00    -0.4112)  ( 0.00    -0.0247)
 A2.g :1...2         ( 2.00    -0.0897)  ( 0.00     0.7317)
 B1.g :1...3         ( 2.00    -1.4320)  ( 2.00    -0.1941)  ( 0.00     0.4119)
 B2.g :1...4         ( 2.00    -1.4372)  ( 2.00    -0.6797)  ( 2.00    -0.1622)  ( 0.00     0.3380)
 E1.g :1...3         ( 4.00    -1.4401)  ( 4.00    -0.1640)  ( 0.00     0.3913)
 A1.u :1...1         ( 0.00     1.3468)
 A2.u :1...2         ( 2.00    -0.2488)  ( 0.00    -0.0036)
 B1.u :1...2         ( 2.00    -0.1374)  ( 0.00     0.5766)
 B2.u :1...1         ( 0.00     1.0857)
 E1.u :1...4         ( 4.00    -0.7220)  ( 4.00    -0.2620)  ( 4.00    -0.1337)  ( 0.00     0.1022)

 CYCLE    9
  SDIIS (wt  1.000): -0.0001  0.0001  0.0002 -0.0007 -0.0020 -0.0124  0.1623  0.8526
  DIIS coefficients: -0.0001  0.0001  0.0002 -0.0007 -0.0020 -0.0124  0.1623  0.8526
 SCF Error: norm([F,P])=      0.000007874238, max([F,P])=      0.000002054196
 orbitals (Q,E):
 ---------------
 A1.g :1...4         ( 2.00    -1.4452)  ( 2.00    -0.7832)  ( 2.00    -0.4112)  ( 0.00    -0.0247)
 A2.g :1...2         ( 2.00    -0.0897)  ( 0.00     0.7317)
 B1.g :1...3         ( 2.00    -1.4320)  ( 2.00    -0.1941)  ( 0.00     0.4119)
 B2.g :1...4         ( 2.00    -1.4372)  ( 2.00    -0.6797)  ( 2.00    -0.1622)  ( 0.00     0.3380)
 E1.g :1...3         ( 4.00    -1.4401)  ( 4.00    -0.1640)  ( 0.00     0.3913)
 A1.u :1...1         ( 0.00     1.3468)
 A2.u :1...2         ( 2.00    -0.2488)  ( 0.00    -0.0036)
 B1.u :1...2         ( 2.00    -0.1374)  ( 0.00     0.5766)
 B2.u :1...1         ( 0.00     1.0857)
 E1.u :1...4         ( 4.00    -0.7220)  ( 4.00    -0.2620)  ( 4.00    -0.1337)  ( 0.00     0.1022)

 CYCLE   10
  SDIIS (wt  1.000): -0.0000  0.0000  0.0000 -0.0000 -0.0001 -0.0007  0.0007  0.0369  0.9632
  DIIS coefficients: -0.0000  0.0000  0.0000 -0.0000 -0.0001 -0.0007  0.0007  0.0369  0.9632
 SCF Error: norm([F,P])=      0.000000224409, max([F,P])=      0.000000040703
 orbitals (Q,E):
 ---------------
 A1.g :1...4         ( 2.00    -1.4452)  ( 2.00    -0.7832)  ( 2.00    -0.4112)  ( 0.00    -0.0247)
 A2.g :1...2         ( 2.00    -0.0897)  ( 0.00     0.7317)
 B1.g :1...3         ( 2.00    -1.4320)  ( 2.00    -0.1941)  ( 0.00     0.4119)
 B2.g :1...4         ( 2.00    -1.4372)  ( 2.00    -0.6797)  ( 2.00    -0.1622)  ( 0.00     0.3380)
 E1.g :1...3         ( 4.00    -1.4401)  ( 4.00    -0.1640)  ( 0.00     0.3913)
 A1.u :1...1         ( 0.00     1.3468)
 A2.u :1...2         ( 2.00    -0.2488)  ( 0.00    -0.0036)
 B1.u :1...2         ( 2.00    -0.1374)  ( 0.00     0.5766)
 B2.u :1...1         ( 0.00     1.0857)
 E1.u :1...4         ( 4.00    -0.7220)  ( 4.00    -0.2620)  ( 4.00    -0.1337)  ( 0.00     0.1022)

 SCF CONVERGED
 cosmo_calcen: 0.5 (esolb+esolc) (Hartrees) =   -0.807041

 Solvation energy (screening term,uncorrected) =   -506.426132 kcal/mol

 Solvation energy (dispersion and cavitation terms) =      0.695111 kcal/mol
 Solvation Energy Contributions (Hartrees)
          esola   esolb+esolc
     0.80704133   -1.61408265
 esol last cycle   -0.80704133

 CYCLE   11
 *** Using FIT density in Focky
  SDIIS (wt  1.000):  0.0000 -0.0000 -0.0000  0.0000 -0.0000  0.0000 -0.0003 -0.0009  0.0326  0.9686
  DIIS coefficients:  0.0000 -0.0000 -0.0000  0.0000 -0.0000  0.0000 -0.0003 -0.0009  0.0326  0.9686
 SCF Error: norm([F,P])=      0.000000022017, max([F,P])=      0.000000005577
 orbitals (Q,E):
 ---------------
 A1.g :1...13        ( 2.00    -1.4452)  ( 2.00    -0.7832)  ( 2.00    -0.4112)  ( 0.00    -0.0247)
                     ( 0.00     0.2059)  ( 0.00     0.3183)  ( 0.00     0.6822)  ( 0.00     1.2282)
                     ( 0.00     1.4686)  ( 0.00     1.9272)  ( 0.00     2.5432)  ( 0.00     2.8469)
                     ( 0.00     4.9882)
 A2.g :1...4         ( 2.00    -0.0897)  ( 0.00     0.7317)  ( 0.00     1.7003)  ( 0.00     4.5966)
 B1.g :1...8         ( 2.00    -1.4320)  ( 2.00    -0.1941)  ( 0.00     0.4119)  ( 0.00     0.5481)
                     ( 0.00     1.8734)  ( 0.00     2.8060)  ( 0.00     4.2724)  ( 0.00    16.1816)
 B2.g :1...12        ( 2.00    -1.4372)  ( 2.00    -0.6797)  ( 2.00    -0.1622)  ( 0.00     0.3380)
                     ( 0.00     0.9826)  ( 0.00     1.2203)  ( 0.00     1.5153)  ( 0.00     2.4815)
                     ( 0.00     3.2003)  ( 0.00     5.1218)  ( 0.00    16.6572)  ( 0.00    34.2032)
 E1.g :1...9         ( 4.00    -1.4401)  ( 4.00    -0.1640)  ( 0.00     0.3913)  ( 0.00     0.5303)
                     ( 0.00     1.2794)  ( 0.00     1.7478)  ( 0.00     2.4562)  ( 0.00     4.1294)
                     ( 0.00    15.7863)
 A1.u :1...1         ( 0.00     1.3468)
 A2.u :1...7         ( 2.00    -0.2488)  ( 0.00    -0.0036)  ( 0.00     0.1102)  ( 0.00     0.6044)
                     ( 0.00     1.0870)  ( 0.00     1.4404)  ( 0.00     4.3904)
 B1.u :1...4         ( 2.00    -0.1374)  ( 0.00     0.5766)  ( 0.00     1.3136)  ( 0.00     4.3044)
 B2.u :1...1         ( 0.00     1.0857)
 E1.u :1...13        ( 4.00    -0.7220)  ( 4.00    -0.2620)  ( 4.00    -0.1337)  ( 0.00     0.1022)
                     ( 0.00     0.3114)  ( 0.00     0.5013)  ( 0.00     0.6475)  ( 0.00     1.0484)
                     ( 0.00     1.2203)  ( 0.00     1.6059)  ( 0.00     1.8398)  ( 0.00     2.3092)
                     ( 0.00     4.3648)
 cosmo_calcen: 0.5 (esolb+esolc) (Hartrees) =   -0.807041

 Solvation energy (screening term,uncorrected) =   -506.426132 kcal/mol

 Solvation energy (dispersion and cavitation terms) =      0.695111 kcal/mol
 Solvation Energy Contributions (Hartrees)
          esola   esolb+esolc
     0.80704133   -1.61408266
 esol last cycle   -0.80704133


 Fit test: (difference of exact and fit density, squared integrated, result summed over spins)
         SCF:                                          0.00001586849022

 Gross Charges per Atom (Z minus electrons)
 ==========================================
             1.1834   -1.0459   -1.0459   -1.0459   -1.0459
 Net Total: -3.00000000



 =================================================================
 M U L T I P O L E   D E R I V E D   C H A R G E   A N A L Y S I S
 =================================================================

 See: M. Swart, P.Th. van Duijnen, J.G. Snijders, J.Comput.Chem., (2001), p. 79-88.

 --------------------------------------- 
 Multipole derived atomic charges (a.u.)
 --------------------------------------- 

        Atom    Level:     MDC-m        MDC-d        MDC-q
 ---------------------------------------------------------
     1     As           2.003899     1.673835     1.268444
     2     O           -1.250975    -1.168459    -1.067111
     3     O           -1.250975    -1.168459    -1.067111
     4     O           -1.250975    -1.168459    -1.067111
     5     O           -1.250975    -1.168459    -1.067111
 *** Using NEW gradient routines ***


 Geometry CYCLE 11
 ==============

 Energy gradients wrt nuclear displacements
 ==========================================

     Atom      Cartesian (a.u./angstrom)
                 X         Y         Z
 ----------------------------------------
     1 As    0.000000 -0.000000 -0.000000
     2 O    -0.000267 -0.000267  0.000000
     3 O     0.000267  0.000267  0.000000
     4 O     0.000267 -0.000267  0.000000
     5 O    -0.000267  0.000267  0.000000
 ----------------------------------------

 dE(predicted):    -0.50383E-04, dE(actual):    -0.17630E-03, Trust radius:    1.788854, all in a.u.
 
---------------------------------------------------------
Geometry Convergence after Step  11       ** CONVERGED **
---------------------------------------------------------
current energy                               -1.37880216 Hartree
energy change                      -0.00017630     0.00100000    T
constrained gradient max            0.00026699     0.00100000    T
constrained gradient rms            0.00019498     0.00066667    T
gradient max                        0.00026699
gradient rms                        0.00019498
cart. step max                      0.00029138     0.01000000    T
cart. step rms                      0.00021280     0.00666667    T
 

 Number of elements of the density matrix on this node (used, total):      1035      7381



 ===========================================
 Numerical Integration : Fuzzy Cells (Becke)
 ===========================================
  
 Becke grid quality: GOOD           
  
 Lebedev angular grid order:             min:  11 max:  35
 Nr. of radial points:                   min:  58 max:  80

 Total nr. of points:      88672
 Nr. of blocks:              704
 Block length:               126
 Nr. of dummy points:         32


 Test of Precision of the Numerical Integration Grid
 ===================================================

 Integral of the Total Core Density:                  26.00012056673047
 Relative Error:                                       4.637E-06


 -------------------------------------------
  COSMO surface
  Area             =          371.733
  Volume           =          580.069
  Number of Points =          890
 -------------------------------------------



 ========================
 Density Fitting (zlmFit)
 ========================
  
 ZlmFit Fit Quality: GOOD           
  
 Max L-expansion:                        min:   8 max:   9
 Nr. of radial interpolation points:     min:  84 max: 132



 =====
 S C F  ***  ScaSCF  ***
 =====
  
 Initial density matrix is taken from previous geometry

 CYCLE    1
 SCF Error: norm([F,P])=      0.066557739858, max([F,P])=      0.020779306231
 orbitals (Q,E):
 ---------------
 A1.g :1...13        ( 2.00    -0.9007)  ( 2.00    -0.2354)  ( 2.00     0.1318)  ( 0.00     0.5104)
                     ( 0.00     0.7383)  ( 0.00     0.8341)  ( 0.00     1.2243)  ( 0.00     1.7755)
                     ( 0.00     2.0088)  ( 0.00     2.4647)  ( 0.00     3.0766)  ( 0.00     3.3866)
                     ( 0.00     5.5338)
 A2.g :1...4         ( 2.00     0.4590)  ( 0.00     1.2707)  ( 0.00     2.2475)  ( 0.00     5.1392)
 B1.g :1...8         ( 2.00    -0.8865)  ( 2.00     0.3562)  ( 0.00     0.9528)  ( 0.00     1.0965)
                     ( 0.00     2.4184)  ( 0.00     3.3488)  ( 0.00     4.8198)  ( 0.00    16.7261)
 B2.g :1...12        ( 2.00    -0.8918)  ( 2.00    -0.1326)  ( 2.00     0.3798)  ( 0.00     0.8482)
                     ( 0.00     1.5273)  ( 0.00     1.7658)  ( 0.00     2.0658)  ( 0.00     3.0109)
                     ( 0.00     3.7454)  ( 0.00     5.6666)  ( 0.00    17.2017)  ( 0.00    34.7464)
 E1.g :1...9         ( 4.00    -0.8953)  ( 4.00     0.3816)  ( 0.00     0.9327)  ( 0.00     1.0601)
                     ( 0.00     1.8289)  ( 0.00     2.2902)  ( 0.00     2.9972)  ( 0.00     4.6708)
                     ( 0.00    16.3300)
 A1.u :1...1         ( 0.00     1.8965)
 A2.u :1...7         ( 2.00     0.2922)  ( 0.00     0.5259)  ( 0.00     0.5797)  ( 0.00     1.1283)
                     ( 0.00     1.6149)  ( 0.00     1.9791)  ( 0.00     4.9310)
 B1.u :1...4         ( 2.00     0.4084)  ( 0.00     1.1079)  ( 0.00     1.8578)  ( 0.00     4.8454)
 B2.u :1...1         ( 0.00     1.6365)
 E1.u :1...13        ( 4.00    -0.1743)  ( 4.00     0.2815)  ( 4.00     0.4137)  ( 0.00     0.5981)
                     ( 0.00     0.8486)  ( 0.00     1.0276)  ( 0.00     1.1802)  ( 0.00     1.5833)
                     ( 0.00     1.7610)  ( 0.00     2.1542)  ( 0.00     2.3833)  ( 0.00     2.8448)
                     ( 0.00     4.9064)

 CYCLE    2
  SDIIS (wt  0.000):  0.7164  0.2836
 A-DIIS (wt  1.000):  0.7306  0.2694
  DIIS coefficients:  0.7306  0.2694
 SCF Error: norm([F,P])=      0.151816993062, max([F,P])=      0.043764625345
 orbitals (Q,E):
 ---------------
 A1.g :1...4         ( 2.00    -1.0549)  ( 2.00    -0.3918)  ( 2.00    -0.0217)  ( 0.00     0.3597)
 A2.g :1...2         ( 2.00     0.3022)  ( 0.00     1.1209)
 B1.g :1...3         ( 2.00    -1.0415)  ( 2.00     0.2001)  ( 0.00     0.8026)
 B2.g :1...4         ( 2.00    -1.0468)  ( 2.00    -0.2893)  ( 2.00     0.2253)  ( 0.00     0.7074)
 E1.g :1...3         ( 4.00    -1.0498)  ( 4.00     0.2268)  ( 0.00     0.7810)
 A1.u :1...1         ( 0.00     1.7422)
 A2.u :1...2         ( 2.00     0.1405)  ( 0.00     0.3792)
 B1.u :1...2         ( 2.00     0.2531)  ( 0.00     0.9600)
 B2.u :1...1         ( 0.00     1.4822)
 E1.u :1...4         ( 4.00    -0.3310)  ( 4.00     0.1272)  ( 4.00     0.2582)  ( 0.00     0.4623)

 CYCLE    3
  SDIIS (wt  0.000):  0.4963  0.0962  0.4075
 A-DIIS (wt  1.000):  0.4060  0.0000  0.5940
  DIIS coefficients:  0.4060  0.0000  0.5940
 SCF Error: norm([F,P])=      0.057862182942, max([F,P])=      0.018830478538
 orbitals (Q,E):
 ---------------
 A1.g :1...4         ( 2.00    -1.2326)  ( 2.00    -0.5660)  ( 2.00    -0.1955)  ( 0.00     0.1886)
 A2.g :1...2         ( 2.00     0.1292)  ( 0.00     0.9485)
 B1.g :1...3         ( 2.00    -1.2193)  ( 2.00     0.0254)  ( 0.00     0.6294)
 B2.g :1...4         ( 2.00    -1.2245)  ( 2.00    -0.4619)  ( 2.00     0.0539)  ( 0.00     0.5435)
 E1.g :1...3         ( 4.00    -1.2275)  ( 4.00     0.0538)  ( 0.00     0.6074)
 A1.u :1...1         ( 0.00     1.5666)
 A2.u :1...2         ( 2.00    -0.0330)  ( 0.00     0.2093)
 B1.u :1...2         ( 2.00     0.0805)  ( 0.00     0.7901)
 B2.u :1...1         ( 0.00     1.3060)
 E1.u :1...4         ( 4.00    -0.5042)  ( 4.00    -0.0456)  ( 4.00     0.0849)  ( 0.00     0.3024)

 CYCLE    4
  SDIIS (wt  0.879): -0.2828  0.2200  1.0628
 A-DIIS (wt  0.121):  0.0000  0.0000  1.0000
  DIIS coefficients: -0.2487  0.1934  1.0552
 SCF Error: norm([F,P])=      0.042609627690, max([F,P])=      0.012950444140
 orbitals (Q,E):
 ---------------
 A1.g :1...4         ( 2.00    -1.4397)  ( 2.00    -0.7839)  ( 2.00    -0.4115)  ( 0.00    -0.0251)
 A2.g :1...2         ( 2.00    -0.0915)  ( 0.00     0.7307)
 B1.g :1...3         ( 2.00    -1.4267)  ( 2.00    -0.1955)  ( 0.00     0.4111)
 B2.g :1...4         ( 2.00    -1.4320)  ( 2.00    -0.6814)  ( 2.00    -0.1637)  ( 0.00     0.3370)
 E1.g :1...3         ( 4.00    -1.4347)  ( 4.00    -0.1656)  ( 0.00     0.3909)
 A1.u :1...1         ( 0.00     1.3454)
 A2.u :1...2         ( 2.00    -0.2492)  ( 0.00    -0.0039)
 B1.u :1...2         ( 2.00    -0.1391)  ( 0.00     0.5756)
 B2.u :1...1         ( 0.00     1.0845)
 E1.u :1...4         ( 4.00    -0.7234)  ( 4.00    -0.2631)  ( 4.00    -0.1353)  ( 0.00     0.1016)

 CYCLE    5
  SDIIS (wt  0.907): -0.0914 -0.1704  0.7238  0.5380
 A-DIIS (wt  0.093):  0.0000  0.0000  0.1106  0.8894
  DIIS coefficients: -0.0829 -0.1546  0.6670  0.5705
 SCF Error: norm([F,P])=      0.037064053073, max([F,P])=      0.010173795833
 orbitals (Q,E):
 ---------------
 A1.g :1...4         ( 2.00    -1.4459)  ( 2.00    -0.7829)  ( 2.00    -0.4110)  ( 0.00    -0.0245)
 A2.g :1...2         ( 2.00    -0.0893)  ( 0.00     0.7319)
 B1.g :1...3         ( 2.00    -1.4326)  ( 2.00    -0.1938)  ( 0.00     0.4121)
 B2.g :1...4         ( 2.00    -1.4378)  ( 2.00    -0.6794)  ( 2.00    -0.1619)  ( 0.00     0.3380)
 E1.g :1...3         ( 4.00    -1.4408)  ( 4.00    -0.1638)  ( 0.00     0.3915)
 A1.u :1...1         ( 0.00     1.3470)
 A2.u :1...2         ( 2.00    -0.2486)  ( 0.00    -0.0034)
 B1.u :1...2         ( 2.00    -0.1371)  ( 0.00     0.5767)
 B2.u :1...1         ( 0.00     1.0859)
 E1.u :1...4         ( 4.00    -0.7217)  ( 4.00    -0.2617)  ( 4.00    -0.1334)  ( 0.00     0.1023)

 CYCLE    6
  SDIIS (wt  0.992): -0.0325 -0.0537  0.2189  0.2555  0.6119
 A-DIIS (wt  0.008):  0.0000  0.0000  0.0000  0.0000  1.0000
  DIIS coefficients: -0.0323 -0.0533  0.2171  0.2534  0.6151
 SCF Error: norm([F,P])=      0.007328392846, max([F,P])=      0.001813081906
 orbitals (Q,E):
 ---------------
 A1.g :1...4         ( 2.00    -1.4452)  ( 2.00    -0.7832)  ( 2.00    -0.4112)  ( 0.00    -0.0247)
 A2.g :1...2         ( 2.00    -0.0896)  ( 0.00     0.7318)
 B1.g :1...3         ( 2.00    -1.4320)  ( 2.00    -0.1940)  ( 0.00     0.4120)
 B2.g :1...4         ( 2.00    -1.4372)  ( 2.00    -0.6796)  ( 2.00    -0.1621)  ( 0.00     0.3380)
 E1.g :1...3         ( 4.00    -1.4402)  ( 4.00    -0.1640)  ( 0.00     0.3913)
 A1.u :1...1         ( 0.00     1.3468)
 A2.u :1...2         ( 2.00    -0.2488)  ( 0.00    -0.0036)
 B1.u :1...2         ( 2.00    -0.1373)  ( 0.00     0.5766)
 B2.u :1...1         ( 0.00     1.0858)
 E1.u :1...4         ( 4.00    -0.7219)  ( 4.00    -0.2619)  ( 4.00    -0.1336)  ( 0.00     0.1022)

 CYCLE    7
  SDIIS (wt  1.000): -0.0050  0.0100 -0.0048  0.0257  0.1087  0.8653
  DIIS coefficients: -0.0050  0.0100 -0.0048  0.0257  0.1087  0.8653
 SCF Error: norm([F,P])=      0.001280613633, max([F,P])=      0.000355851997
 orbitals (Q,E):
 ---------------
 A1.g :1...4         ( 2.00    -1.4452)  ( 2.00    -0.7832)  ( 2.00    -0.4112)  ( 0.00    -0.0247)
 A2.g :1...2         ( 2.00    -0.0897)  ( 0.00     0.7317)
 B1.g :1...3         ( 2.00    -1.4320)  ( 2.00    -0.1941)  ( 0.00     0.4119)
 B2.g :1...4         ( 2.00    -1.4372)  ( 2.00    -0.6797)  ( 2.00    -0.1622)  ( 0.00     0.3380)
 E1.g :1...3         ( 4.00    -1.4402)  ( 4.00    -0.1640)  ( 0.00     0.3913)
 A1.u :1...1         ( 0.00     1.3468)
 A2.u :1...2         ( 2.00    -0.2488)  ( 0.00    -0.0036)
 B1.u :1...2         ( 2.00    -0.1374)  ( 0.00     0.5766)
 B2.u :1...1         ( 0.00     1.0857)
 E1.u :1...4         ( 4.00    -0.7220)  ( 4.00    -0.2620)  ( 4.00    -0.1337)  ( 0.00     0.1022)

 CYCLE    8
  SDIIS (wt  1.000): -0.0007  0.0015 -0.0012  0.0036  0.0145  0.1351  0.8472
  DIIS coefficients: -0.0007  0.0015 -0.0012  0.0036  0.0145  0.1351  0.8472
 SCF Error: norm([F,P])=      0.000027175556, max([F,P])=      0.000005183996
 orbitals (Q,E):
 ---------------
 A1.g :1...4         ( 2.00    -1.4452)  ( 2.00    -0.7832)  ( 2.00    -0.4112)  ( 0.00    -0.0247)
 A2.g :1...2         ( 2.00    -0.0897)  ( 0.00     0.7317)
 B1.g :1...3         ( 2.00    -1.4320)  ( 2.00    -0.1941)  ( 0.00     0.4119)
 B2.g :1...4         ( 2.00    -1.4372)  ( 2.00    -0.6797)  ( 2.00    -0.1622)  ( 0.00     0.3380)
 E1.g :1...3         ( 4.00    -1.4401)  ( 4.00    -0.1640)  ( 0.00     0.3913)
 A1.u :1...1         ( 0.00     1.3468)
 A2.u :1...2         ( 2.00    -0.2488)  ( 0.00    -0.0036)
 B1.u :1...2         ( 2.00    -0.1374)  ( 0.00     0.5766)
 B2.u :1...1         ( 0.00     1.0857)
 E1.u :1...4         ( 4.00    -0.7220)  ( 4.00    -0.2620)  ( 4.00    -0.1337)  ( 0.00     0.1022)

 CYCLE    9
  SDIIS (wt  1.000):  0.0001 -0.0001  0.0000 -0.0005 -0.0014 -0.0135  0.1414  0.8741
  DIIS coefficients:  0.0001 -0.0001  0.0000 -0.0005 -0.0014 -0.0135  0.1414  0.8741
 SCF Error: norm([F,P])=      0.000008331758, max([F,P])=      0.000002298320
 orbitals (Q,E):
 ---------------
 A1.g :1...4         ( 2.00    -1.4452)  ( 2.00    -0.7832)  ( 2.00    -0.4112)  ( 0.00    -0.0247)
 A2.g :1...2         ( 2.00    -0.0897)  ( 0.00     0.7317)
 B1.g :1...3         ( 2.00    -1.4320)  ( 2.00    -0.1941)  ( 0.00     0.4119)
 B2.g :1...4         ( 2.00    -1.4372)  ( 2.00    -0.6797)  ( 2.00    -0.1622)  ( 0.00     0.3380)
 E1.g :1...3         ( 4.00    -1.4401)  ( 4.00    -0.1640)  ( 0.00     0.3913)
 A1.u :1...1         ( 0.00     1.3468)
 A2.u :1...2         ( 2.00    -0.2488)  ( 0.00    -0.0036)
 B1.u :1...2         ( 2.00    -0.1374)  ( 0.00     0.5766)
 B2.u :1...1         ( 0.00     1.0857)
 E1.u :1...4         ( 4.00    -0.7220)  ( 4.00    -0.2620)  ( 4.00    -0.1337)  ( 0.00     0.1022)

 CYCLE   10
  SDIIS (wt  1.000):  0.0000 -0.0000  0.0000 -0.0000 -0.0000 -0.0005  0.0050  0.0399  0.9556
  DIIS coefficients:  0.0000 -0.0000  0.0000 -0.0000 -0.0000 -0.0005  0.0050  0.0399  0.9556
 SCF Error: norm([F,P])=      0.000000184458, max([F,P])=      0.000000039634
 orbitals (Q,E):
 ---------------
 A1.g :1...4         ( 2.00    -1.4452)  ( 2.00    -0.7832)  ( 2.00    -0.4112)  ( 0.00    -0.0247)
 A2.g :1...2         ( 2.00    -0.0897)  ( 0.00     0.7317)
 B1.g :1...3         ( 2.00    -1.4320)  ( 2.00    -0.1941)  ( 0.00     0.4119)
 B2.g :1...4         ( 2.00    -1.4372)  ( 2.00    -0.6797)  ( 2.00    -0.1622)  ( 0.00     0.3380)
 E1.g :1...3         ( 4.00    -1.4401)  ( 4.00    -0.1640)  ( 0.00     0.3913)
 A1.u :1...1         ( 0.00     1.3468)
 A2.u :1...2         ( 2.00    -0.2488)  ( 0.00    -0.0036)
 B1.u :1...2         ( 2.00    -0.1374)  ( 0.00     0.5766)
 B2.u :1...1         ( 0.00     1.0857)
 E1.u :1...4         ( 4.00    -0.7220)  ( 4.00    -0.2620)  ( 4.00    -0.1337)  ( 0.00     0.1022)

 SCF CONVERGED
 cosmo_calcen: 0.5 (esolb+esolc) (Hartrees) =   -0.807041

 Solvation energy (screening term,uncorrected) =   -506.426132 kcal/mol

 Solvation energy (dispersion and cavitation terms) =      0.695111 kcal/mol
 Solvation Energy Contributions (Hartrees)
          esola   esolb+esolc
     0.80704133   -1.61408265
 esol last cycle   -0.80704133

 CYCLE   11
1
 ***************************************************************************************************



                                                *******************
                                                *  R E S U L T S  *
                                                *******************
  
 *** Using FIT density in Focky
  SDIIS (wt  1.000): -0.0000  0.0000 -0.0000 -0.0000 -0.0000  0.0000 -0.0003 -0.0020  0.0285  0.9738
  DIIS coefficients: -0.0000  0.0000 -0.0000 -0.0000 -0.0000  0.0000 -0.0003 -0.0020  0.0285  0.9738
 SCF Error: norm([F,P])=      0.000000032588, max([F,P])=      0.000000011594

 Scaled ZORA Orbital Energies, per Irrep and Spin:
 =================================================
                        Occup              E (au)              E (eV)       Diff (eV) with prev. cycle
                        -----      --------------------        ------       --------------------------
 A1.g
               1        2.000     -0.14452093826486E+01       -39.326              -1.56E-07
               2        2.000     -0.78322436699562E+00       -21.313              -1.49E-08
               3        2.000     -0.41121098812900E+00       -11.190              -3.59E-08
               4        0.000     -0.24693379555498E-01        -0.672
               5        0.000      0.20591101510685E+00         5.603
               6        0.000      0.31828609747089E+00         8.661
               7        0.000      0.68217999559674E+00        18.563
               8        0.000      0.12281767617024E+01        33.420
               9        0.000      0.14685964827486E+01        39.963
              10        0.000      0.19271551556169E+01        52.441
              11        0.000      0.25431589343477E+01        69.203
              12        0.000      0.28469113297303E+01        77.468
              13        0.000      0.49881736323006E+01       135.735
 A2.g
               1        2.000     -0.89697728614005E-01        -2.441               1.38E-08
               2        0.000      0.73172220936713E+00        19.911
               3        0.000      0.17003076763096E+01        46.268
               4        0.000      0.45965637278702E+01       125.079
 B1.g
               1        2.000     -0.14319573202376E+01       -38.966              -1.31E-07
               2        2.000     -0.19412194863359E+00        -5.282               5.83E-09
               3        0.000      0.41193464637551E+00        11.209
               4        0.000      0.54810078386069E+00        14.915
               5        0.000      0.18734251864073E+01        50.978
               6        0.000      0.28060434614529E+01        76.356
               7        0.000      0.42723881803705E+01       116.258
               8        0.000      0.16181604342680E+02       440.324
 B2.g
               1        2.000     -0.14371963199075E+01       -39.108              -1.30E-07
               2        2.000     -0.67972972704692E+00       -18.496               1.77E-08
               3        2.000     -0.16219783096125E+00        -4.414               1.42E-08
               4        0.000      0.33795555574583E+00         9.196
               5        0.000      0.98261329283211E+00        26.738
               6        0.000      0.12202769197106E+01        33.205
               7        0.000      0.15153214257967E+01        41.234
               8        0.000      0.24814609634932E+01        67.524
               9        0.000      0.32002670163147E+01        87.084
              10        0.000      0.51218413515333E+01       139.372
              11        0.000      0.16657151002809E+02       453.264
              12        0.000      0.34203203089226E+02       930.717
 E1.g
               1        4.000     -0.14401457648780E+01       -39.188              -1.50E-07
               2        4.000     -0.16403934183250E+00        -4.464               1.63E-08
               3        0.000      0.39129029014852E+00        10.648
               4        0.000      0.53026169253902E+00        14.429
               5        0.000      0.12793863947772E+01        34.814
               6        0.000      0.17478278690417E+01        47.561
               7        0.000      0.24561756716829E+01        66.836
               8        0.000      0.41294390368579E+01       112.368
               9        0.000      0.15786303308843E+02       429.567
 A1.u
               1        0.000      0.13467714762702E+01        36.648
 A2.u
               1        2.000     -0.24878032640531E+00        -6.770              -2.50E-08
               2        0.000     -0.36111415911501E-02        -0.098
               3        0.000      0.11016022332991E+00         2.998
               4        0.000      0.60443330850462E+00        16.447
               5        0.000      0.10869502810458E+01        29.577
               6        0.000      0.14403858625729E+01        39.195
               7        0.000      0.43903824853350E+01       119.468
 B1.u
               1        2.000     -0.13737437321096E+00        -3.738               2.17E-08
               2        0.000      0.57657472401752E+00        15.689
               3        0.000      0.13135789267006E+01        35.744
               4        0.000      0.43044099756377E+01       117.129
 B2.u
               1        0.000      0.10857235278991E+01        29.544
 E1.u
               1        4.000     -0.72201001585122E+00       -19.647               9.56E-09
               2        4.000     -0.26197234352734E+00        -7.129              -5.67E-10
               3        4.000     -0.13368660521015E+00        -3.638               1.10E-08
               4        0.000      0.10218716802077E+00         2.781
               5        0.000      0.31136330602445E+00         8.473
               6        0.000      0.50127110452516E+00        13.640
               7        0.000      0.64745942120479E+00        17.618
               8        0.000      0.10484069991232E+01        28.529
               9        0.000      0.12202867886634E+01        33.206
              10        0.000      0.16058576199281E+01        43.698
              11        0.000      0.18397688451004E+01        50.063
              12        0.000      0.23092173980211E+01        62.837
              13        0.000      0.43647932236725E+01       118.772
  
 HOMO :        1 A2.g             -0.89697728614005E-01
 LUMO :        4 A1.g             -0.24693379555498E-01
  


 Orbital Energies, all Irreps
 ========================================

 Irrep        no.  (spin)   Occup              E (au)                E (eV)
 ---------------------------------------------------------------------------
 A1.g          1             2.00       -0.14452093826486E+01       -39.3261
 E1.g          1             4.00       -0.14401457648780E+01       -39.1884
 B2.g          1             2.00       -0.14371963199075E+01       -39.1081
 B1.g          1             2.00       -0.14319573202376E+01       -38.9655
 A1.g          2             2.00       -0.78322436699562E+00       -21.3126
 E1.u          1             4.00       -0.72201001585122E+00       -19.6469
 B2.g          2             2.00       -0.67972972704692E+00       -18.4964
 A1.g          3             2.00       -0.41121098812900E+00       -11.1896
 E1.u          2             4.00       -0.26197234352734E+00        -7.1286
 A2.u          1             2.00       -0.24878032640531E+00        -6.7697
 B1.g          2             2.00       -0.19412194863359E+00        -5.2823
 E1.g          2             4.00       -0.16403934183250E+00        -4.4637
 B2.g          3             2.00       -0.16219783096125E+00        -4.4136
 B1.u          1             2.00       -0.13737437321096E+00        -3.7381
 E1.u          3             4.00       -0.13368660521015E+00        -3.6378
 A2.g          1             2.00       -0.89697728614005E-01        -2.4408
 A1.g          4             0.00       -0.24693379555498E-01        -0.6719
 A2.u          2             0.00       -0.36111415911501E-02        -0.0983
 E1.u          4             0.00        0.10218716802077E+00         2.7807
 A2.u          3             0.00        0.11016022332991E+00         2.9976
 A1.g          5             0.00        0.20591101510685E+00         5.6031
 E1.u          5             0.00        0.31136330602445E+00         8.4726
 A1.g          6             0.00        0.31828609747089E+00         8.6610
 B2.g          4             0.00        0.33795555574583E+00         9.1962
 E1.g          3             0.00        0.39129029014852E+00        10.6476
 B1.g          3             0.00        0.41193464637551E+00        11.2093
 E1.u          6             0.00        0.50127110452516E+00        13.6403
 E1.g          4             0.00        0.53026169253902E+00        14.4292
 B1.g          4             0.00        0.54810078386069E+00        14.9146
 B1.u          2             0.00        0.57657472401752E+00        15.6894
 A2.u          4             0.00        0.60443330850462E+00        16.4475
 E1.u          7             0.00        0.64745942120479E+00        17.6183
 A1.g          7             0.00        0.68217999559674E+00        18.5631
 A2.g          2             0.00        0.73172220936713E+00        19.9112
 B2.g          5             0.00        0.98261329283211E+00        26.7383
 E1.u          8             0.00        0.10484069991232E+01        28.5286
 B2.u          1             0.00        0.10857235278991E+01        29.5440
 A2.u          5             0.00        0.10869502810458E+01        29.5774
 B2.g          6             0.00        0.12202769197106E+01        33.2054
 E1.u          9             0.00        0.12202867886634E+01        33.2057
 A1.g          8             0.00        0.12281767617024E+01        33.4204
 E1.g          5             0.00        0.12793863947772E+01        34.8139
 B1.u          3             0.00        0.13135789267006E+01        35.7443
 A1.u          1             0.00        0.13467714762702E+01        36.6475
 A2.u          6             0.00        0.14403858625729E+01        39.1949
 A1.g          9             0.00        0.14685964827486E+01        39.9625
 B2.g          7             0.00        0.15153214257967E+01        41.2340
 E1.u         10             0.00        0.16058576199281E+01        43.6976
 A2.g          3             0.00        0.17003076763096E+01        46.2677
 E1.g          6             0.00        0.17478278690417E+01        47.5608
 E1.u         11             0.00        0.18397688451004E+01        50.0627
 B1.g          5             0.00        0.18734251864073E+01        50.9785
 A1.g         10             0.00        0.19271551556169E+01        52.4406
 E1.u         12             0.00        0.23092173980211E+01        62.8370
 E1.g          7             0.00        0.24561756716829E+01        66.8359
 B2.g          8             0.00        0.24814609634932E+01        67.5240
 A1.g         11             0.00        0.25431589343477E+01        69.2029
 B1.g          6             0.00        0.28060434614529E+01        76.3563
 A1.g         12             0.00        0.28469113297303E+01        77.4684
 B2.g          9             0.00        0.32002670163147E+01        87.0837
 E1.g          8             0.00        0.41294390368579E+01       112.3678
 B1.g          7             0.00        0.42723881803705E+01       116.2576
 B1.u          4             0.00        0.43044099756377E+01       117.1290
 E1.u         13             0.00        0.43647932236725E+01       118.7721
 A2.u          7             0.00        0.43903824853350E+01       119.4684
 E1.u         14             0.00        0.45059458964979E+01       122.6130
 A2.g          4             0.00        0.45965637278702E+01       125.0789
 A1.g         13             0.00        0.49881736323006E+01       135.7351
 B2.g         10             0.00        0.51218413515333E+01       139.3724
 E1.g          9             0.00        0.15786303308843E+02       429.5672
 A1.g         14             0.00        0.15963553511337E+02       434.3904
 B1.g          8             0.00        0.16181604342680E+02       440.3239
 B2.g         11             0.00        0.16657151002809E+02       453.2641
 E1.u         15             0.00        0.32993583561128E+02       897.8011
 A1.g         15             0.00        0.34017459393874E+02       925.6622
 B2.g         12             0.00        0.34203203089226E+02       930.7165
 cosmo_calcen: 0.5 (esolb+esolc) (Hartrees) =   -0.807041

 Solvation energy (screening term,uncorrected) =   -506.426132 kcal/mol

 Solvation energy (dispersion and cavitation terms) =      0.695111 kcal/mol
 Solvation Energy Contributions (Hartrees)
          esola   esolb+esolc
     0.80704133   -1.61408266
 esol last cycle   -0.80704133


 Scaled ZORA Orbital Energies of the Core Orbitals:
 ==================================================

 (Note that the atoms are grouped by atomtype, see the labels, and may hence NOT be in input order)

 AtomType  Orbital  Atom                   E (au)                        E (eV)
 --------  -------  ----           --------------------        ----------------
 As          1S        1          -0.43021844813624E+03              -11706.840
             2S        1          -0.54504529010223E+02               -1483.144
             3S        1          -0.69183234632771E+01                -188.257
             2P        1          -0.47809504333143E+02               -1300.963
             3P        1          -0.48569339521366E+01                -132.164
 O           1S        2          -0.18651141558976E+02                -507.523
                       3          -0.18651141558976E+02                -507.523
                       4          -0.18651141558976E+02                -507.523
                       5          -0.18651141558976E+02                -507.523


 Fit test: (difference of exact and fit density, squared integrated, result summed over spins)
         Sum-of-Fragments:                             0.00000000005192
         Orthogonalized Fragments:                     0.00002849790468
         SCF:                                          0.00001586849022



 ==========================
 Electron Density at Nuclei
 ==========================
  
 The electron density is calculated at points on a small sphere around the center of a nucleus.
 The printed electron density is the average electron density on these points.
 The radius of the sphere is the printed approximate finite nuclear radius.
 Note: ZORA-4 density is used, which includes small component density

         Atom        Nuclear Radius (Angstrom)             Electron Density (a.u.)
         ----        -------------------------             -----------------------
     1)   As                0.0000528733                            34876.70371
     2)   O                 0.0000345546                              315.81474
     3)   O                 0.0000345546                              315.81474
     4)   O                 0.0000345546                              315.81474
     5)   O                 0.0000345546                              315.81474



 ===========================================
 L O C A L   Q T A I M   P R O P E R T I E S
 ===========================================
  
 Module written by Juan I. Rodriguez-Hernandez,
 ESFM-Instituto Politecnico Nacional-Mexico.
 Any questions/comments to: juan@esfm.ipn.mx and/or SCM technical support.
 This subroutine was vectorized, its efficientcy is reported in
 Juan I. Rodriguez et. al., J. Comput. Chem. 34, 681 (2013).
 Additional CP properties added by L. Joubert and V. Tognetti,
 University of Rouen, France.
  
  
  THIS IS THE GEOMETRY IN THE CP SEARCH (ANGSTROM):
  
 Atom              X            Y           Z
  1 33         0.000000    0.000000    0.000000
  2  8         1.268694    1.268694    0.000000
  3  8        -1.268694   -1.268694    0.000000
  4  8        -1.268694    1.268694    0.000000
  5  8         1.268694   -1.268694    0.000000
  
 TOTAL NUMBER OF CRITICAL POINTS:            9
 NUMBER OF (3,-1) CRITICAL POINTS:           4
 NUMBER OF (3,+1) CRITICAL POINTS:           0
 NUMBER OF (3,+3) CRITICAL POINTS:           0
 NUMBER OF (3,-3) CRITICAL POINTS:           5
    Poincare-Hopf satisfied
  
 --------------------------------------------------------
CP #    1
(RANK,SIGNATURE):     (3,-3)    

CP COORDINATES:      0.000000    0.000000    0.000000

VALUES OF SOME FUNCTIONS AT CPs (a.u.):

                Rho =    0.4276172E+05
 --------------------------------------------------------
CP #    2
(RANK,SIGNATURE):     (3,-3)    

CP COORDINATES:      1.268694    1.268694    0.000000

VALUES OF SOME FUNCTIONS AT CPs (a.u.):

                Rho =    0.3191533E+03
 --------------------------------------------------------
CP #    3
(RANK,SIGNATURE):     (3,-3)    

CP COORDINATES:     -1.268694   -1.268694    0.000000

VALUES OF SOME FUNCTIONS AT CPs (a.u.):

                Rho =    0.3191533E+03
 --------------------------------------------------------
CP #    4
(RANK,SIGNATURE):     (3,-3)    

CP COORDINATES:     -1.268694    1.268694    0.000000

VALUES OF SOME FUNCTIONS AT CPs (a.u.):

                Rho =    0.3191533E+03
 --------------------------------------------------------
CP #    5
(RANK,SIGNATURE):     (3,-3)    

CP COORDINATES:      1.268694   -1.268694    0.000000

VALUES OF SOME FUNCTIONS AT CPs (a.u.):

                Rho =    0.3191533E+03
 --------------------------------------------------------
CP #    6
(RANK,SIGNATURE):     (3,-1)    

CP COORDINATES:     -0.612127   -0.612127    0.000000

EIGENVALUES OF HESSIAN MATRIX:

     -0.2205030E+00  -0.1951853E+00   0.7605377E+00

EIGENVECTORS (ORTHONORMAL) OF HESSIAN MATRIX (COLUMNS):

     -0.7071068E+00   0.0000000E+00  -0.7071068E+00
      0.7071068E+00   0.0000000E+00  -0.7071068E+00
      0.0000000E+00   0.1000000E+01   0.0000000E+00


HESSIAN MATRIX:

      0.2700174E+00   0.4905203E+00  -0.1780441E-20
                      0.2700174E+00  -0.1780441E-20
                                     -0.1951853E+00

VALUES OF SOME FUNCTIONS AT CPs (a.u.):

                Rho =    0.1497525E+00
        |GRAD(Rho)| =    0.2817738E-15
         GRAD(Rho)x =   -0.1734723E-15
         GRAD(Rho)y =   -0.2220446E-15
         GRAD(Rho)z =   -0.8845456E-20
          Laplacian =    0.3448494E+00
 (-1/4)Del**2(Rho)) =   -0.8621235E-01
            Diamond =    0.6651364E+00
        Metallicity =    0.8438662E+01
        Ellipticity =    0.1297110E+00

INHOMOGENEITY PARAMETERS AT CPs (a.u.)

            Delta_u =    0.4385810E+00
            Delta_s =    0.8913486E+00
            Delta_t =    0.1012492E+01
            Inhom_s =    0.1121896E+01
           Inhom_ex =    0.1265123E+01
 
ENERGY COMPONENTS AT CPs (a.u.)

        Gb(Abramov) =    0.1787277E+00
        Vb(Abramov) =   -0.2712431E+00
        Hb(Abramov) =   -0.9251537E-01
             Ex_ueg =   -0.5873320E-01
             Ec_ueg =   -0.8427670E-02
           Delta_ex =   -0.3669593E-01
           Delta_ec =    0.8177206E-02
           Delta_et =   -0.1075043E+00
                Pxc =    0.6969091E+01
                Qxc =   -0.4487587E+01


 --------------------------------------------------------
CP #    7
(RANK,SIGNATURE):     (3,-1)    

CP COORDINATES:      0.612127   -0.612127    0.000000

EIGENVALUES OF HESSIAN MATRIX:

     -0.2205030E+00  -0.1951853E+00   0.7605377E+00

EIGENVECTORS (ORTHONORMAL) OF HESSIAN MATRIX (COLUMNS):

      0.7071068E+00   0.0000000E+00   0.7071068E+00
      0.7071068E+00   0.0000000E+00  -0.7071068E+00
      0.0000000E+00   0.1000000E+01   0.0000000E+00


HESSIAN MATRIX:

      0.2700174E+00  -0.4905203E+00   0.3118874E-25
                      0.2700174E+00  -0.3118874E-25
                                     -0.1951853E+00

VALUES OF SOME FUNCTIONS AT CPs (a.u.):

                Rho =    0.1497525E+00
        |GRAD(Rho)| =    0.1786007E-16
         GRAD(Rho)x =    0.8673617E-17
         GRAD(Rho)y =   -0.1561251E-16
         GRAD(Rho)z =   -0.1549496E-24
          Laplacian =    0.3448494E+00
 (-1/4)Del**2(Rho)) =   -0.8621235E-01
            Diamond =    0.6651364E+00
        Metallicity =    0.8438662E+01
        Ellipticity =    0.1297110E+00

INHOMOGENEITY PARAMETERS AT CPs (a.u.)

            Delta_u =    0.4385810E+00
            Delta_s =    0.8913486E+00
            Delta_t =    0.1012492E+01
            Inhom_s =    0.1121896E+01
           Inhom_ex =    0.1265123E+01
 
ENERGY COMPONENTS AT CPs (a.u.)

        Gb(Abramov) =    0.1787277E+00
        Vb(Abramov) =   -0.2712431E+00
        Hb(Abramov) =   -0.9251537E-01
             Ex_ueg =   -0.5873320E-01
             Ec_ueg =   -0.8427670E-02
           Delta_ex =   -0.3669593E-01
           Delta_ec =    0.8177206E-02
           Delta_et =   -0.1075043E+00
                Pxc =    0.6969091E+01
                Qxc =   -0.4487587E+01


 --------------------------------------------------------
CP #    8
(RANK,SIGNATURE):     (3,-1)    

CP COORDINATES:      0.612127    0.612127    0.000000

EIGENVALUES OF HESSIAN MATRIX:

     -0.2205030E+00  -0.1951853E+00   0.7605377E+00

EIGENVECTORS (ORTHONORMAL) OF HESSIAN MATRIX (COLUMNS):

     -0.7071068E+00  -0.4406536E-16  -0.7071068E+00
      0.7071068E+00  -0.4406536E-16  -0.7071068E+00
     -0.5058215E-29   0.1000000E+01  -0.6231783E-16


HESSIAN MATRIX:

      0.2700174E+00   0.4905203E+00   0.4211428E-16
                      0.2700174E+00   0.4211428E-16
                                     -0.1951853E+00

VALUES OF SOME FUNCTIONS AT CPs (a.u.):

                Rho =    0.1497525E+00
        |GRAD(Rho)| =    0.8889811E-14
         GRAD(Rho)x =   -0.6225923E-14
         GRAD(Rho)y =   -0.6342149E-14
         GRAD(Rho)z =   -0.2092291E-15
          Laplacian =    0.3448494E+00
 (-1/4)Del**2(Rho)) =   -0.8621235E-01
            Diamond =    0.6651364E+00
        Metallicity =    0.8438662E+01
        Ellipticity =    0.1297110E+00

INHOMOGENEITY PARAMETERS AT CPs (a.u.)

            Delta_u =    0.4385810E+00
            Delta_s =    0.8913486E+00
            Delta_t =    0.1012492E+01
            Inhom_s =    0.1121896E+01
           Inhom_ex =    0.1265123E+01
 
ENERGY COMPONENTS AT CPs (a.u.)

        Gb(Abramov) =    0.1787277E+00
        Vb(Abramov) =   -0.2712431E+00
        Hb(Abramov) =   -0.9251537E-01
             Ex_ueg =   -0.5873320E-01
             Ec_ueg =   -0.8427670E-02
           Delta_ex =   -0.3669593E-01
           Delta_ec =    0.8177206E-02
           Delta_et =   -0.1075043E+00
                Pxc =    0.6969091E+01
                Qxc =   -0.4487587E+01


 --------------------------------------------------------
CP #    9
(RANK,SIGNATURE):     (3,-1)    

CP COORDINATES:     -0.612127    0.612127    0.000000

EIGENVALUES OF HESSIAN MATRIX:

     -0.2205030E+00  -0.1951853E+00   0.7605377E+00

EIGENVECTORS (ORTHONORMAL) OF HESSIAN MATRIX (COLUMNS):

     -0.7071068E+00   0.0000000E+00   0.7071068E+00
     -0.7071068E+00   0.0000000E+00  -0.7071068E+00
      0.0000000E+00   0.1000000E+01   0.0000000E+00


HESSIAN MATRIX:

      0.2700174E+00  -0.4905203E+00  -0.1780440E-20
                      0.2700174E+00   0.1780440E-20
                                     -0.1951853E+00

VALUES OF SOME FUNCTIONS AT CPs (a.u.):

                Rho =    0.1497525E+00
        |GRAD(Rho)| =    0.3500963E-15
         GRAD(Rho)x =   -0.2827599E-15
         GRAD(Rho)y =    0.2064321E-15
         GRAD(Rho)z =   -0.8845454E-20
          Laplacian =    0.3448494E+00
 (-1/4)Del**2(Rho)) =   -0.8621235E-01
            Diamond =    0.6651364E+00
        Metallicity =    0.8438662E+01
        Ellipticity =    0.1297110E+00

INHOMOGENEITY PARAMETERS AT CPs (a.u.)

            Delta_u =    0.4385810E+00
            Delta_s =    0.8913486E+00
            Delta_t =    0.1012492E+01
            Inhom_s =    0.1121896E+01
           Inhom_ex =    0.1265123E+01
 
ENERGY COMPONENTS AT CPs (a.u.)

        Gb(Abramov) =    0.1787277E+00
        Vb(Abramov) =   -0.2712431E+00
        Hb(Abramov) =   -0.9251537E-01
             Ex_ueg =   -0.5873320E-01
             Ec_ueg =   -0.8427670E-02
           Delta_ex =   -0.3669593E-01
           Delta_ec =    0.8177206E-02
           Delta_et =   -0.1075043E+00
                Pxc =    0.6969091E+01
                Qxc =   -0.4487587E+01


 ----------------------------------------------------------------
 BOND PATHS (BP) AND PROPERTIES ALONG THEM ARE WRITTEN TO TAPE21
 ----------------------------------------------------------------
 #BP   #CP     Atom   Atom    Distance     BP Lenth    BP Steps
 -----------------------------------------------------------
   1     8       1      2     1.794204     1.794204      21
   2     6       1      3     1.794204     1.794204      21
   3     9       1      4     1.794204     1.794204      21
   4     7       1      5     1.794204     1.794204      21
 -----------------------------------------------------------




 =======================================
 M U L L I K E N   P O P U L A T I O N S
 =======================================
  
 The survey below gives for each atom:
 a) the total charge (Z minus electrons)
 b) the net spin polarization (nr of electrons spin-A minus spin-B)
 c) for each spin the atomic electron valence density (integrated) per L-value.

 Atom              Charge    Spin density          S         P         D         F
 ----              ------    ------------       ------    ------    ------    ------
 1 As              1.1834                       1.2103    2.0429   10.5635    0.0000
 2 O              -1.0459                       1.9089    5.1170    0.0200    0.0000
 3 O              -1.0459                       1.9089    5.1170    0.0200    0.0000
 4 O              -1.0459                       1.9089    5.1170    0.0200    0.0000
 5 O              -1.0459                       1.9089    5.1170    0.0200    0.0000

 Populations of individual BAS functions
 ----------------------------------------
 1 As          -0.0017 -0.0016  0.0315  0.0012  0.0012  0.0010  0.0134  0.0134  0.0105  0.2895
                0.4391  0.4272  0.2895  0.4272  0.2782  0.7662  1.1626  1.1509  0.7662  1.1509
                0.7667  0.2863  0.4354  0.4286  0.2863  0.4286  0.2837  0.0025  0.7759  0.4036
                0.0971  0.0971  0.1001  0.2153  0.2153  0.4991  0.2739  0.2739  0.2305  0.0564
                0.1208  0.1083  0.0564  0.1083  0.0500
 2 O            0.0005  0.9691  0.9552 -0.0159  0.6661  0.6661  0.7214  0.7430  0.7430  0.7192
                0.2861  0.2861  0.2863  0.0056  0.0095  0.0027  0.0056  0.0027 -0.0060
 3 O            0.0005  0.9691  0.9552 -0.0159  0.6661  0.6661  0.7214  0.7430  0.7430  0.7192
                0.2861  0.2861  0.2863  0.0056  0.0095  0.0027  0.0056  0.0027 -0.0060
 4 O            0.0005  0.9691  0.9552 -0.0159  0.6661  0.6661  0.7214  0.7430  0.7430  0.7192
                0.2861  0.2861  0.2863  0.0056  0.0095  0.0027  0.0056  0.0027 -0.0060
 5 O            0.0005  0.9691  0.9552 -0.0159  0.6661  0.6661  0.7214  0.7430  0.7430  0.7192
                0.2861  0.2861  0.2863  0.0056  0.0095  0.0027  0.0056  0.0027 -0.0060

 Gross Charges per Atom (Z minus electrons)
 ==========================================
             1.1834   -1.0459   -1.0459   -1.0459   -1.0459
 Net Total: -3.00000000


 Atom-Atom Population Matrix (off-diagonal elements not doubled)
 ===============================================================

     1 :    12.1270
     2 :     0.4224    6.9138
     3 :     0.4224    0.0012    6.9138
     4 :     0.4224   -0.1458   -0.1458    6.9138
     5 :     0.4224   -0.1458   -0.1458    0.0012    6.9138



 =================================================
 H I R S H F E L D   C H A R G E   A N A L Y S I S
 =================================================
  
 For each fragment: the (numerical) integral of rho(scf) * rho(fragment)/rho(sum-of-fragments)
 (nuclear charges are included, electrons are counted negative)

 The fragments and their ordering are defined in the early G E O M E T R Y output section.
 If you use single-atom fragments, this usually implies that all atoms of the same
 chemical type are grouped together. This may not be the order in which you listed them
 in the input file!

    1  As                        0.0750
    2  O                        -0.7688
    3  O                        -0.7688
    4  O                        -0.7688
    5  O                        -0.7688

 Sum of these charges (accuracy NumInt/Tails) =          -3.00020082



 =============================
 V O R O N O I   C H A R G E S
 =============================
  
 For each atom: the (numerical) integral of the total electronic charge density in its Voronoi cell,
 i.e. the region of space that is closer to that atom than to any other atom.
 (cf. Wigner-Seitz cells in crystals)

 Within the Voronoi cell the subintegrals over the atomic sphere and the remaining part are evaluated
 separately to give the numbers of electrons (negative charge) in these regions.
 The net total charge in the cell (including the nuclear charge) is also given.

 Values are provided for
    a) the Initial (sum-of-fragments) density
    b) the Orthogonalized-Fragments density
    c) the SCF density
    d) the Voronoi Deformation Density (VDD): the difference SCF-Initial for the complete atomic cell


  Atom                Initial                    OrthFrag                   SCF
             Sphere RestCell NetTotal   Sphere RestCell NetTotal   Sphere RestCell NetTotal      VDD
 -----       ------------------------   ------------------------   ------------------------    -----
    1 As    -26.754   -4.640    1.606  -26.826   -4.805    1.369  -26.739   -4.183    2.079    0.473
    2 O      -4.196   -4.205   -0.402   -4.365   -3.977   -0.342   -4.245   -5.024   -1.270   -0.868
    3 O      -4.196   -4.205   -0.402   -4.365   -3.977   -0.342   -4.245   -5.024   -1.270   -0.868
    4 O      -4.196   -4.205   -0.402   -4.365   -3.977   -0.342   -4.245   -5.024   -1.270   -0.868
    5 O      -4.196   -4.205   -0.402   -4.365   -3.977   -0.342   -4.245   -5.024   -1.270   -0.868
 ---------------------------------------------------------------------------------------------------
 Total NetCharge:              -0.000                     -0.000                     -3.000   -3.000
 (accuracy NumInt/Tails)

 Remark: the 'NetTotal' Voronoi charges often do not match the Mulliken and/or Hirshfeld charges very
 well. This is caused by the fact that chemically different atoms are not treated in accordance with
 their relative sizes. (Voronoi cells are defined by boundary planes halfway between the atoms.)
 However, the CHANGES in charge, comparing 'Initial' to 'SCF' for instance, do give a fair indication
 of the flow of charge caused by the relaxation from sum-of-fragments to self-consistency.

 Warning: the absolute accuracy of the VDD charges obtained using the Fuzzy Cells (Becke) integration
 scheme is much poorer than the one obtained with an 'equivalent' Voronoi integration grid. 



 =================================================================
 M U L T I P O L E   D E R I V E D   C H A R G E   A N A L Y S I S
 =================================================================

 This charge analysis uses the atomic multipoles (obtained from the fitted density) up to some level X,
 and reconstructs these multipoles exactly (up to level X) by distributing charges over all atoms.
 This is achieved by using Lagrange multipliers and a weight function to keep the multipoles local.

 Dummy atoms can be included (by setting INCDUM in MDC-block to 1) to obtain a fractional charge.
 This is generally useful and necessary only for small symmetrical molecules, when there are not
 enough degrees of freedom to reconstruct the multipoles.

 Since the atomic multipoles are reconstructed up to level X,
 the molecular multipoles are represented also up to level X.
 The recommended level is to reconstruct up to quadrupole : -> MDC-q charges.

 See: M. Swart, P.Th. van Duijnen, J.G. Snijders, J.Comput.Chem., (2001), p. 79-88.

 ------------------------------------------------------------- 
 Atomic electronic multipole moments from SCF equations (a.u.)
 ------------------------------------------------------------- 

   atom        charge        dip-x     dip-y     dip-z      quad-xx   quad-xy   quad-xz   quad-yy   quad-yz   quad-zz
 --------------------------------------------------------------------------------------------------------------------
    1 As     2.003899    -0.000000  0.000000 -0.000000     0.908306 -0.000000 -0.000000  0.908306  0.000000 -1.816611
    2 O     -1.250975    -0.017829 -0.017829  0.000000     0.344086  0.356719  0.000000  0.344086  0.000000 -0.688173
    3 O     -1.250975     0.017829  0.017829  0.000000     0.344086  0.356719  0.000000  0.344086  0.000000 -0.688173
    4 O     -1.250975     0.017829 -0.017829 -0.000000     0.344086 -0.356719  0.000000  0.344086 -0.000000 -0.688173
    5 O     -1.250975    -0.017829  0.017829  0.000000     0.344086 -0.356719  0.000000  0.344086  0.000000 -0.688173

 --------------------------------------- 
 Multipole derived atomic charges (a.u.)
 --------------------------------------- 

 The MDC-m charges are just the Monopole terms in the multipole expansion, while for the MDC-d charges
 also the Dipoles are reconstructed. The usually preferred charges are the MDC-q charges.
 These reconstruct the Monopoles, Dipoles and Quadrupoles (both atomic AND molecular).

        Atom    Level:     MDC-m        MDC-d        MDC-q
 ---------------------------------------------------------
     1     As           2.003899     1.673835     1.268444
     2     O           -1.250975    -1.168459    -1.067111
     3     O           -1.250975    -1.168459    -1.067111
     4     O           -1.250975    -1.168459    -1.067111
     5     O           -1.250975    -1.168459    -1.067111

 ------------------------------------------------ 
 Average absolute deviations in atomic multipoles
 ------------------------------------------------ 

 Stated here are the average differences between the atomic multipoles
 and the reconstructed atomic multipoles (from the distributed charges).
 If these values are not zero, this means there are not enough degrees of freedom,
 to be able to reconstruct the atomic multipoles. (This usually happens only
 for small and/or highly symmetric molecules). If this is the case, one could add
 dummy atoms as extra point charges (and setting INCDUM in MDC-block to 1).

 Level:                                 MDC-d        MDC-q
 ---------------------------------------------------------
 Charge   (a.u.)                       0.0000       0.0000
 Dipole   (Debye)                      0.0000       0.0000
 Quad.    (a.u.)                       0.1766       0.0000

 --------------------------------------- 
 Represented molecular multipole moments
 --------------------------------------- 

 Given here are the Molecular multipole moments from the atomic charges, and from the Fit Density.
 Note that the atomic charges represent the latter, NOT the ones from the Exact density.

            Q (a.u.)             Dipole moment (Debye)                                          Quadrupole moment (a.u.)
                                 x         y         z              xx        xy        xz        yy        yz        zz
------------------------------------------------------------------------------------------------------------------------
MDC-m        -3.0000       -0.0000    0.0000    0.0000        -14.3810   -0.0000    0.0000  -14.3810    0.0000   28.7621
MDC-d        -3.0000       -0.0000    0.0000    0.0000        -13.4324   -0.0000    0.0000  -13.4324    0.0000   26.8649
MDC-q        -3.0000       -0.0000    0.0000    0.0000        -12.2674   -0.0000    0.0000  -12.2674    0.0000   24.5347
 
Fit.Dens.    -3.0000       -0.0000    0.0000    0.0000        -12.2674   -0.0000   -0.0000  -12.2674   -0.0000   24.5347



 =============
 Dipole Moment  ***  (Debye)  ***
 =============
  
 Vector   :         0.00000000      0.00000000      0.00000000
 Magnitude:         0.00000000

 This molecular dipole moment is calculated with analytic integration
 ************************************************************************************
 Since the molecule is NOT NEUTRAL, the dipole moment depends on the choice of origin
 ************************************************************************************



 =========================================
 Quadrupole Moment (Buckingham convention)  ***  (a.u.)  ***
 =========================================
  
      quad-xx        quad-xy        quad-xz        quad-yy        quad-yz        quad-zz
    -12.26746098     0.00000000     0.00000000   -12.26746098     0.00000000    24.53492196

 This molecular quadrupole moment is calculated with analytic integration
1



 ===========================
 B O N D I N G   E N E R G Y  ***  (decomposition)  ***
 ===========================
  
*** IMPORTANT NOTE ***

The bond energy is computed as an energy difference between molecule and
fragments. In particular when the fragments are single atoms, they are usually
computed as SPHERICALLY SYMMETRIC and SPIN-RESTRICTED. Obviously, this usually
does NOT represent the true atomic groundstate.

To obtain the 'real' bond energy, (atomic) correction terms must be applied
for the true (multiplet) fragment ground state. See ref: E.J.Baerends,
V.Branchadell, M.Sodupe, Chem.Phys.Lett.265 (1997) 481

General theoretical background on the bond energy decomposition scheme used
here (Morokuma-Ziegler) can be found in the review paper:
F.M. Bickelhaupt and E.J. Baerends,
"Kohn-Sham Density Functional Theory: Predicting and Understanding Chemistry"
In: Rev. Comput. Chem.; Lipkowitz, K. B. and Boyd, D. B., Eds.;
Wiley-VCH: New York, 2000, Vol. 15, 1-86.

Symbols used in the Bickelhaupt-Baerends (BB) paper are given below to make
the direct connection to that paper, where detailed explanations can be found
on the meaning of the various terms.


                                                   hartree              eV         kcal/mol           kJ/mol
                                      --------------------     -----------       ----------      -----------

Pauli Repulsion
  Kinetic (Delta T^0):                  11.041557812577818        300.4561          6928.68         28989.61
  Delta V^Pauli Coulomb:                -7.495997318997425       -203.9765         -4703.81        -19680.74
  Delta V^Pauli LDA-XC:                 -1.300705720816771        -35.3940          -816.21         -3415.00
  Delta V^Pauli GGA-Exchange:            0.091563041444183          2.4916            57.46           240.40
  Delta V^Pauli GGA-Correlation:        -0.029350712025724         -0.7987           -18.42           -77.06
                                      --------------------     -----------       ----------      -----------
  Total Pauli Repulsion:                 2.307067102182081         62.7785          1447.71          6057.20
 (Total Pauli Repulsion =
  Delta E^Pauli in BB paper)

Steric Interaction
  Pauli Repulsion (Delta E^Pauli):       2.307067102182081         62.7785          1447.71          6057.20
  Electrostatic Interaction:            -0.738272841771087        -20.0894          -463.27         -1938.34
 (Electrostatic Interaction =
  Delta V_elstat in the BB paper)
                                      --------------------     -----------       ----------      -----------
  Total Steric Interaction:              1.568794260410994         42.6891           984.43          4118.87
 (Total Steric Interaction =
  Delta E^0 in the BB paper)

Orbital Interactions
  A1.g:                                 -0.470655868721707        -12.8072          -295.34         -1235.71
  A2.g:                                  0.056935514352542          1.5493            35.73           149.48
  B1.g:                                 -0.023033723544096         -0.6268           -14.45           -60.48
  B2.g:                                 -0.014928917702471         -0.4062            -9.37           -39.20
  E1.g:                                  0.006213169164575          0.1691             3.90            16.31
  A1.u:                                  0.000000000000000          0.0000             0.00             0.00
  A2.u:                                 -0.276365811794027         -7.5203          -173.42          -725.60
  B1.u:                                  0.028043082779215          0.7631            17.60            73.63
  B2.u:                                  0.000000000000000          0.0000             0.00             0.00
  E1.u:                                 -1.447516349071119        -39.3889          -908.33         -3800.45
                                      --------------------     -----------       ----------      -----------
  Total Orbital Interactions:           -2.141672425548544        -58.2779         -1343.92         -5622.96

Alternative Decomposition Orb.Int.
  Kinetic:                              -9.822594905919770       -267.2864         -6163.77        -25789.22
  Coulomb:                               8.232338079613468        224.0133          5165.87         21614.00
  XC:                                   -0.551415599242243        -15.0048          -346.02         -1447.74
                                      --------------------     -----------       ----------      -----------
  Total Orbital Interactions:           -2.141672425548545        -58.2779         -1343.92         -5622.96

  Residu (E=Steric+OrbInt+Res):          0.000009601888080          0.0003             0.01             0.03


  Solvation Energy (el):                -0.807041326944000        -21.9607          -506.43         -2118.89

Post-SCF Solvation Energies
  Solvation Energy (cd):                 0.001107730545332          0.0301             0.70             2.91

Total Bonding Energy:                   -1.378802159648139        -37.5191          -865.21         -3620.04


Summary of Bonding Energy (energy terms are taken from the energy decomposition above)
======================================================================================

  Electrostatic Energy:                 -0.738272841771087        -20.0894          -463.27         -1938.34
  Kinetic Energy:                        1.218962906658048         33.1697           764.91          3200.39
  Coulomb (Steric+OrbInt) Energy:        0.736350362504124         20.0371           462.07          1933.29
  XC Energy:                            -1.789908990640555        -48.7059         -1123.18         -4699.41
  Solvation:                            -0.805933596398669        -21.9306          -505.73         -2115.98
                                      --------------------     -----------       ----------      -----------
  Total Bonding Energy:                 -1.378802159648139        -37.5191          -865.21         -3620.04


Correction terms (incorporated in energies above; only for test purposes):

1. Indication of fit-quality: 1st-order fit-correction used in the energy (hartree):   0.0001492882
2. Electrostatic (Fit correction):   0.0000000000

Scaled ZORA energy correction, not included in bonding energy (hartree):           -0.0000953647
 NOTE: This scaled ZORA energy correction should only be used to compare two calculations
 in which the only difference in the calculation is the electron configuration.
 Then the difference in energy of this term should be added to the difference in energy of
 the two electron configurations.
 This term should not be used otherwise.
 In practice it is useful only for core excitation energy calculations.



 =========================================
 F R A G M E N T   E N E R G Y   T E R M S  ***  (summed over all fragments)  ***
 =========================================
  

The energy terms below are (parts of) the Total Energy of the fragments from which the molecule
 is built.

Exchange and Correlation
  Exchange LDA:                       -106.575706850028183      -2900.0725        -66877.27       -279814.48
  Exchange GGA:                         -7.542082090083241       -205.2305         -4732.73        -19801.73
  Correlation LDA:                      -5.141000828252675       -139.8938         -3226.03        -13497.70
  Correlation GGA:                       2.598218814834482         70.7011          1630.41          6821.62
                                      --------------------     -----------       ----------      -----------
  Total XC:                           -116.660570953529614      -3174.4957        -73205.62       -306292.29



 =======================================================================
 Electrostatic potential at the Nuclei due to electrons and other nuclei
 =======================================================================
  
         Atom                  Potential
         ----                  ---------
     1)   As                165.88640398
     2)   O                  23.00595603
     3)   O                  23.00595603
     4)   O                  23.00595603
     5)   O                  23.00595603

=============================================================
=== CALCULATE ANALYTICAL SECOND DERIVATIVES OF THE ENERGY ===
=============================================================

                  ------------------------------------------------
                  
                  This Analytical Second Derivatives Progam    
                            was written for ADF by             
                  
                                Stephen K. Wolff               
                  
                         Scientific Computing & Modelling      
                  
                                Vrije University
                              Theoretical Chemistry
                                De Boelelaan 1083
                                1081 HV Amsterdam
                                 The Netherlands
                  
                  ------------------------------------------------
                  
                                    References:                
                                    ===========                
                  
                   Attila Berces, Ross M. Dickson, Liangyou Fan
                   Heiko Jacobsen, David Swerhone, Tom Ziegler,
                   Computer Physics Communications 100 (1997) 247.
                  
                   Heiko Jacobsen, Attila Berces
                   David Swerhone, Tom Ziegler,
                   Computer Physics Communications 100 (1997) 263.
                  
                   Stephen K. Wolff
                   Int. J. Quantum Chem. 104 (2005) 645.
                  
                  ------------------------------------------------
                  
              <><><><><><><><><><><><><><><><><><><><><><><><><>
 
                 SECOND DERIVATIVES INFORMATION:
                 -------------------------------
 
                 === PRINT
 
                   EIGS,  lprint_eigbas =  F
                   U1,    lprint_u1     =  F
                   PARTS, lprint_parts  =  F
 
                 === DEBUG
 
                   ALL        =  F
                   B1         =  F
                   DENSITIES  =  F
                   FIT        =  F
                   HESSIAN    =  F
                   NUMBERS    =  F
                   SYMMETRY   =  F
                   U1         =  F
 
                 === CPKS
 
                   MAX_CPKS_ITERATIONS    =    20
                   U1_ACCURACY PARAMETER  =     5.00
                   U1 ACCURACY            =     0.0000100
 

                 Estimated peak private memory usage    101 MB per process
                                 shared memory usage    102 MB per node

              <><><><><><><><><><><><><><><><><><><><><><><><><>
 Handling            5  atoms per pass in write_gradb1
 wr_gradb1   42577920.0000000        1048576000.00000     

######## LOOPING OVER NUCLEI ########

==========================
###### NUCLEUS:     1  As 
==========================

====================  solving CPKS equations  ====================

NUCLEUS  COORD.    ITERATION   ACCURACY
-------  ------    ---------   --------
    1       1          1       0.32183084D+00
    1       1          2       0.14975691D-01
    1       1          3       0.19845207D-02
    1       1          4       0.26898446D-03
    1       1          5       0.23104955D-04
    1       1          6       0.33751382D-04
    1       1          7       0.18835103D-05
*** CPKS converged.
----------------------------------------------
    1       2          1       0.32183099D+00
    1       2          2       0.14975837D-01
    1       2          3       0.19845416D-02
    1       2          4       0.27539200D-03
    1       2          5       0.42074365D-04
    1       2          6       0.51489614D-05
*** CPKS converged.
----------------------------------------------
    1       3          1       0.40132876D-01
    1       3          2       0.14397117D-02
    1       3          3       0.29712725D-03
    1       3          4       0.44977067D-04
    1       3          5       0.13498537D-04
    1       3          6       0.60297045D-05
*** CPKS converged.
----------------------------------------------

====================  end of solving CPKS equations  ====================

==========================
###### NUCLEUS:     2  O  
==========================

====================  solving CPKS equations  ====================

NUCLEUS  COORD.    ITERATION   ACCURACY
-------  ------    ---------   --------
    2       1          1       0.10273636D+00
    2       1          2       0.12684671D-01
    2       1          3       0.30264787D-02
    2       1          4       0.99752016D-03
    2       1          5       0.24413746D-03
    2       1          6       0.59574875D-04
    2       1          7       0.15494094D-04
    2       1          8       0.29549505D-05
*** CPKS converged.
----------------------------------------------
    2       2          1       0.10239742D+00
    2       2          2       0.12612301D-01
    2       2          3       0.30496840D-02
    2       2          4       0.98832581D-03
    2       2          5       0.24538491D-03
    2       2          6       0.56106842D-04
    2       2          7       0.14335977D-04
    2       2          8       0.28836063D-05
*** CPKS converged.
----------------------------------------------
    2       3          1       0.99126149D-02
    2       3          2       0.47273067D-03
    2       3          3       0.73924889D-04
    2       3          4       0.17149459D-04
    2       3          5       0.13081197D-04
    2       3          6       0.27539166D-05
*** CPKS converged.
----------------------------------------------

====================  end of solving CPKS equations  ====================

 ***************************************************************************************************



                                     ******************************************
                                     *  F R E Q U E N C Y    A N A L Y S I S  *
                                     ******************************************
  


 Atomic Masses:
 ---------------
    1. As             74.92159600
    2. O              15.99491400
    3. O              15.99491400
    4. O              15.99491400
    5. O              15.99491400



 ======================================
 Normal Modes in Symmetry Displacements  ***  (cartesians, not mass-weighted)  ***
 ======================================
  


                                       === A1.g ===

 Symmetry Displacements


                          1
              ------------------------      ------------------------      ------------------------
    1.As         0.000   0.000   0.000
    2.O          0.088   0.088   0.000
    3.O         -0.088  -0.088   0.000
    4.O         -0.088   0.088   0.000
    5.O          0.088  -0.088   0.000


 Frequencies and Normal Modes
 ============================

             1

          641.1387
        ----------
   1    1.00000000


 Intensities
 ===========

               Frequency       Dipole Strength        Absorption Intensity (degeneracy not counted)
                 cm-1           1e-40 esu2 cm2          km/mole
              ----------          ----------          ----------
              641.138696            0.000000            0.000000


                                       === B1.g ===

 Symmetry Displacements


                          1
              ------------------------      ------------------------      ------------------------
    1.As         0.000   0.000   0.000
    2.O          0.088  -0.088   0.000
    3.O         -0.088   0.088   0.000
    4.O         -0.088  -0.088   0.000
    5.O          0.088   0.088   0.000


 Frequencies and Normal Modes
 ============================

             1

          477.5489
        ----------
   1    1.00000000


 Intensities
 ===========

               Frequency       Dipole Strength        Absorption Intensity (degeneracy not counted)
                 cm-1           1e-40 esu2 cm2          km/mole
              ----------          ----------          ----------
              477.548858            0.000000            0.000000


                                       === B2.g ===

 Symmetry Displacements


                          1
              ------------------------      ------------------------      ------------------------
    1.As         0.000   0.000   0.000
    2.O          0.088   0.088   0.000
    3.O         -0.088  -0.088   0.000
    4.O          0.088  -0.088   0.000
    5.O         -0.088   0.088   0.000


 Frequencies and Normal Modes
 ============================

             1

          497.5252
        ----------
   1    1.00000000


 Intensities
 ===========

               Frequency       Dipole Strength        Absorption Intensity (degeneracy not counted)
                 cm-1           1e-40 esu2 cm2          km/mole
              ----------          ----------          ----------
              497.525161            0.000000            0.000000


                                       === A2.u ===

 Symmetry Displacements


                          1
              ------------------------      ------------------------      ------------------------
    1.As         0.000   0.000   0.078
    2.O          0.000   0.000  -0.092
    3.O          0.000   0.000  -0.092
    4.O          0.000   0.000  -0.092
    5.O          0.000   0.000  -0.092


 Frequencies and Normal Modes
 ============================

             1

          280.5241
        ----------
   1    1.00000000


 Intensities
 ===========

               Frequency       Dipole Strength        Absorption Intensity (degeneracy not counted)
                 cm-1           1e-40 esu2 cm2          km/mole
              ----------          ----------          ----------
              280.524055         1364.557410           95.948898


                                       === B1.u ===

 Symmetry Displacements


                          1
              ------------------------      ------------------------      ------------------------
    1.As         0.000   0.000   0.000
    2.O          0.000   0.000   0.125
    3.O          0.000   0.000   0.125
    4.O          0.000   0.000  -0.125
    5.O          0.000   0.000  -0.125


 Frequencies and Normal Modes
 ============================

             1

         -267.2510
        ----------
   1    1.00000000


 Intensities
 ===========

               Frequency       Dipole Strength        Absorption Intensity (degeneracy not counted)
                 cm-1           1e-40 esu2 cm2          km/mole
              ----------          ----------          ----------
             -267.251033            0.000000            0.000000


                                       === E1.u:1 ===

 Symmetry Displacements


                          1                             2
              ------------------------      ------------------------      ------------------------
    1.As         0.078   0.000   0.000         0.000   0.000   0.000
    2.O         -0.092   0.000   0.000         0.000   0.125   0.000
    3.O         -0.092   0.000   0.000         0.000   0.125   0.000
    4.O         -0.092   0.000   0.000         0.000  -0.125   0.000
    5.O         -0.092   0.000   0.000         0.000  -0.125   0.000


                                       === E1.u:2 ===

 Symmetry Displacements


                          1                             2
              ------------------------      ------------------------      ------------------------
    1.As         0.000   0.078   0.000         0.000   0.000   0.000
    2.O          0.000  -0.092   0.000         0.125   0.000   0.000
    3.O          0.000  -0.092   0.000         0.125   0.000   0.000
    4.O          0.000  -0.092   0.000        -0.125   0.000   0.000
    5.O          0.000  -0.092   0.000        -0.125   0.000   0.000


 Frequencies and Normal Modes
 ============================

             1           2

          397.6717    627.2167
        ----------  ----------
   1   -0.72428416 -0.68950160
   2   -0.68950160  0.72428416


 Intensities
 ===========

               Frequency       Dipole Strength        Absorption Intensity (degeneracy not counted)
                 cm-1           1e-40 esu2 cm2          km/mole
              ----------          ----------          ----------
              397.671675         1909.399297          190.326599
              627.216706         2825.983108          444.288681



 Zero-Point Energy :      0.008991 a.u.
 ===================      0.244653 eV
 (imaginary frequencies were excluded from the summation)
                                                   hartree              eV         kcal/mol           kJ/mol
                                      --------------------     -----------       ----------      -----------
              Bond Energy:              -1.378802159648139        -37.5191          -865.21         -3620.04
              Zero-Point Energy:         0.008990819615400          0.2447             5.64            23.61
              Enthalpy (T=0K):          -1.369811340032739        -37.2745          -859.57         -3596.44



 ===========================
 Vibrations and Normal Modes  ***  (cartesian coordinates, NOT mass-weighted)  ***
 ===========================
  
 The headers on the normal mode eigenvectors below give the Frequency in cm-1
 (a negative value means an imaginary frequency, no output for (almost-)zero frequencies)


                      -267.251                       280.524                       397.672
              ------------------------      ------------------------      ------------------------
    1.As         0.000   0.000  -0.000         0.000   0.000  -0.393         0.114  -0.225   0.000
    2.O         -0.000   0.000  -0.500        -0.000   0.000   0.460        -0.475   0.437  -0.000
    3.O         -0.000   0.000  -0.500         0.000   0.000   0.460        -0.475   0.437   0.000
    4.O         -0.000   0.000   0.500        -0.000  -0.000   0.460         0.208   0.090  -0.000
    5.O          0.000   0.000   0.500         0.000  -0.000   0.460         0.208   0.090  -0.000


                       397.672                       477.549                       497.525
              ------------------------      ------------------------      ------------------------
    1.As        -0.225  -0.114  -0.000        -0.000   0.000  -0.000         0.000  -0.000   0.000
    2.O          0.090  -0.208   0.000         0.354  -0.354   0.000        -0.354  -0.354  -0.000
    3.O          0.090  -0.208   0.000        -0.354   0.354  -0.000         0.354   0.354  -0.000
    4.O          0.437   0.475   0.000        -0.354  -0.354  -0.000        -0.354   0.354   0.000
    5.O          0.437   0.475   0.000         0.354   0.354   0.000         0.354  -0.354   0.000


                       627.217                       627.217                       641.139
              ------------------------      ------------------------      ------------------------
    1.As         0.172   0.164  -0.000         0.164  -0.172  -0.000         0.000  -0.000  -0.000
    2.O         -0.476  -0.480   0.000         0.096  -0.074   0.000        -0.354  -0.354   0.000
    3.O         -0.476  -0.480  -0.000         0.096  -0.074   0.000         0.354   0.354  -0.000
    4.O          0.074   0.096  -0.000        -0.480   0.476  -0.000         0.354  -0.354  -0.000
    5.O          0.074   0.096   0.000        -0.480   0.476   0.000        -0.354   0.354   0.000




 List of All Frequencies:


 Intensities
 ===========

               Frequency       Dipole Strength        Absorption Intensity (degeneracy not counted)
                 cm-1           1e-40 esu2 cm2          km/mole
              ----------          ----------          ----------
             -267.251033            0.000000           -0.000000
              280.524055         1364.557410           95.948898
              397.671675         1909.390672          190.325739
              397.671675         1909.405128          190.327180
              477.548858            0.000000            0.000000
              497.525161            0.000000            0.000000
              627.216706         2825.989066          444.289618
              627.216706         2825.974360          444.287306
              641.138696            0.000000            0.000000



 ============================
 Statistical Thermal Analysis  ***  ideal gas assumed  ***
 ============================
  
 Pressure:                  1.000000 atm.
 Temperature:             298.150000 K



 Moments of Inertia [amu*bohr^2] and principal axis
 ==================================================

         367.7505        367.7505        735.5009
 ------------------------------------------------
           1.0000          0.0000          0.0000
           0.0000          1.0000          0.0000
           0.0000          0.0000          1.0000


 The rotational contribution to the molecular entropy includes
 a term, dependent on the symmetry number sigma. The results 
 reported below were computed using sigma = 8, determined from
 the point group symmetry of the input geometry (D(4H)). 
 If this is not the correct symmetry, try symmetrizing the molecule before
 running the calculation (note: linear molecules should be aligned along one
 of the Cartesian axes).
 Contributions from frequencies below 20 1/cm are not included in
 the vibrational sums. Their contributions, if any, are reported separately.


     Temp                                                       Transl     Rotat    Vibrat     Total
     ----                                                       ------     -----    ------     -----

     298.15   Entropy (cal/mole-K):                             40.698    21.968     6.048    68.714
              Internal Energy (Kcal/mole):                       0.889     0.889     6.875     8.653
              Constant Volume Heat Capacity (cal/mole-K):        2.981     2.981    10.111    16.072

              Summary of energy terms
                                                   hartree              eV         kcal/mol           kJ/mol
                                      --------------------     -----------       ----------      -----------
              Bond Energy:              -1.378802159648139        -37.5191          -865.21         -3620.04
              Internal Energy:           0.013788757462155          0.3752             8.65            36.20
              pV/n = RT:                 0.000944186013486          0.0257             0.59             2.48
              Enthalpy H:               -1.364069216172498        -37.1182          -855.97         -3581.36
              -T*S:                     -0.032648292252675         -0.8884           -20.49           -85.72
              Gibbs free energy:        -1.396717508425173        -38.0066          -876.45         -3667.08
 

 ***************************************************************************************************
 


====================================================================
*** DONE CALCULATING ANALYTICAL SECOND DERIVATIVES OF THE ENERGY ***
====================================================================




 ===========================================================
 SCAN POTENTIAL ENERGY SURFACE ALONG A RANGE OF NORMAL MODES  ***  with IR intensities  ***
 ===========================================================
  

 Symmetry has been reset to default with TOL= 0.000001000000

 RANGE OF FREQUENCIES: from  -1000.000 to      0.000



 ===================
 Vibration symmetry:  ***  A1.g  ***
 ===================
  
 Total number of frequencies of this symmetry:     1
 Frequencies, cm^(-1):
     641.139
 Number of frequencies in the requested range:     0



 ===================
 Vibration symmetry:  ***  B1.g  ***
 ===================
  
 Total number of frequencies of this symmetry:     1
 Frequencies, cm^(-1):
     477.549
 Number of frequencies in the requested range:     0



 ===================
 Vibration symmetry:  ***  B2.g  ***
 ===================
  
 Total number of frequencies of this symmetry:     1
 Frequencies, cm^(-1):
     497.525
 Number of frequencies in the requested range:     0



 ===================
 Vibration symmetry:  ***  A2.u  ***
 ===================
  
 Total number of frequencies of this symmetry:     1
 Frequencies, cm^(-1):
     280.524
 Number of frequencies in the requested range:     0



 ===================
 Vibration symmetry:  ***  B1.u  ***
 ===================
  
 Total number of frequencies of this symmetry:     1
 Frequencies, cm^(-1):
    -267.251
 Number of frequencies in the requested range:     1
1
 ***************************************************************************************************



                                      ****************************************
                                      *  B U I L D : (Fragments, Functions)  *
                                      ****************************************
  

 Total nr. of (C)SFOs (summation over all irreps) :   100

 Specify PRINT SFO in the input file to get a full list

 Nr. of SFOs for ir.rep.          A1 :    19
 Nr. of SFOs for ir.rep.          A2 :     5
 Nr. of SFOs for ir.rep.          B1 :     9
 Nr. of SFOs for ir.rep.          B2 :    19
 Nr. of SFOs for ir.rep.        E1:1 :    24
 Nr. of SFOs for ir.rep.        E1:2 :    24



 ================================
 (Slater-type)  F U N C T I O N S  ***  (Basis and Fit)  ***
 ================================
  

 Atom Type    1  (As)
 ==============

 Valence Basis Sets:  15
 -----------------------
   1 S   23.550000
   2 S   12.700000
   3 S    6.550000
   2 P   15.150000
   3 P    6.150000
   3 D    2.850000
   3 D    5.250000
   3 D    9.800000
   4 S    1.500000
   4 S    2.300000
   4 S    3.300000
   4 P    1.000000
   4 P    1.700000
   4 P    2.850000
   4 D    1.600000

 Frozen Core Shells
 ------------------
    S:  3
    P:  2

 Atom Type    2  (O)
 ==============

 Valence Basis Sets:   8
 -----------------------
   1 S    7.360000
   2 S    1.720000
   2 S    2.880000
   2 S    7.580000
   2 P    1.120000
   2 P    2.080000
   2 P    4.080000
   3 D    2.000000

 Frozen Core Shells
 ------------------
    S:  1


 BAS: List of all Elementary Cartesian Basis Functions
 =====================================================

 The numbering in the list below (to the right of the function characteristics) is referred
 to in print-outs of MO eigenvectors and Mulliken populations in the BAS representation
 (as contrasted to the SFO representation).

 Notes:
 1. The functions are characterized by a polynomial prefactor (powers of x,y,z and r) and
    an exponential decay factor alpha.
 2. Since the basis sets are specific for an atom TYPE, the individual functions occur on
    all atoms of that type.
 3. The word 'Core' in the left margin signals that it is a Core Function (CF) : not a
    degree of freedom in the valence set, but only used to ensure orthogonalization of
    the other valence basis functions on the frozen Core Orbitals.


 (power of) X  Y  Z  R     Alpha  on Atom
            ==========     =====     ==========

 As                                   1
                                  ---------------------------------------------------------------------------
    Core    0  0  0  0    23.550      1
    Core    0  0  0  1    12.700      2
    Core    0  0  0  2     6.550      3
    Core    1  0  0  0    15.150      4
    Core    0  1  0  0    15.150      5
    Core    0  0  1  0    15.150      6
    Core    1  0  0  1     6.150      7
    Core    0  1  0  1     6.150      8
    Core    0  0  1  1     6.150      9
            2  0  0  0     2.850     10
            1  1  0  0     2.850     11
            1  0  1  0     2.850     12
            0  2  0  0     2.850     13
            0  1  1  0     2.850     14
            0  0  2  0     2.850     15
            2  0  0  0     5.250     16
            1  1  0  0     5.250     17
            1  0  1  0     5.250     18
            0  2  0  0     5.250     19
            0  1  1  0     5.250     20
            0  0  2  0     5.250     21
            2  0  0  0     9.800     22
            1  1  0  0     9.800     23
            1  0  1  0     9.800     24
            0  2  0  0     9.800     25
            0  1  1  0     9.800     26
            0  0  2  0     9.800     27
            0  0  0  3     1.500     28
            0  0  0  3     2.300     29
            0  0  0  3     3.300     30
            1  0  0  2     1.000     31
            0  1  0  2     1.000     32
            0  0  1  2     1.000     33
            1  0  0  2     1.700     34
            0  1  0  2     1.700     35
            0  0  1  2     1.700     36
            1  0  0  2     2.850     37
            0  1  0  2     2.850     38
            0  0  1  2     2.850     39
            2  0  0  1     1.600     40
            1  1  0  1     1.600     41
            1  0  1  1     1.600     42
            0  2  0  1     1.600     43
            0  1  1  1     1.600     44
            0  0  2  1     1.600     45

 O                                    2    3    4    5
                                  ---------------------------------------------------------------------------
    Core    0  0  0  0     7.360     46   65   84  103
            0  0  0  1     1.720     47   66   85  104
            0  0  0  1     2.880     48   67   86  105
            0  0  0  1     7.580     49   68   87  106
            1  0  0  0     1.120     50   69   88  107
            0  1  0  0     1.120     51   70   89  108
            0  0  1  0     1.120     52   71   90  109
            1  0  0  0     2.080     53   72   91  110
            0  1  0  0     2.080     54   73   92  111
            0  0  1  0     2.080     55   74   93  112
            1  0  0  0     4.080     56   75   94  113
            0  1  0  0     4.080     57   76   95  114
            0  0  1  0     4.080     58   77   96  115
            2  0  0  0     2.000     59   78   97  116
            1  1  0  0     2.000     60   79   98  117
            1  0  1  0     2.000     61   80   99  118
            0  2  0  0     2.000     62   81  100  119
            0  1  1  0     2.000     63   82  101  120
            0  0  2  0     2.000     64   83  102  121

 Total number of charge fitting functions (nprimf)       495
 Total number of Cartesian basis functions (naos)        121
 Total number of Cartesian core functions  (ncos)         13



 Scanning vibration frequency    1 B1.u =     -267.251



 -------------------------------------------
  COSMO surface
  Area             =          371.723
  Volume           =          580.059
  Number of Points =          890
 -------------------------------------------



 ========================
 Density Fitting (zlmFit)
 ========================
  
 ZlmFit Fit Quality: GOOD           
  
 Max L-expansion:                        min:   8 max:   9
 Nr. of radial interpolation points:     min:  84 max: 132
 Initial density matrix is taken from previous geometry
 cosmo_calcen: 0.5 (esolb+esolc) (Hartrees) =   -0.807041

 Solvation energy (screening term,uncorrected) =   -506.425708 kcal/mol

 Solvation energy (dispersion and cavitation terms) =      0.695092 kcal/mol
 Solvation Energy Contributions (Hartrees)
          esola   esolb+esolc
     0.80704065   -1.61408130
 esol last cycle   -0.80704065
 cosmo_calcen: 0.5 (esolb+esolc) (Hartrees) =   -0.807041

 Solvation energy (screening term,uncorrected) =   -506.425708 kcal/mol

 Solvation energy (dispersion and cavitation terms) =      0.695092 kcal/mol
 Solvation Energy Contributions (Hartrees)
          esola   esolb+esolc
     0.80704065   -1.61408130
 esol last cycle   -0.80704065


 -------------------------------------------
  COSMO surface
  Area             =          371.723
  Volume           =          580.059
  Number of Points =          890
 -------------------------------------------



 ========================
 Density Fitting (zlmFit)
 ========================
  
 ZlmFit Fit Quality: GOOD           
  
 Max L-expansion:                        min:   8 max:   9
 Nr. of radial interpolation points:     min:  84 max: 132
 Initial density matrix is taken from previous geometry
 cosmo_calcen: 0.5 (esolb+esolc) (Hartrees) =   -0.807041

 Solvation energy (screening term,uncorrected) =   -506.425708 kcal/mol

 Solvation energy (dispersion and cavitation terms) =      0.695092 kcal/mol
 Solvation Energy Contributions (Hartrees)
          esola   esolb+esolc
     0.80704065   -1.61408130
 esol last cycle   -0.80704065
 cosmo_calcen: 0.5 (esolb+esolc) (Hartrees) =   -0.807041

 Solvation energy (screening term,uncorrected) =   -506.425708 kcal/mol

 Solvation energy (dispersion and cavitation terms) =      0.695092 kcal/mol
 Solvation Energy Contributions (Hartrees)
          esola   esolb+esolc
     0.80704065   -1.61408130
 esol last cycle   -0.80704065
 Old frequency:   -267.25103, new:    733.07791



 ===================
 Vibration symmetry:  ***  E1.u:1  ***
 ===================
  
 Total number of frequencies of this symmetry:     2
 Frequencies, cm^(-1):
     397.672     627.217
 Number of frequencies in the requested range:     0
 ===================================================================================================
 Summary of a frequency scan in the requested range: 
 (One component per degenerate irreducible representations, degeneracy is not counted in the intens.)
 ---------------------------------------------------------------------------------------------------
 Frequency, cm**(-1)      Dipol moment derivatives (a.u.)      IR Intensity   Force const   Red.mass
    Old      New                X         Y         Z            km/mole          a.u.        a.u.
 ---------------------------------------------------------------------------------------------------
 Vibration symmetry: A1.g
   641.139      not re-calculated (not in the required range)
 ---------------------------------------------------------------------------------------------------
 Vibration symmetry: B1.g
   477.549      not re-calculated (not in the required range)
 ---------------------------------------------------------------------------------------------------
 Vibration symmetry: B2.g
   497.525      not re-calculated (not in the required range)
 ---------------------------------------------------------------------------------------------------
 Vibration symmetry: A2.u
   280.524      not re-calculated (not in the required range)
 ---------------------------------------------------------------------------------------------------
 Vibration symmetry: B1.u
  -267.251   733.078          0.000    -0.000     0.000            0.000      0.32529520   15.994914
 ---------------------------------------------------------------------------------------------------
 Vibration symmetry: E1.u:1
   397.672      not re-calculated (not in the required range)
   627.217      not re-calculated (not in the required range)
 ===================================================================================================



 ============================
 Statistical Thermal Analysis  ***  ideal gas assumed  ***
 ============================
  
 Pressure:                  1.000000 atm.
 Temperature:             298.150000 K



 Moments of Inertia [amu*bohr^2] and principal axis
 ==================================================

         367.7505        367.7505        735.5009
 ------------------------------------------------
           1.0000          0.0000          0.0000
           0.0000          1.0000          0.0000
           0.0000          0.0000          1.0000


 The rotational contribution to the molecular entropy includes
 a term, dependent on the symmetry number sigma. The results 
 reported below were computed using sigma = 4, determined from
 the point group symmetry of the input geometry (D(2D)). 
 If this is not the correct symmetry, try symmetrizing the molecule before
 running the calculation (note: linear molecules should be aligned along one
 of the Cartesian axes).
 Contributions from frequencies below 20 1/cm are not included in
 the vibrational sums. Their contributions, if any, are reported separately.


     Temp                                                       Transl     Rotat    Vibrat     Total
     ----                                                       ------     -----    ------     -----

     298.15   Entropy (cal/mole-K):                             40.698    23.346     6.318    70.361
              Internal Energy (Kcal/mole):                       0.889     0.889     7.986     9.763
              Constant Volume Heat Capacity (cal/mole-K):        2.981     2.981    10.878    16.839

              Summary of energy terms
                                                   hartree              eV         kcal/mol           kJ/mol
                                      --------------------     -----------       ----------      -----------
              Bond Energy:              -1.378802159648139        -37.5191          -865.21         -3620.04
              Internal Energy:           0.015558883723586          0.4234             9.76            40.85
              pV/n = RT:                 0.000944186013486          0.0257             0.59             2.48
              Enthalpy H:               -1.362299089911067        -37.0700          -854.86         -3576.72
              -T*S:                     -0.033430671155926         -0.9097           -20.98           -87.77
              Gibbs free energy:        -1.395729761066993        -37.9797          -875.83         -3664.49
 
 
 ==================================
 Memory not completely deallocated!
 ==================================
 
 Number of unbalanced allocate calls:               1
 Maximum number of active allocate calls:        2064
 
 *******************************************************************************

                             A D F   E X I T
 NORMAL TERMINATION



 =================
 Timing Statistics
 =================
  
 Total Used :                     CPU=      137.02      System=       26.45     Elapsed=      178.85

 Calls  Section                     ( Mean, Percentage )
 ---------------------------------------------------------------------------------------------------
     4  ><      ................      0.02    0.05             0.00    0.03             0.02    0.06
     1  INIT    ................      0.54    0.39             0.03    0.12             0.60    0.33
     1  GEOMET  ................      0.03    0.02             0.02    0.08             0.07    0.04
     2  FRAGM   ................      0.02    0.03             0.01    0.05             0.03    0.03
     2  INPUTA  ................      0.00    0.00             0.00    0.00             0.00    0.00
     2  ATDEN   ................      0.01    0.01             0.00    0.00             0.01    0.01
    14  MAINSY  ................      0.03    0.27             0.00    0.26             0.06    0.51
    14  SYMFIT  ................      0.00    0.02             0.00    0.00             0.00    0.02
    14  CORORT  ................      0.00    0.04             0.00    0.00             0.01    0.04
    14  SYMORB  ................      0.00    0.04             0.00    0.00             0.00    0.03
    14  CLSMAT  ................      0.01    0.08             0.00    0.06             0.01    0.09
    14  ORTHON  ................      0.01    0.11             0.01    0.32             0.02    0.15
    14  GENPT   ................      0.07    0.67             0.00    0.14             0.07    0.57
    14  PTBAS   ................      0.06    0.65             0.01    0.29             0.07    0.56
   602  FOCKY   ................      0.17   74.22             0.03   76.57             0.22   74.19
   602  FOCKTR  ................      0.00    2.01             0.00    3.69             0.01    2.08
   602  SDIIS   ................      0.00    1.70             0.00    2.06             0.01    2.49
    14  TOTEN   ................      0.28    2.89             0.02    1.01             0.34    2.67
    14  POPAN   ................      0.00    0.04             0.00    0.05             0.01    0.06
    14  DEBYE   ................      0.00    0.04             0.00    0.08             0.01    0.06
    12  INPUTE  ................      0.00    0.01             0.00    0.02             0.00    0.01
    12  SYMORE  ................      0.00    0.01             0.00    0.00             0.00    0.01
    25  ELNRGY  ................      0.15    2.69             0.00    0.36             0.16    2.27
    13  ENGRAD  ................      0.00    0.01             0.00    0.02             0.00    0.01
     1  COREPS  ................      0.16    0.11             0.01    0.03             0.18    0.10
     1  METS    ................      0.00    0.00             0.00    0.00             0.00    0.00
     1  CETS    ................      0.02    0.01             0.01    0.03             0.02    0.01
     1  POPUL   ................      0.01    0.01             0.00    0.00             0.02    0.01
     1  ENHESS  ................     18.99   13.86             3.90   14.75            24.28   13.58
     1  EXIT PROCEDURE .........      0.02    0.02             0.00    0.02             0.04    0.02


 Currently Open Files (EXIT00)
 ====================

 Unit    Access Format  Status   Type       Ident (file)
 -------------------------------------------------------
   3      SEQ    FORM   TRANSP  NORMAL      LOGFILE
                                          ( logfile )

 ***************************************************************************************************
 (LOGFILE)
 <Jun25-2026> <11:34:14>  DIRAC 2019  RunTime: Jun25-2026 11:34:14  Nodes: 1  Procs: 1
 <Jun25-2026> <11:34:15>  NORMAL TERMINATION
 <Jun25-2026> <11:34:15>  END
 <Jun25-2026> <11:34:15>  ADF 2019  RunTime: Jun25-2026 11:34:15  Nodes: 1  Procs: 1
 <Jun25-2026> <11:34:15>  Arsenic (TZP, 3p frozen)
 <Jun25-2026> <11:34:15>  RunType   : CREATE
 <Jun25-2026> <11:34:15>  Net Charge: 0 (Nuclei minus Electrons)
 <Jun25-2026> <11:34:15>  Symmetry  : ATOM
  Coordinates
    Atom         X           Y           Z   (Angstrom)
    1.As        0.000000    0.000000    0.000000
 <Jun25-2026> <11:34:15>  >>>> CORORT
 <Jun25-2026> <11:34:15>  >>>> CLSMAT
 <Jun25-2026> <11:34:15>  >>>> ORTHON
 <Jun25-2026> <11:34:15>  >>>> GENPT
 <Jun25-2026> <11:34:15>  Block Length=  93
 <Jun25-2026> <11:34:15>  >>>> PTBAS
 <Jun25-2026> <11:34:15>  >>>> CYCLE
 <Jun25-2026> <11:34:15>              |Error|         MaxErr       Wt(A-DIIS)
 <Jun25-2026> <11:34:15>      1      0.00000000      0.00000000
 <Jun25-2026> <11:34:15>      2     19.19959276      5.59805355    100.0
 <Jun25-2026> <11:34:15>      3      8.67465148      2.96233489    100.0
 <Jun25-2026> <11:34:16>      4      5.58997019      1.81448243    100.0
 <Jun25-2026> <11:34:16>      5      1.70654254      0.52892684    100.0
 <Jun25-2026> <11:34:16>      6      1.85023060      0.57109694    100.0
 <Jun25-2026> <11:34:16>      7      0.06833500      0.02025963     19.5
 <Jun25-2026> <11:34:16>      8      0.01714509      0.00517576      4.2
 <Jun25-2026> <11:34:16>      9      0.00095370      0.00028613      0.0
 <Jun25-2026> <11:34:16>     10      0.00000895      0.00000295      0.0
 <Jun25-2026> <11:34:16>     11      0.00000021      0.00000010      0.0
 <Jun25-2026> <11:34:16>     12      0.00000000      0.00000000      0.0
 <Jun25-2026> <11:34:16>  SCF converged
 <Jun25-2026> <11:34:16>     13      0.00000000      0.00000000      0.0
 <Jun25-2026> <11:34:16>  >>>> POPAN
 <Jun25-2026> <11:34:16>  >>>> DEBYE
 <Jun25-2026> <11:34:16>  NORMAL TERMINATION
 <Jun25-2026> <11:34:16>  END
 <Jun25-2026> <11:34:16>  DIRAC 2019  RunTime: Jun25-2026 11:34:16  Nodes: 1  Procs: 1
 <Jun25-2026> <11:34:16>  NORMAL TERMINATION
 <Jun25-2026> <11:34:16>  END
 <Jun25-2026> <11:34:16>  ADF 2019  RunTime: Jun25-2026 11:34:16  Nodes: 1  Procs: 1
 <Jun25-2026> <11:34:16>  Oxygen (TZP, 1s frozen)
 <Jun25-2026> <11:34:16>  RunType   : CREATE
 <Jun25-2026> <11:34:16>  Net Charge: 0 (Nuclei minus Electrons)
 <Jun25-2026> <11:34:16>  Symmetry  : ATOM
  Coordinates
    Atom         X           Y           Z   (Angstrom)
    1.O         0.000000    0.000000    0.000000
 <Jun25-2026> <11:34:16>  >>>> CORORT
 <Jun25-2026> <11:34:16>  >>>> CLSMAT
 <Jun25-2026> <11:34:16>  >>>> ORTHON
 <Jun25-2026> <11:34:16>  >>>> GENPT
 <Jun25-2026> <11:34:16>  Block Length=  68
 <Jun25-2026> <11:34:16>  >>>> PTBAS
 <Jun25-2026> <11:34:16>  >>>> CYCLE
 <Jun25-2026> <11:34:17>              |Error|         MaxErr       Wt(A-DIIS)
 <Jun25-2026> <11:34:17>      1      0.00000000      0.00000000
 <Jun25-2026> <11:34:17>      2      4.56299337      2.52897111
 <Jun25-2026> <11:34:17>      3      2.72315525      1.79866705    100.0
 <Jun25-2026> <11:34:17>      4      0.28902714      0.13064862    100.0
 <Jun25-2026> <11:34:17>      5      0.41661509      0.23264367    100.0
 <Jun25-2026> <11:34:17>      6      0.01372327      0.00671904      5.8
 <Jun25-2026> <11:34:17>      7      0.00110365      0.00063404      0.0
 <Jun25-2026> <11:34:17>      8      0.00003592      0.00002026      0.0
 <Jun25-2026> <11:34:17>      9      0.00000033      0.00000018      0.0
 <Jun25-2026> <11:34:17>     10      0.00000000      0.00000000      0.0
 <Jun25-2026> <11:34:17>  SCF converged
 <Jun25-2026> <11:34:17>     11      0.00000000      0.00000000      0.0
 <Jun25-2026> <11:34:17>  >>>> POPAN
 <Jun25-2026> <11:34:17>  >>>> DEBYE
 <Jun25-2026> <11:34:17>  NORMAL TERMINATION
 <Jun25-2026> <11:34:17>  END
 <Jun25-2026> <11:34:18>  ADF 2019  RunTime: Jun25-2026 11:34:18  Nodes: 1  Procs: 24
 <Jun25-2026> <11:34:18>  *** (NO TITLE) ***
 <Jun25-2026> <11:34:18>  RunType   : GEOMETRY OPTIMIZATION
 <Jun25-2026> <11:34:18>  Net Charge: -3 (Nuclei minus Electrons)
 <Jun25-2026> <11:34:18>  Symmetry  : D(4H)
 <Jun25-2026> <11:34:18>  >>>> FRAGM
  Coordinates in Geometry Cycle 1
    Atom         X           Y           Z   (Angstrom)
    1.As        0.000000    0.000000    0.000000
    2.O         0.707122    0.707122    0.000000
    3.O        -0.707122   -0.707122    0.000000
    4.O        -0.707122    0.707122    0.000000
    5.O         0.707122   -0.707122    0.000000
 <Jun25-2026> <11:34:18>  >>>> CORORT
 <Jun25-2026> <11:34:18>  >>>> CLSMAT
 <Jun25-2026> <11:34:18>  >>>> ORTHON
 <Jun25-2026> <11:34:18>  >>>> GENPT
 <Jun25-2026> <11:34:18>  Block Length= 126
 <Jun25-2026> <11:34:18>  >>>> PTBAS
 <Jun25-2026> <11:34:18>  combining surface points...
 <Jun25-2026> <11:34:18>  combining surface points...
 <Jun25-2026> <11:34:18>  >>>> CYCLE
 <Jun25-2026> <11:34:19>              |Error|         MaxErr       Wt(A-DIIS)
 <Jun25-2026> <11:34:19>      1      3.56916784      0.65163789
 <Jun25-2026> <11:34:19>      2      4.06594220      0.83356968    100.0
 <Jun25-2026> <11:34:19>      3      2.30355539      0.46476588    100.0
 <Jun25-2026> <11:34:20>      4      1.44682097      0.30652412    100.0
 <Jun25-2026> <11:34:20>      5      0.60271613      0.12532367    100.0
 <Jun25-2026> <11:34:20>      6      1.43262178      0.26115248    100.0
 <Jun25-2026> <11:34:20>      7      0.72819202      0.13976608    100.0
 <Jun25-2026> <11:34:21>      8      0.40119804      0.07243764     72.2
 <Jun25-2026> <11:34:21>      9      0.32049194      0.05903645     58.6
 <Jun25-2026> <11:34:21>     10      0.31546336      0.06223849     58.6
 <Jun25-2026> <11:34:21>     11      0.30912550      0.06092909     58.6
 <Jun25-2026> <11:34:21>     12      0.29567934      0.05811810     57.7
 <Jun25-2026> <11:34:22>     13      0.26338576      0.05094476     50.4
 <Jun25-2026> <11:34:22>     14      0.69076787      0.13938601    100.0
 <Jun25-2026> <11:34:22>     15      0.64177707      0.12945108    100.0
 <Jun25-2026> <11:34:22>     16      0.25547918      0.04968332     49.2
 <Jun25-2026> <11:34:23>     17      0.77368214      0.15570651    100.0
 <Jun25-2026> <11:34:23>     18      0.64250540      0.12997903    100.0
 <Jun25-2026> <11:34:23>     19      0.25868406      0.05084508     50.3
 <Jun25-2026> <11:34:23>     20      0.73872510      0.14878365    100.0
 <Jun25-2026> <11:34:24>     21      0.64180345      0.13014542    100.0
 <Jun25-2026> <11:34:24>     22      0.25735050      0.05043670     49.9
 <Jun25-2026> <11:34:24>     23      0.41496335      0.08238310     82.2
 <Jun25-2026> <11:34:24>     24      0.26929331      0.05230119     51.8
 <Jun25-2026> <11:34:25>     25      0.86388161      0.17299743    100.0
 <Jun25-2026> <11:34:25>     26      0.65082961      0.13172060    100.0
 <Jun25-2026> <11:34:25>     27      0.64107904      0.13001451    100.0
 <Jun25-2026> <11:34:25>     28      0.19669471      0.03971641     39.1
 <Jun25-2026> <11:34:25>     29      0.84154298      0.16875533    100.0
 <Jun25-2026> <11:34:26>     30      3.20776860      0.59791263    100.0
 <Jun25-2026> <11:34:26>     31      1.05104914      0.19086036    100.0
 <Jun25-2026> <11:34:26>     32      0.47292999      0.09228665    100.0
 <Jun25-2026> <11:34:26>     33      0.30354187      0.05803368    100.0
 <Jun25-2026> <11:34:27>     34      0.28237902      0.05527003    100.0
 <Jun25-2026> <11:34:27>     35      0.27888982      0.05448658    100.0
 <Jun25-2026> <11:34:27>     36      0.62676573      0.12718844    100.0
 <Jun25-2026> <11:34:27>     37      0.25748183      0.05054926    100.0
 <Jun25-2026> <11:34:28>     38      0.64053418      0.12997273    100.0
 <Jun25-2026> <11:34:28>     39      0.25854890      0.05064459     50.1
 <Jun25-2026> <11:34:28>     40      0.74933401      0.15096416    100.0
 <Jun25-2026> <11:34:28>     41      0.64227590      0.13011504    100.0
 <Jun25-2026> <11:34:29>     42      0.64123572      0.13003911    100.0
 <Jun25-2026> <11:34:29>     43      0.25768024      0.05059672     50.1
 <Jun25-2026> <11:34:29>     44      0.31120418      0.06137530     61.0
 <Jun25-2026> <11:34:29>     45      0.35880647      0.07071637    100.0
 <Jun25-2026> <11:34:30>     46      1.48469771      0.28835431    100.0
 <Jun25-2026> <11:34:30>     47      0.76894084      0.15539945    100.0
 <Jun25-2026> <11:34:30>     48      0.64355659      0.13034016    100.0
 <Jun25-2026> <11:34:30>     49      0.64097033      0.13003696    100.0
 <Jun25-2026> <11:34:30>     50      0.19675399      0.03975077     39.1
 <Jun25-2026> <11:34:31>     51      0.72854634      0.14710413    100.0
 <Jun25-2026> <11:34:31>     52      3.07434991      0.56426117    100.0
 <Jun25-2026> <11:34:31>     53      1.02593944      0.18478204    100.0
 <Jun25-2026> <11:34:31>     54      0.46869213      0.09080547    100.0
 <Jun25-2026> <11:34:32>     55      0.30346457      0.05804627    100.0
 <Jun25-2026> <11:34:32>     56      0.28303888      0.05529758    100.0
 <Jun25-2026> <11:34:32>     57      0.27880999      0.05453827    100.0
 <Jun25-2026> <11:34:32>     58      0.26816200      0.05265207    100.0
 <Jun25-2026> <11:34:33>     59      0.63012101      0.12793772    100.0
 <Jun25-2026> <11:34:33>     60      0.26725760      0.05236542     51.9
 <Jun25-2026> <11:34:33>     61      0.86075479      0.17231043    100.0
 <Jun25-2026> <11:34:33>     62      0.65077210      0.13172800    100.0
 <Jun25-2026> <11:34:34>     63      0.64143658      0.13010282    100.0
 <Jun25-2026> <11:34:34>     64      0.25776672      0.05055808     50.1
 <Jun25-2026> <11:34:34>     65      0.31306999      0.06167681    100.0
 <Jun25-2026> <11:34:34>     66      1.38381004      0.27021168    100.0
 <Jun25-2026> <11:34:34>     67      0.74449148      0.15036982    100.0
 <Jun25-2026> <11:34:35>     68      0.64321787      0.13024644    100.0
 <Jun25-2026> <11:34:35>     69      0.25814612      0.05050405     50.0
 <Jun25-2026> <11:34:35>     70      0.29729738      0.05851006    100.0
 <Jun25-2026> <11:34:35>     71      1.37033424      0.26821625    100.0
 <Jun25-2026> <11:34:36>     72      0.74196307      0.14955699    100.0
 <Jun25-2026> <11:34:36>     73      0.64254361      0.13014824    100.0
 <Jun25-2026> <11:34:36>     74      0.25767498      0.05054341     50.0
 <Jun25-2026> <11:34:36>     75      0.70884149      0.14321199    100.0
 <Jun25-2026> <11:34:37>     76      3.05099187      0.55822568    100.0
 <Jun25-2026> <11:34:37>     77      1.08672047      0.21635733    100.0
 <Jun25-2026> <11:34:37>     78      0.54547917      0.11706910    100.0
 <Jun25-2026> <11:34:37>     79      0.47506420      0.11865204    100.0
 <Jun25-2026> <11:34:38>     80      0.27962259      0.05444840     54.0
 <Jun25-2026> <11:34:38>     81      0.78009334      0.15699700    100.0
 <Jun25-2026> <11:34:38>     82      0.64591863      0.13076308    100.0
 <Jun25-2026> <11:34:38>     83      0.25917276      0.05024839     49.7
 <Jun25-2026> <11:34:38>     84      0.87457215      0.17494294    100.0
 <Jun25-2026> <11:34:39>     85      0.65202359      0.13166134    100.0
 <Jun25-2026> <11:34:39>     86      0.25854767      0.05080416     50.3
 <Jun25-2026> <11:34:39>     87      0.84871135      0.17009519    100.0
 <Jun25-2026> <11:34:39>     88      0.64949927      0.13160285    100.0
 <Jun25-2026> <11:34:40>     89      0.25842741      0.05073337     50.2
 <Jun25-2026> <11:34:40>     90      0.36209964      0.07164348    100.0
 <Jun25-2026> <11:34:40>     91      1.40587591      0.27403179    100.0
 <Jun25-2026> <11:34:40>     92      0.74929122      0.15140535    100.0
 <Jun25-2026> <11:34:41>     93      0.64317603      0.13029113    100.0
 <Jun25-2026> <11:34:41>     94      0.25762881      0.05045986     50.0
 <Jun25-2026> <11:34:41>     95      0.71204292      0.14385646    100.0
 <Jun25-2026> <11:34:41>     96      0.64090355      0.12987385    100.0
 <Jun25-2026> <11:34:42>     97      0.19686642      0.03969680     39.1
 <Jun25-2026> <11:34:42>     98      0.76024330      0.15318194    100.0
 <Jun25-2026> <11:34:42>     99      2.99664932      0.54482965    100.0
 <Jun25-2026> <11:34:42>    100      1.00146091      0.18053845    100.0
 <Jun25-2026> <11:34:42>    101      0.45712594      0.08885796    100.0
 <Jun25-2026> <11:34:43>    102      0.30225295      0.05757762    100.0
 <Jun25-2026> <11:34:43>    103      0.28257769      0.05531263    100.0
 <Jun25-2026> <11:34:43>    104      0.27890181      0.05447589    100.0
 <Jun25-2026> <11:34:43>    105      0.62695167      0.12722717    100.0
 <Jun25-2026> <11:34:44>    106      0.25752534      0.05055870    100.0
 <Jun25-2026> <11:34:44>    107      0.26993973      0.05282143     52.3
 <Jun25-2026> <11:34:44>    108      0.88184778      0.17632076    100.0
 <Jun25-2026> <11:34:44>    109      0.65200264      0.13211314    100.0
 <Jun25-2026> <11:34:45>    110      0.64059930      0.12997757    100.0
 <Jun25-2026> <11:34:45>    111      0.25856653      0.05060835     50.1
 <Jun25-2026> <11:34:45>    112      0.30115185      0.05934813    100.0
 <Jun25-2026> <11:34:45>    113      1.37412856      0.26881855    100.0
 <Jun25-2026> <11:34:46>    114      0.74121818      0.14985947    100.0
 <Jun25-2026> <11:34:46>    115      0.64218848      0.13005314    100.0
 <Jun25-2026> <11:34:46>    116      0.19667958      0.03968898     39.1
 <Jun25-2026> <11:34:46>    117      0.29414593      0.05780376    100.0
 <Jun25-2026> <11:34:46>    118      0.62581194      0.12710755    100.0
 <Jun25-2026> <11:34:47>    119      0.25675779      0.05025206    100.0
 <Jun25-2026> <11:34:47>    120      0.26939330      0.05290534    100.0
 <Jun25-2026> <11:34:47>    121      0.25927694      0.05087379    100.0
 <Jun25-2026> <11:34:47>    122      0.26758048      0.05246990    100.0
 <Jun25-2026> <11:34:48>    123      0.63352854      0.12852808    100.0
 <Jun25-2026> <11:34:48>    124      0.64060804      0.12995686    100.0
 <Jun25-2026> <11:34:48>    125      0.25797474      0.05060223    100.0
 <Jun25-2026> <11:34:48>    126      0.19470140      0.03928841     38.7
 <Jun25-2026> <11:34:49>    127      0.28403061      0.05580671    100.0
 <Jun25-2026> <11:34:49>    128      0.62783408      0.12749142    100.0
 <Jun25-2026> <11:34:49>    129      2.95787972      0.53400662    100.0
 <Jun25-2026> <11:34:49>    130      1.01039992      0.18395479    100.0
 <Jun25-2026> <11:34:50>    131      0.46190551      0.08970896     89.6
 <Jun25-2026> <11:34:50>    132      0.29536934      0.05298761     52.5
 <Jun25-2026> <11:34:50>    133      0.74154148      0.14939720    100.0
 <Jun25-2026> <11:34:50>    134      0.29061856      0.05285202     52.4
 <Jun25-2026> <11:34:51>    135      0.81385594      0.16348940    100.0
 <Jun25-2026> <11:34:51>    136      0.65644011      0.13086584    100.0
 <Jun25-2026> <11:34:51>    137      0.64134608      0.13017772    100.0
 <Jun25-2026> <11:34:51>    138      0.26038001      0.05109293     50.6
 <Jun25-2026> <11:34:52>    139      0.86767840      0.17374314    100.0
 <Jun25-2026> <11:34:52>    140      0.65132692      0.13188512    100.0
 <Jun25-2026> <11:34:52>    141      0.64125476      0.13006781    100.0
 <Jun25-2026> <11:34:52>    142      0.19670793      0.03972297     39.1
 <Jun25-2026> <11:34:52>    143      0.66821528      0.13539307    100.0
 <Jun25-2026> <11:34:53>    144      3.00438701      0.54616959    100.0
 <Jun25-2026> <11:34:53>    145      1.01486284      0.18350313    100.0
 <Jun25-2026> <11:34:53>    146      0.46412583      0.08999001    100.0
 <Jun25-2026> <11:34:53>    147      0.30351045      0.05788560    100.0
 <Jun25-2026> <11:34:54>    148      0.28300117      0.05533806    100.0
 <Jun25-2026> <11:34:54>    149      0.27895379      0.05451985    100.0
 <Jun25-2026> <11:34:54>    150      0.62649679      0.12712318    100.0
 <Jun25-2026> <11:34:54>    151      0.25727721      0.05051686    100.0
 <Jun25-2026> <11:34:55>    152      0.27014757      0.05292770     52.5
 <Jun25-2026> <11:34:55>    153      0.09232858      0.01806722      0.0
 <Jun25-2026> <11:34:55>    154      0.00083841      0.00016897      0.0
 <Jun25-2026> <11:34:55>    155      0.00007261      0.00001321      0.0
 <Jun25-2026> <11:34:56>    156      0.00000136      0.00000036      0.0
 <Jun25-2026> <11:34:56>  SCF converged
 <Jun25-2026> <11:34:56>    157      0.00000004      0.00000001      0.0
 <Jun25-2026> <11:34:56>  >>>> TOTEN
 <Jun25-2026> <11:34:56>  >>>> POPAN
 <Jun25-2026> <11:34:56>  >>>> DEBYE
 <Jun25-2026> <11:34:56>  >>>> ENGRAD
 <Jun25-2026> <11:34:56>  current energy                                5.86115622 Hartree
 <Jun25-2026> <11:34:56>  energy change                       5.86115622     0.00100000    F
 <Jun25-2026> <11:34:56>  constrained gradient max            6.51047570     0.00100000    F
 <Jun25-2026> <11:34:56>  constrained gradient rms            4.75457920     0.00066667    F
 <Jun25-2026> <11:34:56>  gradient max                        6.51047570
 <Jun25-2026> <11:34:56>  gradient rms                        4.75457920
 <Jun25-2026> <11:34:56>  cart. step max                      0.04830704     0.01000000    F
 <Jun25-2026> <11:34:56>  cart. step rms                      0.03527848     0.00666667    F
  Coordinates in Geometry Cycle 2
    Atom         X           Y           Z   (Angstrom)
    1.As        0.000000    0.000000    0.000000
    2.O         0.755429    0.755429    0.000000
    3.O        -0.755429   -0.755429    0.000000
    4.O        -0.755429    0.755429    0.000000
    5.O         0.755429   -0.755429    0.000000
 <Jun25-2026> <11:34:56>  >>>> CORORT
 <Jun25-2026> <11:34:56>  >>>> CLSMAT
 <Jun25-2026> <11:34:56>  >>>> ORTHON
 <Jun25-2026> <11:34:56>  >>>> GENPT
 <Jun25-2026> <11:34:57>  Block Length= 126
 <Jun25-2026> <11:34:57>  >>>> PTBAS
 <Jun25-2026> <11:34:57>  combining surface points...
 <Jun25-2026> <11:34:57>  combining surface points...
 <Jun25-2026> <11:34:57>  >>>> CYCLE
 <Jun25-2026> <11:34:57>              |Error|         MaxErr       Wt(A-DIIS)
 <Jun25-2026> <11:34:57>      1      1.11774827      0.22404905
 <Jun25-2026> <11:34:57>      2      4.33422575      0.91806323    100.0
 <Jun25-2026> <11:34:58>      3      1.08135358      0.20111973    100.0
 <Jun25-2026> <11:34:58>      4      0.90502845      0.15866234    100.0
 <Jun25-2026> <11:34:58>      5      3.31074219      0.56758957    100.0
 <Jun25-2026> <11:34:58>      6      1.22168196      0.22771173    100.0
 <Jun25-2026> <11:34:58>      7      0.66228145      0.18300439    100.0
 <Jun25-2026> <11:34:59>      8      1.29162913      0.35891835    100.0
 <Jun25-2026> <11:34:59>      9      0.12052718      0.03105638     30.4
 <Jun25-2026> <11:34:59>     10      0.81906802      0.23486822    100.0
 <Jun25-2026> <11:34:59>     11      0.71270859      0.20332843    100.0
 <Jun25-2026> <11:35:00>     12      0.16954614      0.05002916    100.0
 <Jun25-2026> <11:35:00>     13      0.74756438      0.21537251    100.0
 <Jun25-2026> <11:35:00>     14      0.13903018      0.04004322    100.0
 <Jun25-2026> <11:35:00>     15      0.73922725      0.21250523    100.0
 <Jun25-2026> <11:35:01>     16      0.14593678      0.04292846    100.0
 <Jun25-2026> <11:35:01>     17      0.29197062      0.08545826    100.0
 <Jun25-2026> <11:35:01>     18      0.29250309      0.08559890    100.0
 <Jun25-2026> <11:35:01>     19      0.14568031      0.04283139     42.3
 <Jun25-2026> <11:35:01>     20      0.73925171      0.21259570    100.0
 <Jun25-2026> <11:35:02>     21      0.29224510      0.08552061    100.0
 <Jun25-2026> <11:35:02>     22      0.14568548      0.04283400     42.3
 <Jun25-2026> <11:35:02>     23      0.14686593      0.04319216     42.3
 <Jun25-2026> <11:35:02>     24      0.14696036      0.04321617     42.3
 <Jun25-2026> <11:35:03>     25      0.14745439      0.04336400     42.3
 <Jun25-2026> <11:35:03>     26      0.14613743      0.04293978     42.3
 <Jun25-2026> <11:35:03>     27      0.14612949      0.04294578     42.3
 <Jun25-2026> <11:35:03>     28      0.14623832      0.04297446     42.3
 <Jun25-2026> <11:35:03>     29      0.14625519      0.04298037     42.3
 <Jun25-2026> <11:35:04>     30      0.14627215      0.04298502     42.3
 <Jun25-2026> <11:35:04>     31      0.14945521      0.04398467     42.3
 <Jun25-2026> <11:35:04>     32      1.04821621      0.29742712    100.0
 <Jun25-2026> <11:35:04>     33      0.74408752      0.21398227    100.0
 <Jun25-2026> <11:35:04>     34      0.73743683      0.21203510    100.0
 <Jun25-2026> <11:35:05>     35      0.29179078      0.08533733    100.0
 <Jun25-2026> <11:35:05>     36      0.14592288      0.04290554     42.3
 <Jun25-2026> <11:35:05>     37      0.14742253      0.04332618     42.3
 <Jun25-2026> <11:35:05>     38      0.14735346      0.04330422     42.3
 <Jun25-2026> <11:35:05>     39      0.14696602      0.04318681     42.3
 <Jun25-2026> <11:35:06>     40      0.14739900      0.04331879     42.3
 <Jun25-2026> <11:35:06>     41      0.14691749      0.04317241     42.3
 <Jun25-2026> <11:35:06>     42      0.14868867      0.04370439     42.3
 <Jun25-2026> <11:35:06>     43      0.14785733      0.04345155     42.3
 <Jun25-2026> <11:35:07>     44      0.14673762      0.04311513     42.3
 <Jun25-2026> <11:35:07>     45      0.14964756      0.04403681     42.3
 <Jun25-2026> <11:35:07>     46      1.05030264      0.29812792    100.0
 <Jun25-2026> <11:35:07>     47      0.74348814      0.21374655    100.0
 <Jun25-2026> <11:35:07>     48      0.73762413      0.21209017    100.0
 <Jun25-2026> <11:35:08>     49      0.29275884      0.08564048    100.0
 <Jun25-2026> <11:35:08>     50      0.29336699      0.08585675    100.0
 <Jun25-2026> <11:35:08>     51      0.29326763      0.08582471    100.0
 <Jun25-2026> <11:35:08>     52      0.29328482      0.08583042    100.0
 <Jun25-2026> <11:35:08>     53      0.29328140      0.08582923    100.0
 <Jun25-2026> <11:35:09>     54      0.29328229      0.08582956     85.7
 <Jun25-2026> <11:35:09>     55      0.88088445      0.26595999    100.0
 <Jun25-2026> <11:35:09>     56      0.23739030      0.06850063     68.2
 <Jun25-2026> <11:35:09>     57      0.16772402      0.04914108     48.6
 <Jun25-2026> <11:35:09>     58      0.16880225      0.04946770     48.6
 <Jun25-2026> <11:35:10>     59      0.79592175      0.22842860    100.0
 <Jun25-2026> <11:35:10>     60      0.74009507      0.21274653    100.0
 <Jun25-2026> <11:35:10>     61      0.14164687      0.04160971     41.0
 <Jun25-2026> <11:35:10>     62      0.15041833      0.04420951     41.0
 <Jun25-2026> <11:35:11>     63      0.82812012      0.23739615    100.0
 <Jun25-2026> <11:35:11>     64      2.11626875      0.64731136    100.0
 <Jun25-2026> <11:35:11>     65      0.46340798      0.13239244    100.0
 <Jun25-2026> <11:35:11>     66      0.15008484      0.04069674     40.1
 <Jun25-2026> <11:35:12>     67      0.82642921      0.23698703    100.0
 <Jun25-2026> <11:35:12>     68      1.29069041      0.23476316    100.0
 <Jun25-2026> <11:35:12>     69      0.16443250      0.04565677     45.1
 <Jun25-2026> <11:35:12>     70      0.79994311      0.22961982    100.0
 <Jun25-2026> <11:35:12>     71      0.73641274      0.21172366    100.0
 <Jun25-2026> <11:35:13>     72      0.29283894      0.08564182    100.0
 <Jun25-2026> <11:35:13>     73      0.15139364      0.04446049     43.9
 <Jun25-2026> <11:35:13>     74      0.14760505      0.04334225     42.8
 <Jun25-2026> <11:35:13>     75      0.14675047      0.04312932     42.6
 <Jun25-2026> <11:35:14>     76      0.14611058      0.04293531     42.4
 <Jun25-2026> <11:35:14>     77      0.14652625      0.04306430     42.4
 <Jun25-2026> <11:35:14>     78      0.14625559      0.04297908     42.4
 <Jun25-2026> <11:35:14>     79      0.14640347      0.04302676     42.4
 <Jun25-2026> <11:35:14>     80      0.73848634      0.21236180    100.0
 <Jun25-2026> <11:35:15>     81      0.14679943      0.04325445     42.7
 <Jun25-2026> <11:35:15>     82      0.14667155      0.04310744     42.5
 <Jun25-2026> <11:35:15>     83      0.74847624      0.21499495    100.0
 <Jun25-2026> <11:35:15>     84      0.73842768      0.21241109    100.0
 <Jun25-2026> <11:35:16>     85      0.73752373      0.21204066    100.0
 <Jun25-2026> <11:35:16>     86      0.29156881      0.08528239    100.0
 <Jun25-2026> <11:35:16>     87      0.29256425      0.08560993    100.0
 <Jun25-2026> <11:35:16>     88      0.29309507      0.08582885     85.7
 <Jun25-2026> <11:35:16>     89      0.81690131      0.24631026    100.0
 <Jun25-2026> <11:35:17>     90      0.21475165      0.06140109     61.0
 <Jun25-2026> <11:35:17>     91      0.17288457      0.05070735     50.2
 <Jun25-2026> <11:35:17>     92      0.16762486      0.04907055     48.6
 <Jun25-2026> <11:35:17>     93      0.14530711      0.04266224     42.1
 <Jun25-2026> <11:35:18>     94      0.74171016      0.21328309    100.0
 <Jun25-2026> <11:35:18>     95      0.14209234      0.04176035     41.2
 <Jun25-2026> <11:35:18>     96      0.15737229      0.04625663     41.2
 <Jun25-2026> <11:35:18>     97      0.15291692      0.04495189     41.2
 <Jun25-2026> <11:35:18>     98      0.15348602      0.04514430     41.2
 <Jun25-2026> <11:35:19>     99      0.81247799      0.23310030    100.0
 <Jun25-2026> <11:35:19>    100      2.11413833      0.64668521    100.0
 <Jun25-2026> <11:35:19>    101      0.45735688      0.13058731    100.0
 <Jun25-2026> <11:35:19>    102      0.14621494      0.04001325     39.4
 <Jun25-2026> <11:35:20>    103      0.82878971      0.23759853    100.0
 <Jun25-2026> <11:35:20>    104      0.73744762      0.21198184    100.0
 <Jun25-2026> <11:35:20>    105      0.14377032      0.04229545     41.7
 <Jun25-2026> <11:35:20>    106      0.83688639      0.23993332    100.0
 <Jun25-2026> <11:35:20>    107      2.11493146      0.64687796    100.0
 <Jun25-2026> <11:35:21>    108      0.46258917      0.13205474    100.0
 <Jun25-2026> <11:35:21>    109      0.15215649      0.04106724     40.5
 <Jun25-2026> <11:35:21>    110      0.83757372      0.24017461    100.0
 <Jun25-2026> <11:35:21>    111      0.73452192      0.21126005    100.0
 <Jun25-2026> <11:35:22>    112      0.29100820      0.08516018    100.0
 <Jun25-2026> <11:35:22>    113      0.29195003      0.08545864    100.0
 <Jun25-2026> <11:35:22>    114      0.29181523      0.08541983    100.0
 <Jun25-2026> <11:35:22>    115      0.29182940      0.08542346    100.0
 <Jun25-2026> <11:35:22>    116      1.27678923      0.23299990    100.0
 <Jun25-2026> <11:35:23>    117      0.16373538      0.04537671     44.8
 <Jun25-2026> <11:35:23>    118      0.75032267      0.21572056    100.0
 <Jun25-2026> <11:35:23>    119      0.17861422      0.04862718     48.1
 <Jun25-2026> <11:35:23>    120      0.15056390      0.04428980     43.7
 <Jun25-2026> <11:35:24>    121      0.14590754      0.04283302     42.3
 <Jun25-2026> <11:35:24>    122      0.73886794      0.21245413    100.0
 <Jun25-2026> <11:35:24>    123      0.14706091      0.04325511     42.7
 <Jun25-2026> <11:35:24>    124      0.14657486      0.04303059     42.5
 <Jun25-2026> <11:35:25>    125      0.75866232      0.21839244    100.0
 <Jun25-2026> <11:35:25>    126      0.14546060      0.04255983     42.0
 <Jun25-2026> <11:35:25>    127      0.74494552      0.21451720    100.0
 <Jun25-2026> <11:35:25>    128      0.14726158      0.04339492     42.8
 <Jun25-2026> <11:35:25>    129      0.15597673      0.04564192     42.8
 <Jun25-2026> <11:35:26>    130      0.74153743      0.21346511    100.0
 <Jun25-2026> <11:35:26>    131      0.14554382      0.04296589     42.4
 <Jun25-2026> <11:35:26>    132      0.15119809      0.04404842     42.4
 <Jun25-2026> <11:35:26>    133      0.73942495      0.21312995    100.0
 <Jun25-2026> <11:35:27>    134      0.73679719      0.21183442    100.0
 <Jun25-2026> <11:35:27>    135      0.29143275      0.08532105    100.0
 <Jun25-2026> <11:35:27>    136      0.29246187      0.08563525    100.0
 <Jun25-2026> <11:35:27>    137      0.29226257      0.08557442    100.0
 <Jun25-2026> <11:35:27>    138      0.29234499      0.08559031    100.0
 <Jun25-2026> <11:35:28>    139      0.29231519      0.08559449    100.0
 <Jun25-2026> <11:35:28>    140      0.29229193      0.08558341    100.0
 <Jun25-2026> <11:35:28>    141      0.29231135      0.08559111    100.0
 <Jun25-2026> <11:35:28>    142      0.14576676      0.04305967     42.5
 <Jun25-2026> <11:35:29>    143      0.73924920      0.21262791    100.0
 <Jun25-2026> <11:35:29>    144      0.14563883      0.04273025     42.2
 <Jun25-2026> <11:35:29>    145      0.73843894      0.21235837    100.0
 <Jun25-2026> <11:35:29>    146      0.29128423      0.08524324    100.0
 <Jun25-2026> <11:35:29>    147      0.29238913      0.08557508    100.0
 <Jun25-2026> <11:35:30>    148      0.29222040      0.08552912    100.0
 <Jun25-2026> <11:35:30>    149      0.29224575      0.08553582    100.0
 <Jun25-2026> <11:35:30>    150      0.29224195      0.08553484    100.0
 <Jun25-2026> <11:35:30>    151      0.29224252      0.08553498     85.4
 <Jun25-2026> <11:35:30>    152      0.36694678      0.08366137      0.0
 <Jun25-2026> <11:35:31>    153      0.05855614      0.01478103      0.0
 <Jun25-2026> <11:35:31>    154      0.02860456      0.00536731      0.0
 <Jun25-2026> <11:35:31>    155      0.04141882      0.00780618      0.0
 <Jun25-2026> <11:35:31>    156      0.00345614      0.00067526      0.0
 <Jun25-2026> <11:35:32>    157      0.00016144      0.00003322      0.0
 <Jun25-2026> <11:35:32>    158      0.00003709      0.00000773      0.0
 <Jun25-2026> <11:35:32>    159      0.00000349      0.00000108      0.0
 <Jun25-2026> <11:35:32>    160      0.00000012      0.00000002      0.0
 <Jun25-2026> <11:35:32>  SCF converged
 <Jun25-2026> <11:35:32>    161      0.00000001      0.00000000      0.0
 <Jun25-2026> <11:35:32>  >>>> TOTEN
 <Jun25-2026> <11:35:33>  >>>> POPAN
 <Jun25-2026> <11:35:33>  >>>> DEBYE
 <Jun25-2026> <11:35:33>  >>>> ENGRAD
 <Jun25-2026> <11:35:33>  current energy                                4.42174403 Hartree
 <Jun25-2026> <11:35:33>  energy change                      -1.43941219     0.00100000    F
 <Jun25-2026> <11:35:33>  constrained gradient max            5.11692252     0.00100000    F
 <Jun25-2026> <11:35:33>  constrained gradient rms            3.73687186     0.00066667    F
 <Jun25-2026> <11:35:33>  gradient max                        5.11692252
 <Jun25-2026> <11:35:33>  gradient rms                        3.73687186
 <Jun25-2026> <11:35:33>  cart. step max                      0.04830705     0.01000000    F
 <Jun25-2026> <11:35:33>  cart. step rms                      0.03527848     0.00666667    F
  Coordinates in Geometry Cycle 3
    Atom         X           Y           Z   (Angstrom)
    1.As        0.000000    0.000000    0.000000
    2.O         0.803736    0.803736    0.000000
    3.O        -0.803736   -0.803736    0.000000
    4.O        -0.803736    0.803736    0.000000
    5.O         0.803736   -0.803736    0.000000
 <Jun25-2026> <11:35:33>  >>>> CORORT
 <Jun25-2026> <11:35:33>  >>>> CLSMAT
 <Jun25-2026> <11:35:33>  >>>> ORTHON
 <Jun25-2026> <11:35:33>  >>>> GENPT
 <Jun25-2026> <11:35:33>  Block Length= 126
 <Jun25-2026> <11:35:33>  >>>> PTBAS
 <Jun25-2026> <11:35:33>  combining surface points...
 <Jun25-2026> <11:35:33>  >>>> CYCLE
 <Jun25-2026> <11:35:34>              |Error|         MaxErr       Wt(A-DIIS)
 <Jun25-2026> <11:35:34>      1      0.96718448      0.20288643
 <Jun25-2026> <11:35:34>      2      3.96827356      0.79790608    100.0
 <Jun25-2026> <11:35:34>      3      1.22489893      0.21074762    100.0
 <Jun25-2026> <11:35:34>      4      2.20331596      0.41114098    100.0
 <Jun25-2026> <11:35:35>      5      0.82904372      0.16530385    100.0
 <Jun25-2026> <11:35:35>      6      0.59008104      0.10883612    100.0
 <Jun25-2026> <11:35:35>      7      0.49392071      0.08791862     87.8
 <Jun25-2026> <11:35:35>      8      0.63561434      0.13477455    100.0
 <Jun25-2026> <11:35:36>      9      0.39897223      0.08157047     81.4
 <Jun25-2026> <11:35:36>     10      0.62457754      0.13380477    100.0
 <Jun25-2026> <11:35:36>     11      0.40111100      0.08132318     81.1
 <Jun25-2026> <11:35:36>     12      0.61394901      0.13151753    100.0
 <Jun25-2026> <11:35:36>     13      0.38669765      0.08024081     80.0
 <Jun25-2026> <11:35:37>     14      0.61048119      0.13094602    100.0
 <Jun25-2026> <11:35:37>     15      0.38681116      0.08025857     80.1
 <Jun25-2026> <11:35:37>     16      0.62630642      0.13440056    100.0
 <Jun25-2026> <11:35:37>     17      0.59039996      0.12644515    100.0
 <Jun25-2026> <11:35:38>     18      0.38907071      0.08048369     80.3
 <Jun25-2026> <11:35:38>     19      0.40268446      0.08331144     80.3
 <Jun25-2026> <11:35:38>     20      0.40387142      0.08362163     80.3
 <Jun25-2026> <11:35:38>     21      0.40326746      0.08350017     80.3
 <Jun25-2026> <11:35:38>     22      0.39080508      0.08102799     80.3
 <Jun25-2026> <11:35:39>     23      0.40220740      0.08321772     80.3
 <Jun25-2026> <11:35:39>     24      0.40060841      0.08290469     80.3
 <Jun25-2026> <11:35:39>     25      0.39526527      0.08182549     80.3
 <Jun25-2026> <11:35:39>     26      0.40489287      0.08385593     80.3
 <Jun25-2026> <11:35:40>     27      0.60054877      0.12845050    100.0
 <Jun25-2026> <11:35:40>     28      0.10818000      0.02300591     22.2
 <Jun25-2026> <11:35:40>     29      0.60899124      0.13035866    100.0
 <Jun25-2026> <11:35:40>     30      2.00977199      0.37883618    100.0
 <Jun25-2026> <11:35:41>     31      0.75758839      0.15344101    100.0
 <Jun25-2026> <11:35:41>     32      0.53895181      0.10817385    100.0
 <Jun25-2026> <11:35:41>     33      0.51560187      0.11000920    100.0
 <Jun25-2026> <11:35:41>     34      0.53904880      0.11498197    100.0
 <Jun25-2026> <11:35:41>     35      0.53996069      0.11517552    100.0
 <Jun25-2026> <11:35:42>     36      0.53999258      0.11518233    100.0
 <Jun25-2026> <11:35:42>     37      0.53999371      0.11518257    100.0
 <Jun25-2026> <11:35:42>     38      0.53999375      0.11518258    100.0
 <Jun25-2026> <11:35:42>     39      1.91285312      0.35728906    100.0
 <Jun25-2026> <11:35:43>     40      0.72848184      0.14865708    100.0
 <Jun25-2026> <11:35:43>     41      0.40529561      0.08646310     86.3
 <Jun25-2026> <11:35:43>     42      0.61066009      0.13045831    100.0
 <Jun25-2026> <11:35:43>     43      0.39412841      0.08133010     81.1
 <Jun25-2026> <11:35:43>     44      0.63595333      0.13651056    100.0
 <Jun25-2026> <11:35:44>     45      0.59273308      0.12682791    100.0
 <Jun25-2026> <11:35:44>     46      0.38699281      0.08033006     80.1
 <Jun25-2026> <11:35:44>     47      0.65817206      0.14152543    100.0
 <Jun25-2026> <11:35:44>     48      2.06927766      0.39210768    100.0
 <Jun25-2026> <11:35:45>     49      0.76925489      0.15544918    100.0
 <Jun25-2026> <11:35:45>     50      0.41206342      0.08762222     87.5
 <Jun25-2026> <11:35:45>     51      0.63196903      0.13562209    100.0
 <Jun25-2026> <11:35:45>     52      0.39196008      0.08096241     80.8
 <Jun25-2026> <11:35:46>     53      0.66659475      0.14340896    100.0
 <Jun25-2026> <11:35:46>     54      0.59343285      0.12715661    100.0
 <Jun25-2026> <11:35:46>     55      0.10895701      0.02308208     22.3
 <Jun25-2026> <11:35:46>     56      0.72636085      0.15666243    100.0
 <Jun25-2026> <11:35:47>     57      2.03765179      0.38518483    100.0
 <Jun25-2026> <11:35:47>     58      0.76876147      0.15538565    100.0
 <Jun25-2026> <11:35:47>     59      0.54171598      0.10868981    100.0
 <Jun25-2026> <11:35:47>     60      0.51722815      0.11030595    100.0
 <Jun25-2026> <11:35:48>     61      0.48228639      0.09823105    100.0
 <Jun25-2026> <11:35:48>     62      0.42679658      0.08853123    100.0
 <Jun25-2026> <11:35:48>     63      0.56782716      0.12121874    100.0
 <Jun25-2026> <11:35:48>     64      0.54239059      0.11608845    100.0
 <Jun25-2026> <11:35:48>     65      1.91708639      0.35838555    100.0
 <Jun25-2026> <11:35:49>     66      0.72822202      0.14846184    100.0
 <Jun25-2026> <11:35:49>     67      0.40730410      0.08661691     86.5
 <Jun25-2026> <11:35:49>     68      0.62615235      0.13378442    100.0
 <Jun25-2026> <11:35:49>     69      0.38783111      0.08047890     80.3
 <Jun25-2026> <11:35:50>     70      0.60389846      0.12952252    100.0
 <Jun25-2026> <11:35:50>     71      0.38666101      0.08042442     80.2
 <Jun25-2026> <11:35:50>     72      0.64584337      0.13881933    100.0
 <Jun25-2026> <11:35:50>     73      2.02572867      0.38254086    100.0
 <Jun25-2026> <11:35:51>     74      0.75473692      0.15295461    100.0
 <Jun25-2026> <11:35:51>     75      0.40948647      0.08704590     86.9
 <Jun25-2026> <11:35:51>     76      0.64166270      0.13781071    100.0
 <Jun25-2026> <11:35:51>     77      0.40889716      0.08669577     86.6
 <Jun25-2026> <11:35:52>     78      0.64303402      0.13810879    100.0
 <Jun25-2026> <11:35:52>     79      0.58853592      0.12606969    100.0
 <Jun25-2026> <11:35:52>     80      0.10774049      0.02289175     22.1
 <Jun25-2026> <11:35:52>     81      0.67076140      0.14416079    100.0
 <Jun25-2026> <11:35:52>     82      2.01428269      0.37998585    100.0
 <Jun25-2026> <11:35:53>     83      0.76082943      0.15405809    100.0
 <Jun25-2026> <11:35:53>     84      0.54001601      0.10836952    100.0
 <Jun25-2026> <11:35:53>     85      0.52035804      0.11089430    100.0
 <Jun25-2026> <11:35:53>     86      0.53901898      0.11496891    100.0
 <Jun25-2026> <11:35:54>     87      0.53990330      0.11515483    100.0
 <Jun25-2026> <11:35:54>     88      0.53993377      0.11516135    100.0
 <Jun25-2026> <11:35:54>     89      0.53993485      0.11516158    100.0
 <Jun25-2026> <11:35:54>     90      0.37764141      0.08035139     80.2
 <Jun25-2026> <11:35:54>     91      0.40848539      0.08408882     80.2
 <Jun25-2026> <11:35:55>     92      0.39359795      0.08176541     80.2
 <Jun25-2026> <11:35:55>     93      0.39292096      0.08169256     80.2
 <Jun25-2026> <11:35:55>     94      0.39300008      0.08169097     80.2
 <Jun25-2026> <11:35:55>     95      0.39293902      0.08168292     80.2
 <Jun25-2026> <11:35:56>     96      0.39296411      0.08168588     80.2
 <Jun25-2026> <11:35:56>     97      0.39294921      0.08168388     80.2
 <Jun25-2026> <11:35:56>     98      0.39295686      0.08168488     80.2
 <Jun25-2026> <11:35:56>     99      0.39295270      0.08168432     80.2
 <Jun25-2026> <11:35:56>    100      2.67504843      0.53218678    100.0
 <Jun25-2026> <11:35:57>    101      1.02596705      0.21732145    100.0
 <Jun25-2026> <11:35:57>    102      0.64515761      0.13854528    100.0
 <Jun25-2026> <11:35:57>    103      0.59252128      0.12684823    100.0
 <Jun25-2026> <11:35:57>    104      0.59306794      0.12659456    100.0
 <Jun25-2026> <11:35:57>    105      0.59039812      0.12620982    100.0
 <Jun25-2026> <11:35:58>    106      0.10804202      0.02288788     22.1
 <Jun25-2026> <11:35:58>    107      0.59263923      0.12657562    100.0
 <Jun25-2026> <11:35:58>    108      0.49514377      0.10002142    100.0
 <Jun25-2026> <11:35:58>    109      0.54228496      0.11546180    100.0
 <Jun25-2026> <11:35:59>    110      0.54153604      0.11565418    100.0
 <Jun25-2026> <11:35:59>    111      0.54213829      0.11577658    100.0
 <Jun25-2026> <11:35:59>    112      0.56103999      0.11967423    100.0
 <Jun25-2026> <11:35:59>    113      0.56513048      0.12051963    100.0
 <Jun25-2026> <11:36:00>    114      0.56527861      0.12055049    100.0
 <Jun25-2026> <11:36:00>    115      0.57552377      0.12266375    100.0
 <Jun25-2026> <11:36:00>    116      1.92580357      0.36026606    100.0
 <Jun25-2026> <11:36:00>    117      0.73286755      0.14943084    100.0
 <Jun25-2026> <11:36:00>    118      0.40557306      0.08655446     86.4
 <Jun25-2026> <11:36:01>    119      0.59286534      0.12675535    100.0
 <Jun25-2026> <11:36:01>    120      0.39352467      0.08134296     81.2
 <Jun25-2026> <11:36:01>    121      0.64205684      0.13778957    100.0
 <Jun25-2026> <11:36:01>    122      0.59234300      0.12680595    100.0
 <Jun25-2026> <11:36:02>    123      0.10898632      0.02303989     22.3
 <Jun25-2026> <11:36:02>    124      0.54076516      0.11533702    100.0
 <Jun25-2026> <11:36:02>    125      0.49049262      0.09966501    100.0
 <Jun25-2026> <11:36:02>    126      0.42890471      0.08886576    100.0
 <Jun25-2026> <11:36:03>    127      0.56932842      0.12149976    100.0
 <Jun25-2026> <11:36:03>    128      0.38557317      0.08047376    100.0
 <Jun25-2026> <11:36:03>    129      0.57836752      0.12376880    100.0
 <Jun25-2026> <11:36:03>    130      0.38562963      0.08043943    100.0
 <Jun25-2026> <11:36:04>    131      0.58058377      0.12422636    100.0
 <Jun25-2026> <11:36:04>    132      0.59053446      0.12621387    100.0
 <Jun25-2026> <11:36:04>    133      0.38985669      0.08065696     80.5
 <Jun25-2026> <11:36:04>    134      0.63600265      0.13645824    100.0
 <Jun25-2026> <11:36:05>    135      2.00528785      0.37796542    100.0
 <Jun25-2026> <11:36:05>    136      0.74931992      0.15201913    100.0
 <Jun25-2026> <11:36:05>    137      0.40874451      0.08664126     86.5
 <Jun25-2026> <11:36:05>    138      0.66502882      0.14293238    100.0
 <Jun25-2026> <11:36:05>    139      0.59290158      0.12708671    100.0
 <Jun25-2026> <11:36:06>    140      0.59230389      0.12654395    100.0
 <Jun25-2026> <11:36:06>    141      0.10809800      0.02295669     22.2
 <Jun25-2026> <11:36:06>    142      0.65139926      0.13999789    100.0
 <Jun25-2026> <11:36:06>    143      2.08691474      0.39604599    100.0
 <Jun25-2026> <11:36:07>    144      0.78797428      0.15864101    100.0
 <Jun25-2026> <11:36:07>    145      0.54633671      0.10954024    100.0
 <Jun25-2026> <11:36:07>    146      0.48079364      0.09793727    100.0
 <Jun25-2026> <11:36:07>    147      0.54807682      0.11675064    100.0
 <Jun25-2026> <11:36:08>    148      0.54165677      0.11572044    100.0
 <Jun25-2026> <11:36:08>    149      0.54668519      0.11675489    100.0
 <Jun25-2026> <11:36:08>    150      0.54230442      0.11585250    100.0
 <Jun25-2026> <11:36:08>    151      0.55423549      0.11831205    100.0
 <Jun25-2026> <11:36:09>    152      0.96317795      0.19225365      0.0
 <Jun25-2026> <11:36:09>    153      0.54469261      0.11692534      0.0
 <Jun25-2026> <11:36:09>    154      0.57508693      0.12360757      0.0
 <Jun25-2026> <11:36:09>    155      0.37555361      0.07931472      0.0
 <Jun25-2026> <11:36:09>    156      0.02005585      0.00418316      0.0
 <Jun25-2026> <11:36:10>    157      0.00048737      0.00008623      0.0
 <Jun25-2026> <11:36:10>    158      0.00003421      0.00000772      0.0
 <Jun25-2026> <11:36:10>    159      0.00000267      0.00000077      0.0
 <Jun25-2026> <11:36:10>  SCF converged
 <Jun25-2026> <11:36:10>    160      0.00000069      0.00000012      0.0
 <Jun25-2026> <11:36:10>  >>>> TOTEN
 <Jun25-2026> <11:36:11>  >>>> POPAN
 <Jun25-2026> <11:36:11>  >>>> DEBYE
 <Jun25-2026> <11:36:11>  >>>> ENGRAD
 <Jun25-2026> <11:36:11>  current energy                                2.21087462 Hartree
 <Jun25-2026> <11:36:11>  energy change                      -2.21086941     0.00100000    F
 <Jun25-2026> <11:36:11>  constrained gradient max            3.43258760     0.00100000    F
 <Jun25-2026> <11:36:11>  constrained gradient rms            2.50680755     0.00066667    F
 <Jun25-2026> <11:36:11>  gradient max                        3.43258760
 <Jun25-2026> <11:36:11>  gradient rms                        2.50680755
 <Jun25-2026> <11:36:11>  cart. step max                      0.09661410     0.01000000    F
 <Jun25-2026> <11:36:11>  cart. step rms                      0.07055696     0.00666667    F
  Coordinates in Geometry Cycle 4
    Atom         X           Y           Z   (Angstrom)
    1.As        0.000000    0.000000    0.000000
    2.O         0.900350    0.900350    0.000000
    3.O        -0.900350   -0.900350    0.000000
    4.O        -0.900350    0.900350    0.000000
    5.O         0.900350   -0.900350    0.000000
 <Jun25-2026> <11:36:11>  >>>> CORORT
 <Jun25-2026> <11:36:11>  >>>> CLSMAT
 <Jun25-2026> <11:36:11>  >>>> ORTHON
 <Jun25-2026> <11:36:11>  >>>> GENPT
 <Jun25-2026> <11:36:11>  Block Length= 126
 <Jun25-2026> <11:36:11>  >>>> PTBAS
 <Jun25-2026> <11:36:11>  combining surface points...
 <Jun25-2026> <11:36:11>  combining surface points...
 <Jun25-2026> <11:36:11>  combining surface points...
 <Jun25-2026> <11:36:11>  >>>> CYCLE
 <Jun25-2026> <11:36:12>              |Error|         MaxErr       Wt(A-DIIS)
 <Jun25-2026> <11:36:12>      1      1.21867916      0.22061023
 <Jun25-2026> <11:36:12>      2      4.00117426      0.83649863    100.0
 <Jun25-2026> <11:36:12>      3      0.49837249      0.10514184    100.0
 <Jun25-2026> <11:36:12>      4      2.11634180      0.47410869    100.0
 <Jun25-2026> <11:36:13>      5      1.33172109      0.26816134    100.0
 <Jun25-2026> <11:36:13>      6      0.39140251      0.09784348     97.8
 <Jun25-2026> <11:36:13>      7      0.22388319      0.06705937     66.7
 <Jun25-2026> <11:36:13>      8      0.10638937      0.03029491     29.6
 <Jun25-2026> <11:36:14>      9      0.02622881      0.00440844      3.4
 <Jun25-2026> <11:36:14>     10      0.00115521      0.00019339      0.0
 <Jun25-2026> <11:36:14>     11      0.00004650      0.00000806      0.0
 <Jun25-2026> <11:36:14>     12      0.00000333      0.00000063      0.0
 <Jun25-2026> <11:36:14>  SCF converged
 <Jun25-2026> <11:36:14>     13      0.00000054      0.00000012      0.0
 <Jun25-2026> <11:36:14>  >>>> TOTEN
 <Jun25-2026> <11:36:15>  >>>> POPAN
 <Jun25-2026> <11:36:15>  >>>> DEBYE
 <Jun25-2026> <11:36:15>  >>>> ENGRAD
 <Jun25-2026> <11:36:15>  current energy                                0.20335762 Hartree
 <Jun25-2026> <11:36:15>  energy change                      -2.00751700     0.00100000    F
 <Jun25-2026> <11:36:15>  constrained gradient max            1.76989236     0.00100000    F
 <Jun25-2026> <11:36:15>  constrained gradient rms            1.29254663     0.00066667    F
 <Jun25-2026> <11:36:15>  gradient max                        1.76989236
 <Jun25-2026> <11:36:15>  gradient rms                        1.29254663
 <Jun25-2026> <11:36:15>  cart. step max                      0.10284299     0.01000000    F
 <Jun25-2026> <11:36:15>  cart. step rms                      0.07510590     0.00666667    F
  Coordinates in Geometry Cycle 5
    Atom         X           Y           Z   (Angstrom)
    1.As        0.000000    0.000000    0.000000
    2.O         1.003193    1.003193    0.000000
    3.O        -1.003193   -1.003193    0.000000
    4.O        -1.003193    1.003193    0.000000
    5.O         1.003193   -1.003193    0.000000
 <Jun25-2026> <11:36:15>  >>>> CORORT
 <Jun25-2026> <11:36:15>  >>>> CLSMAT
 <Jun25-2026> <11:36:15>  >>>> ORTHON
 <Jun25-2026> <11:36:15>  >>>> GENPT
 <Jun25-2026> <11:36:15>  Block Length= 126
 <Jun25-2026> <11:36:15>  >>>> PTBAS
 <Jun25-2026> <11:36:15>  combining surface points...
 <Jun25-2026> <11:36:15>  >>>> CYCLE
 <Jun25-2026> <11:36:16>              |Error|         MaxErr       Wt(A-DIIS)
 <Jun25-2026> <11:36:16>      1      0.77411583      0.14509984
 <Jun25-2026> <11:36:16>      2      3.42768222      0.88061814    100.0
 <Jun25-2026> <11:36:16>      3      0.30922820      0.08930360    100.0
 <Jun25-2026> <11:36:16>      4      0.64877638      0.13405131    100.0
 <Jun25-2026> <11:36:17>      5      1.31727405      0.25333514    100.0
 <Jun25-2026> <11:36:17>      6      0.30131083      0.06032957     59.9
 <Jun25-2026> <11:36:17>      7      0.14183844      0.02420846     23.4
 <Jun25-2026> <11:36:17>      8      0.03465362      0.00673467      5.8
 <Jun25-2026> <11:36:18>      9      0.00391185      0.00073022      0.0
 <Jun25-2026> <11:36:18>     10      0.00006114      0.00001125      0.0
 <Jun25-2026> <11:36:18>     11      0.00000422      0.00000090      0.0
 <Jun25-2026> <11:36:18>  SCF converged
 <Jun25-2026> <11:36:18>     12      0.00000018      0.00000004      0.0
 <Jun25-2026> <11:36:18>  >>>> TOTEN
 <Jun25-2026> <11:36:19>  >>>> POPAN
 <Jun25-2026> <11:36:19>  >>>> DEBYE
 <Jun25-2026> <11:36:19>  >>>> ENGRAD
 <Jun25-2026> <11:36:19>  current energy                               -0.79854155 Hartree
 <Jun25-2026> <11:36:19>  energy change                      -1.00189916     0.00100000    F
 <Jun25-2026> <11:36:19>  constrained gradient max            0.77812513     0.00100000    F
 <Jun25-2026> <11:36:19>  constrained gradient rms            0.56826225     0.00066667    F
 <Jun25-2026> <11:36:19>  gradient max                        0.77812513
 <Jun25-2026> <11:36:19>  gradient rms                        0.56826225
 <Jun25-2026> <11:36:19>  cart. step max                      0.08068901     0.01000000    F
 <Jun25-2026> <11:36:19>  cart. step rms                      0.05892692     0.00666667    F
  Coordinates in Geometry Cycle 6
    Atom         X           Y           Z   (Angstrom)
    1.As        0.000000    0.000000    0.000000
    2.O         1.083882    1.083882    0.000000
    3.O        -1.083882   -1.083882    0.000000
    4.O        -1.083882    1.083882    0.000000
    5.O         1.083882   -1.083882    0.000000
 <Jun25-2026> <11:36:19>  >>>> CORORT
 <Jun25-2026> <11:36:19>  >>>> CLSMAT
 <Jun25-2026> <11:36:19>  >>>> ORTHON
 <Jun25-2026> <11:36:19>  >>>> GENPT
 <Jun25-2026> <11:36:19>  Block Length= 126
 <Jun25-2026> <11:36:19>  >>>> PTBAS
 <Jun25-2026> <11:36:19>  combining surface points...
 <Jun25-2026> <11:36:19>  combining surface points...
 <Jun25-2026> <11:36:19>  >>>> CYCLE
 <Jun25-2026> <11:36:20>              |Error|         MaxErr       Wt(A-DIIS)
 <Jun25-2026> <11:36:20>      1      0.39441610      0.09055807
 <Jun25-2026> <11:36:20>      2      1.75630640      0.40153411    100.0
 <Jun25-2026> <11:36:20>      3      0.16119502      0.04062731    100.0
 <Jun25-2026> <11:36:20>      4      0.33279468      0.06930895    100.0
 <Jun25-2026> <11:36:21>      5      0.12786665      0.03513175     34.5
 <Jun25-2026> <11:36:21>      6      0.08032481      0.01899374     18.2
 <Jun25-2026> <11:36:21>      7      0.00727583      0.00127812      0.3
 <Jun25-2026> <11:36:21>      8      0.00075406      0.00018155      0.0
 <Jun25-2026> <11:36:22>      9      0.00013149      0.00002544      0.0
 <Jun25-2026> <11:36:22>     10      0.00000927      0.00000178      0.0
 <Jun25-2026> <11:36:22>     11      0.00000046      0.00000009      0.0
 <Jun25-2026> <11:36:22>  SCF converged
 <Jun25-2026> <11:36:22>     12      0.00000002      0.00000000      0.0
 <Jun25-2026> <11:36:22>  >>>> TOTEN
 <Jun25-2026> <11:36:23>  >>>> POPAN
 <Jun25-2026> <11:36:23>  >>>> DEBYE
 <Jun25-2026> <11:36:23>  >>>> ENGRAD
 <Jun25-2026> <11:36:23>  current energy                               -1.15956394 Hartree
 <Jun25-2026> <11:36:23>  energy change                      -0.36102239     0.00100000    F
 <Jun25-2026> <11:36:23>  constrained gradient max            0.37263808     0.00100000    F
 <Jun25-2026> <11:36:23>  constrained gradient rms            0.27213637     0.00066667    F
 <Jun25-2026> <11:36:23>  gradient max                        0.37263808
 <Jun25-2026> <11:36:23>  gradient rms                        0.27213637
 <Jun25-2026> <11:36:23>  cart. step max                      0.07415230     0.01000000    F
 <Jun25-2026> <11:36:23>  cart. step rms                      0.05415318     0.00666667    F
  Coordinates in Geometry Cycle 7
    Atom         X           Y           Z   (Angstrom)
    1.As        0.000000    0.000000    0.000000
    2.O         1.158034    1.158034    0.000000
    3.O        -1.158034   -1.158034    0.000000
    4.O        -1.158034    1.158034    0.000000
    5.O         1.158034   -1.158034    0.000000
 <Jun25-2026> <11:36:23>  >>>> CORORT
 <Jun25-2026> <11:36:23>  >>>> CLSMAT
 <Jun25-2026> <11:36:23>  >>>> ORTHON
 <Jun25-2026> <11:36:23>  >>>> GENPT
 <Jun25-2026> <11:36:23>  Block Length= 126
 <Jun25-2026> <11:36:23>  >>>> PTBAS
 <Jun25-2026> <11:36:23>  combining surface points...
 <Jun25-2026> <11:36:23>  combining surface points...
 <Jun25-2026> <11:36:23>  >>>> CYCLE
 <Jun25-2026> <11:36:24>              |Error|         MaxErr       Wt(A-DIIS)
 <Jun25-2026> <11:36:24>      1      0.27944857      0.07213504
 <Jun25-2026> <11:36:24>      2      0.61006276      0.13099976    100.0
 <Jun25-2026> <11:36:24>      3      0.35586756      0.07037730    100.0
 <Jun25-2026> <11:36:24>      4      0.21188216      0.04109074     40.5
 <Jun25-2026> <11:36:24>      5      0.04391534      0.00787141      6.9
 <Jun25-2026> <11:36:25>      6      0.00890138      0.00160216      0.6
 <Jun25-2026> <11:36:25>      7      0.00072579      0.00015466      0.0
 <Jun25-2026> <11:36:25>      8      0.00004217      0.00001317      0.0
 <Jun25-2026> <11:36:25>      9      0.00000626      0.00000120      0.0
 <Jun25-2026> <11:36:26>     10      0.00000101      0.00000020      0.0
 <Jun25-2026> <11:36:26>  SCF converged
 <Jun25-2026> <11:36:26>     11      0.00000002      0.00000000      0.0
 <Jun25-2026> <11:36:26>  >>>> TOTEN
 <Jun25-2026> <11:36:26>  >>>> POPAN
 <Jun25-2026> <11:36:26>  >>>> DEBYE
 <Jun25-2026> <11:36:26>  >>>> ENGRAD
 <Jun25-2026> <11:36:26>  current energy                               -1.31410715 Hartree
 <Jun25-2026> <11:36:26>  energy change                      -0.15454321     0.00100000    F
 <Jun25-2026> <11:36:26>  constrained gradient max            0.16029917     0.00100000    F
 <Jun25-2026> <11:36:26>  constrained gradient rms            0.11706596     0.00066667    F
 <Jun25-2026> <11:36:26>  gradient max                        0.16029917
 <Jun25-2026> <11:36:26>  gradient rms                        0.11706596
 <Jun25-2026> <11:36:26>  cart. step max                      0.05597915     0.01000000    F
 <Jun25-2026> <11:36:26>  cart. step rms                      0.04088139     0.00666667    F
  Coordinates in Geometry Cycle 8
    Atom         X           Y           Z   (Angstrom)
    1.As        0.000000    0.000000    0.000000
    2.O         1.214013    1.214013    0.000000
    3.O        -1.214013   -1.214013    0.000000
    4.O        -1.214013    1.214013    0.000000
    5.O         1.214013   -1.214013    0.000000
 <Jun25-2026> <11:36:27>  >>>> CORORT
 <Jun25-2026> <11:36:27>  >>>> CLSMAT
 <Jun25-2026> <11:36:27>  >>>> ORTHON
 <Jun25-2026> <11:36:27>  >>>> GENPT
 <Jun25-2026> <11:36:27>  Block Length= 126
 <Jun25-2026> <11:36:27>  >>>> PTBAS
 <Jun25-2026> <11:36:27>  combining surface points...
 <Jun25-2026> <11:36:27>  combining surface points...
 <Jun25-2026> <11:36:27>  combining surface points...
 <Jun25-2026> <11:36:27>  >>>> CYCLE
 <Jun25-2026> <11:36:27>              |Error|         MaxErr       Wt(A-DIIS)
 <Jun25-2026> <11:36:27>      1      0.18255814      0.05057068
 <Jun25-2026> <11:36:27>      2      0.39522906      0.09441592    100.0
 <Jun25-2026> <11:36:28>      3      0.40039490      0.07465134    100.0
 <Jun25-2026> <11:36:28>      4      0.09053263      0.01530851     14.5
 <Jun25-2026> <11:36:28>      5      0.04097444      0.00939733      8.5
 <Jun25-2026> <11:36:28>      6      0.00516825      0.00104785      0.0
 <Jun25-2026> <11:36:29>      7      0.00096852      0.00017741      0.0
 <Jun25-2026> <11:36:29>      8      0.00004158      0.00001154      0.0
 <Jun25-2026> <11:36:29>      9      0.00000563      0.00000101      0.0
 <Jun25-2026> <11:36:29>     10      0.00000029      0.00000006      0.0
 <Jun25-2026> <11:36:29>  SCF converged
 <Jun25-2026> <11:36:29>     11      0.00000003      0.00000001      0.0
 <Jun25-2026> <11:36:30>  >>>> TOTEN
 <Jun25-2026> <11:36:30>  >>>> POPAN
 <Jun25-2026> <11:36:30>  >>>> DEBYE
 <Jun25-2026> <11:36:30>  >>>> ENGRAD
 <Jun25-2026> <11:36:30>  current energy                               -1.36422342 Hartree
 <Jun25-2026> <11:36:30>  energy change                      -0.05011627     0.00100000    F
 <Jun25-2026> <11:36:30>  constrained gradient max            0.06228431     0.00100000    F
 <Jun25-2026> <11:36:30>  constrained gradient rms            0.04548603     0.00066667    F
 <Jun25-2026> <11:36:30>  gradient max                        0.06228431
 <Jun25-2026> <11:36:30>  gradient rms                        0.04548603
 <Jun25-2026> <11:36:30>  cart. step max                      0.03557239     0.01000000    F
 <Jun25-2026> <11:36:30>  cart. step rms                      0.02597840     0.00666667    F
  Coordinates in Geometry Cycle 9
    Atom         X           Y           Z   (Angstrom)
    1.As        0.000000    0.000000    0.000000
    2.O         1.249586    1.249586    0.000000
    3.O        -1.249586   -1.249586    0.000000
    4.O        -1.249586    1.249586    0.000000
    5.O         1.249586   -1.249586    0.000000
 <Jun25-2026> <11:36:30>  >>>> CORORT
 <Jun25-2026> <11:36:30>  >>>> CLSMAT
 <Jun25-2026> <11:36:30>  >>>> ORTHON
 <Jun25-2026> <11:36:30>  >>>> GENPT
 <Jun25-2026> <11:36:30>  Block Length= 126
 <Jun25-2026> <11:36:30>  >>>> PTBAS
 <Jun25-2026> <11:36:30>  combining surface points...
 <Jun25-2026> <11:36:30>  combining surface points...
 <Jun25-2026> <11:36:30>  combining surface points...
 <Jun25-2026> <11:36:30>  >>>> CYCLE
 <Jun25-2026> <11:36:31>              |Error|         MaxErr       Wt(A-DIIS)
 <Jun25-2026> <11:36:31>      1      0.11615445      0.03307033
 <Jun25-2026> <11:36:31>      2      0.26856244      0.06948732    100.0
 <Jun25-2026> <11:36:31>      3      0.37348672      0.06971955    100.0
 <Jun25-2026> <11:36:32>      4      0.05282103      0.01116986     10.3
 <Jun25-2026> <11:36:32>      5      0.03008841      0.00808169      7.2
 <Jun25-2026> <11:36:32>      6      0.00340105      0.00069287      0.0
 <Jun25-2026> <11:36:32>      7      0.00016786      0.00003374      0.0
 <Jun25-2026> <11:36:32>      8      0.00003785      0.00000720      0.0
 <Jun25-2026> <11:36:33>      9      0.00000335      0.00000059      0.0
 <Jun25-2026> <11:36:33>  SCF converged
 <Jun25-2026> <11:36:33>     10      0.00000045      0.00000011      0.0
 <Jun25-2026> <11:36:33>  >>>> TOTEN
 <Jun25-2026> <11:36:33>  >>>> POPAN
 <Jun25-2026> <11:36:33>  >>>> DEBYE
 <Jun25-2026> <11:36:33>  >>>> ENGRAD
 <Jun25-2026> <11:36:34>  current energy                               -1.37671854 Hartree
 <Jun25-2026> <11:36:34>  energy change                      -0.01249512     0.00100000    F
 <Jun25-2026> <11:36:34>  constrained gradient max            0.01893927     0.00100000    F
 <Jun25-2026> <11:36:34>  constrained gradient rms            0.01383129     0.00066667    F
 <Jun25-2026> <11:36:34>  gradient max                        0.01893927
 <Jun25-2026> <11:36:34>  gradient rms                        0.01383129
 <Jun25-2026> <11:36:34>  cart. step max                      0.01554307     0.01000000    F
 <Jun25-2026> <11:36:34>  cart. step rms                      0.01135105     0.00666667    F
  Coordinates in Geometry Cycle 10
    Atom         X           Y           Z   (Angstrom)
    1.As        0.000000    0.000000    0.000000
    2.O         1.265129    1.265129    0.000000
    3.O        -1.265129   -1.265129    0.000000
    4.O        -1.265129    1.265129    0.000000
    5.O         1.265129   -1.265129    0.000000
 <Jun25-2026> <11:36:34>  >>>> CORORT
 <Jun25-2026> <11:36:34>  >>>> CLSMAT
 <Jun25-2026> <11:36:34>  >>>> ORTHON
 <Jun25-2026> <11:36:34>  >>>> GENPT
 <Jun25-2026> <11:36:34>  Block Length= 126
 <Jun25-2026> <11:36:34>  >>>> PTBAS
 <Jun25-2026> <11:36:34>  combining surface points...
 <Jun25-2026> <11:36:34>  combining surface points...
 <Jun25-2026> <11:36:34>  combining surface points...
 <Jun25-2026> <11:36:34>  >>>> CYCLE
 <Jun25-2026> <11:36:34>              |Error|         MaxErr       Wt(A-DIIS)
 <Jun25-2026> <11:36:34>      1      0.07642022      0.02366934
 <Jun25-2026> <11:36:34>      2      0.18839497      0.04963480    100.0
 <Jun25-2026> <11:36:35>      3      0.23070604      0.04541224    100.0
 <Jun25-2026> <11:36:35>      4      0.11333073      0.02136685     20.6
 <Jun25-2026> <11:36:35>      5      0.03886943      0.00869169      7.8
 <Jun25-2026> <11:36:35>      6      0.00487681      0.00134785      0.4
 <Jun25-2026> <11:36:36>      7      0.00138135      0.00030860      0.0
 <Jun25-2026> <11:36:36>      8      0.00002295      0.00000506      0.0
 <Jun25-2026> <11:36:36>      9      0.00000855      0.00000236      0.0
 <Jun25-2026> <11:36:36>     10      0.00000033      0.00000007      0.0
 <Jun25-2026> <11:36:36>  SCF converged
 <Jun25-2026> <11:36:37>     11      0.00000004      0.00000001      0.0
 <Jun25-2026> <11:36:37>  >>>> TOTEN
 <Jun25-2026> <11:36:37>  >>>> POPAN
 <Jun25-2026> <11:36:37>  >>>> DEBYE
 <Jun25-2026> <11:36:37>  >>>> ENGRAD
 <Jun25-2026> <11:36:37>  current energy                               -1.37862586 Hartree
 <Jun25-2026> <11:36:37>  energy change                      -0.00190732     0.00100000    F
 <Jun25-2026> <11:36:37>  constrained gradient max            0.00353335     0.00100000    F
 <Jun25-2026> <11:36:37>  constrained gradient rms            0.00258039     0.00066667    F
 <Jun25-2026> <11:36:37>  gradient max                        0.00353335
 <Jun25-2026> <11:36:37>  gradient rms                        0.00258039
 <Jun25-2026> <11:36:37>  cart. step max                      0.00356480     0.01000000    T
 <Jun25-2026> <11:36:37>  cart. step rms                      0.00260336     0.00666667    T
  Coordinates in Geometry Cycle 11
    Atom         X           Y           Z   (Angstrom)
    1.As        0.000000    0.000000    0.000000
    2.O         1.268694    1.268694    0.000000
    3.O        -1.268694   -1.268694    0.000000
    4.O        -1.268694    1.268694    0.000000
    5.O         1.268694   -1.268694    0.000000
 <Jun25-2026> <11:36:37>  >>>> CORORT
 <Jun25-2026> <11:36:37>  >>>> CLSMAT
 <Jun25-2026> <11:36:37>  >>>> ORTHON
 <Jun25-2026> <11:36:37>  >>>> GENPT
 <Jun25-2026> <11:36:37>  Block Length= 126
 <Jun25-2026> <11:36:37>  >>>> PTBAS
 <Jun25-2026> <11:36:37>  combining surface points...
 <Jun25-2026> <11:36:37>  combining surface points...
 <Jun25-2026> <11:36:37>  combining surface points...
 <Jun25-2026> <11:36:37>  >>>> CYCLE
 <Jun25-2026> <11:36:38>              |Error|         MaxErr       Wt(A-DIIS)
 <Jun25-2026> <11:36:38>      1      0.06683386      0.01891210
 <Jun25-2026> <11:36:38>      2      0.15789324      0.04335028    100.0
 <Jun25-2026> <11:36:38>      3      0.08126200      0.01729474    100.0
 <Jun25-2026> <11:36:39>      4      0.13038571      0.02561334    100.0
 <Jun25-2026> <11:36:39>      5      0.02429463      0.00512346      4.2
 <Jun25-2026> <11:36:39>      6      0.00432546      0.00108162      0.1
 <Jun25-2026> <11:36:39>      7      0.00145222      0.00031684      0.0
 <Jun25-2026> <11:36:40>      8      0.00002133      0.00000501      0.0
 <Jun25-2026> <11:36:40>      9      0.00000787      0.00000205      0.0
 <Jun25-2026> <11:36:40>     10      0.00000022      0.00000004      0.0
 <Jun25-2026> <11:36:40>  SCF converged
 <Jun25-2026> <11:36:40>     11      0.00000002      0.00000001      0.0
 <Jun25-2026> <11:36:40>  >>>> TOTEN
 <Jun25-2026> <11:36:41>  >>>> POPAN
 <Jun25-2026> <11:36:41>  >>>> DEBYE
 <Jun25-2026> <11:36:41>  >>>> ENGRAD
 <Jun25-2026> <11:36:41>  current energy                               -1.37880216 Hartree
 <Jun25-2026> <11:36:41>  energy change                      -0.00017630     0.00100000    T
 <Jun25-2026> <11:36:41>  constrained gradient max            0.00026699     0.00100000    T
 <Jun25-2026> <11:36:41>  constrained gradient rms            0.00019498     0.00066667    T
 <Jun25-2026> <11:36:41>  gradient max                        0.00026699
 <Jun25-2026> <11:36:41>  gradient rms                        0.00019498
 <Jun25-2026> <11:36:41>  cart. step max                      0.00029138     0.01000000    T
 <Jun25-2026> <11:36:41>  cart. step rms                      0.00021280     0.00666667    T
 <Jun25-2026> <11:36:41>  GEOMETRY CONVERGED
 <Jun25-2026> <11:36:41>  Calculating Energy Terms for Final Geometry
  Coordinates in Geometry Cycle 11
    Atom         X           Y           Z   (Angstrom)
    1.As        0.000000    0.000000    0.000000
    2.O         1.268694    1.268694    0.000000
    3.O        -1.268694   -1.268694    0.000000
    4.O        -1.268694    1.268694    0.000000
    5.O         1.268694   -1.268694    0.000000
 <Jun25-2026> <11:36:41>  >>>> CORORT
 <Jun25-2026> <11:36:41>  >>>> CLSMAT
 <Jun25-2026> <11:36:41>  >>>> ORTHON
 <Jun25-2026> <11:36:41>  >>>> GENPT
 <Jun25-2026> <11:36:41>  Block Length= 126
 <Jun25-2026> <11:36:41>  >>>> PTBAS
 <Jun25-2026> <11:36:41>  combining surface points...
 <Jun25-2026> <11:36:41>  combining surface points...
 <Jun25-2026> <11:36:41>  combining surface points...
 <Jun25-2026> <11:36:41>  >>>> CYCLE
 <Jun25-2026> <11:36:42>              |Error|         MaxErr       Wt(A-DIIS)
 <Jun25-2026> <11:36:42>      1      0.06655774      0.02077931
 <Jun25-2026> <11:36:42>      2      0.15181699      0.04376463    100.0
 <Jun25-2026> <11:36:42>      3      0.05786218      0.01883048    100.0
 <Jun25-2026> <11:36:42>      4      0.04260963      0.01295044     12.1
 <Jun25-2026> <11:36:43>      5      0.03706405      0.01017380      9.3
 <Jun25-2026> <11:36:43>      6      0.00732839      0.00181308      0.8
 <Jun25-2026> <11:36:43>      7      0.00128061      0.00035585      0.0
 <Jun25-2026> <11:36:43>      8      0.00002718      0.00000518      0.0
 <Jun25-2026> <11:36:44>      9      0.00000833      0.00000230      0.0
 <Jun25-2026> <11:36:44>     10      0.00000018      0.00000004      0.0
 <Jun25-2026> <11:36:44>  SCF converged
 <Jun25-2026> <11:36:44>     11      0.00000003      0.00000001      0.0
 <Jun25-2026> <11:36:44>  >>>> TOTEN
 <Jun25-2026> <11:36:45>  QTAIM: determining topology...
 <Jun25-2026> <11:36:45>  >>>> POPAN
 <Jun25-2026> <11:36:45>  >>>> DEBYE
 <Jun25-2026> <11:36:45>  >>>> AMETS
 <Jun25-2026> <11:36:45>  >>>> POPUL
 <Jun25-2026> <11:36:45>   Bond Energy          -1.37880216 a.u.
 <Jun25-2026> <11:36:45>   Bond Energy         -37.51911575 eV
 <Jun25-2026> <11:36:45>   Bond Energy        -865.21       kcal/mol
 <Jun25-2026> <11:36:45>  >>>> ENHESS
 <Jun25-2026> <11:36:45>  === NUCLEUS:     1
 <Jun25-2026> <11:36:56>  === NUCLEUS:     2
 <Jun25-2026> <11:37:08>  >>>> CALC_HESS_PMAT
 <Jun25-2026> <11:37:09>  >>>> CALC_HESS_WMAT
 <Jun25-2026> <11:37:09>  Symmetry  : D(2D)
 <Jun25-2026> <11:37:09>  >>>> FRAGM
 <Jun25-2026> <11:37:09>  Geometry symmetry displacement    1 out of    2
  Coordinates in Geometry Cycle 11
    Atom         X           Y           Z   (Angstrom)
    1.As        0.000000    0.000000    0.000000
    2.O         1.268694    1.268694   -0.001250
    3.O        -1.268694   -1.268694   -0.001250
    4.O        -1.268694    1.268694    0.001250
    5.O         1.268694   -1.268694    0.001250
 <Jun25-2026> <11:37:09>  >>>> CORORT
 <Jun25-2026> <11:37:09>  >>>> CLSMAT
 <Jun25-2026> <11:37:09>  >>>> ORTHON
 <Jun25-2026> <11:37:09>  >>>> GENPT
 <Jun25-2026> <11:37:09>  Block Length= 127
 <Jun25-2026> <11:37:09>  >>>> PTBAS
 <Jun25-2026> <11:37:09>  combining surface points...
 <Jun25-2026> <11:37:09>  combining surface points...
 <Jun25-2026> <11:37:09>  combining surface points...
 <Jun25-2026> <11:37:09>  >>>> CYCLE
 <Jun25-2026> <11:37:10>              |Error|         MaxErr       Wt(A-DIIS)
 <Jun25-2026> <11:37:10>      1      0.06656901      0.01935892
 <Jun25-2026> <11:37:10>      2      0.15181704      0.04165273    100.0
 <Jun25-2026> <11:37:10>      3      0.05786103      0.01822067    100.0
 <Jun25-2026> <11:37:11>      4      0.04260922      0.01316214     12.3
 <Jun25-2026> <11:37:11>      5      0.03719767      0.00714442      6.2
 <Jun25-2026> <11:37:11>      6      0.00561654      0.00151175      0.5
 <Jun25-2026> <11:37:11>      7      0.00134450      0.00028335      0.0
 <Jun25-2026> <11:37:11>      8      0.00002777      0.00000535      0.0
 <Jun25-2026> <11:37:12>      9      0.00000844      0.00000231      0.0
 <Jun25-2026> <11:37:12>     10      0.00000019      0.00000004      0.0
 <Jun25-2026> <11:37:12>  SCF converged
 <Jun25-2026> <11:37:12>     11      0.00000003      0.00000001      0.0
 <Jun25-2026> <11:37:12>  >>>> TOTEN
 <Jun25-2026> <11:37:12>  >>>> POPAN
 <Jun25-2026> <11:37:12>  >>>> DEBYE
 <Jun25-2026> <11:37:12>  >>>> ENGRAD
 <Jun25-2026> <11:37:13>  Geometry symmetry displacement    2 out of    2
  Coordinates in Geometry Cycle 11
    Atom         X           Y           Z   (Angstrom)
    1.As        0.000000    0.000000    0.000000
    2.O         1.268694    1.268694    0.001250
    3.O        -1.268694   -1.268694    0.001250
    4.O        -1.268694    1.268694   -0.001250
    5.O         1.268694   -1.268694   -0.001250
 <Jun25-2026> <11:37:13>  >>>> CORORT
 <Jun25-2026> <11:37:13>  >>>> CLSMAT
 <Jun25-2026> <11:37:13>  >>>> ORTHON
 <Jun25-2026> <11:37:13>  >>>> GENPT
 <Jun25-2026> <11:37:13>  Block Length= 127
 <Jun25-2026> <11:37:13>  >>>> PTBAS
 <Jun25-2026> <11:37:13>  combining surface points...
 <Jun25-2026> <11:37:13>  combining surface points...
 <Jun25-2026> <11:37:13>  combining surface points...
 <Jun25-2026> <11:37:13>  >>>> CYCLE
 <Jun25-2026> <11:37:13>              |Error|         MaxErr       Wt(A-DIIS)
 <Jun25-2026> <11:37:13>      1      0.06660207      0.01935812
 <Jun25-2026> <11:37:14>      2      0.15181362      0.04165202    100.0
 <Jun25-2026> <11:37:14>      3      0.05786142      0.01822169    100.0
 <Jun25-2026> <11:37:14>      4      0.04259060      0.01315840     12.3
 <Jun25-2026> <11:37:14>      5      0.03718937      0.00714270      6.2
 <Jun25-2026> <11:37:15>      6      0.00561592      0.00151164      0.5
 <Jun25-2026> <11:37:15>      7      0.00134453      0.00028336      0.0
 <Jun25-2026> <11:37:15>      8      0.00002778      0.00000535      0.0
 <Jun25-2026> <11:37:15>      9      0.00000845      0.00000231      0.0
 <Jun25-2026> <11:37:16>     10      0.00000019      0.00000004      0.0
 <Jun25-2026> <11:37:16>  SCF converged
 <Jun25-2026> <11:37:16>     11      0.00000004      0.00000001      0.0
 <Jun25-2026> <11:37:16>  >>>> TOTEN
 <Jun25-2026> <11:37:16>  >>>> POPAN
 <Jun25-2026> <11:37:16>  >>>> DEBYE
 <Jun25-2026> <11:37:16>  >>>> ENGRAD
 <Jun25-2026> <11:37:16>  Old frequency:   -267.25103, new:    733.07791
 <Jun25-2026> <11:37:16>  NOTE: Some frequencies have been re-calculated by numerical differentiation
 <Jun25-2026> <11:37:16>        Check the text output file for new values!
 <Jun25-2026> <11:37:16>  NORMAL TERMINATION
 <Jun25-2026> <11:37:16>  END
