
 *******************************************************************************
 *                                                                             *
 *  -------------------------------------                                      *
 *   Amsterdam Density Functional  (ADF)         2019                          *
 *  -------------------------------------                                      *
 *                                               r74351 2019-04-25             *
 *                                                                             *
 *                                                                             *
 *                            =====================                            *
 *                            |                   |                            *
 *                            |     D I R A C     |                            *
 *                            |                   |                            *
 *                            =====================                            *
 *                                                                             *
 *                                                                             *
 *   Online information and documentation:  https://www.scm.com/support/       *
 *   E-mail:  support@scm.com   info@scm.com                                   *
 *                                                                             *
 *   Scientific publications using ADF results must be properly referenced     *
 *   See the User Manuals (or the web site) for recommended citations          *
 *   The terms and conditions of the End User License Agreement apply to       *
 *   the use of ADF, https://www.scm.com/license-terms/                        *
 *                                                                             *
 **********************  x86_64_linux_intel / intelmpi  ************************
 
 Licensed to: Dr. Carles Bo / Institute of Chemical esearch of Catalonia ( (ICIQ) / Tarragona / Spain 2025-12-15 16:27:40
 SCM User ID: u7609
  
 DIRAC 2019  RunTime: May06-2026 10:56:32  Nodes: 1  Procs: 1

 Temporary files are created in /scratch/kid_0.267469696

1
 HYDROGEN ATOM RELATIVISTIC, Point Nuc, A and c from libtc   
 N J RN H ZN XION ANUC CLIGHT
 5000    1100.00000000197.36710137  1.00000000  0.00000000    1.007825  0.1370360E+03
  PH   PHI     EPS        DEL        DELRVR
  0.30  0.30     2500.00  0.00001000  0.00001000
 IDIRC  NC1  NDEBU NPRIN  IPUN IRCOR IWCOR
   1   300     0     0     0     0     0
   XALPHA      XLATTER      RNUC
  0.70000000  0.00000000  0.00000000 Point Charge
   XN   XL   XJ      XE          XZ      XDELL
  1.0  0.0  0.5      -1.000       1.000     0.00000
 ICORP=  0  NPCL=  0  DEMP=0.00  PEPS=0.000000
 R(1)=  0.1000000E-08 D=  0.1005080E+01 RNUC=  0.0000000E+00
 converged at cycle   32  DENSITY AVERAGING    0.2400
  MAXIMUM ERROR IN R.V(R) IS   0.79874357E-05
 Q,EY,EV,EZ,ESUM,ETOT,RHO  0.100000E+01 -0.266614E+00 -0.619969E+00 -0.910779E+00 -0.203940E+00 -0.415998E+00  0.337036E-17


 DIRAC CALCULATION
1                    HYDROGEN ATOM RELATIVISTIC, Point Nuc, A and c from libtc


 EXCHANGE COEFFICIENT=  0.7000000           TAIL CORRECTION=  0.           NUCLEAR RADIUS=  0.000E+00
0                       ORBITAL    N    L    J     ELECTRONS     EIGENVALUE                DELTA OF EIGENV.

                          1S1/2  1.0  0.0  0.5     1.000       -0.2039397E+00                 0.2720093E-06


                                        NUCLEAR CHARGE=    1.000000
                            INTEGRAL OF CHARGE DENSITY=    1.000000
                           SUM OF THE ORBITAL ENERGIES=     -0.2039
                                          TOTAL ENERGY=     -0.4160
                                        KINETIC ENERGY=      0.4160
                             NUCLEAR ATTRACTION ENERGY=     -0.9108
                             ELECTRON REPULSION ENERGY=      0.2787
                                       EXCHANGE ENERGY=     -0.2000

 *******************************************************************************

                             D I R A C   E X I T
 NORMAL TERMINATION



 =================
 Timing Statistics
 =================
  
 Total Used :                     CPU=        0.07      System=        0.00     Elapsed=        0.10

 Calls  Section                     ( Mean, Percentage )
 ---------------------------------------------------------------------------------------------------
     2  ><      ................      0.00    0.00             0.00    0.00             0.00    0.01
     1  EXIT PROCEDURE .........      0.07  100.00             0.00    0.00             0.10   99.99


 Currently Open Files (EXIT00)
 ====================

 Unit    Access Format  Status   Type       Ident (file)
 -------------------------------------------------------
   3      SEQ    FORM   TRANSP  NORMAL      LOGFILE
                                          ( logfile )
 
Create H   file=TZP-H
XC
  GGA PBE
End
relativistic ZORA
Corepotentials t12.rel
End

 *******************************************************************************
 *                                                                             *
 *  -------------------------------------                                      *
 *   Amsterdam Density Functional  (ADF)         2019                          *
 *  -------------------------------------                                      *
 *                                               r74351 2019-04-25             *
 *                                                                             *
 *                                                                             *
 *                              =================                              *
 *                              |               |                              *
 *                              |     A D F     |                              *
 *                              |               |                              *
 *                              =================                              *
 *                                                                             *
 *                                                                             *
 *   Online information and documentation:  https://www.scm.com/support/       *
 *   E-mail:  support@scm.com   info@scm.com                                   *
 *                                                                             *
 *   Scientific publications using ADF results must be properly referenced     *
 *   See the User Manuals (or the web site) for recommended citations          *
 *   The terms and conditions of the End User License Agreement apply to       *
 *   the use of ADF, https://www.scm.com/license-terms/                        *
 *                                                                             *
 **********************  x86_64_linux_intel / intelmpi  ************************
 

  
 ADF 2019  RunTime: May06-2026 10:56:32  Nodes: 1  Procs: 1

 Temporary files are created in /scratch/kid_0.1498023157

 Hydrogen (TZP)



 ===========================
 A T T A C H E D   F I L E S
 ===========================
  
 CREATE - Data File:    TZP-H
                        Hydrogen (TZP)
 Core Potentials:
         file : t12.rel



 ===============================
 M O D E L   P A R A M E T E R S
 ===============================
  
 DENSITY FUNCTIONAL POTENTIAL (scf)
    LDA:                               PW92                                    == Not Default ==
    Gradient Corrections:              PBEc PBEx                               == Not Default ==

 SPIN  (restricted / unrestr.)
    Molecule:                          Restricted                               

 OTHER ASPECTS
    Relativistic Corrections:          scalar (ZORA,MAPA)                      == Not Default ==

    Nuclear Charge Density Model:      Point Charge Nuclei                      
    Core Treatment:                    Frozen Orbital(s)                        

    Hyperfine or Zeeman Interaction:   ---                                      



 =====================================
 S Y M M E T R Y ,   E L E C T R O N S
 =====================================
  
 Symmetry: ATOM

 Irreducible Representations, including subspecies
 -------------------------------------------------
 S
 P:x  P:y  P:z
 D:z2  D:x2-y2  D:xy  D:xz  D:yz
 F:z3  F:z  F:xyz  F:z2x  F:z2y  F:x  F:y


 Configuration of Valence Electrons
 ==================================

          Occupation Numbers
          -------------------------------------------------
 S        1
 P        0
 D        0
 F        0
          -------------------------------------------------

 Total:   1

 Net Charge: 0 (Nuclei minus Electrons)

 Preset values for MO occupations will be applied through SCF cycle no. 1000000
 Thereafter, the program will assign electrons to MOs that are spatially
 similar to the occupied MOs in a "reference" cycle ("KeepOrbitals").
 The reference cycle is always the PREVIOUS cycle: it will evolve with
 the SCF procedure.



 ================================
 (Slater-type)  F U N C T I O N S  ***  (Basis and Fit)  ***
 ================================
  

 Atom Type    1  (H)
 ==============

 Valence Basis Sets:   4
 -----------------------
   1 S    0.690000
   1 S    0.920000
   1 S    1.580000
   2 P    1.250000


 BAS: List of all Elementary Cartesian Basis Functions
 =====================================================

 The numbering in the list below (to the right of the function characteristics) is referred
 to in print-outs of MO eigenvectors and Mulliken populations in the BAS representation
 (as contrasted to the SFO representation).

 Notes:
 1. The functions are characterized by a polynomial prefactor (powers of x,y,z and r) and
    an exponential decay factor alpha.
 2. Since the basis sets are specific for an atom TYPE, the individual functions occur on
    all atoms of that type.
 3. The word 'Core' in the left margin signals that it is a Core Function (CF) : not a
    degree of freedom in the valence set, but only used to ensure orthogonalization of
    the other valence basis functions on the frozen Core Orbitals.


 (power of) X  Y  Z  R     Alpha  on Atom
            ==========     =====     ==========

 H                                    1
                                  ---------------------------------------------------------------------------
            0  0  0  0     0.690      1
            0  0  0  0     0.920      2
            0  0  0  0     1.580      3
            1  0  0  0     1.250      4
            0  1  0  0     1.250      5
            0  0  1  0     1.250      6

 Total number of charge fitting functions (nprimf)        50
 Total number of Cartesian basis functions (naos)          6
 Total number of Cartesian core functions  (ncos)          0



 BAS: List of all Elementary Cartesian Basis Functions
 =====================================================

 The numbering in the list below (to the right of the function characteristics) is referred
 to in print-outs of MO eigenvectors and Mulliken populations in the BAS representation
 (as contrasted to the SFO representation).

 Notes:
 1. The functions are characterized by a polynomial prefactor (powers of x,y,z and r) and
    an exponential decay factor alpha.
 2. Since the basis sets are specific for an atom TYPE, the individual functions occur on
    all atoms of that type.
 3. The word 'Core' in the left margin signals that it is a Core Function (CF) : not a
    degree of freedom in the valence set, but only used to ensure orthogonalization of
    the other valence basis functions on the frozen Core Orbitals.


 (power of) X  Y  Z  R     Alpha  on Atom
            ==========     =====     ==========

 H                                    1
                                  ---------------------------------------------------------------------------
            0  0  0  0     0.690      1
            0  0  0  0     0.920      2
            0  0  0  0     1.580      3
            1  0  0  0     1.250      4
            0  1  0  0     1.250      5
            0  0  1  0     1.250      6
1
 ***************************************************************************************************



                                              ***********************
                                              *  T E C H N I C A L  *
                                              ***********************
  



 =============================================================
 P A R A L L E L I Z A T I O N  and  V E C T O R I Z A T I O N
 =============================================================
  
 Nr of parallel processes:                                1
 Maximum vector length in NumInt loops:                 128



 =====================
 S C F   U P D A T E S
 =====================
  
 Max. nr. of cycles:                               300
 Convergence criterion:                              0.0000000100
   secondary criterion:                              0.0000000100

 Mix parameter (when DIIS does not apply):           0.2000000000
 Special mix parameter for the first cycle:          1.0000000000
 Mixed ADIIS+SDIIS will be used                  
    Max number of expansion vectors:                10
    Pure ADIIS when Max([F,P]) is above              0.1000000000
    Pure SDIIS when Max([F,P]) is below              0.0010000000
 Automatic ElectronSmearing (in case of problematic SCF convergence) disabled



 =================
 P R E C I S I O N  ***  (General: NumInt, NeglectFunctionTails, ...)  ***
 =================
  

 NumInt:           Target precision:                12.0000000000
 -------           Initial precision:               10.0000000000
                   Min. precision (optimization):   10.0000000000

 Neglect Functions:          Basis functions:        0.1000000000E-13
 ------------------          Fit functions:          0.1000000000E-13



 ===========================
 L I N E A R   S C A L I N G
 ===========================
  

 Cut-off radii density fit:                        0.1000000000E-97
 Overlap cut-off criterion AO matrix elements:     0.1000000000E-97
 Cut-offs for Coulomb potential and fitted density:0.1000000000E-97
 Cut-off criterion for Coulomb multipole terms:    0.1000000000E-97
 Progressive Convergence parameter:                 0.000000000    
1
 ***************************************************************************************************



                                            ***************************
                                            *  C O M P U T A T I O N  *
                                            ***************************
  

 Number of elements of the density matrix on this node (used, total):        21        21



 ===========================================
 Numerical Integration : Fuzzy Cells (Becke)
 ===========================================
  
 Becke grid quality: VERYGOOD       
  
 Lebedev angular grid order:             min:  13 max:  41
 Nr. of radial points:                   min:  64 max:  64

 Total nr. of points:         64
 Nr. of blocks:                1
 Block length:                64
 Nr. of dummy points:          0


 Test of Precision of the Numerical Integration Grid
 ===================================================

 Integral of the Total Core Density:                   0.00000000000000



 ========================
 Density Fitting (zlmFit)
 ========================
  
 ZlmFit Fit Quality: VERYGOOD       
  
 Max L-expansion:                        min:   0 max:   0
 Nr. of radial interpolation points:     min: 120 max: 120



 =====
 S C F  ***  ScaSCF  ***
 =====
  

 CYCLE    1
 SCF Error: norm([F,P])=      0.000000000000, max([F,P])=      0.000000000000
 orbitals (Q,E):
 ---------------
 S :1...3            ( 1.00    -0.5000)  ( 0.00    -0.0900)  ( 0.00     1.2936)
 P :1...1            ( 0.00     0.1562)

 CYCLE    2
 SCF Error: norm([F,P])=      0.031537872292, max([F,P])=      0.030110494752
 orbitals (Q,E):
 ---------------
 S :1...2            ( 1.00    -0.2218)  ( 0.00     0.1019)
 P :1...1            ( 0.00     0.4189)

 CYCLE    3
  SDIIS (wt  0.000):  0.1996  0.8004
 A-DIIS (wt  1.000):  0.0000  1.0000
  DIIS coefficients:  0.0000  1.0000
 SCF Error: norm([F,P])=      0.008617989401, max([F,P])=      0.008343029399
 orbitals (Q,E):
 ---------------
 S :1...2            ( 1.00    -0.2422)  ( 0.00     0.0889)
 P :1...1            ( 0.00     0.4024)

 CYCLE    4
  SDIIS (wt  0.993):  0.1666  0.8334
 A-DIIS (wt  0.007):  0.0000  1.0000
  DIIS coefficients:  0.1654  0.8346
 SCF Error: norm([F,P])=      0.001732350026, max([F,P])=      0.001718616814
 orbitals (Q,E):
 ---------------
 S :1...2            ( 1.00    -0.2385)  ( 0.00     0.0908)
 P :1...1            ( 0.00     0.4054)

 CYCLE    5
  SDIIS (wt  1.000):  0.0236  0.9764
  DIIS coefficients:  0.0236  0.9764
 SCF Error: norm([F,P])=      0.000043673449, max([F,P])=      0.000039769875
 orbitals (Q,E):
 ---------------
 S :1...2            ( 1.00    -0.2386)  ( 0.00     0.0908)
 P :1...1            ( 0.00     0.4054)

 CYCLE    6
  SDIIS (wt  1.000): -0.0577  1.0577
  DIIS coefficients: -0.0577  1.0577
 SCF Error: norm([F,P])=      0.000002383805, max([F,P])=      0.000002158128
 orbitals (Q,E):
 ---------------
 S :1...2            ( 1.00    -0.2386)  ( 0.00     0.0908)
 P :1...1            ( 0.00     0.4054)

 CYCLE    7
  SDIIS (wt  1.000): -0.0032  1.0032
  DIIS coefficients: -0.0032  1.0032
 SCF Error: norm([F,P])=      0.000000007721, max([F,P])=      0.000000007228
 orbitals (Q,E):
 ---------------
 S :1...2            ( 1.00    -0.2386)  ( 0.00     0.0908)
 P :1...1            ( 0.00     0.4054)

 SCF CONVERGED

 CYCLE    8
1
 ***************************************************************************************************



                                                *******************
                                                *  R E S U L T S  *
                                                *******************
  
 *** Using FIT density in Focky
  SDIIS (wt  1.000):  0.0192  0.9808
  DIIS coefficients:  0.0192  0.9808
 SCF Error: norm([F,P])=      0.000000000151, max([F,P])=      0.000000000141

 Scaled ZORA Orbital Energies, per Irrep and Spin:
 =================================================
                        Occup              E (au)              E (eV)       Diff (eV) with prev. cycle
                        -----      --------------------        ------       --------------------------
 S
               1        1.000     -0.23861775226993E+00        -6.493               7.43E-09
               2        0.000      0.90791701709251E-01         2.471
               3        0.000      0.15217530108908E+01        41.409
 P
               1        0.000      0.40537978060393E+00        11.031


 Partially Occupied:
               1 S                -0.23861775226993E+00
  
 LUMO :        2 S                 0.90791701709251E-01
  


 Orbital Energies, all Irreps
 ========================================

 Irrep        no.  (spin)   Occup              E (au)                E (eV)
 ---------------------------------------------------------------------------
 S             1             1.00       -0.23861775226993E+00        -6.4931
 S             2             0.00        0.90791701709251E-01         2.4706
 P             1             0.00        0.40537978060393E+00        11.0309
 S             3             0.00        0.15217530108908E+01        41.4090


 All Electron Calculation, thus no Orbital Energies of the Core Orbitals are calculated



 =======================================
 M U L L I K E N   P O P U L A T I O N S
 =======================================
  
 The survey below gives for each atom:
 a) the total charge (Z minus electrons)
 b) the net spin polarization (nr of electrons spin-A minus spin-B)
 c) for each spin the atomic electron valence density (integrated) per L-value.

 Atom              Charge    Spin density          S         P         D         F
 ----              ------    ------------       ------    ------    ------    ------
 1 H              -0.0000                       1.0000    0.0000    0.0000    0.0000

 Populations of individual BAS functions
 ----------------------------------------
 1 H            0.2104  0.6788  0.1107  0.0000  0.0000  0.0000

 Gross Charges per Atom (Z minus electrons)
 ==========================================
            -0.0000
 Net Total: -0.00000000



 =======================================================================
 Electrostatic potential at the Nuclei due to electrons and other nuclei
 =======================================================================
  
         Atom                  Potential
         ----                  ---------
     1)   H                   0.94468022
 
 
 ========================
 No memory problems found
 ========================
 
 Maximum number of active allocate calls:         306
 
 *******************************************************************************

                             A D F   E X I T
 NORMAL TERMINATION



 =================
 Timing Statistics
 =================
  
 Total Used :                     CPU=        0.36      System=        0.01     Elapsed=        0.46

 Calls  Section                     ( Mean, Percentage )
 ---------------------------------------------------------------------------------------------------
     3  ><      ................      0.00    1.11             0.00    0.00             0.00    1.48
     1  INIT    ................      0.07   18.89             0.00   49.99             0.09   19.58
     1  GEOMET  ................      0.02    4.44             0.00    0.00             0.03    6.95
     1  INPUTA  ................      0.00    1.11             0.00    0.00             0.00    0.84
     1  MAINSY  ................      0.01    2.22             0.00    0.00             0.02    3.91
     1  SYMFIT  ................      0.00    1.11             0.00    0.00             0.00    0.35
     1  CORORT  ................      0.00    0.00             0.00    0.00             0.00    0.50
     1  SYMORB  ................      0.00    0.00             0.00    0.00             0.00    0.16
     1  CLSMAT  ................      0.00    1.11             0.00    0.00             0.01    1.38
     1  ORTHON  ................      0.00    1.11             0.00    0.00             0.01    1.33
     1  GENPT   ................      0.01    3.33             0.00    0.00             0.02    3.35
     1  PTBAS   ................      0.00    1.11             0.00    0.00             0.01    1.32
     8  FOCKY   ................      0.02   48.89             0.00   50.01             0.02   41.74
     8  FOCKTR  ................      0.00    1.11             0.00    0.00             0.00    0.86
     8  SDIIS   ................      0.00    5.56             0.00    0.00             0.00    7.48
     1  COREPS  ................      0.01    3.33             0.00    0.00             0.02    3.45
     1  POPAN   ................      0.00    1.11             0.00    0.00             0.01    1.37
     1  DEBYE   ................      0.00    1.11             0.00    0.00             0.00    0.67
     1  EXIT PROCEDURE .........      0.01    3.33             0.00    0.00             0.02    3.29


 Currently Open Files (EXIT00)
 ====================

 Unit    Access Format  Status   Type       Ident (file)
 -------------------------------------------------------
   3      SEQ    FORM   TRANSP  NORMAL      LOGFILE
                                          ( logfile )

 ***************************************************************************************************
 (LOGFILE)
 <May06-2026> <10:56:32>  DIRAC 2019  RunTime: May06-2026 10:56:32  Nodes: 1  Procs: 1
 <May06-2026> <10:56:32>  NORMAL TERMINATION
 <May06-2026> <10:56:32>  END
 <May06-2026> <10:56:32>  ADF 2019  RunTime: May06-2026 10:56:32  Nodes: 1  Procs: 1
 <May06-2026> <10:56:32>  Hydrogen (TZP)
 <May06-2026> <10:56:32>  RunType   : CREATE
 <May06-2026> <10:56:32>  Net Charge: 0 (Nuclei minus Electrons)
 <May06-2026> <10:56:32>  Symmetry  : ATOM
  Coordinates
    Atom         X           Y           Z   (Angstrom)
    1.H         0.000000    0.000000    0.000000
 <May06-2026> <10:56:32>  >>>> CORORT
 <May06-2026> <10:56:32>  >>>> CLSMAT
 <May06-2026> <10:56:32>  >>>> ORTHON
 <May06-2026> <10:56:32>  >>>> GENPT
 <May06-2026> <10:56:32>  Block Length=  64
 <May06-2026> <10:56:32>  >>>> PTBAS
 <May06-2026> <10:56:32>  >>>> CYCLE
 <May06-2026> <10:56:32>              |Error|         MaxErr       Wt(A-DIIS)
 <May06-2026> <10:56:32>      1      0.00000000      0.00000000
 <May06-2026> <10:56:32>      2      0.03153787      0.03011049
 <May06-2026> <10:56:32>      3      0.00861799      0.00834303    100.0
 <May06-2026> <10:56:32>      4      0.00173235      0.00171862      0.7
 <May06-2026> <10:56:32>      5      0.00004367      0.00003977      0.0
 <May06-2026> <10:56:32>      6      0.00000238      0.00000216      0.0
 <May06-2026> <10:56:32>      7      0.00000001      0.00000001      0.0
 <May06-2026> <10:56:32>  SCF converged
 <May06-2026> <10:56:32>      8      0.00000000      0.00000000      0.0
 <May06-2026> <10:56:32>  >>>> POPAN
 <May06-2026> <10:56:32>  >>>> DEBYE
 <May06-2026> <10:56:32>  NORMAL TERMINATION
 <May06-2026> <10:56:32>  END

 *******************************************************************************
 *                                                                             *
 *  -------------------------------------                                      *
 *   Amsterdam Density Functional  (ADF)         2019                          *
 *  -------------------------------------                                      *
 *                                               r74351 2019-04-25             *
 *                                                                             *
 *                                                                             *
 *                            =====================                            *
 *                            |                   |                            *
 *                            |     D I R A C     |                            *
 *                            |                   |                            *
 *                            =====================                            *
 *                                                                             *
 *                                                                             *
 *   Online information and documentation:  https://www.scm.com/support/       *
 *   E-mail:  support@scm.com   info@scm.com                                   *
 *                                                                             *
 *   Scientific publications using ADF results must be properly referenced     *
 *   See the User Manuals (or the web site) for recommended citations          *
 *   The terms and conditions of the End User License Agreement apply to       *
 *   the use of ADF, https://www.scm.com/license-terms/                        *
 *                                                                             *
 **********************  x86_64_linux_intel / intelmpi  ************************
 

  
 DIRAC 2019  RunTime: May06-2026 10:56:32  Nodes: 1  Procs: 1

 Temporary files are created in /scratch/kid_0.1920420099

1
 PHOSPHORUS ATOM 1s CORE RELATIVISTIC, Point Nuc, A and c fro
 N J RN H ZN XION ANUC CLIGHT
 5000    7100.00000000197.36710137 15.00000000  0.00000000   30.973761  0.1370360E+03
  PH   PHI     EPS        DEL        DELRVR
  0.30  0.30     2500.00  0.00001000  0.00001000
 IDIRC  NC1  NDEBU NPRIN  IPUN IRCOR IWCOR
   1   300     0     0     0     0     1
   XALPHA      XLATTER      RNUC
  0.70000000  0.00000000  0.00000000 Point Charge
   XN   XL   XJ      XE          XZ      XDELL
  1.0  0.0  0.5    -600.000       2.000     0.00000
  2.0  0.0  0.5     -75.000       2.000     0.00000
  2.0  1.0  0.5     -70.000       2.000     0.00000
  2.0  1.0  1.5     -70.000       4.000     0.00000
  3.0  0.0  0.5     -25.000       2.000     0.00000
  3.0  1.0  0.5      -0.250       2.000     0.00000
  3.0  1.0  1.5      -0.250       1.000     0.00000
 ICORP=  0  NPCL=  0  DEMP=0.00  PEPS=0.000000
 R(1)=  0.1000000E-08 D=  0.1005080E+01 RNUC=  0.0000000E+00
 converged at cycle   47  DENSITY AVERAGING    0.3000
  MAXIMUM ERROR IN R.V(R) IS   0.93255186E-05
 Q,EY,EV,EZ,ESUM,ETOT,RHO  0.150000E+02 -0.290161E+02 -0.536820E+03 -0.814855E+03 -0.194417E+03 -0.340688E+03  0.340722E-13


 DIRAC CALCULATION
1                    PHOSPHORUS ATOM 1s CORE RELATIVISTIC, Point Nuc, A and c from libtc


 EXCHANGE COEFFICIENT=  0.7000000           TAIL CORRECTION=  0.           NUCLEAR RADIUS=  0.000E+00
0                       ORBITAL    N    L    J     ELECTRONS     EIGENVALUE                DELTA OF EIGENV.

                          1S1/2  1.0  0.0  0.5     2.000       -0.7640874E+02                 0.2597240E-06
                          2S1/2  2.0  0.0  0.5     2.000       -0.6353640E+01                 0.3482713E-07
                          2P1/2  2.0  1.0  0.5     2.000       -0.4588256E+01                 0.3010938E-07
                          2P3/2  2.0  1.0  1.5     4.000       -0.4554413E+01                 0.2993762E-07
                          3S1/2  3.0  0.0  0.5     2.000       -0.4844206E+00                 0.1693624E-07
                          3P1/2  3.0  1.0  0.5     2.000       -0.1770291E+00                 0.1234259E-07
                          3P3/2  3.0  1.0  1.5     1.000       -0.1750217E+00                 0.1224459E-07


                                        NUCLEAR CHARGE=   15.000000
                            INTEGRAL OF CHARGE DENSITY=   15.000000
                           SUM OF THE ORBITAL ENERGIES=   -194.4169
                                          TOTAL ENERGY=   -340.6884
                                        KINETIC ENERGY=    342.4034
                             NUCLEAR ATTRACTION ENERGY=   -814.8554
                             ELECTRON REPULSION ENERGY=    153.5256
                                       EXCHANGE ENERGY=    -21.7621

 *******************************************************************************

                             D I R A C   E X I T
 NORMAL TERMINATION



 =================
 Timing Statistics
 =================
  
 Total Used :                     CPU=        0.27      System=        0.00     Elapsed=        0.30

 Calls  Section                     ( Mean, Percentage )
 ---------------------------------------------------------------------------------------------------
     2  ><      ................      0.00    0.00             0.00    0.00             0.00    0.00
     1  EXIT PROCEDURE .........      0.27  100.00             0.00  100.00             0.30  100.00


 Currently Open Files (EXIT00)
 ====================

 Unit    Access Format  Status   Type       Ident (file)
 -------------------------------------------------------
   3      SEQ    FORM   TRANSP  NORMAL      LOGFILE
                                          ( logfile )
 
Create P   file=TZP-P.1s
XC
  GGA PBE
End
relativistic ZORA
Corepotentials t12.rel
End

 *******************************************************************************
 *                                                                             *
 *  -------------------------------------                                      *
 *   Amsterdam Density Functional  (ADF)         2019                          *
 *  -------------------------------------                                      *
 *                                               r74351 2019-04-25             *
 *                                                                             *
 *                                                                             *
 *                              =================                              *
 *                              |               |                              *
 *                              |     A D F     |                              *
 *                              |               |                              *
 *                              =================                              *
 *                                                                             *
 *                                                                             *
 *   Online information and documentation:  https://www.scm.com/support/       *
 *   E-mail:  support@scm.com   info@scm.com                                   *
 *                                                                             *
 *   Scientific publications using ADF results must be properly referenced     *
 *   See the User Manuals (or the web site) for recommended citations          *
 *   The terms and conditions of the End User License Agreement apply to       *
 *   the use of ADF, https://www.scm.com/license-terms/                        *
 *                                                                             *
 **********************  x86_64_linux_intel / intelmpi  ************************
 

  
 ADF 2019  RunTime: May06-2026 10:56:33  Nodes: 1  Procs: 1

 Temporary files are created in /scratch/kid_0.556107820

 Phosphorus (TZP, 1s frozen)



 ===========================
 A T T A C H E D   F I L E S
 ===========================
  
 CREATE - Data File:    TZP-P.1s
                        Phosphorus (TZP, 1s frozen)
 Core Potentials:
         file : t12.rel



 ===============================
 M O D E L   P A R A M E T E R S
 ===============================
  
 DENSITY FUNCTIONAL POTENTIAL (scf)
    LDA:                               PW92                                    == Not Default ==
    Gradient Corrections:              PBEc PBEx                               == Not Default ==

 SPIN  (restricted / unrestr.)
    Molecule:                          Restricted                               

 OTHER ASPECTS
    Relativistic Corrections:          scalar (ZORA,MAPA)                      == Not Default ==

    Nuclear Charge Density Model:      Point Charge Nuclei                      
    Core Treatment:                    Frozen Orbital(s)                        

    Hyperfine or Zeeman Interaction:   ---                                      



 =====================================
 S Y M M E T R Y ,   E L E C T R O N S
 =====================================
  
 Symmetry: ATOM

 Irreducible Representations, including subspecies
 -------------------------------------------------
 S
 P:x  P:y  P:z
 D:z2  D:x2-y2  D:xy  D:xz  D:yz
 F:z3  F:z  F:xyz  F:z2x  F:z2y  F:x  F:y


 Configuration of Valence Electrons
 ==================================

          Occupation Numbers
          -------------------------------------------------
 S        2*2
 P        6 3
 D        0
 F        0
          -------------------------------------------------

 Total:   13

 Net Charge: 0 (Nuclei minus Electrons)

 Preset values for MO occupations will be applied through SCF cycle no. 1000000
 Thereafter, the program will assign electrons to MOs that are spatially
 similar to the occupied MOs in a "reference" cycle ("KeepOrbitals").
 The reference cycle is always the PREVIOUS cycle: it will evolve with
 the SCF procedure.



 ================================
 (Slater-type)  F U N C T I O N S  ***  (Basis and Fit)  ***
 ================================
  

 Atom Type    1  (P)
 ==============

 Valence Basis Sets:  12
 -----------------------
   1 S   12.550000
   2 S    5.600000
   2 S    4.050000
   2 P    7.450000
   2 P    4.100000
   3 S    1.300000
   3 S    1.850000
   3 S    2.650000
   3 P    0.850000
   3 P    1.300000
   3 P    2.050000
   3 D    1.900000

 Frozen Core Shells
 ------------------
    S:  1


 BAS: List of all Elementary Cartesian Basis Functions
 =====================================================

 The numbering in the list below (to the right of the function characteristics) is referred
 to in print-outs of MO eigenvectors and Mulliken populations in the BAS representation
 (as contrasted to the SFO representation).

 Notes:
 1. The functions are characterized by a polynomial prefactor (powers of x,y,z and r) and
    an exponential decay factor alpha.
 2. Since the basis sets are specific for an atom TYPE, the individual functions occur on
    all atoms of that type.
 3. The word 'Core' in the left margin signals that it is a Core Function (CF) : not a
    degree of freedom in the valence set, but only used to ensure orthogonalization of
    the other valence basis functions on the frozen Core Orbitals.


 (power of) X  Y  Z  R     Alpha  on Atom
            ==========     =====     ==========

 P                                    1
                                  ---------------------------------------------------------------------------
    Core    0  0  0  0    12.550      1
            0  0  0  1     5.600      2
            0  0  0  1     4.050      3
            1  0  0  0     7.450      4
            0  1  0  0     7.450      5
            0  0  1  0     7.450      6
            1  0  0  0     4.100      7
            0  1  0  0     4.100      8
            0  0  1  0     4.100      9
            0  0  0  2     1.300     10
            0  0  0  2     1.850     11
            0  0  0  2     2.650     12
            1  0  0  1     0.850     13
            0  1  0  1     0.850     14
            0  0  1  1     0.850     15
            1  0  0  1     1.300     16
            0  1  0  1     1.300     17
            0  0  1  1     1.300     18
            1  0  0  1     2.050     19
            0  1  0  1     2.050     20
            0  0  1  1     2.050     21
            2  0  0  0     1.900     22
            1  1  0  0     1.900     23
            1  0  1  0     1.900     24
            0  2  0  0     1.900     25
            0  1  1  0     1.900     26
            0  0  2  0     1.900     27

 Total number of charge fitting functions (nprimf)       106
 Total number of Cartesian basis functions (naos)         27
 Total number of Cartesian core functions  (ncos)          1



 BAS: List of all Elementary Cartesian Basis Functions
 =====================================================

 The numbering in the list below (to the right of the function characteristics) is referred
 to in print-outs of MO eigenvectors and Mulliken populations in the BAS representation
 (as contrasted to the SFO representation).

 Notes:
 1. The functions are characterized by a polynomial prefactor (powers of x,y,z and r) and
    an exponential decay factor alpha.
 2. Since the basis sets are specific for an atom TYPE, the individual functions occur on
    all atoms of that type.
 3. The word 'Core' in the left margin signals that it is a Core Function (CF) : not a
    degree of freedom in the valence set, but only used to ensure orthogonalization of
    the other valence basis functions on the frozen Core Orbitals.


 (power of) X  Y  Z  R     Alpha  on Atom
            ==========     =====     ==========

 P                                    1
                                  ---------------------------------------------------------------------------
    Core    0  0  0  0    12.550      1
            0  0  0  1     5.600      2
            0  0  0  1     4.050      3
            1  0  0  0     7.450      4
            0  1  0  0     7.450      5
            0  0  1  0     7.450      6
            1  0  0  0     4.100      7
            0  1  0  0     4.100      8
            0  0  1  0     4.100      9
            0  0  0  2     1.300     10
            0  0  0  2     1.850     11
            0  0  0  2     2.650     12
            1  0  0  1     0.850     13
            0  1  0  1     0.850     14
            0  0  1  1     0.850     15
            1  0  0  1     1.300     16
            0  1  0  1     1.300     17
            0  0  1  1     1.300     18
            1  0  0  1     2.050     19
            0  1  0  1     2.050     20
            0  0  1  1     2.050     21
            2  0  0  0     1.900     22
            1  1  0  0     1.900     23
            1  0  1  0     1.900     24
            0  2  0  0     1.900     25
            0  1  1  0     1.900     26
            0  0  2  0     1.900     27
1
 ***************************************************************************************************



                                              ***********************
                                              *  T E C H N I C A L  *
                                              ***********************
  



 =============================================================
 P A R A L L E L I Z A T I O N  and  V E C T O R I Z A T I O N
 =============================================================
  
 Nr of parallel processes:                                1
 Maximum vector length in NumInt loops:                 128



 =====================
 S C F   U P D A T E S
 =====================
  
 Max. nr. of cycles:                               300
 Convergence criterion:                              0.0000000100
   secondary criterion:                              0.0000000100

 Mix parameter (when DIIS does not apply):           0.2000000000
 Special mix parameter for the first cycle:          1.0000000000
 Mixed ADIIS+SDIIS will be used                  
    Max number of expansion vectors:                10
    Pure ADIIS when Max([F,P]) is above              0.1000000000
    Pure SDIIS when Max([F,P]) is below              0.0010000000
 Automatic ElectronSmearing (in case of problematic SCF convergence) disabled



 =================
 P R E C I S I O N  ***  (General: NumInt, NeglectFunctionTails, ...)  ***
 =================
  

 NumInt:           Target precision:                12.0000000000
 -------           Initial precision:               10.0000000000
                   Min. precision (optimization):   10.0000000000

 Neglect Functions:          Basis functions:        0.1000000000E-13
 ------------------          Fit functions:          0.1000000000E-13



 ===========================
 L I N E A R   S C A L I N G
 ===========================
  

 Cut-off radii density fit:                        0.1000000000E-97
 Overlap cut-off criterion AO matrix elements:     0.1000000000E-97
 Cut-offs for Coulomb potential and fitted density:0.1000000000E-97
 Cut-off criterion for Coulomb multipole terms:    0.1000000000E-97
 Progressive Convergence parameter:                 0.000000000    
1
 ***************************************************************************************************



                                            ***************************
                                            *  C O M P U T A T I O N  *
                                            ***************************
  

 Number of elements of the density matrix on this node (used, total):       378       378



 ===========================================
 Numerical Integration : Fuzzy Cells (Becke)
 ===========================================
  
 Becke grid quality: VERYGOOD       
  
 Lebedev angular grid order:             min:  13 max:  41
 Nr. of radial points:                   min:  76 max:  76

 Total nr. of points:         76
 Nr. of blocks:                1
 Block length:                76
 Nr. of dummy points:          0


 Test of Precision of the Numerical Integration Grid
 ===================================================

 Integral of the Total Core Density:                   1.99999999908170
 Relative Error:                                      -4.592E-10



 ========================
 Density Fitting (zlmFit)
 ========================
  
 ZlmFit Fit Quality: VERYGOOD       
  
 Max L-expansion:                        min:   0 max:   0
 Nr. of radial interpolation points:     min: 190 max: 190



 =====
 S C F  ***  ScaSCF  ***
 =====
  

 CYCLE    1
 SCF Error: norm([F,P])=      0.000000000000, max([F,P])=      0.000000000000
 orbitals (Q,E):
 ---------------
 S :1...5            ( 2.00   -23.0992)  ( 2.00    -9.8031)  ( 0.00    -5.2886)  ( 0.00    -3.1440)
                     ( 0.00    -1.2993)
 P :1...5            ( 6.00   -22.3278)  ( 3.00    -9.2322)  ( 0.00    -4.8937)  ( 0.00    -3.0142)
                     ( 0.00    -1.9614)
 D :1...1            ( 0.00    -6.4318)

 CYCLE    2
  SDIIS (wt  0.000):  1.0000  0.0000
 A-DIIS (wt  1.000):  0.1145  0.8855
  DIIS coefficients:  0.1145  0.8855
 SCF Error: norm([F,P])=     18.574199763001, max([F,P])=      5.729460424591
 orbitals (Q,E):
 ---------------
 S :1...3            ( 2.00    -4.5689)  ( 2.00    -0.5693)  ( 0.00    -0.0589)
 P :1...3            ( 6.00    -2.5820)  ( 3.00    -0.3376)  ( 0.00    -0.0879)
 D :1...1            ( 0.00     0.3219)

 CYCLE    3
  SDIIS (wt  0.000):  0.2387  0.7613
 A-DIIS (wt  1.000):  0.0000  1.0000
  DIIS coefficients:  0.0000  1.0000
 SCF Error: norm([F,P])=      7.892246338364, max([F,P])=      2.592954182835
 orbitals (Q,E):
 ---------------
 S :1...3            ( 2.00    -8.2146)  ( 2.00    -0.9843)  ( 0.00    -0.0433)
 P :1...3            ( 6.00    -6.5635)  ( 3.00    -0.6019)  ( 0.00    -0.0049)
 D :1...1            ( 0.00    -0.0107)

 CYCLE    4
  SDIIS (wt  0.000): -0.0871  0.2952  0.7919
 A-DIIS (wt  1.000):  0.0000  0.1757  0.8243
  DIIS coefficients:  0.0000  0.1757  0.8243
 SCF Error: norm([F,P])=      4.387176641077, max([F,P])=      1.761626650861
 orbitals (Q,E):
 ---------------
 S :1...3            ( 2.00    -5.8126)  ( 2.00    -0.3504)  ( 0.00     0.1791)
 P :1...3            ( 6.00    -3.9508)  ( 3.00    -0.0835)  ( 0.00     0.1310)
 D :1...1            ( 0.00     0.5508)

 CYCLE    5
  SDIIS (wt  0.000): -0.0109 -0.0602  0.1941  0.8770
 A-DIIS (wt  1.000):  0.0000  0.0000  0.0000  1.0000
  DIIS coefficients:  0.0000  0.0000  0.0000  1.0000
 SCF Error: norm([F,P])=      1.324345584458, max([F,P])=      0.466956153840
 orbitals (Q,E):
 ---------------
 S :1...3            ( 2.00    -6.8907)  ( 2.00    -0.7073)  ( 0.00     0.0342)
 P :1...3            ( 6.00    -5.0922)  ( 3.00    -0.3650)  ( 0.00     0.0330)
 D :1...1            ( 0.00     0.1959)

 CYCLE    6
  SDIIS (wt  0.000):  0.0000 -0.0289 -0.0346  0.4584  0.6050
 A-DIIS (wt  1.000):  0.0000  0.0000  0.0000  0.3111  0.6889
  DIIS coefficients:  0.0000  0.0000  0.0000  0.3111  0.6889
 SCF Error: norm([F,P])=      0.894656609953, max([F,P])=      0.328552344502
 orbitals (Q,E):
 ---------------
 S :1...3            ( 2.00    -6.3109)  ( 2.00    -0.4896)  ( 0.00     0.1210)
 P :1...3            ( 6.00    -4.4823)  ( 3.00    -0.1842)  ( 0.00     0.0870)
 D :1...1            ( 0.00     0.4072)

 CYCLE    7
  SDIIS (wt  0.437):  0.0003 -0.0004 -0.0106 -0.0415  0.1385  0.9137
 A-DIIS (wt  0.563):  0.0000  0.0000  0.0000  0.0000  0.0000  1.0000
  DIIS coefficients:  0.0001 -0.0002 -0.0046 -0.0181  0.0605  0.9623
 SCF Error: norm([F,P])=      0.152753231532, max([F,P])=      0.056768903175
 orbitals (Q,E):
 ---------------
 S :1...3            ( 2.00    -6.4268)  ( 2.00    -0.5264)  ( 0.00     0.1084)
 P :1...3            ( 6.00    -4.6039)  ( 3.00    -0.2126)  ( 0.00     0.0772)
 D :1...1            ( 0.00     0.3702)

 CYCLE    8
  SDIIS (wt  0.777): -0.0000 -0.0007  0.0025  0.0136 -0.0400  0.1180  0.9067
 A-DIIS (wt  0.223):  0.0000  0.0000  0.0000  0.0000  0.0000  0.0410  0.9590
  DIIS coefficients: -0.0000 -0.0005  0.0019  0.0105 -0.0311  0.1008  0.9184
 SCF Error: norm([F,P])=      0.062117061218, max([F,P])=      0.023065151090
 orbitals (Q,E):
 ---------------
 S :1...3            ( 2.00    -6.3871)  ( 2.00    -0.5116)  ( 0.00     0.1144)
 P :1...3            ( 6.00    -4.5623)  ( 3.00    -0.2008)  ( 0.00     0.0809)
 D :1...1            ( 0.00     0.3849)

 CYCLE    9
  SDIIS (wt  0.976):  0.0000  0.0000 -0.0001 -0.0000 -0.0006  0.0067  0.1535  0.8406
 A-DIIS (wt  0.024):  0.0000  0.0000  0.0000  0.0000  0.0000  0.0000  0.0000  1.0000
  DIIS coefficients:  0.0000  0.0000 -0.0001 -0.0000 -0.0006  0.0065  0.1498  0.8445
 SCF Error: norm([F,P])=      0.008957667695, max([F,P])=      0.003406470825
 orbitals (Q,E):
 ---------------
 S :1...3            ( 2.00    -6.3923)  ( 2.00    -0.5136)  ( 0.00     0.1136)
 P :1...3            ( 6.00    -4.5677)  ( 3.00    -0.2024)  ( 0.00     0.0804)
 D :1...1            ( 0.00     0.3830)

 CYCLE   10
  SDIIS (wt  1.000): -0.0000  0.0000 -0.0000 -0.0000  0.0000  0.0002  0.0031  0.0372  0.9595
  DIIS coefficients: -0.0000  0.0000 -0.0000 -0.0000  0.0000  0.0002  0.0031  0.0372  0.9595
 SCF Error: norm([F,P])=      0.000163653333, max([F,P])=      0.000063717608
 orbitals (Q,E):
 ---------------
 S :1...3            ( 2.00    -6.3922)  ( 2.00    -0.5136)  ( 0.00     0.1136)
 P :1...3            ( 6.00    -4.5676)  ( 3.00    -0.2024)  ( 0.00     0.0804)
 D :1...1            ( 0.00     0.3830)

 CYCLE   11
  SDIIS (wt  1.000):  0.0000  0.0000 -0.0000 -0.0002 -0.0016 -0.0226  1.0244
  DIIS coefficients:  0.0000  0.0000 -0.0000 -0.0002 -0.0016 -0.0226  1.0244
 SCF Error: norm([F,P])=      0.000000175567, max([F,P])=      0.000000090743
 orbitals (Q,E):
 ---------------
 S :1...3            ( 2.00    -6.3922)  ( 2.00    -0.5136)  ( 0.00     0.1136)
 P :1...3            ( 6.00    -4.5676)  ( 3.00    -0.2024)  ( 0.00     0.0804)
 D :1...1            ( 0.00     0.3830)

 CYCLE   12
  SDIIS (wt  1.000): -0.0000 -0.0000 -0.0005 -0.0247  1.0252
  DIIS coefficients: -0.0000 -0.0000 -0.0005 -0.0247  1.0252
 SCF Error: norm([F,P])=      0.000000002285, max([F,P])=      0.000000001028
 orbitals (Q,E):
 ---------------
 S :1...3            ( 2.00    -6.3922)  ( 2.00    -0.5136)  ( 0.00     0.1136)
 P :1...3            ( 6.00    -4.5676)  ( 3.00    -0.2024)  ( 0.00     0.0804)
 D :1...1            ( 0.00     0.3830)

 SCF CONVERGED

 CYCLE   13
1
 ***************************************************************************************************



                                                *******************
                                                *  R E S U L T S  *
                                                *******************
  
 *** Using FIT density in Focky
  SDIIS (wt  1.000):  0.0000  0.0017  0.0326  0.9657
  DIIS coefficients:  0.0000  0.0017  0.0326  0.9657
 SCF Error: norm([F,P])=      0.000000000342, max([F,P])=      0.000000000172

 Scaled ZORA Orbital Energies, per Irrep and Spin:
 =================================================
                        Occup              E (au)              E (eV)       Diff (eV) with prev. cycle
                        -----      --------------------        ------       --------------------------
 S
               1        2.000     -0.63922369009056E+01      -173.942               8.75E-09
               2        2.000     -0.51357095789531E+00       -13.975               6.90E-09
               3        0.000      0.11360419341918E+00         3.091
               4        0.000      0.13218598554508E+01        35.970
               5        0.000      0.10430275582036E+02       283.822
 P
               1        6.000     -0.45676340295409E+01      -124.292               8.74E-09
               2        3.000     -0.20235270966723E+00        -5.506               5.88E-09
               3        0.000      0.80400995303665E-01         2.188
               4        0.000      0.71612464912880E+00        19.487
               5        0.000      0.95392466931961E+01       259.576
 D
               1        0.000      0.38299165710671E+00        10.422


 Partially Occupied:
               2 P                -0.20235270966723E+00
  
 HOMO :        2 S                -0.51357095789531E+00
 LUMO :        3 P                 0.80400995303665E-01
  


 Orbital Energies, all Irreps
 ========================================

 Irrep        no.  (spin)   Occup              E (au)                E (eV)
 ---------------------------------------------------------------------------
 S             1             2.00       -0.63922369009056E+01      -173.9416
 P             1             6.00       -0.45676340295409E+01      -124.2916
 S             2             2.00       -0.51357095789531E+00       -13.9750
 P             2             3.00       -0.20235270966723E+00        -5.5063
 P             3             0.00        0.80400995303665E-01         2.1878
 S             3             0.00        0.11360419341918E+00         3.0913
 D             1             0.00        0.38299165710671E+00        10.4217
 P             4             0.00        0.71612464912880E+00        19.4867
 S             4             0.00        0.13218598554508E+01        35.9696
 P             5             0.00        0.95392466931961E+01       259.5761
 S             5             0.00        0.10430275582036E+02       283.8222


 Scaled ZORA Orbital Energies of the Core Orbitals:
 ==================================================

 (Note that the atoms are grouped by atomtype, see the labels, and may hence NOT be in input order)

 AtomType  Orbital  Atom                   E (au)                        E (eV)
 --------  -------  ----           --------------------        ----------------
 P           1S        1          -0.76588588395026E+02               -2084.082



 =======================================
 M U L L I K E N   P O P U L A T I O N S
 =======================================
  
 The survey below gives for each atom:
 a) the total charge (Z minus electrons)
 b) the net spin polarization (nr of electrons spin-A minus spin-B)
 c) for each spin the atomic electron valence density (integrated) per L-value.

 Atom              Charge    Spin density          S         P         D         F
 ----              ------    ------------       ------    ------    ------    ------
 1 P              -0.0000                       4.0000    9.0000    0.0000    0.0000

 Populations of individual BAS functions
 ----------------------------------------
 1 P           -0.0481  1.4990  0.5077  0.7973  0.7973  0.7973  1.2052  1.2052  1.2052  0.3372
                1.0986  0.6057  0.1369  0.1369  0.1369  0.4144  0.4144  0.4144  0.4462  0.4462
                0.4462  0.0000  0.0000  0.0000  0.0000  0.0000  0.0000

 Gross Charges per Atom (Z minus electrons)
 ==========================================
            -0.0000
 Net Total: -0.00000000



 =======================================================================
 Electrostatic potential at the Nuclei due to electrons and other nuclei
 =======================================================================
  
         Atom                  Potential
         ----                  ---------
     1)   P                  54.30955117
 
 
 ========================
 No memory problems found
 ========================
 
 Maximum number of active allocate calls:         389
 
 *******************************************************************************

                             A D F   E X I T
 NORMAL TERMINATION



 =================
 Timing Statistics
 =================
  
 Total Used :                     CPU=        0.59      System=        0.02     Elapsed=        0.71

 Calls  Section                     ( Mean, Percentage )
 ---------------------------------------------------------------------------------------------------
     3  ><      ................      0.00    0.68             0.00    0.00             0.00    0.90
     1  INIT    ................      0.06   10.14             0.01   33.33             0.09   12.14
     1  GEOMET  ................      0.01    2.03             0.01   33.34             0.03    4.24
     1  INPUTA  ................      0.00    0.68             0.00    0.00             0.00    0.53
     1  MAINSY  ................      0.01    1.35             0.00   16.67             0.02    2.84
     1  SYMFIT  ................      0.00    0.68             0.00    0.00             0.00    0.23
     1  CORORT  ................      0.00    0.00             0.00    0.00             0.00    0.35
     1  SYMORB  ................      0.00    0.00             0.00    0.00             0.00    0.13
     1  CLSMAT  ................      0.00    0.00             0.00   16.67             0.01    0.94
     1  ORTHON  ................      0.01    1.35             0.00    0.00             0.01    0.93
     1  GENPT   ................      0.02    2.70             0.00    0.00             0.02    2.95
     1  PTBAS   ................      0.00    0.68             0.00    0.00             0.01    0.88
    13  FOCKY   ................      0.03   65.54             0.00    0.00             0.03   57.12
    13  FOCKTR  ................      0.00    1.35             0.00    0.00             0.00    1.09
    13  SDIIS   ................      0.00    5.41             0.00    0.00             0.00    7.63
     1  COREPS  ................      0.02    4.05             0.00    0.00             0.02    3.51
     1  POPAN   ................      0.00    0.68             0.00    0.00             0.01    0.89
     1  DEBYE   ................      0.00    0.00             0.00    0.00             0.00    0.43
     1  EXIT PROCEDURE .........      0.02    2.70             0.00    0.00             0.02    2.28


 Currently Open Files (EXIT00)
 ====================

 Unit    Access Format  Status   Type       Ident (file)
 -------------------------------------------------------
   3      SEQ    FORM   TRANSP  NORMAL      LOGFILE
                                          ( logfile )

 ***************************************************************************************************
 (LOGFILE)
 <May06-2026> <10:56:32>  DIRAC 2019  RunTime: May06-2026 10:56:32  Nodes: 1  Procs: 1
 <May06-2026> <10:56:32>  NORMAL TERMINATION
 <May06-2026> <10:56:32>  END
 <May06-2026> <10:56:32>  ADF 2019  RunTime: May06-2026 10:56:32  Nodes: 1  Procs: 1
 <May06-2026> <10:56:32>  Hydrogen (TZP)
 <May06-2026> <10:56:32>  RunType   : CREATE
 <May06-2026> <10:56:32>  Net Charge: 0 (Nuclei minus Electrons)
 <May06-2026> <10:56:32>  Symmetry  : ATOM
  Coordinates
    Atom         X           Y           Z   (Angstrom)
    1.H         0.000000    0.000000    0.000000
 <May06-2026> <10:56:32>  >>>> CORORT
 <May06-2026> <10:56:32>  >>>> CLSMAT
 <May06-2026> <10:56:32>  >>>> ORTHON
 <May06-2026> <10:56:32>  >>>> GENPT
 <May06-2026> <10:56:32>  Block Length=  64
 <May06-2026> <10:56:32>  >>>> PTBAS
 <May06-2026> <10:56:32>  >>>> CYCLE
 <May06-2026> <10:56:32>              |Error|         MaxErr       Wt(A-DIIS)
 <May06-2026> <10:56:32>      1      0.00000000      0.00000000
 <May06-2026> <10:56:32>      2      0.03153787      0.03011049
 <May06-2026> <10:56:32>      3      0.00861799      0.00834303    100.0
 <May06-2026> <10:56:32>      4      0.00173235      0.00171862      0.7
 <May06-2026> <10:56:32>      5      0.00004367      0.00003977      0.0
 <May06-2026> <10:56:32>      6      0.00000238      0.00000216      0.0
 <May06-2026> <10:56:32>      7      0.00000001      0.00000001      0.0
 <May06-2026> <10:56:32>  SCF converged
 <May06-2026> <10:56:32>      8      0.00000000      0.00000000      0.0
 <May06-2026> <10:56:32>  >>>> POPAN
 <May06-2026> <10:56:32>  >>>> DEBYE
 <May06-2026> <10:56:32>  NORMAL TERMINATION
 <May06-2026> <10:56:32>  END
 <May06-2026> <10:56:32>  DIRAC 2019  RunTime: May06-2026 10:56:32  Nodes: 1  Procs: 1
 <May06-2026> <10:56:33>  NORMAL TERMINATION
 <May06-2026> <10:56:33>  END
 <May06-2026> <10:56:33>  ADF 2019  RunTime: May06-2026 10:56:33  Nodes: 1  Procs: 1
 <May06-2026> <10:56:33>  Phosphorus (TZP, 1s frozen)
 <May06-2026> <10:56:33>  RunType   : CREATE
 <May06-2026> <10:56:33>  Net Charge: 0 (Nuclei minus Electrons)
 <May06-2026> <10:56:33>  Symmetry  : ATOM
  Coordinates
    Atom         X           Y           Z   (Angstrom)
    1.P         0.000000    0.000000    0.000000
 <May06-2026> <10:56:33>  >>>> CORORT
 <May06-2026> <10:56:33>  >>>> CLSMAT
 <May06-2026> <10:56:33>  >>>> ORTHON
 <May06-2026> <10:56:33>  >>>> GENPT
 <May06-2026> <10:56:33>  Block Length=  76
 <May06-2026> <10:56:33>  >>>> PTBAS
 <May06-2026> <10:56:33>  >>>> CYCLE
 <May06-2026> <10:56:33>              |Error|         MaxErr       Wt(A-DIIS)
 <May06-2026> <10:56:33>      1      0.00000000      0.00000000
 <May06-2026> <10:56:33>      2     18.57419976      5.72946042    100.0
 <May06-2026> <10:56:33>      3      7.89224634      2.59295418    100.0
 <May06-2026> <10:56:33>      4      4.38717664      1.76162665    100.0
 <May06-2026> <10:56:33>      5      1.32434558      0.46695615    100.0
 <May06-2026> <10:56:33>      6      0.89465661      0.32855234    100.0
 <May06-2026> <10:56:33>      7      0.15275323      0.05676890     56.3
 <May06-2026> <10:56:33>      8      0.06211706      0.02306515     22.3
 <May06-2026> <10:56:33>      9      0.00895767      0.00340647      2.4
 <May06-2026> <10:56:33>     10      0.00016365      0.00006372      0.0
 <May06-2026> <10:56:33>     11      0.00000018      0.00000009      0.0
 <May06-2026> <10:56:33>     12      0.00000000      0.00000000      0.0
 <May06-2026> <10:56:33>  SCF converged
 <May06-2026> <10:56:33>     13      0.00000000      0.00000000      0.0
 <May06-2026> <10:56:33>  >>>> POPAN
 <May06-2026> <10:56:33>  >>>> DEBYE
 <May06-2026> <10:56:33>  NORMAL TERMINATION
 <May06-2026> <10:56:33>  END

 *******************************************************************************
 *                                                                             *
 *  -------------------------------------                                      *
 *   Amsterdam Density Functional  (ADF)         2019                          *
 *  -------------------------------------                                      *
 *                                               r74351 2019-04-25             *
 *                                                                             *
 *                                                                             *
 *                            =====================                            *
 *                            |                   |                            *
 *                            |     D I R A C     |                            *
 *                            |                   |                            *
 *                            =====================                            *
 *                                                                             *
 *                                                                             *
 *   Online information and documentation:  https://www.scm.com/support/       *
 *   E-mail:  support@scm.com   info@scm.com                                   *
 *                                                                             *
 *   Scientific publications using ADF results must be properly referenced     *
 *   See the User Manuals (or the web site) for recommended citations          *
 *   The terms and conditions of the End User License Agreement apply to       *
 *   the use of ADF, https://www.scm.com/license-terms/                        *
 *                                                                             *
 **********************  x86_64_linux_intel / intelmpi  ************************
 

  
 DIRAC 2019  RunTime: May06-2026 10:56:33  Nodes: 1  Procs: 1

 Temporary files are created in /scratch/kid_0.1987362929

1
 OXYGEN ATOM 1s CORE RELATIVISTIC, Point Nuc, A and c from li
 N J RN H ZN XION ANUC CLIGHT
 5000    4100.00000000197.36710137  8.00000000  0.00000000   15.994914  0.1370360E+03
  PH   PHI     EPS        DEL        DELRVR
  0.30  0.30     2500.00  0.00001000  0.00001000
 IDIRC  NC1  NDEBU NPRIN  IPUN IRCOR IWCOR
   1   300     0     0     0     0     1
   XALPHA      XLATTER      RNUC
  0.70000000  0.00000000  0.00000000 Point Charge
   XN   XL   XJ      XE          XZ      XDELL
  1.0  0.0  0.5      -5.000       2.000     0.00000
  2.0  0.0  0.5      -1.000       2.000     0.00000
  2.0  1.0  0.5      -1.000       2.000     0.00000
  2.0  1.0  1.5      -1.000       2.000     0.00000
 ICORP=  0  NPCL=  0  DEMP=0.00  PEPS=0.000000
 R(1)=  0.1000000E-08 D=  0.1005080E+01 RNUC=  0.0000000E+00
 converged at cycle   28  DENSITY AVERAGING    0.2400
  MAXIMUM ERROR IN R.V(R) IS   0.81125670E-05
 Q,EY,EV,EZ,ESUM,ETOT,RHO  0.800000E+01 -0.101247E+02 -0.114961E+03 -0.177573E+03 -0.405053E+02 -0.743427E+02  0.414766E-14


 DIRAC CALCULATION
1                    OXYGEN ATOM 1s CORE RELATIVISTIC, Point Nuc, A and c from libtc


 EXCHANGE COEFFICIENT=  0.7000000           TAIL CORRECTION=  0.           NUCLEAR RADIUS=  0.000E+00
0                       ORBITAL    N    L    J     ELECTRONS     EIGENVALUE                DELTA OF EIGENV.

                          1S1/2  1.0  0.0  0.5     2.000       -0.1880014E+02                 0.7264358E-06
                          2S1/2  2.0  0.0  0.5     2.000       -0.8412236E+00                 0.5932752E-05
                          2P1/2  2.0  1.0  0.5     2.000       -0.3063203E+00                 0.5998471E-05
                          2P3/2  2.0  1.0  1.5     2.000       -0.3049609E+00                 0.5986971E-05


                                        NUCLEAR CHARGE=    8.000000
                            INTEGRAL OF CHARGE DENSITY=    8.000000
                           SUM OF THE ORBITAL ENERGIES=    -40.5053
                                          TOTAL ENERGY=    -74.3427
                                        KINETIC ENERGY=     74.4552
                             NUCLEAR ATTRACTION ENERGY=   -177.5730
                             ELECTRON REPULSION ENERGY=     36.3686
                                       EXCHANGE ENERGY=     -7.5935

 *******************************************************************************

                             D I R A C   E X I T
 NORMAL TERMINATION



 =================
 Timing Statistics
 =================
  
 Total Used :                     CPU=        0.13      System=        0.00     Elapsed=        0.15

 Calls  Section                     ( Mean, Percentage )
 ---------------------------------------------------------------------------------------------------
     2  ><      ................      0.00    0.00             0.00    0.00             0.00    0.01
     1  EXIT PROCEDURE .........      0.13  100.00             0.00    0.00             0.15   99.99


 Currently Open Files (EXIT00)
 ====================

 Unit    Access Format  Status   Type       Ident (file)
 -------------------------------------------------------
   3      SEQ    FORM   TRANSP  NORMAL      LOGFILE
                                          ( logfile )
 
Create O   file=TZP-O.1s
XC
  GGA PBE
End
relativistic ZORA
Corepotentials t12.rel
End

 *******************************************************************************
 *                                                                             *
 *  -------------------------------------                                      *
 *   Amsterdam Density Functional  (ADF)         2019                          *
 *  -------------------------------------                                      *
 *                                               r74351 2019-04-25             *
 *                                                                             *
 *                                                                             *
 *                              =================                              *
 *                              |               |                              *
 *                              |     A D F     |                              *
 *                              |               |                              *
 *                              =================                              *
 *                                                                             *
 *                                                                             *
 *   Online information and documentation:  https://www.scm.com/support/       *
 *   E-mail:  support@scm.com   info@scm.com                                   *
 *                                                                             *
 *   Scientific publications using ADF results must be properly referenced     *
 *   See the User Manuals (or the web site) for recommended citations          *
 *   The terms and conditions of the End User License Agreement apply to       *
 *   the use of ADF, https://www.scm.com/license-terms/                        *
 *                                                                             *
 **********************  x86_64_linux_intel / intelmpi  ************************
 

  
 ADF 2019  RunTime: May06-2026 10:56:34  Nodes: 1  Procs: 1

 Temporary files are created in /scratch/kid_0.162665213

 Oxygen (TZP, 1s frozen)



 ===========================
 A T T A C H E D   F I L E S
 ===========================
  
 CREATE - Data File:    TZP-O.1s
                        Oxygen (TZP, 1s frozen)
 Core Potentials:
         file : t12.rel



 ===============================
 M O D E L   P A R A M E T E R S
 ===============================
  
 DENSITY FUNCTIONAL POTENTIAL (scf)
    LDA:                               PW92                                    == Not Default ==
    Gradient Corrections:              PBEc PBEx                               == Not Default ==

 SPIN  (restricted / unrestr.)
    Molecule:                          Restricted                               

 OTHER ASPECTS
    Relativistic Corrections:          scalar (ZORA,MAPA)                      == Not Default ==

    Nuclear Charge Density Model:      Point Charge Nuclei                      
    Core Treatment:                    Frozen Orbital(s)                        

    Hyperfine or Zeeman Interaction:   ---                                      



 =====================================
 S Y M M E T R Y ,   E L E C T R O N S
 =====================================
  
 Symmetry: ATOM

 Irreducible Representations, including subspecies
 -------------------------------------------------
 S
 P:x  P:y  P:z
 D:z2  D:x2-y2  D:xy  D:xz  D:yz
 F:z3  F:z  F:xyz  F:z2x  F:z2y  F:x  F:y


 Configuration of Valence Electrons
 ==================================

          Occupation Numbers
          -------------------------------------------------
 S        2
 P        4
 D        0
 F        0
          -------------------------------------------------

 Total:   6

 Net Charge: 0 (Nuclei minus Electrons)

 Preset values for MO occupations will be applied through SCF cycle no. 1000000
 Thereafter, the program will assign electrons to MOs that are spatially
 similar to the occupied MOs in a "reference" cycle ("KeepOrbitals").
 The reference cycle is always the PREVIOUS cycle: it will evolve with
 the SCF procedure.



 ================================
 (Slater-type)  F U N C T I O N S  ***  (Basis and Fit)  ***
 ================================
  

 Atom Type    1  (O)
 ==============

 Valence Basis Sets:   8
 -----------------------
   1 S    7.360000
   2 S    1.720000
   2 S    2.880000
   2 S    7.580000
   2 P    1.120000
   2 P    2.080000
   2 P    4.080000
   3 D    2.000000

 Frozen Core Shells
 ------------------
    S:  1


 BAS: List of all Elementary Cartesian Basis Functions
 =====================================================

 The numbering in the list below (to the right of the function characteristics) is referred
 to in print-outs of MO eigenvectors and Mulliken populations in the BAS representation
 (as contrasted to the SFO representation).

 Notes:
 1. The functions are characterized by a polynomial prefactor (powers of x,y,z and r) and
    an exponential decay factor alpha.
 2. Since the basis sets are specific for an atom TYPE, the individual functions occur on
    all atoms of that type.
 3. The word 'Core' in the left margin signals that it is a Core Function (CF) : not a
    degree of freedom in the valence set, but only used to ensure orthogonalization of
    the other valence basis functions on the frozen Core Orbitals.


 (power of) X  Y  Z  R     Alpha  on Atom
            ==========     =====     ==========

 O                                    1
                                  ---------------------------------------------------------------------------
    Core    0  0  0  0     7.360      1
            0  0  0  1     1.720      2
            0  0  0  1     2.880      3
            0  0  0  1     7.580      4
            1  0  0  0     1.120      5
            0  1  0  0     1.120      6
            0  0  1  0     1.120      7
            1  0  0  0     2.080      8
            0  1  0  0     2.080      9
            0  0  1  0     2.080     10
            1  0  0  0     4.080     11
            0  1  0  0     4.080     12
            0  0  1  0     4.080     13
            2  0  0  0     2.000     14
            1  1  0  0     2.000     15
            1  0  1  0     2.000     16
            0  2  0  0     2.000     17
            0  1  1  0     2.000     18
            0  0  2  0     2.000     19

 Total number of charge fitting functions (nprimf)        82
 Total number of Cartesian basis functions (naos)         19
 Total number of Cartesian core functions  (ncos)          1



 BAS: List of all Elementary Cartesian Basis Functions
 =====================================================

 The numbering in the list below (to the right of the function characteristics) is referred
 to in print-outs of MO eigenvectors and Mulliken populations in the BAS representation
 (as contrasted to the SFO representation).

 Notes:
 1. The functions are characterized by a polynomial prefactor (powers of x,y,z and r) and
    an exponential decay factor alpha.
 2. Since the basis sets are specific for an atom TYPE, the individual functions occur on
    all atoms of that type.
 3. The word 'Core' in the left margin signals that it is a Core Function (CF) : not a
    degree of freedom in the valence set, but only used to ensure orthogonalization of
    the other valence basis functions on the frozen Core Orbitals.


 (power of) X  Y  Z  R     Alpha  on Atom
            ==========     =====     ==========

 O                                    1
                                  ---------------------------------------------------------------------------
    Core    0  0  0  0     7.360      1
            0  0  0  1     1.720      2
            0  0  0  1     2.880      3
            0  0  0  1     7.580      4
            1  0  0  0     1.120      5
            0  1  0  0     1.120      6
            0  0  1  0     1.120      7
            1  0  0  0     2.080      8
            0  1  0  0     2.080      9
            0  0  1  0     2.080     10
            1  0  0  0     4.080     11
            0  1  0  0     4.080     12
            0  0  1  0     4.080     13
            2  0  0  0     2.000     14
            1  1  0  0     2.000     15
            1  0  1  0     2.000     16
            0  2  0  0     2.000     17
            0  1  1  0     2.000     18
            0  0  2  0     2.000     19
1
 ***************************************************************************************************



                                              ***********************
                                              *  T E C H N I C A L  *
                                              ***********************
  



 =============================================================
 P A R A L L E L I Z A T I O N  and  V E C T O R I Z A T I O N
 =============================================================
  
 Nr of parallel processes:                                1
 Maximum vector length in NumInt loops:                 128



 =====================
 S C F   U P D A T E S
 =====================
  
 Max. nr. of cycles:                               300
 Convergence criterion:                              0.0000000100
   secondary criterion:                              0.0000000100

 Mix parameter (when DIIS does not apply):           0.2000000000
 Special mix parameter for the first cycle:          1.0000000000
 Mixed ADIIS+SDIIS will be used                  
    Max number of expansion vectors:                10
    Pure ADIIS when Max([F,P]) is above              0.1000000000
    Pure SDIIS when Max([F,P]) is below              0.0010000000
 Automatic ElectronSmearing (in case of problematic SCF convergence) disabled



 =================
 P R E C I S I O N  ***  (General: NumInt, NeglectFunctionTails, ...)  ***
 =================
  

 NumInt:           Target precision:                12.0000000000
 -------           Initial precision:               10.0000000000
                   Min. precision (optimization):   10.0000000000

 Neglect Functions:          Basis functions:        0.1000000000E-13
 ------------------          Fit functions:          0.1000000000E-13



 ===========================
 L I N E A R   S C A L I N G
 ===========================
  

 Cut-off radii density fit:                        0.1000000000E-97
 Overlap cut-off criterion AO matrix elements:     0.1000000000E-97
 Cut-offs for Coulomb potential and fitted density:0.1000000000E-97
 Cut-off criterion for Coulomb multipole terms:    0.1000000000E-97
 Progressive Convergence parameter:                 0.000000000    
1
 ***************************************************************************************************



                                            ***************************
                                            *  C O M P U T A T I O N  *
                                            ***************************
  

 Number of elements of the density matrix on this node (used, total):       190       190



 ===========================================
 Numerical Integration : Fuzzy Cells (Becke)
 ===========================================
  
 Becke grid quality: VERYGOOD       
  
 Lebedev angular grid order:             min:  13 max:  41
 Nr. of radial points:                   min:  68 max:  68

 Total nr. of points:         68
 Nr. of blocks:                1
 Block length:                68
 Nr. of dummy points:          0


 Test of Precision of the Numerical Integration Grid
 ===================================================

 Integral of the Total Core Density:                   1.99999999865610
 Relative Error:                                      -6.720E-10



 ========================
 Density Fitting (zlmFit)
 ========================
  
 ZlmFit Fit Quality: VERYGOOD       
  
 Max L-expansion:                        min:   0 max:   0
 Nr. of radial interpolation points:     min: 140 max: 140



 =====
 S C F  ***  ScaSCF  ***
 =====
  

 CYCLE    1
 SCF Error: norm([F,P])=      0.000000000000, max([F,P])=      0.000000000000
 orbitals (Q,E):
 ---------------
 S :1...3            ( 2.00    -5.3654)  ( 0.00    -2.2073)  ( 0.00    23.6692)
 P :1...3            ( 4.00    -5.0045)  ( 0.00    -2.0150)  ( 0.00    -0.3846)
 D :1...1            ( 0.00    -2.0410)

 CYCLE    2
 SCF Error: norm([F,P])=      4.562993374873, max([F,P])=      2.528971113813
 orbitals (Q,E):
 ---------------
 S :1...2            ( 2.00    -0.1548)  ( 0.00     1.6948)
 P :1...2            ( 4.00     0.1773)  ( 0.00     0.9552)
 D :1...1            ( 0.00     1.4649)

 CYCLE    3
  SDIIS (wt  0.000):  0.3378  0.6622
 A-DIIS (wt  1.000):  0.4814  0.5186
  DIIS coefficients:  0.4814  0.5186
 SCF Error: norm([F,P])=      2.723155250500, max([F,P])=      1.798667049295
 orbitals (Q,E):
 ---------------
 S :1...2            ( 2.00    -1.1093)  ( 0.00     0.7549)
 P :1...2            ( 4.00    -0.5518)  ( 0.00     0.2590)
 D :1...1            ( 0.00     0.8910)

 CYCLE    4
  SDIIS (wt  0.000):  0.0919  0.9081
 A-DIIS (wt  1.000):  0.0000  1.0000
  DIIS coefficients:  0.0000  1.0000
 SCF Error: norm([F,P])=      0.289027138405, max([F,P])=      0.130648623511
 orbitals (Q,E):
 ---------------
 S :1...2            ( 2.00    -0.7707)  ( 0.00     0.9912)
 P :1...2            ( 4.00    -0.2284)  ( 0.00     0.4046)
 D :1...1            ( 0.00     1.1288)

 CYCLE    5
  SDIIS (wt  0.000):  0.0260  0.6740  0.3001
 A-DIIS (wt  1.000):  0.0000  0.5764  0.4236
  DIIS coefficients:  0.0000  0.5764  0.4236
 SCF Error: norm([F,P])=      0.416615089426, max([F,P])=      0.232643669786
 orbitals (Q,E):
 ---------------
 S :1...2            ( 2.00    -0.8764)  ( 0.00     0.9107)
 P :1...2            ( 4.00    -0.3280)  ( 0.00     0.3557)
 D :1...1            ( 0.00     1.0703)

 CYCLE    6
  SDIIS (wt  0.942):  0.0005  0.0237 -0.0203  0.9960
 A-DIIS (wt  0.058):  0.0000  0.0000  0.0000  1.0000
  DIIS coefficients:  0.0005  0.0224 -0.0191  0.9962
 SCF Error: norm([F,P])=      0.013723272809, max([F,P])=      0.006719036732
 orbitals (Q,E):
 ---------------
 S :1...2            ( 2.00    -0.8830)  ( 0.00     0.9058)
 P :1...2            ( 4.00    -0.3343)  ( 0.00     0.3521)
 D :1...1            ( 0.00     1.0657)

 CYCLE    7
  SDIIS (wt  1.000): -0.0000  0.0016  0.0023  0.0424  0.9537
  DIIS coefficients: -0.0000  0.0016  0.0023  0.0424  0.9537
 SCF Error: norm([F,P])=      0.001103645928, max([F,P])=      0.000634039171
 orbitals (Q,E):
 ---------------
 S :1...2            ( 2.00    -0.8827)  ( 0.00     0.9060)
 P :1...2            ( 4.00    -0.3340)  ( 0.00     0.3523)
 D :1...1            ( 0.00     1.0659)

 CYCLE    8
  SDIIS (wt  1.000): -0.0000 -0.0001  0.0000 -0.0032  0.0268  0.9765
  DIIS coefficients: -0.0000 -0.0001  0.0000 -0.0032  0.0268  0.9765
 SCF Error: norm([F,P])=      0.000035919805, max([F,P])=      0.000020263970
 orbitals (Q,E):
 ---------------
 S :1...2            ( 2.00    -0.8827)  ( 0.00     0.9060)
 P :1...2            ( 4.00    -0.3340)  ( 0.00     0.3522)
 D :1...1            ( 0.00     1.0659)

 CYCLE    9
  SDIIS (wt  1.000): -0.0000  0.0008  0.0188  0.9804
  DIIS coefficients: -0.0000  0.0008  0.0188  0.9804
 SCF Error: norm([F,P])=      0.000000326384, max([F,P])=      0.000000183924
 orbitals (Q,E):
 ---------------
 S :1...2            ( 2.00    -0.8827)  ( 0.00     0.9060)
 P :1...2            ( 4.00    -0.3340)  ( 0.00     0.3522)
 D :1...1            ( 0.00     1.0659)

 CYCLE   10
  SDIIS (wt  1.000):  0.0000  0.0003  0.9996
  DIIS coefficients:  0.0000  0.0003  0.9996
 SCF Error: norm([F,P])=      0.000000000559, max([F,P])=      0.000000000306
 orbitals (Q,E):
 ---------------
 S :1...2            ( 2.00    -0.8827)  ( 0.00     0.9060)
 P :1...2            ( 4.00    -0.3340)  ( 0.00     0.3522)
 D :1...1            ( 0.00     1.0659)

 SCF CONVERGED

 CYCLE   11
1
 ***************************************************************************************************



                                                *******************
                                                *  R E S U L T S  *
                                                *******************
  
 *** Using FIT density in Focky
  SDIIS (wt  1.000): -0.0000  0.0143  0.9857
  DIIS coefficients: -0.0000  0.0143  0.9857
 SCF Error: norm([F,P])=      0.000000000010, max([F,P])=      0.000000000006

 Scaled ZORA Orbital Energies, per Irrep and Spin:
 =================================================
                        Occup              E (au)              E (eV)       Diff (eV) with prev. cycle
                        -----      --------------------        ------       --------------------------
 S
               1        2.000     -0.88272313143209E+00       -24.020              -9.28E-11
               2        0.000      0.90601345014671E+00        24.654
               3        0.000      0.29578810816937E+02       804.880
 P
               1        4.000     -0.33400585272070E+00        -9.089              -8.94E-11
               2        0.000      0.35224911365993E+00         9.585
               3        0.000      0.38342927625315E+01       104.336
 D
               1        0.000      0.10658965783141E+01        29.005


 Partially Occupied:
               1 P                -0.33400585272070E+00
  
 HOMO :        1 S                -0.88272313143209E+00
 LUMO :        2 P                 0.35224911365993E+00
  


 Orbital Energies, all Irreps
 ========================================

 Irrep        no.  (spin)   Occup              E (au)                E (eV)
 ---------------------------------------------------------------------------
 S             1             2.00       -0.88272313143209E+00       -24.0201
 P             1             4.00       -0.33400585272070E+00        -9.0888
 P             2             0.00        0.35224911365993E+00         9.5852
 S             2             0.00        0.90601345014671E+00        24.6539
 D             1             0.00        0.10658965783141E+01        29.0045
 P             3             0.00        0.38342927625315E+01       104.3364
 S             3             0.00        0.29578810816937E+02       804.8804


 Scaled ZORA Orbital Energies of the Core Orbitals:
 ==================================================

 (Note that the atoms are grouped by atomtype, see the labels, and may hence NOT be in input order)

 AtomType  Orbital  Atom                   E (au)                        E (eV)
 --------  -------  ----           --------------------        ----------------
 O           1S        1          -0.18925919758629E+02                -515.000



 =======================================
 M U L L I K E N   P O P U L A T I O N S
 =======================================
  
 The survey below gives for each atom:
 a) the total charge (Z minus electrons)
 b) the net spin polarization (nr of electrons spin-A minus spin-B)
 c) for each spin the atomic electron valence density (integrated) per L-value.

 Atom              Charge    Spin density          S         P         D         F
 ----              ------    ------------       ------    ------    ------    ------
 1 O              -0.0000                       2.0000    4.0000    0.0000    0.0000

 Populations of individual BAS functions
 ----------------------------------------
 1 O            0.0005  0.9226  1.0966 -0.0196  0.3346  0.3346  0.3346  0.7512  0.7512  0.7512
                0.2476  0.2476  0.2476  0.0000  0.0000  0.0000  0.0000  0.0000  0.0000

 Gross Charges per Atom (Z minus electrons)
 ==========================================
            -0.0000
 Net Total: -0.00000000



 =======================================================================
 Electrostatic potential at the Nuclei due to electrons and other nuclei
 =======================================================================
  
         Atom                  Potential
         ----                  ---------
     1)   O                  22.20265662
 
 
 ========================
 No memory problems found
 ========================
 
 Maximum number of active allocate calls:         389
 
 *******************************************************************************

                             A D F   E X I T
 NORMAL TERMINATION



 =================
 Timing Statistics
 =================
  
 Total Used :                     CPU=        0.44      System=        0.04     Elapsed=        0.56

 Calls  Section                     ( Mean, Percentage )
 ---------------------------------------------------------------------------------------------------
     3  ><      ................      0.00    0.92             0.00    0.00             0.00    1.13
     1  INIT    ................      0.06   13.76             0.01   20.00             0.09   15.48
     1  GEOMET  ................      0.01    2.75             0.01   20.00             0.03    5.25
     1  INPUTA  ................      0.00    0.00             0.00   10.00             0.00    0.68
     1  MAINSY  ................      0.01    2.75             0.00    0.00             0.02    3.33
     1  SYMFIT  ................      0.00    0.00             0.00    0.00             0.00    0.29
     1  CORORT  ................      0.00    0.00             0.00    0.00             0.00    0.42
     1  SYMORB  ................      0.00    0.92             0.00    0.00             0.00    0.16
     1  CLSMAT  ................      0.00    0.92             0.00    0.00             0.01    1.19
     1  ORTHON  ................      0.00    0.92             0.00    0.00             0.01    1.21
     1  GENPT   ................      0.02    3.67             0.00    0.00             0.02    3.16
     1  PTBAS   ................      0.00    0.92             0.00    0.00             0.01    1.08
    11  FOCKY   ................      0.02   56.88             0.00   30.00             0.03   49.44
    11  FOCKTR  ................      0.00    1.83             0.00    0.00             0.00    1.13
    11  SDIIS   ................      0.00    4.59             0.00   20.00             0.00    8.21
     1  COREPS  ................      0.02    4.59             0.00    0.00             0.02    3.50
     1  POPAN   ................      0.00    0.92             0.00    0.00             0.01    1.14
     1  DEBYE   ................      0.00    0.00             0.00    0.00             0.00    0.50
     1  EXIT PROCEDURE .........      0.02    3.67             0.00    0.00             0.02    2.71


 Currently Open Files (EXIT00)
 ====================

 Unit    Access Format  Status   Type       Ident (file)
 -------------------------------------------------------
   3      SEQ    FORM   TRANSP  NORMAL      LOGFILE
                                          ( logfile )

 ***************************************************************************************************
 (LOGFILE)
 <May06-2026> <10:56:32>  DIRAC 2019  RunTime: May06-2026 10:56:32  Nodes: 1  Procs: 1
 <May06-2026> <10:56:32>  NORMAL TERMINATION
 <May06-2026> <10:56:32>  END
 <May06-2026> <10:56:32>  ADF 2019  RunTime: May06-2026 10:56:32  Nodes: 1  Procs: 1
 <May06-2026> <10:56:32>  Hydrogen (TZP)
 <May06-2026> <10:56:32>  RunType   : CREATE
 <May06-2026> <10:56:32>  Net Charge: 0 (Nuclei minus Electrons)
 <May06-2026> <10:56:32>  Symmetry  : ATOM
  Coordinates
    Atom         X           Y           Z   (Angstrom)
    1.H         0.000000    0.000000    0.000000
 <May06-2026> <10:56:32>  >>>> CORORT
 <May06-2026> <10:56:32>  >>>> CLSMAT
 <May06-2026> <10:56:32>  >>>> ORTHON
 <May06-2026> <10:56:32>  >>>> GENPT
 <May06-2026> <10:56:32>  Block Length=  64
 <May06-2026> <10:56:32>  >>>> PTBAS
 <May06-2026> <10:56:32>  >>>> CYCLE
 <May06-2026> <10:56:32>              |Error|         MaxErr       Wt(A-DIIS)
 <May06-2026> <10:56:32>      1      0.00000000      0.00000000
 <May06-2026> <10:56:32>      2      0.03153787      0.03011049
 <May06-2026> <10:56:32>      3      0.00861799      0.00834303    100.0
 <May06-2026> <10:56:32>      4      0.00173235      0.00171862      0.7
 <May06-2026> <10:56:32>      5      0.00004367      0.00003977      0.0
 <May06-2026> <10:56:32>      6      0.00000238      0.00000216      0.0
 <May06-2026> <10:56:32>      7      0.00000001      0.00000001      0.0
 <May06-2026> <10:56:32>  SCF converged
 <May06-2026> <10:56:32>      8      0.00000000      0.00000000      0.0
 <May06-2026> <10:56:32>  >>>> POPAN
 <May06-2026> <10:56:32>  >>>> DEBYE
 <May06-2026> <10:56:32>  NORMAL TERMINATION
 <May06-2026> <10:56:32>  END
 <May06-2026> <10:56:32>  DIRAC 2019  RunTime: May06-2026 10:56:32  Nodes: 1  Procs: 1
 <May06-2026> <10:56:33>  NORMAL TERMINATION
 <May06-2026> <10:56:33>  END
 <May06-2026> <10:56:33>  ADF 2019  RunTime: May06-2026 10:56:33  Nodes: 1  Procs: 1
 <May06-2026> <10:56:33>  Phosphorus (TZP, 1s frozen)
 <May06-2026> <10:56:33>  RunType   : CREATE
 <May06-2026> <10:56:33>  Net Charge: 0 (Nuclei minus Electrons)
 <May06-2026> <10:56:33>  Symmetry  : ATOM
  Coordinates
    Atom         X           Y           Z   (Angstrom)
    1.P         0.000000    0.000000    0.000000
 <May06-2026> <10:56:33>  >>>> CORORT
 <May06-2026> <10:56:33>  >>>> CLSMAT
 <May06-2026> <10:56:33>  >>>> ORTHON
 <May06-2026> <10:56:33>  >>>> GENPT
 <May06-2026> <10:56:33>  Block Length=  76
 <May06-2026> <10:56:33>  >>>> PTBAS
 <May06-2026> <10:56:33>  >>>> CYCLE
 <May06-2026> <10:56:33>              |Error|         MaxErr       Wt(A-DIIS)
 <May06-2026> <10:56:33>      1      0.00000000      0.00000000
 <May06-2026> <10:56:33>      2     18.57419976      5.72946042    100.0
 <May06-2026> <10:56:33>      3      7.89224634      2.59295418    100.0
 <May06-2026> <10:56:33>      4      4.38717664      1.76162665    100.0
 <May06-2026> <10:56:33>      5      1.32434558      0.46695615    100.0
 <May06-2026> <10:56:33>      6      0.89465661      0.32855234    100.0
 <May06-2026> <10:56:33>      7      0.15275323      0.05676890     56.3
 <May06-2026> <10:56:33>      8      0.06211706      0.02306515     22.3
 <May06-2026> <10:56:33>      9      0.00895767      0.00340647      2.4
 <May06-2026> <10:56:33>     10      0.00016365      0.00006372      0.0
 <May06-2026> <10:56:33>     11      0.00000018      0.00000009      0.0
 <May06-2026> <10:56:33>     12      0.00000000      0.00000000      0.0
 <May06-2026> <10:56:33>  SCF converged
 <May06-2026> <10:56:33>     13      0.00000000      0.00000000      0.0
 <May06-2026> <10:56:33>  >>>> POPAN
 <May06-2026> <10:56:33>  >>>> DEBYE
 <May06-2026> <10:56:33>  NORMAL TERMINATION
 <May06-2026> <10:56:33>  END
 <May06-2026> <10:56:33>  DIRAC 2019  RunTime: May06-2026 10:56:33  Nodes: 1  Procs: 1
 <May06-2026> <10:56:34>  NORMAL TERMINATION
 <May06-2026> <10:56:34>  END
 <May06-2026> <10:56:34>  ADF 2019  RunTime: May06-2026 10:56:34  Nodes: 1  Procs: 1
 <May06-2026> <10:56:34>  Oxygen (TZP, 1s frozen)
 <May06-2026> <10:56:34>  RunType   : CREATE
 <May06-2026> <10:56:34>  Net Charge: 0 (Nuclei minus Electrons)
 <May06-2026> <10:56:34>  Symmetry  : ATOM
  Coordinates
    Atom         X           Y           Z   (Angstrom)
    1.O         0.000000    0.000000    0.000000
 <May06-2026> <10:56:34>  >>>> CORORT
 <May06-2026> <10:56:34>  >>>> CLSMAT
 <May06-2026> <10:56:34>  >>>> ORTHON
 <May06-2026> <10:56:34>  >>>> GENPT
 <May06-2026> <10:56:34>  Block Length=  68
 <May06-2026> <10:56:34>  >>>> PTBAS
 <May06-2026> <10:56:34>  >>>> CYCLE
 <May06-2026> <10:56:34>              |Error|         MaxErr       Wt(A-DIIS)
 <May06-2026> <10:56:34>      1      0.00000000      0.00000000
 <May06-2026> <10:56:34>      2      4.56299337      2.52897111
 <May06-2026> <10:56:34>      3      2.72315525      1.79866705    100.0
 <May06-2026> <10:56:34>      4      0.28902714      0.13064862    100.0
 <May06-2026> <10:56:34>      5      0.41661509      0.23264367    100.0
 <May06-2026> <10:56:34>      6      0.01372327      0.00671904      5.8
 <May06-2026> <10:56:34>      7      0.00110365      0.00063404      0.0
 <May06-2026> <10:56:34>      8      0.00003592      0.00002026      0.0
 <May06-2026> <10:56:34>      9      0.00000033      0.00000018      0.0
 <May06-2026> <10:56:34>     10      0.00000000      0.00000000      0.0
 <May06-2026> <10:56:34>  SCF converged
 <May06-2026> <10:56:34>     11      0.00000000      0.00000000      0.0
 <May06-2026> <10:56:34>  >>>> POPAN
 <May06-2026> <10:56:34>  >>>> DEBYE
 <May06-2026> <10:56:34>  NORMAL TERMINATION
 <May06-2026> <10:56:34>  END


 Parallel Execution: Process Information
 ==============================================================================
 Rank   Node Name                              NodeID   MyNodeRank  NodeMaster
    0   kimik2197                                 0          0          0
    1   kimik2197                                 0          1         -1
    2   kimik2197                                 0          2         -1
    3   kimik2197                                 0          3         -1
    4   kimik2197                                 0          4         -1
    5   kimik2197                                 0          5         -1
    6   kimik2197                                 0          6         -1
    7   kimik2197                                 0          7         -1
    8   kimik2197                                 0          8         -1
    9   kimik2197                                 0          9         -1
   10   kimik2197                                 0         10         -1
   11   kimik2197                                 0         11         -1
   12   kimik2197                                 0         12         -1
   13   kimik2197                                 0         13         -1
   14   kimik2197                                 0         14         -1
   15   kimik2197                                 0         15         -1
   16   kimik2197                                 0         16         -1
   17   kimik2197                                 0         17         -1
   18   kimik2197                                 0         18         -1
   19   kimik2197                                 0         19         -1
   20   kimik2197                                 0         20         -1
   21   kimik2197                                 0         21         -1
   22   kimik2197                                 0         22         -1
   23   kimik2197                                 0         23         -1
 ==============================================================================


May use up to 61492MB of RAM as shared memory on node 0
 
AnalyticalFreq
end

NumericalQuality Good

QTAIM
    Enabled Yes
End

Relativistic Scalar ZORA

SOLVATION
  Surf Delley
  Solv name=Water cav0=0.0 cav1=0.0067639
  Charged method=CONJ
  C-Mat POT
  SCF VAR ALL
  CSMRSP
  Radii
    H=1.30
    O=1.72
    Mo=1.992
    Ta=2.025
    W=1.992
    V=1.908
    Nb=2.025
  P=2.13
    I=2.32
    Si=2.480
    As=1.967
    C=2.00
    Na=2.250
U=2.100
    SubEnd
end

ScanFreq -1000 0

XC
  GGA PBE
end

atoms
      1         P     -0.901825      0.496929     -0.068811
      2         O     -1.200469     -1.143208     -0.047190
      3         O     -0.339030      2.089064     -0.071483
      4         O     -2.375186      0.866448     -0.171024
      5         O      0.704375      0.083688      0.044345
      6         H     -1.142912      2.649337     -0.137043
      7         H      1.249978      0.901241      0.059439
      8         H     -0.354253     -1.637572      0.015017
end

charge 0

geometry
end

Fragments
H t21.H
P t21.P
O t21.O
End

 *******************************************************************************
 *                                                                             *
 *  -------------------------------------                                      *
 *   Amsterdam Density Functional  (ADF)         2019                          *
 *  -------------------------------------                                      *
 *                                               r74351 2019-04-25             *
 *                                                                             *
 *                                                                             *
 *                              =================                              *
 *                              |               |                              *
 *                              |     A D F     |                              *
 *                              |               |                              *
 *                              =================                              *
 *                                                                             *
 *                                                                             *
 *   Online information and documentation:  https://www.scm.com/support/       *
 *   E-mail:  support@scm.com   info@scm.com                                   *
 *                                                                             *
 *   Scientific publications using ADF results must be properly referenced     *
 *   See the User Manuals (or the web site) for recommended citations          *
 *   The terms and conditions of the End User License Agreement apply to       *
 *   the use of ADF, https://www.scm.com/license-terms/                        *
 *                                                                             *
 **********************  x86_64_linux_intel / intelmpi  ************************
 

  
 ADF 2019  RunTime: May06-2026 10:56:35  Nodes: 1  Procs: 24

 Temporary files are created in /scratch/kid_0.2117949165


Communication costs MPI_COMM_WORLD:      3.075 usec per message,   0.0128 usec per 8-byte item
Communication costs for intra-node:      3.049 usec per message,   0.0128 usec per 8-byte item

 *** (NO TITLE) ***



 ===========================
 A T T A C H E D   F I L E S
 ===========================
  



 ===============================
 M O D E L   P A R A M E T E R S
 ===============================
  
 DENSITY FUNCTIONAL POTENTIAL (scf)
    LDA:                               PW92                                    == Not Default ==
    Gradient Corrections:              PBEc PBEx                               == Not Default ==

 SPIN  (restricted / unrestr.)
    Molecule:                          Restricted                               
    Fragments:                         Restricted                               

 OTHER ASPECTS
    Relativistic Corrections:          scalar (ZORA,MAPA)                      == Not Default ==

    Nuclear Charge Density Model:      Point Charge Nuclei                      
    Core Treatment:                    Frozen Orbital(s)                        

    Hyperfine or Zeeman Interaction:   ---                                      

 SOLVATION
-------------------------------------------

  The Delley construction of COSMO surface surface is calculated

       Division Level for Surface Triangles (NDIV)                  3
       Final Division Level for Triangles (NFDIV)                   1
       Radius of the Solvent (RSOL)                           1.93000 angstr
  Dielectric Constant (EPSL)                                 78.39000

       COSMO equation is solved iteratively-               conjugate-gradient

       Maximun of Iterations for Charges (NCIX)                  1000
       Criterion for Charge convergence (CCNV)                1.0E-08

  COSMO charges included variationally in SCF

       COSMO included at every SCF cycle

  Geometry-dependent empirical factor                         0.00000

  C-Matrix calculated in cspmtx

  In cspmtx, C-Matrix calculated using fitted potential

-------------------------------------------



 Fragment File(s)
 ----------------
 P:
         file : t21.P
         jobid: ADF 2019  RunTime: May06-2026 10:56:33  Nodes: 1  Procs: 1
         title: Phosphorus (TZP, 1s frozen)
 O:
         file : t21.O
         jobid: ADF 2019  RunTime: May06-2026 10:56:34  Nodes: 1  Procs: 1
         title: Oxygen (TZP, 1s frozen)
 H:
         file : t21.H
         jobid: ADF 2019  RunTime: May06-2026 10:56:32  Nodes: 1  Procs: 1
         title: Hydrogen (TZP)



                                   *********************************************
                                   *  R U N   T Y P E : GEOMETRY OPTIMIZATION  *
                                   *********************************************
  



 ===============
 G E O M E T R Y  ***  3D  Molecule  ***
 ===============
  

 ATOMS
 =====                            X Y Z                    CHARGE                     RADIUS
                                (Angstrom)             Nucl     +Core       At.Mass (Angstrom)
                       --------------------------    ----------------       ------- ----------
    1  P              -0.9018    0.4969   -0.0688     15.00     13.00       30.9738    2.1300
    2  O              -1.2005   -1.1432   -0.0472      8.00      6.00       15.9949    1.7200
    3  O              -0.3390    2.0891   -0.0715      8.00      6.00       15.9949    1.7200
    4  O              -2.3752    0.8664   -0.1710      8.00      6.00       15.9949    1.7200
    5  O               0.7044    0.0837    0.0443      8.00      6.00       15.9949    1.7200
    6  H              -1.1429    2.6493   -0.1370      1.00      1.00        1.0078    1.3000
    7  H               1.2500    0.9012    0.0594      1.00      1.00        1.0078    1.3000
    8  H              -0.3543   -1.6376    0.0150      1.00      1.00        1.0078    1.3000


 FRAGMENTS
 =========                                     Atoms in this Fragment     Cart. coord.s (Angstrom)
                                               -------------------------------------------------------
    1  P                                                 1  P           -0.9018    0.4969   -0.0688
    2  O                                                 2  O           -1.2005   -1.1432   -0.0472
    3  O                                                 3  O           -0.3390    2.0891   -0.0715
    4  O                                                 4  O           -2.3752    0.8664   -0.1710
    5  O                                                 5  O            0.7044    0.0837    0.0443
    6  H                                                 6  H           -1.1429    2.6493   -0.1370
    7  H                                                 7  H            1.2500    0.9012    0.0594
    8  H                                                 8  H           -0.3543   -1.6376    0.0150


 Interatomic Distance Matrix (Angstrom)
 --------------------------------------

   1)     0.000
   2)     1.667   0.000
   3)     1.689   3.345   0.000
   4)     1.522   2.331   2.377   0.000
   5)     1.662   2.268   2.264   3.185   0.000
   6)     2.167   3.794   0.982   2.168   3.167   0.000
   7)     2.193   3.193   1.988   3.633   0.983   2.970   0.000
   8)     2.205   0.982   3.728   3.223   2.021   4.362   3.004   0.000

 Min. Distance =    0.9820
 Max. Distance =    4.3615



 =====================================
 S Y M M E T R Y ,   E L E C T R O N S
 =====================================
  
 Symmetry: NOSYM

 Irreducible Representations, including subspecies
 -------------------------------------------------
 A


 Configuration of Valence Electrons
 ==================================
 ( determined in the SCF procedure )

 Total:   40

 Net Charge: 0 (Nuclei minus Electrons)

 Aufbau principle for MO occupations will be applied through SCF cycle no.     150
 Thereafter, the program will assign electrons to MOs that are spatially
 similar to the occupied MOs in a "reference" cycle ("KeepOrbitals").
 The reference cycle is always the PREVIOUS cycle: it will evolve with
 the SCF procedure.
1
 ***************************************************************************************************



                                      ****************************************
                                      *  B U I L D : (Fragments, Functions)  *
                                      ****************************************
  

 Total nr. of (C)SFOs (summation over all irreps) :   111

 Specify PRINT SFO in the input file to get a full list

 Nr. of SFOs for ir.rep.           A :   111



 ================================
 (Slater-type)  F U N C T I O N S  ***  (Basis and Fit)  ***
 ================================
  

 Atom Type    1  (P)
 ==============

 Valence Basis Sets:  12
 -----------------------
   1 S   12.550000
   2 S    5.600000
   2 S    4.050000
   2 P    7.450000
   2 P    4.100000
   3 S    1.300000
   3 S    1.850000
   3 S    2.650000
   3 P    0.850000
   3 P    1.300000
   3 P    2.050000
   3 D    1.900000

 Frozen Core Shells
 ------------------
    S:  1

 Atom Type    2  (O)
 ==============

 Valence Basis Sets:   8
 -----------------------
   1 S    7.360000
   2 S    1.720000
   2 S    2.880000
   2 S    7.580000
   2 P    1.120000
   2 P    2.080000
   2 P    4.080000
   3 D    2.000000

 Frozen Core Shells
 ------------------
    S:  1

 Atom Type    3  (H)
 ==============

 Valence Basis Sets:   4
 -----------------------
   1 S    0.690000
   1 S    0.920000
   1 S    1.580000
   2 P    1.250000


 BAS: List of all Elementary Cartesian Basis Functions
 =====================================================

 The numbering in the list below (to the right of the function characteristics) is referred
 to in print-outs of MO eigenvectors and Mulliken populations in the BAS representation
 (as contrasted to the SFO representation).

 Notes:
 1. The functions are characterized by a polynomial prefactor (powers of x,y,z and r) and
    an exponential decay factor alpha.
 2. Since the basis sets are specific for an atom TYPE, the individual functions occur on
    all atoms of that type.
 3. The word 'Core' in the left margin signals that it is a Core Function (CF) : not a
    degree of freedom in the valence set, but only used to ensure orthogonalization of
    the other valence basis functions on the frozen Core Orbitals.


 (power of) X  Y  Z  R     Alpha  on Atom
            ==========     =====     ==========

 P                                    1
                                  ---------------------------------------------------------------------------
    Core    0  0  0  0    12.550      1
            0  0  0  1     5.600      2
            0  0  0  1     4.050      3
            1  0  0  0     7.450      4
            0  1  0  0     7.450      5
            0  0  1  0     7.450      6
            1  0  0  0     4.100      7
            0  1  0  0     4.100      8
            0  0  1  0     4.100      9
            0  0  0  2     1.300     10
            0  0  0  2     1.850     11
            0  0  0  2     2.650     12
            1  0  0  1     0.850     13
            0  1  0  1     0.850     14
            0  0  1  1     0.850     15
            1  0  0  1     1.300     16
            0  1  0  1     1.300     17
            0  0  1  1     1.300     18
            1  0  0  1     2.050     19
            0  1  0  1     2.050     20
            0  0  1  1     2.050     21
            2  0  0  0     1.900     22
            1  1  0  0     1.900     23
            1  0  1  0     1.900     24
            0  2  0  0     1.900     25
            0  1  1  0     1.900     26
            0  0  2  0     1.900     27

 O                                    2    3    4    5
                                  ---------------------------------------------------------------------------
    Core    0  0  0  0     7.360     28   47   66   85
            0  0  0  1     1.720     29   48   67   86
            0  0  0  1     2.880     30   49   68   87
            0  0  0  1     7.580     31   50   69   88
            1  0  0  0     1.120     32   51   70   89
            0  1  0  0     1.120     33   52   71   90
            0  0  1  0     1.120     34   53   72   91
            1  0  0  0     2.080     35   54   73   92
            0  1  0  0     2.080     36   55   74   93
            0  0  1  0     2.080     37   56   75   94
            1  0  0  0     4.080     38   57   76   95
            0  1  0  0     4.080     39   58   77   96
            0  0  1  0     4.080     40   59   78   97
            2  0  0  0     2.000     41   60   79   98
            1  1  0  0     2.000     42   61   80   99
            1  0  1  0     2.000     43   62   81  100
            0  2  0  0     2.000     44   63   82  101
            0  1  1  0     2.000     45   64   83  102
            0  0  2  0     2.000     46   65   84  103

 H                                    6    7    8
                                  ---------------------------------------------------------------------------
            0  0  0  0     0.690    104  110  116
            0  0  0  0     0.920    105  111  117
            0  0  0  0     1.580    106  112  118
            1  0  0  0     1.250    107  113  119
            0  1  0  0     1.250    108  114  120
            0  0  1  0     1.250    109  115  121

 Total number of charge fitting functions (nprimf)       584
 Total number of Cartesian basis functions (naos)        121
 Total number of Cartesian core functions  (ncos)          5



 Coordinates (Cartesian)
 =======================

     Atom                    bohr                                 angstrom                 Geometric Variables
                   X           Y           Z              X           Y           Z       (0:frozen, *:LT par.)
 --------------------------------------------------------------------------------------------------------------
     1 P      -1.704202    0.939060   -0.130034      -0.901825    0.496929   -0.068811      1       2       3
     2 O      -2.268558   -2.160350   -0.089176      -1.200469   -1.143208   -0.047190      4       5       6
     3 O      -0.640674    3.947759   -0.135083      -0.339030    2.089064   -0.071483      7       8       9
     4 O      -4.488451    1.637349   -0.323189      -2.375186    0.866448   -0.171024     10      11      12
     5 O       1.331076    0.158147    0.083800       0.704375    0.083688    0.044345     13      14      15
     6 H      -2.159791    5.006521   -0.258974      -1.142912    2.649337   -0.137043     16      17      18
     7 H       2.362116    1.703099    0.112323       1.249978    0.901241    0.059439     19      20      21
     8 H      -0.669441   -3.094563    0.028378      -0.354253   -1.637572    0.015017     22      23      24
 --------------------------------------------------------------------------------------------------------------
1
 ***************************************************************************************************



                                              ***********************
                                              *  T E C H N I C A L  *
                                              ***********************
  



 =============================================================
 P A R A L L E L I Z A T I O N  and  V E C T O R I Z A T I O N
 =============================================================
  
 Nr of parallel processes:                               24
 Maximum vector length in NumInt loops:                 128



 ===============================
 G E O M E T R Y   U P D A T E S
 ===============================
  
 Optimization coordinates:                       Delocalized
 Optimization code branch:                       NEW
 Hessian update method:                          BFGS (Broyden-Fletcher-Goldfarb-Shanno)

 Iterative Geometry Improvements:
    Max. nr. of iterations:                         48
    Convergence criteria:
         Change in energy (hartree):                 0.0010000000
         Gradients (au/Angstrom):                    0.0010000000
         Cart/bondlength changes (Angstrom):         0.0100000000
    Max. step to take:
         Trust Radius:                               0.2000000000

 GDIIS (Geometry Direct Inversion in Iteration Space):
    First geometry cycle:                            0
    Max. number expansion vectors:                   5



 =====================
 S C F   U P D A T E S
 =====================
  
 Max. nr. of cycles:                               300
 Convergence criterion:                              0.0000010000
   secondary criterion:                              0.0010000000

 Mix parameter (when DIIS does not apply):           0.2000000000
 Mixed ADIIS+SDIIS will be used                  
    Max number of expansion vectors:                10
    Pure ADIIS when Max([F,P]) is above              0.1000000000
    Pure SDIIS when Max([F,P]) is below              0.0010000000



 =================
 P R E C I S I O N  ***  (General: NumInt, NeglectFunctionTails, ...)  ***
 =================
  

 NumInt:           Target precision:                 6.0000000000
 -------           Initial precision:                6.0000000000
                   Min. precision (optimization):    6.0000000000

 Neglect Functions:          Basis functions:        0.1000000000E-07
 ------------------          Fit functions:          0.1000000000E-07



 ===========================
 L I N E A R   S C A L I N G
 ===========================
  

 Cut-off radii density fit:                        0.1000000000E-09
 Overlap cut-off criterion AO matrix elements:     0.1000000000E-07
 Cut-offs for Coulomb potential and fitted density:0.1000000000E-09
 Cut-off criterion for Coulomb multipole terms:    0.1000000000E-09
 Progressive Convergence parameter:                 0.000000000    
1
 ***************************************************************************************************



                                            ***************************
                                            *  C O M P U T A T I O N  *
                                            ***************************
  

 Number of elements of the density matrix on this node (used, total):       378      7381



 ===========================================
 Numerical Integration : Fuzzy Cells (Becke)
 ===========================================
  
 Becke grid quality: GOOD           
  
 Lebedev angular grid order:             min:  11 max:  35
 Nr. of radial points:                   min:  54 max:  65

 Total nr. of points:     102108
 Nr. of blocks:              798
 Block length:               128
 Nr. of dummy points:         36


 Test of Precision of the Numerical Integration Grid
 ===================================================

 Integral of the Total Core Density:                  10.00000119547579
 Relative Error:                                       1.195E-07


 -------------------------------------------
  COSMO surface
  Area             =          372.024
  Volume           =          591.025
  Number of Points =          945
 -------------------------------------------



 ========================
 Density Fitting (zlmFit)
 ========================
  
 ZlmFit Fit Quality: GOOD           
  
 Max L-expansion:                        min:   7 max:   9
 Nr. of radial interpolation points:     min:  72 max: 114



 =====
 S C F  ***  ScaSCF  ***
 =====
  
 Initial density matrix is calculated as sum of fragments

 CYCLE    1
 SCF Error: norm([F,P])=      2.410702176115, max([F,P])=      0.614994178542
 orbitals (Q,E):
 ---------------
 A :11...30          ( 2.00    -0.6170)  ( 2.00    -0.5475)  ( 2.00    -0.4971)  ( 2.00    -0.4916)
                     ( 2.00    -0.4746)  ( 2.00    -0.4669)  ( 2.00    -0.4476)  ( 2.00    -0.4437)
                     ( 2.00    -0.4153)  ( 2.00    -0.4085)  ( 0.00    -0.1643)  ( 0.00    -0.1389)
                     ( 0.00    -0.0466)  ( 0.00    -0.0322)  ( 0.00    -0.0144)  ( 0.00     0.0499)
                     ( 0.00     0.0579)  ( 0.00     0.1099)  ( 0.00     0.1115)  ( 0.00     0.1539)

 CYCLE    2
  SDIIS (wt  0.000):  0.2970  0.7030
 A-DIIS (wt  1.000):  0.7686  0.2314
  DIIS coefficients:  0.7686  0.2314
 SCF Error: norm([F,P])=      1.497028053728, max([F,P])=      0.305537504865
 orbitals (Q,E):
 ---------------
 A :11...21          ( 2.00    -0.5614)  ( 2.00    -0.4780)  ( 2.00    -0.4487)  ( 2.00    -0.4208)
                     ( 2.00    -0.4077)  ( 2.00    -0.3931)  ( 2.00    -0.3810)  ( 2.00    -0.3735)
                     ( 2.00    -0.3347)  ( 2.00    -0.3165)  ( 0.00    -0.1423)

 CYCLE    3
  SDIIS (wt  0.000):  0.0076 -0.4036  1.3960
 A-DIIS (wt  1.000):  0.4598  0.0000  0.5402
  DIIS coefficients:  0.4598  0.0000  0.5402
 SCF Error: norm([F,P])=      0.462434873282, max([F,P])=      0.089783656611
 orbitals (Q,E):
 ---------------
 A :11...21          ( 2.00    -0.5282)  ( 2.00    -0.4452)  ( 2.00    -0.4230)  ( 2.00    -0.3861)
                     ( 2.00    -0.3720)  ( 2.00    -0.3588)  ( 2.00    -0.3437)  ( 2.00    -0.3429)
                     ( 2.00    -0.3008)  ( 2.00    -0.2829)  ( 0.00    -0.1244)

 CYCLE    4
  SDIIS (wt  0.470): -0.1728  0.2154  0.9574
 A-DIIS (wt  0.530):  0.0000  0.0000  1.0000
  DIIS coefficients: -0.0812  0.1012  0.9800
 SCF Error: norm([F,P])=      0.189532941379, max([F,P])=      0.053463939194
 orbitals (Q,E):
 ---------------
 A :11...21          ( 2.00    -0.4932)  ( 2.00    -0.4007)  ( 2.00    -0.3956)  ( 2.00    -0.3461)
                     ( 2.00    -0.3334)  ( 2.00    -0.3117)  ( 2.00    -0.3105)  ( 2.00    -0.3002)
                     ( 2.00    -0.2523)  ( 2.00    -0.2191)  ( 0.00    -0.1035)

 CYCLE    5
  SDIIS (wt  0.000):  0.0812 -0.4032  0.9339  0.3881
 A-DIIS (wt  1.000):  0.0000  0.0000  0.6738  0.3262
  DIIS coefficients:  0.0000  0.0000  0.6738  0.3262
 SCF Error: norm([F,P])=      0.331972709579, max([F,P])=      0.097072547445
 orbitals (Q,E):
 ---------------
 A :11...21          ( 2.00    -0.4948)  ( 2.00    -0.4101)  ( 2.00    -0.3977)  ( 2.00    -0.3508)
                     ( 2.00    -0.3367)  ( 2.00    -0.3230)  ( 2.00    -0.3110)  ( 2.00    -0.3085)
                     ( 2.00    -0.2650)  ( 2.00    -0.2437)  ( 0.00    -0.1056)

 CYCLE    6
  SDIIS (wt  0.742):  0.0504  0.1057 -0.0447  0.2317  0.6570
 A-DIIS (wt  0.258):  0.0000  0.0000  0.2135  0.0186  0.7678
  DIIS coefficients:  0.0374  0.0784  0.0220  0.1766  0.6856
 SCF Error: norm([F,P])=      0.116712111226, max([F,P])=      0.026569257248
 orbitals (Q,E):
 ---------------
 A :11...21          ( 2.00    -0.5035)  ( 2.00    -0.4155)  ( 2.00    -0.4021)  ( 2.00    -0.3589)
                     ( 2.00    -0.3456)  ( 2.00    -0.3299)  ( 2.00    -0.3212)  ( 2.00    -0.3144)
                     ( 2.00    -0.2716)  ( 2.00    -0.2446)  ( 0.00    -0.1081)

 CYCLE    7
  SDIIS (wt  0.882):  0.0097  0.1623 -0.2270  0.0062  0.6091  0.4396
 A-DIIS (wt  0.118):  0.0000  0.0000  0.0000  0.0000  0.2844  0.7156
  DIIS coefficients:  0.0086  0.1432 -0.2002  0.0054  0.5708  0.4722
 SCF Error: norm([F,P])=      0.064592699927, max([F,P])=      0.012689072042
 orbitals (Q,E):
 ---------------
 A :11...21          ( 2.00    -0.5019)  ( 2.00    -0.4156)  ( 2.00    -0.4021)  ( 2.00    -0.3583)
                     ( 2.00    -0.3449)  ( 2.00    -0.3297)  ( 2.00    -0.3178)  ( 2.00    -0.3163)
                     ( 2.00    -0.2716)  ( 2.00    -0.2472)  ( 0.00    -0.1084)

 CYCLE    8
  SDIIS (wt  0.980):  0.0009  0.0476 -0.0639 -0.0173  0.2532  0.3350  0.4444
 A-DIIS (wt  0.020):  0.0000  0.0000  0.0000  0.0000  0.0000  0.0000  1.0000
  DIIS coefficients:  0.0009  0.0467 -0.0626 -0.0169  0.2482  0.3285  0.4552
 SCF Error: norm([F,P])=      0.011378969629, max([F,P])=      0.002938452709
 orbitals (Q,E):
 ---------------
 A :11...21          ( 2.00    -0.5021)  ( 2.00    -0.4156)  ( 2.00    -0.4021)  ( 2.00    -0.3581)
                     ( 2.00    -0.3446)  ( 2.00    -0.3297)  ( 2.00    -0.3182)  ( 2.00    -0.3156)
                     ( 2.00    -0.2716)  ( 2.00    -0.2471)  ( 0.00    -0.1086)

 CYCLE    9
  SDIIS (wt  1.000):  0.0001  0.0015  0.0009 -0.0091  0.0612  0.1232  0.2642  0.5580
  DIIS coefficients:  0.0001  0.0015  0.0009 -0.0091  0.0612  0.1232  0.2642  0.5580
 SCF Error: norm([F,P])=      0.002410359731, max([F,P])=      0.000387890595
 orbitals (Q,E):
 ---------------
 A :11...21          ( 2.00    -0.5020)  ( 2.00    -0.4154)  ( 2.00    -0.4020)  ( 2.00    -0.3580)
                     ( 2.00    -0.3445)  ( 2.00    -0.3296)  ( 2.00    -0.3180)  ( 2.00    -0.3156)
                     ( 2.00    -0.2715)  ( 2.00    -0.2470)  ( 0.00    -0.1084)

 CYCLE   10
  SDIIS (wt  1.000):  0.0001 -0.0007  0.0025 -0.0044  0.0262  0.0580  0.1331  0.3090  0.4761
  DIIS coefficients:  0.0001 -0.0007  0.0025 -0.0044  0.0262  0.0580  0.1331  0.3090  0.4761
 SCF Error: norm([F,P])=      0.000388418673, max([F,P])=      0.000097063415
 orbitals (Q,E):
 ---------------
 A :11...21          ( 2.00    -0.5020)  ( 2.00    -0.4155)  ( 2.00    -0.4020)  ( 2.00    -0.3580)
                     ( 2.00    -0.3445)  ( 2.00    -0.3296)  ( 2.00    -0.3180)  ( 2.00    -0.3156)
                     ( 2.00    -0.2715)  ( 2.00    -0.2470)  ( 0.00    -0.1084)

 CYCLE   11
  SDIIS (wt  1.000):  0.0001 -0.0009  0.0017 -0.0012  0.0057  0.0155  0.0381  0.0958  0.3561  0.4891
  DIIS coefficients:  0.0001 -0.0009  0.0017 -0.0012  0.0057  0.0155  0.0381  0.0958  0.3561  0.4891
 SCF Error: norm([F,P])=      0.000221398455, max([F,P])=      0.000061883318
 orbitals (Q,E):
 ---------------
 A :11...21          ( 2.00    -0.5020)  ( 2.00    -0.4155)  ( 2.00    -0.4020)  ( 2.00    -0.3580)
                     ( 2.00    -0.3445)  ( 2.00    -0.3296)  ( 2.00    -0.3180)  ( 2.00    -0.3156)
                     ( 2.00    -0.2715)  ( 2.00    -0.2470)  ( 0.00    -0.1084)

 CYCLE   12
  SDIIS (wt  1.000): -0.0001  0.0001 -0.0000 -0.0000  0.0007  0.0018  0.0051  0.0691  0.1492  0.7739
  DIIS coefficients: -0.0001  0.0001 -0.0000 -0.0000  0.0007  0.0018  0.0051  0.0691  0.1492  0.7739
 SCF Error: norm([F,P])=      0.000031903782, max([F,P])=      0.000006840596
 orbitals (Q,E):
 ---------------
 A :11...21          ( 2.00    -0.5020)  ( 2.00    -0.4155)  ( 2.00    -0.4020)  ( 2.00    -0.3580)
                     ( 2.00    -0.3445)  ( 2.00    -0.3296)  ( 2.00    -0.3180)  ( 2.00    -0.3156)
                     ( 2.00    -0.2715)  ( 2.00    -0.2470)  ( 0.00    -0.1084)

 CYCLE   13
  SDIIS (wt  1.000):  0.0000  0.0000 -0.0000  0.0001  0.0001  0.0004  0.0148  0.0329  0.1959  0.7559
  DIIS coefficients:  0.0000  0.0000 -0.0000  0.0001  0.0001  0.0004  0.0148  0.0329  0.1959  0.7559
 SCF Error: norm([F,P])=      0.000001937580, max([F,P])=      0.000000459717
 orbitals (Q,E):
 ---------------
 A :11...21          ( 2.00    -0.5020)  ( 2.00    -0.4155)  ( 2.00    -0.4020)  ( 2.00    -0.3580)
                     ( 2.00    -0.3445)  ( 2.00    -0.3296)  ( 2.00    -0.3180)  ( 2.00    -0.3156)
                     ( 2.00    -0.2715)  ( 2.00    -0.2470)  ( 0.00    -0.1084)

 SCF CONVERGED
 cosmo_calcen: 0.5 (esolb+esolc) (Hartrees) =   -0.021983

 Solvation energy (screening term,uncorrected) =    -13.794299 kcal/mol

 Solvation energy (dispersion and cavitation terms) =      0.695657 kcal/mol
 Solvation Energy Contributions (Hartrees)
          esola   esolb+esolc
     0.02198261   -0.04396522
 esol last cycle   -0.02198261

 CYCLE   14
 *** Using FIT density in Focky
  SDIIS (wt  1.000):  0.0000 -0.0000 -0.0000 -0.0000 -0.0000  0.0017  0.0036  0.0218  0.1564  0.8166
  DIIS coefficients:  0.0000 -0.0000 -0.0000 -0.0000 -0.0000  0.0017  0.0036  0.0218  0.1564  0.8166
 SCF Error: norm([F,P])=      0.000000538987, max([F,P])=      0.000000105798
 orbitals (Q,E):
 ---------------
 A :11...30          ( 2.00    -0.5020)  ( 2.00    -0.4155)  ( 2.00    -0.4020)  ( 2.00    -0.3580)
                     ( 2.00    -0.3445)  ( 2.00    -0.3296)  ( 2.00    -0.3180)  ( 2.00    -0.3156)
                     ( 2.00    -0.2715)  ( 2.00    -0.2470)  ( 0.00    -0.1084)  ( 0.00    -0.0866)
                     ( 0.00     0.0096)  ( 0.00     0.0225)  ( 0.00     0.0377)  ( 0.00     0.0719)
                     ( 0.00     0.0899)  ( 0.00     0.1543)  ( 0.00     0.1660)  ( 0.00     0.1901)
 cosmo_calcen: 0.5 (esolb+esolc) (Hartrees) =   -0.021983

 Solvation energy (screening term,uncorrected) =    -13.794304 kcal/mol

 Solvation energy (dispersion and cavitation terms) =      0.695657 kcal/mol
 Solvation Energy Contributions (Hartrees)
          esola   esolb+esolc
     0.02198262   -0.04396524
 esol last cycle   -0.02198262


 Fit test: (difference of exact and fit density, squared integrated, result summed over spins)
         SCF:                                          0.00004699742593

 Gross Charges per Atom (Z minus electrons)
 ==========================================
             1.7473   -0.6809   -0.6968   -0.8083   -0.6675    0.3626    0.3812    0.3624
 Net Total: -0.00000000



 =================================================================
 M U L T I P O L E   D E R I V E D   C H A R G E   A N A L Y S I S
 =================================================================

 See: M. Swart, P.Th. van Duijnen, J.G. Snijders, J.Comput.Chem., (2001), p. 79-88.

 --------------------------------------- 
 Multipole derived atomic charges (a.u.)
 --------------------------------------- 

        Atom    Level:     MDC-m        MDC-d        MDC-q
 ---------------------------------------------------------
     1     P            1.973917     1.456151   -24.036013
     2     O           -0.513733    -0.621206    -2.852672
     3     O           -0.508540    -0.411505    30.707158
     4     O           -0.839164    -0.697045    10.295134
     5     O           -0.478913    -0.570144    18.606742
     6     H            0.114693     0.173845   -17.564542
     7     H            0.132266     0.342489   -17.359243
     8     H            0.119473     0.327415     2.203436
 *** Using NEW gradient routines ***


 Geometry CYCLE 1
 ==============

 Energy gradients wrt nuclear displacements
 ==========================================

     Atom      Cartesian (a.u./angstrom)
                 X         Y         Z
 ----------------------------------------
     1 P    -0.000300 -0.000466 -0.000219
     2 O     0.000114  0.000443  0.000200
     3 O    -0.000178 -0.000011  0.000010
     4 O     0.000037  0.000120  0.000009
     5 O     0.000398  0.000009 -0.000004
     6 H     0.000028 -0.000066  0.000026
     7 H    -0.000057 -0.000121  0.000078
     8 H    -0.000043  0.000093 -0.000100
 ----------------------------------------
 
----------------------------------------------------------------------
Geometry Convergence after Step   1       (Hartree/Angstrom,Angstrom)
----------------------------------------------------------------------
current energy                               -1.60053132 Hartree
energy change                      -1.60053132     0.00100000    F
constrained gradient max            0.00046621     0.00100000    T
constrained gradient rms            0.00018936     0.00066667    T
gradient max                        0.00046621
gradient rms                        0.00018936
cart. step max                      0.01097217     0.01000000    F
cart. step rms                      0.00402816     0.00666667    T
 


 Coordinates (Cartesian)
 =======================

     Atom                    bohr                                 angstrom                 Geometric Variables
                   X           Y           Z              X           Y           Z       (0:frozen, *:LT par.)
 --------------------------------------------------------------------------------------------------------------
     1 P      -1.705728    0.939717   -0.109300      -0.902633    0.497277   -0.057839      1       2       3
     2 O      -2.267687   -2.161064   -0.101252      -1.200008   -1.143586   -0.053580      4       5       6
     3 O      -0.639407    3.947394   -0.144026      -0.338360    2.088871   -0.076215      7       8       9
     4 O      -4.489770    1.637007   -0.309059      -2.375884    0.866267   -0.163547     10      11      12
     5 O       1.329822    0.158834    0.093965       0.703711    0.084052    0.049724     13      14      15
     6 H      -2.157673    5.006685   -0.274798      -1.141792    2.649424   -0.145417     16      17      18
     7 H       2.361079    1.703938    0.116307       1.249429    0.901685    0.061547     19      20      21
     8 H      -0.668559   -3.095489    0.016208      -0.353786   -1.638062    0.008577     22      23      24
 --------------------------------------------------------------------------------------------------------------

 Number of elements of the density matrix on this node (used, total):       378      7381



 ===========================================
 Numerical Integration : Fuzzy Cells (Becke)
 ===========================================
  
 Becke grid quality: GOOD           
  
 Lebedev angular grid order:             min:  11 max:  35
 Nr. of radial points:                   min:  54 max:  65

 Total nr. of points:     102108
 Nr. of blocks:              798
 Block length:               128
 Nr. of dummy points:         36


 Test of Precision of the Numerical Integration Grid
 ===================================================

 Integral of the Total Core Density:                  10.00000125799802
 Relative Error:                                       1.258E-07


 -------------------------------------------
  COSMO surface
  Area             =          372.349
  Volume           =          591.535
  Number of Points =          944
 -------------------------------------------



 ========================
 Density Fitting (zlmFit)
 ========================
  
 ZlmFit Fit Quality: GOOD           
  
 Max L-expansion:                        min:   7 max:   9
 Nr. of radial interpolation points:     min:  72 max: 114



 =====
 S C F  ***  ScaSCF  ***
 =====
  
 Initial density matrix is taken from previous geometry

 CYCLE    1
 SCF Error: norm([F,P])=      0.083004041584, max([F,P])=      0.020202153187
 orbitals (Q,E):
 ---------------
 A :11...30          ( 2.00    -0.5062)  ( 2.00    -0.4167)  ( 2.00    -0.4151)  ( 2.00    -0.3759)
                     ( 2.00    -0.3448)  ( 2.00    -0.3312)  ( 2.00    -0.3210)  ( 2.00    -0.3179)
                     ( 2.00    -0.2604)  ( 2.00    -0.2247)  ( 0.00    -0.1182)  ( 0.00    -0.0913)
                     ( 0.00    -0.0167)  ( 0.00     0.0049)  ( 0.00     0.0153)  ( 0.00     0.0628)
                     ( 0.00     0.1042)  ( 0.00     0.1440)  ( 0.00     0.1463)  ( 0.00     0.1739)

 CYCLE    2
  SDIIS (wt  0.000):  0.7779  0.2221
 A-DIIS (wt  1.000):  0.7941  0.2059
  DIIS coefficients:  0.7941  0.2059
 SCF Error: norm([F,P])=      0.240262741335, max([F,P])=      0.069217707250
 orbitals (Q,E):
 ---------------
 A :11...21          ( 2.00    -0.5058)  ( 2.00    -0.4167)  ( 2.00    -0.4098)  ( 2.00    -0.3675)
                     ( 2.00    -0.3476)  ( 2.00    -0.3269)  ( 2.00    -0.3250)  ( 2.00    -0.3208)
                     ( 2.00    -0.2702)  ( 2.00    -0.2411)  ( 0.00    -0.1158)

 CYCLE    3
  SDIIS (wt  0.000):  0.5014  0.0788  0.4198
 A-DIIS (wt  1.000):  0.4048  0.0000  0.5952
  DIIS coefficients:  0.4048  0.0000  0.5952
 SCF Error: norm([F,P])=      0.075184968934, max([F,P])=      0.016874470418
 orbitals (Q,E):
 ---------------
 A :11...21          ( 2.00    -0.5052)  ( 2.00    -0.4151)  ( 2.00    -0.4056)  ( 2.00    -0.3617)
                     ( 2.00    -0.3481)  ( 2.00    -0.3278)  ( 2.00    -0.3225)  ( 2.00    -0.3179)
                     ( 2.00    -0.2699)  ( 2.00    -0.2402)  ( 0.00    -0.1117)

 CYCLE    4
  SDIIS (wt  0.829): -0.2041  0.4002  0.8039
 A-DIIS (wt  0.171):  0.0000  0.0000  1.0000
  DIIS coefficients: -0.1691  0.3316  0.8375
 SCF Error: norm([F,P])=      0.071007300423, max([F,P])=      0.017974408635
 orbitals (Q,E):
 ---------------
 A :11...21          ( 2.00    -0.4984)  ( 2.00    -0.4160)  ( 2.00    -0.4011)  ( 2.00    -0.3568)
                     ( 2.00    -0.3427)  ( 2.00    -0.3285)  ( 2.00    -0.3175)  ( 2.00    -0.3132)
                     ( 2.00    -0.2712)  ( 2.00    -0.2509)  ( 0.00    -0.1080)

 CYCLE    5
  SDIIS (wt  0.000): -0.0723 -0.1062  0.7407  0.4378
 A-DIIS (wt  1.000):  0.0000  0.0000  0.5159  0.4841
  DIIS coefficients:  0.0000  0.0000  0.5159  0.4841
 SCF Error: norm([F,P])=      0.093563615719, max([F,P])=      0.021113196590
 orbitals (Q,E):
 ---------------
 A :11...21          ( 2.00    -0.5034)  ( 2.00    -0.4157)  ( 2.00    -0.4017)  ( 2.00    -0.3583)
                     ( 2.00    -0.3439)  ( 2.00    -0.3309)  ( 2.00    -0.3203)  ( 2.00    -0.3137)
                     ( 2.00    -0.2726)  ( 2.00    -0.2476)  ( 0.00    -0.1084)

 CYCLE    6
  SDIIS (wt  0.890):  0.0855 -0.1148  0.1219  0.4065  0.5009
 A-DIIS (wt  0.110):  0.0000  0.0000  0.0000  0.2434  0.7566
  DIIS coefficients:  0.0761 -0.1022  0.1085  0.3886  0.5289
 SCF Error: norm([F,P])=      0.048716740107, max([F,P])=      0.011857162695
 orbitals (Q,E):
 ---------------
 A :11...21          ( 2.00    -0.5020)  ( 2.00    -0.4154)  ( 2.00    -0.4022)  ( 2.00    -0.3583)
                     ( 2.00    -0.3450)  ( 2.00    -0.3294)  ( 2.00    -0.3179)  ( 2.00    -0.3163)
                     ( 2.00    -0.2713)  ( 2.00    -0.2467)  ( 0.00    -0.1088)

 CYCLE    7
  SDIIS (wt  0.973):  0.0721 -0.0282 -0.1323  0.1678  0.4323  0.4883
 A-DIIS (wt  0.027):  0.0000  0.0000  0.0000  0.0000  0.0406  0.9594
  DIIS coefficients:  0.0702 -0.0274 -0.1288  0.1633  0.4219  0.5008
 SCF Error: norm([F,P])=      0.012418110206, max([F,P])=      0.003630664713
 orbitals (Q,E):
 ---------------
 A :11...21          ( 2.00    -0.5019)  ( 2.00    -0.4155)  ( 2.00    -0.4020)  ( 2.00    -0.3580)
                     ( 2.00    -0.3445)  ( 2.00    -0.3296)  ( 2.00    -0.3180)  ( 2.00    -0.3156)
                     ( 2.00    -0.2715)  ( 2.00    -0.2471)  ( 0.00    -0.1087)

 CYCLE    8
  SDIIS (wt  1.000):  0.0119  0.0021 -0.0380  0.0253  0.0994  0.2035  0.6957
  DIIS coefficients:  0.0119  0.0021 -0.0380  0.0253  0.0994  0.2035  0.6957
 SCF Error: norm([F,P])=      0.001385366818, max([F,P])=      0.000250054518
 orbitals (Q,E):
 ---------------
 A :11...21          ( 2.00    -0.5019)  ( 2.00    -0.4154)  ( 2.00    -0.4019)  ( 2.00    -0.3579)
                     ( 2.00    -0.3445)  ( 2.00    -0.3295)  ( 2.00    -0.3180)  ( 2.00    -0.3156)
                     ( 2.00    -0.2715)  ( 2.00    -0.2470)  ( 0.00    -0.1086)

 CYCLE    9
  SDIIS (wt  1.000):  0.0046  0.0029 -0.0191  0.0098  0.0471  0.1134  0.4640  0.3774
  DIIS coefficients:  0.0046  0.0029 -0.0191  0.0098  0.0471  0.1134  0.4640  0.3774
 SCF Error: norm([F,P])=      0.000713601272, max([F,P])=      0.000199737558
 orbitals (Q,E):
 ---------------
 A :11...21          ( 2.00    -0.5019)  ( 2.00    -0.4155)  ( 2.00    -0.4020)  ( 2.00    -0.3580)
                     ( 2.00    -0.3445)  ( 2.00    -0.3295)  ( 2.00    -0.3180)  ( 2.00    -0.3156)
                     ( 2.00    -0.2715)  ( 2.00    -0.2471)  ( 0.00    -0.1087)

 CYCLE   10
  SDIIS (wt  1.000):  0.0006  0.0017 -0.0052  0.0019  0.0126  0.0378  0.1724  0.2159  0.5623
  DIIS coefficients:  0.0006  0.0017 -0.0052  0.0019  0.0126  0.0378  0.1724  0.2159  0.5623
 SCF Error: norm([F,P])=      0.000168618761, max([F,P])=      0.000042249599
 orbitals (Q,E):
 ---------------
 A :11...21          ( 2.00    -0.5019)  ( 2.00    -0.4155)  ( 2.00    -0.4020)  ( 2.00    -0.3580)
                     ( 2.00    -0.3445)  ( 2.00    -0.3296)  ( 2.00    -0.3180)  ( 2.00    -0.3156)
                     ( 2.00    -0.2715)  ( 2.00    -0.2471)  ( 0.00    -0.1087)

 CYCLE   11
  SDIIS (wt  1.000):  0.0001  0.0006 -0.0016  0.0005  0.0037  0.0126  0.0563  0.0747  0.2726  0.5804
  DIIS coefficients:  0.0001  0.0006 -0.0016  0.0005  0.0037  0.0126  0.0563  0.0747  0.2726  0.5804
 SCF Error: norm([F,P])=      0.000033986245, max([F,P])=      0.000004792441
 orbitals (Q,E):
 ---------------
 A :11...21          ( 2.00    -0.5019)  ( 2.00    -0.4155)  ( 2.00    -0.4020)  ( 2.00    -0.3580)
                     ( 2.00    -0.3445)  ( 2.00    -0.3296)  ( 2.00    -0.3180)  ( 2.00    -0.3156)
                     ( 2.00    -0.2715)  ( 2.00    -0.2471)  ( 0.00    -0.1087)

 CYCLE   12
  SDIIS (wt  1.000):  0.0001 -0.0002  0.0001  0.0006  0.0021  0.0084  0.0103  0.0609  0.1979  0.7198
  DIIS coefficients:  0.0001 -0.0002  0.0001  0.0006  0.0021  0.0084  0.0103  0.0609  0.1979  0.7198
 SCF Error: norm([F,P])=      0.000005568956, max([F,P])=      0.000001074689
 orbitals (Q,E):
 ---------------
 A :11...21          ( 2.00    -0.5019)  ( 2.00    -0.4155)  ( 2.00    -0.4020)  ( 2.00    -0.3580)
                     ( 2.00    -0.3445)  ( 2.00    -0.3296)  ( 2.00    -0.3180)  ( 2.00    -0.3156)
                     ( 2.00    -0.2715)  ( 2.00    -0.2471)  ( 0.00    -0.1087)

 CYCLE   13
  SDIIS (wt  1.000): -0.0000  0.0000 -0.0000 -0.0000 -0.0001 -0.0002  0.0027  0.0189  0.1108  0.8679
  DIIS coefficients: -0.0000  0.0000 -0.0000 -0.0000 -0.0001 -0.0002  0.0027  0.0189  0.1108  0.8679
 SCF Error: norm([F,P])=      0.000000459535, max([F,P])=      0.000000089672
 orbitals (Q,E):
 ---------------
 A :11...21          ( 2.00    -0.5019)  ( 2.00    -0.4155)  ( 2.00    -0.4020)  ( 2.00    -0.3580)
                     ( 2.00    -0.3445)  ( 2.00    -0.3296)  ( 2.00    -0.3180)  ( 2.00    -0.3156)
                     ( 2.00    -0.2715)  ( 2.00    -0.2471)  ( 0.00    -0.1087)

 SCF CONVERGED
 cosmo_calcen: 0.5 (esolb+esolc) (Hartrees) =   -0.021984

 Solvation energy (screening term,uncorrected) =    -13.795072 kcal/mol

 Solvation energy (dispersion and cavitation terms) =      0.696264 kcal/mol
 Solvation Energy Contributions (Hartrees)
          esola   esolb+esolc
     0.02198384   -0.04396769
 esol last cycle   -0.02198384

 CYCLE   14
 *** Using FIT density in Focky
  SDIIS (wt  1.000):  0.0000 -0.0000  0.0000 -0.0000  0.0000  0.0007  0.0047  0.0285  0.2808  0.6853
  DIIS coefficients:  0.0000 -0.0000  0.0000 -0.0000  0.0000  0.0007  0.0047  0.0285  0.2808  0.6853
 SCF Error: norm([F,P])=      0.000000156919, max([F,P])=      0.000000034659
 orbitals (Q,E):
 ---------------
 A :11...30          ( 2.00    -0.5019)  ( 2.00    -0.4155)  ( 2.00    -0.4020)  ( 2.00    -0.3580)
                     ( 2.00    -0.3445)  ( 2.00    -0.3296)  ( 2.00    -0.3180)  ( 2.00    -0.3156)
                     ( 2.00    -0.2715)  ( 2.00    -0.2471)  ( 0.00    -0.1087)  ( 0.00    -0.0863)
                     ( 0.00     0.0096)  ( 0.00     0.0225)  ( 0.00     0.0377)  ( 0.00     0.0719)
                     ( 0.00     0.0899)  ( 0.00     0.1542)  ( 0.00     0.1659)  ( 0.00     0.1901)
 cosmo_calcen: 0.5 (esolb+esolc) (Hartrees) =   -0.021984

 Solvation energy (screening term,uncorrected) =    -13.795072 kcal/mol

 Solvation energy (dispersion and cavitation terms) =      0.696264 kcal/mol
 Solvation Energy Contributions (Hartrees)
          esola   esolb+esolc
     0.02198384   -0.04396769
 esol last cycle   -0.02198384


 Fit test: (difference of exact and fit density, squared integrated, result summed over spins)
         SCF:                                          0.00004698966978

 Gross Charges per Atom (Z minus electrons)
 ==========================================
             1.7471   -0.6810   -0.6967   -0.8082   -0.6674    0.3625    0.3812    0.3624
 Net Total: -0.00000000



 =================================================================
 M U L T I P O L E   D E R I V E D   C H A R G E   A N A L Y S I S
 =================================================================

 See: M. Swart, P.Th. van Duijnen, J.G. Snijders, J.Comput.Chem., (2001), p. 79-88.

 --------------------------------------- 
 Multipole derived atomic charges (a.u.)
 --------------------------------------- 

        Atom    Level:     MDC-m        MDC-d        MDC-q
 ---------------------------------------------------------
     1     P            1.973857     1.230491     3.375423
     2     O           -0.513857    -0.560846    -2.186084
     3     O           -0.508448    -0.632381    -1.422943
     4     O           -0.839072    -0.753076    -0.767132
     5     O           -0.478966    -0.730109    -3.275338
     6     H            0.114723     0.483125     0.422784
     7     H            0.132291     0.486341     2.001330
     8     H            0.119471     0.476455     1.851961
 *** Using NEW gradient routines ***


 Geometry CYCLE 2
 ==============

 Energy gradients wrt nuclear displacements
 ==========================================

     Atom      Cartesian (a.u./angstrom)
                 X         Y         Z
 ----------------------------------------
     1 P    -0.000601 -0.000049  0.005562
     2 O     0.000119  0.000276 -0.000555
     3 O     0.000239 -0.000090 -0.000290
     4 O     0.000036 -0.000088 -0.002475
     5 O     0.000176  0.000023 -0.001976
     6 H    -0.000023 -0.000058 -0.000075
     7 H     0.000035  0.000006 -0.000229
     8 H     0.000019 -0.000019  0.000037
 ----------------------------------------
 
----------------------------------------------------------------------
Geometry Convergence after Step   2       (Hartree/Angstrom,Angstrom)
----------------------------------------------------------------------
current energy                               -1.60051489 Hartree
energy change                       0.00001642     0.00100000    T
constrained gradient max            0.00556227     0.00100000    F
constrained gradient rms            0.00132263     0.00066667    F
gradient max                        0.00556227
gradient rms                        0.00132263
cart. step max                      0.02531479     0.01000000    F
cart. step rms                      0.00874768     0.00666667    F
 


 Coordinates (Cartesian)
 =======================

     Atom                    bohr                                 angstrom                 Geometric Variables
                   X           Y           Z              X           Y           Z       (0:frozen, *:LT par.)
 --------------------------------------------------------------------------------------------------------------
     1 P      -1.706791    0.940389   -0.095778      -0.903195    0.497632   -0.050683      1       2       3
     2 O      -2.266074   -2.162065   -0.125081      -1.199155   -1.144115   -0.066190      4       5       6
     3 O      -0.636627    3.946272   -0.171265      -0.336889    2.088277   -0.090630      7       8       9
     4 O      -4.493280    1.636909   -0.261221      -2.377741    0.866215   -0.138232     10      11      12
     5 O       1.327172    0.160280    0.120533       0.702309    0.084816    0.063783     13      14      15
     6 H      -2.153993    5.006694   -0.305383      -1.139844    2.649428   -0.161602     16      17      18
     7 H       2.358605    1.705718    0.136108       1.248120    0.902627    0.072025     19      20      21
     8 H      -0.666938   -3.097173   -0.009868      -0.352928   -1.638953   -0.005222     22      23      24
 --------------------------------------------------------------------------------------------------------------

 Number of elements of the density matrix on this node (used, total):       378      7381



 ===========================================
 Numerical Integration : Fuzzy Cells (Becke)
 ===========================================
  
 Becke grid quality: GOOD           
  
 Lebedev angular grid order:             min:  11 max:  35
 Nr. of radial points:                   min:  54 max:  65

 Total nr. of points:     102105
 Nr. of blocks:              798
 Block length:               128
 Nr. of dummy points:         39


 Test of Precision of the Numerical Integration Grid
 ===================================================

 Integral of the Total Core Density:                  10.00000167682940
 Relative Error:                                       1.677E-07


 -------------------------------------------
  COSMO surface
  Area             =          372.168
  Volume           =          591.379
  Number of Points =          943
 -------------------------------------------



 ========================
 Density Fitting (zlmFit)
 ========================
  
 ZlmFit Fit Quality: GOOD           
  
 Max L-expansion:                        min:   7 max:   9
 Nr. of radial interpolation points:     min:  72 max: 114



 =====
 S C F  ***  ScaSCF  ***
 =====
  
 Initial density matrix is taken from previous geometry

 CYCLE    1
 SCF Error: norm([F,P])=      0.088886137223, max([F,P])=      0.020272628484
 orbitals (Q,E):
 ---------------
 A :11...30          ( 2.00    -0.5060)  ( 2.00    -0.4168)  ( 2.00    -0.4151)  ( 2.00    -0.3758)
                     ( 2.00    -0.3448)  ( 2.00    -0.3312)  ( 2.00    -0.3209)  ( 2.00    -0.3178)
                     ( 2.00    -0.2605)  ( 2.00    -0.2248)  ( 0.00    -0.1182)  ( 0.00    -0.0912)
                     ( 0.00    -0.0167)  ( 0.00     0.0048)  ( 0.00     0.0152)  ( 0.00     0.0628)
                     ( 0.00     0.1042)  ( 0.00     0.1439)  ( 0.00     0.1460)  ( 0.00     0.1739)

 CYCLE    2
  SDIIS (wt  0.000):  0.7696  0.2304
 A-DIIS (wt  1.000):  0.7906  0.2094
  DIIS coefficients:  0.7906  0.2094
 SCF Error: norm([F,P])=      0.240525194081, max([F,P])=      0.069422251607
 orbitals (Q,E):
 ---------------
 A :11...21          ( 2.00    -0.5057)  ( 2.00    -0.4168)  ( 2.00    -0.4097)  ( 2.00    -0.3674)
                     ( 2.00    -0.3477)  ( 2.00    -0.3270)  ( 2.00    -0.3248)  ( 2.00    -0.3207)
                     ( 2.00    -0.2705)  ( 2.00    -0.2416)  ( 0.00    -0.1157)

 CYCLE    3
  SDIIS (wt  0.000):  0.4791  0.0824  0.4385
 A-DIIS (wt  1.000):  0.3860  0.0000  0.6140
  DIIS coefficients:  0.3860  0.0000  0.6140
 SCF Error: norm([F,P])=      0.075272478232, max([F,P])=      0.016693864048
 orbitals (Q,E):
 ---------------
 A :11...21          ( 2.00    -0.5050)  ( 2.00    -0.4151)  ( 2.00    -0.4054)  ( 2.00    -0.3615)
                     ( 2.00    -0.3480)  ( 2.00    -0.3278)  ( 2.00    -0.3225)  ( 2.00    -0.3176)
                     ( 2.00    -0.2699)  ( 2.00    -0.2403)  ( 0.00    -0.1115)

 CYCLE    4
  SDIIS (wt  0.825): -0.1976  0.4284  0.7691
 A-DIIS (wt  0.175):  0.0000  0.0000  1.0000
  DIIS coefficients: -0.1629  0.3533  0.8096
 SCF Error: norm([F,P])=      0.074139667335, max([F,P])=      0.018349063599
 orbitals (Q,E):
 ---------------
 A :11...21          ( 2.00    -0.4983)  ( 2.00    -0.4161)  ( 2.00    -0.4011)  ( 2.00    -0.3568)
                     ( 2.00    -0.3427)  ( 2.00    -0.3284)  ( 2.00    -0.3176)  ( 2.00    -0.3130)
                     ( 2.00    -0.2713)  ( 2.00    -0.2512)  ( 0.00    -0.1081)

 CYCLE    5
  SDIIS (wt  0.000): -0.0738 -0.0760  0.7173  0.4325
 A-DIIS (wt  1.000):  0.0000  0.0000  0.5219  0.4781
  DIIS coefficients:  0.0000  0.0000  0.5219  0.4781
 SCF Error: norm([F,P])=      0.096274969029, max([F,P])=      0.021817131948
 orbitals (Q,E):
 ---------------
 A :11...21          ( 2.00    -0.5031)  ( 2.00    -0.4158)  ( 2.00    -0.4016)  ( 2.00    -0.3582)
                     ( 2.00    -0.3439)  ( 2.00    -0.3308)  ( 2.00    -0.3199)  ( 2.00    -0.3138)
                     ( 2.00    -0.2727)  ( 2.00    -0.2480)  ( 0.00    -0.1084)

 CYCLE    6
  SDIIS (wt  0.900):  0.0828 -0.1210  0.1457  0.3905  0.5021
 A-DIIS (wt  0.100):  0.0000  0.0000  0.0000  0.2010  0.7990
  DIIS coefficients:  0.0745 -0.1089  0.1311  0.3715  0.5318
 SCF Error: norm([F,P])=      0.045400053664, max([F,P])=      0.010927242009
 orbitals (Q,E):
 ---------------
 A :11...21          ( 2.00    -0.5018)  ( 2.00    -0.4154)  ( 2.00    -0.4022)  ( 2.00    -0.3583)
                     ( 2.00    -0.3450)  ( 2.00    -0.3294)  ( 2.00    -0.3178)  ( 2.00    -0.3162)
                     ( 2.00    -0.2714)  ( 2.00    -0.2468)  ( 0.00    -0.1087)

 CYCLE    7
  SDIIS (wt  0.974):  0.0716 -0.0441 -0.1055  0.1563  0.4339  0.4879
 A-DIIS (wt  0.026):  0.0000  0.0000  0.0000  0.0000  0.0607  0.9393
  DIIS coefficients:  0.0697 -0.0429 -0.1027  0.1521  0.4240  0.4998
 SCF Error: norm([F,P])=      0.012286836527, max([F,P])=      0.003613547995
 orbitals (Q,E):
 ---------------
 A :11...21          ( 2.00    -0.5017)  ( 2.00    -0.4156)  ( 2.00    -0.4020)  ( 2.00    -0.3580)
                     ( 2.00    -0.3445)  ( 2.00    -0.3295)  ( 2.00    -0.3179)  ( 2.00    -0.3156)
                     ( 2.00    -0.2716)  ( 2.00    -0.2473)  ( 0.00    -0.1087)

 CYCLE    8
  SDIIS (wt  1.000):  0.0116 -0.0015 -0.0315  0.0221  0.0994  0.2027  0.6972
  DIIS coefficients:  0.0116 -0.0015 -0.0315  0.0221  0.0994  0.2027  0.6972
 SCF Error: norm([F,P])=      0.001394177384, max([F,P])=      0.000235839182
 orbitals (Q,E):
 ---------------
 A :11...21          ( 2.00    -0.5017)  ( 2.00    -0.4155)  ( 2.00    -0.4019)  ( 2.00    -0.3580)
                     ( 2.00    -0.3445)  ( 2.00    -0.3295)  ( 2.00    -0.3179)  ( 2.00    -0.3155)
                     ( 2.00    -0.2715)  ( 2.00    -0.2472)  ( 0.00    -0.1086)

 CYCLE    9
  SDIIS (wt  1.000):  0.0044  0.0011 -0.0161  0.0082  0.0476  0.1138  0.4671  0.3738
  DIIS coefficients:  0.0044  0.0011 -0.0161  0.0082  0.0476  0.1138  0.4671  0.3738
 SCF Error: norm([F,P])=      0.000722601484, max([F,P])=      0.000202076641
 orbitals (Q,E):
 ---------------
 A :11...21          ( 2.00    -0.5017)  ( 2.00    -0.4155)  ( 2.00    -0.4020)  ( 2.00    -0.3580)
                     ( 2.00    -0.3445)  ( 2.00    -0.3295)  ( 2.00    -0.3179)  ( 2.00    -0.3156)
                     ( 2.00    -0.2716)  ( 2.00    -0.2472)  ( 0.00    -0.1087)

 CYCLE   10
  SDIIS (wt  1.000):  0.0006  0.0012 -0.0044  0.0015  0.0127  0.0377  0.1719  0.2109  0.5679
  DIIS coefficients:  0.0006  0.0012 -0.0044  0.0015  0.0127  0.0377  0.1719  0.2109  0.5679
 SCF Error: norm([F,P])=      0.000165760287, max([F,P])=      0.000041184188
 orbitals (Q,E):
 ---------------
 A :11...21          ( 2.00    -0.5017)  ( 2.00    -0.4155)  ( 2.00    -0.4020)  ( 2.00    -0.3580)
                     ( 2.00    -0.3445)  ( 2.00    -0.3295)  ( 2.00    -0.3179)  ( 2.00    -0.3156)
                     ( 2.00    -0.2716)  ( 2.00    -0.2472)  ( 0.00    -0.1087)

 CYCLE   11
  SDIIS (wt  1.000):  0.0001  0.0005 -0.0014  0.0004  0.0039  0.0127  0.0567  0.0730  0.2745  0.5796
  DIIS coefficients:  0.0001  0.0005 -0.0014  0.0004  0.0039  0.0127  0.0567  0.0730  0.2745  0.5796
 SCF Error: norm([F,P])=      0.000033529849, max([F,P])=      0.000004877269
 orbitals (Q,E):
 ---------------
 A :11...21          ( 2.00    -0.5017)  ( 2.00    -0.4155)  ( 2.00    -0.4020)  ( 2.00    -0.3580)
                     ( 2.00    -0.3445)  ( 2.00    -0.3295)  ( 2.00    -0.3179)  ( 2.00    -0.3156)
                     ( 2.00    -0.2716)  ( 2.00    -0.2472)  ( 0.00    -0.1087)

 CYCLE   12
  SDIIS (wt  1.000):  0.0001 -0.0002  0.0001  0.0006  0.0021  0.0086  0.0101  0.0617  0.1994  0.7175
  DIIS coefficients:  0.0001 -0.0002  0.0001  0.0006  0.0021  0.0086  0.0101  0.0617  0.1994  0.7175
 SCF Error: norm([F,P])=      0.000005633792, max([F,P])=      0.000001101482
 orbitals (Q,E):
 ---------------
 A :11...21          ( 2.00    -0.5017)  ( 2.00    -0.4155)  ( 2.00    -0.4020)  ( 2.00    -0.3580)
                     ( 2.00    -0.3445)  ( 2.00    -0.3295)  ( 2.00    -0.3179)  ( 2.00    -0.3156)
                     ( 2.00    -0.2716)  ( 2.00    -0.2472)  ( 0.00    -0.1087)

 CYCLE   13
  SDIIS (wt  1.000): -0.0000  0.0000 -0.0000 -0.0000 -0.0001 -0.0002  0.0026  0.0185  0.1077  0.8715
  DIIS coefficients: -0.0000  0.0000 -0.0000 -0.0000 -0.0001 -0.0002  0.0026  0.0185  0.1077  0.8715
 SCF Error: norm([F,P])=      0.000000444348, max([F,P])=      0.000000082946
 orbitals (Q,E):
 ---------------
 A :11...21          ( 2.00    -0.5017)  ( 2.00    -0.4155)  ( 2.00    -0.4020)  ( 2.00    -0.3580)
                     ( 2.00    -0.3445)  ( 2.00    -0.3295)  ( 2.00    -0.3179)  ( 2.00    -0.3156)
                     ( 2.00    -0.2716)  ( 2.00    -0.2472)  ( 0.00    -0.1087)

 SCF CONVERGED
 cosmo_calcen: 0.5 (esolb+esolc) (Hartrees) =   -0.021986

 Solvation energy (screening term,uncorrected) =    -13.796564 kcal/mol

 Solvation energy (dispersion and cavitation terms) =      0.695925 kcal/mol
 Solvation Energy Contributions (Hartrees)
          esola   esolb+esolc
     0.02198622   -0.04397244
 esol last cycle   -0.02198622

 CYCLE   14
 *** Using FIT density in Focky
  SDIIS (wt  1.000):  0.0000  0.0000  0.0000 -0.0000  0.0000  0.0006  0.0046  0.0274  0.2789  0.6884
  DIIS coefficients:  0.0000  0.0000  0.0000 -0.0000  0.0000  0.0006  0.0046  0.0274  0.2789  0.6884
 SCF Error: norm([F,P])=      0.000000153254, max([F,P])=      0.000000033942
 orbitals (Q,E):
 ---------------
 A :11...30          ( 2.00    -0.5017)  ( 2.00    -0.4155)  ( 2.00    -0.4020)  ( 2.00    -0.3580)
                     ( 2.00    -0.3445)  ( 2.00    -0.3295)  ( 2.00    -0.3179)  ( 2.00    -0.3156)
                     ( 2.00    -0.2716)  ( 2.00    -0.2472)  ( 0.00    -0.1087)  ( 0.00    -0.0862)
                     ( 0.00     0.0096)  ( 0.00     0.0224)  ( 0.00     0.0377)  ( 0.00     0.0719)
                     ( 0.00     0.0899)  ( 0.00     0.1539)  ( 0.00     0.1658)  ( 0.00     0.1901)
 cosmo_calcen: 0.5 (esolb+esolc) (Hartrees) =   -0.021986

 Solvation energy (screening term,uncorrected) =    -13.796564 kcal/mol

 Solvation energy (dispersion and cavitation terms) =      0.695925 kcal/mol
 Solvation Energy Contributions (Hartrees)
          esola   esolb+esolc
     0.02198622   -0.04397244
 esol last cycle   -0.02198622


 Fit test: (difference of exact and fit density, squared integrated, result summed over spins)
         SCF:                                          0.00004695616465

 Gross Charges per Atom (Z minus electrons)
 ==========================================
             1.7468   -0.6813   -0.6966   -0.8079   -0.6672    0.3625    0.3812    0.3625
 Net Total: -0.00000000



 =================================================================
 M U L T I P O L E   D E R I V E D   C H A R G E   A N A L Y S I S
 =================================================================

 See: M. Swart, P.Th. van Duijnen, J.G. Snijders, J.Comput.Chem., (2001), p. 79-88.

 --------------------------------------- 
 Multipole derived atomic charges (a.u.)
 --------------------------------------- 

        Atom    Level:     MDC-m        MDC-d        MDC-q
 ---------------------------------------------------------
     1     P            1.973719     1.399249     0.050458
     2     O           -0.514064    -0.631415    -0.808014
     3     O           -0.508281    -0.654172     0.889316
     4     O           -0.838954    -0.770086    -0.109214
     5     O           -0.479074    -0.765975     0.176027
     6     H            0.114795     0.447570    -0.483333
     7     H            0.132372     0.491634    -0.323575
     8     H            0.119488     0.483194     0.608334
 *** Using NEW gradient routines ***


 Geometry CYCLE 3
 ==============

 Energy gradients wrt nuclear displacements
 ==========================================

     Atom      Cartesian (a.u./angstrom)
                 X         Y         Z
 ----------------------------------------
     1 P    -0.000528  0.000428  0.006725
     2 O    -0.000086 -0.000101  0.000758
     3 O     0.000861  0.000028  0.001715
     4 O    -0.000248 -0.000364 -0.004869
     5 O    -0.000153  0.000024 -0.004241
     6 H    -0.000138 -0.000025  0.000019
     7 H     0.000176  0.000235 -0.000650
     8 H     0.000116 -0.000226  0.000543
 ----------------------------------------
 Max Cartesian displacement   1.03071539490496     
 Limit Cartesian step to   0.566917837497000     

 dE(predicted):    -0.20422E-04, dE(actual):    -0.11037E-03, Trust radius:    0.565685, all in a.u.
 
----------------------------------------------------------------------
Geometry Convergence after Step   3       (Hartree/Angstrom,Angstrom)
----------------------------------------------------------------------
current energy                               -1.60062526 Hartree
energy change                      -0.00011037     0.00100000    T
constrained gradient max            0.00672547     0.00100000    F
constrained gradient rms            0.00196598     0.00066667    F
gradient max                        0.00672547
gradient rms                        0.00196598
cart. step max                      0.30980643     0.01000000    F
cart. step rms                      0.11928130     0.00666667    F
 


 Coordinates (Cartesian)
 =======================

     Atom                    bohr                                 angstrom                 Geometric Variables
                   X           Y           Z              X           Y           Z       (0:frozen, *:LT par.)
 --------------------------------------------------------------------------------------------------------------
     1 P      -1.711504    0.955081    0.219015      -0.905689    0.505407    0.115898      1       2       3
     2 O      -2.255561   -2.095728   -0.407974      -1.193592   -1.109011   -0.215890      4       5       6
     3 O      -0.632119    3.865106   -0.533230      -0.334503    2.045326   -0.282173      7       8       9
     4 O      -4.499858    1.655425    0.324229      -2.381222    0.876013    0.171574     10      11      12
     5 O       1.313686    0.169107    0.448575       0.695172    0.089487    0.237376     13      14      15
     6 H      -2.146784    4.918541   -0.744818      -1.136029    2.602780   -0.394141     16      17      18
     7 H       2.351814    1.712081    0.405044       1.244526    0.905994    0.214340     19      20      21
     8 H      -0.657597   -3.042590   -0.422795      -0.347985   -1.610069   -0.223733     22      23      24
 --------------------------------------------------------------------------------------------------------------

 Number of elements of the density matrix on this node (used, total):       378      7381



 ===========================================
 Numerical Integration : Fuzzy Cells (Becke)
 ===========================================
  
 Becke grid quality: GOOD           
  
 Lebedev angular grid order:             min:  11 max:  35
 Nr. of radial points:                   min:  54 max:  65

 Total nr. of points:     102104
 Nr. of blocks:              798
 Block length:               128
 Nr. of dummy points:         40


 Test of Precision of the Numerical Integration Grid
 ===================================================

 Integral of the Total Core Density:                  10.00000235889730
 Relative Error:                                       2.359E-07


 -------------------------------------------
  COSMO surface
  Area             =          373.457
  Volume           =          592.922
  Number of Points =          943
 -------------------------------------------



 ========================
 Density Fitting (zlmFit)
 ========================
  
 ZlmFit Fit Quality: GOOD           
  
 Max L-expansion:                        min:   7 max:   9
 Nr. of radial interpolation points:     min:  72 max: 114



 =====
 S C F  ***  ScaSCF  ***
 =====
  
 Initial density matrix is taken from previous geometry

 CYCLE    1
 SCF Error: norm([F,P])=      0.481315079732, max([F,P])=      0.174890703822
 orbitals (Q,E):
 ---------------
 A :11...30          ( 2.00    -0.5292)  ( 2.00    -0.4396)  ( 2.00    -0.4388)  ( 2.00    -0.3948)
                     ( 2.00    -0.3718)  ( 2.00    -0.3524)  ( 2.00    -0.3416)  ( 2.00    -0.3371)
                     ( 2.00    -0.2849)  ( 2.00    -0.2473)  ( 0.00    -0.1479)  ( 0.00    -0.0866)
                     ( 0.00    -0.0293)  ( 0.00    -0.0089)  ( 0.00     0.0015)  ( 0.00     0.0498)
                     ( 0.00     0.0767)  ( 0.00     0.1043)  ( 0.00     0.1274)  ( 0.00     0.1541)

 CYCLE    2
  SDIIS (wt  0.000):  0.3324  0.6676
 A-DIIS (wt  1.000):  0.2175  0.7825
  DIIS coefficients:  0.2175  0.7825
 SCF Error: norm([F,P])=      0.320031913255, max([F,P])=      0.090821236845
 orbitals (Q,E):
 ---------------
 A :11...21          ( 2.00    -0.4917)  ( 2.00    -0.4408)  ( 2.00    -0.4052)  ( 2.00    -0.3676)
                     ( 2.00    -0.3450)  ( 2.00    -0.3381)  ( 2.00    -0.3283)  ( 2.00    -0.3063)
                     ( 2.00    -0.2924)  ( 2.00    -0.2805)  ( 0.00    -0.1160)

 CYCLE    3
  SDIIS (wt  0.000):  0.0825  0.6446  0.2729
 A-DIIS (wt  1.000):  0.0000  0.7067  0.2933
  DIIS coefficients:  0.0000  0.7067  0.2933
 SCF Error: norm([F,P])=      0.704996181677, max([F,P])=      0.217127923306
 orbitals (Q,E):
 ---------------
 A :11...21          ( 2.00    -0.4974)  ( 2.00    -0.4148)  ( 2.00    -0.3963)  ( 2.00    -0.3596)
                     ( 2.00    -0.3421)  ( 2.00    -0.3281)  ( 2.00    -0.3121)  ( 2.00    -0.3074)
                     ( 2.00    -0.2766)  ( 2.00    -0.2542)  ( 0.00    -0.1099)

 CYCLE    4
  SDIIS (wt  0.735):  0.3179  0.0486  0.6335
 A-DIIS (wt  0.265):  0.1110  0.0000  0.8890
  DIIS coefficients:  0.2631  0.0358  0.7011
 SCF Error: norm([F,P])=      0.120307201420, max([F,P])=      0.027210647950
 orbitals (Q,E):
 ---------------
 A :11...21          ( 2.00    -0.4995)  ( 2.00    -0.4155)  ( 2.00    -0.4041)  ( 2.00    -0.3616)
                     ( 2.00    -0.3475)  ( 2.00    -0.3273)  ( 2.00    -0.3135)  ( 2.00    -0.3113)
                     ( 2.00    -0.2746)  ( 2.00    -0.2497)  ( 0.00    -0.1204)

 CYCLE    5
  SDIIS (wt  0.850):  0.1458  0.0048  0.4947  0.3547
 A-DIIS (wt  0.150):  0.0000  0.0000  0.2754  0.7246
  DIIS coefficients:  0.1238  0.0041  0.4617  0.4104
 SCF Error: norm([F,P])=      0.082097051787, max([F,P])=      0.015898952477
 orbitals (Q,E):
 ---------------
 A :11...21          ( 2.00    -0.5026)  ( 2.00    -0.4174)  ( 2.00    -0.4036)  ( 2.00    -0.3629)
                     ( 2.00    -0.3480)  ( 2.00    -0.3307)  ( 2.00    -0.3175)  ( 2.00    -0.3114)
                     ( 2.00    -0.2778)  ( 2.00    -0.2521)  ( 0.00    -0.1190)

 CYCLE    6
  SDIIS (wt  0.953):  0.0383  0.0019  0.1963  0.2784  0.4851
 A-DIIS (wt  0.047):  0.0000  0.0000  0.0000  0.1056  0.8944
  DIIS coefficients:  0.0365  0.0019  0.1871  0.2703  0.5042
 SCF Error: norm([F,P])=      0.027503220124, max([F,P])=      0.005612833758
 orbitals (Q,E):
 ---------------
 A :11...21          ( 2.00    -0.5012)  ( 2.00    -0.4162)  ( 2.00    -0.4030)  ( 2.00    -0.3622)
                     ( 2.00    -0.3482)  ( 2.00    -0.3292)  ( 2.00    -0.3155)  ( 2.00    -0.3119)
                     ( 2.00    -0.2763)  ( 2.00    -0.2507)  ( 0.00    -0.1182)

 CYCLE    7
  SDIIS (wt  0.981):  0.0053  0.0031  0.0529  0.1284  0.3616  0.4486
 A-DIIS (wt  0.019):  0.0000  0.0000  0.0000  0.0000  0.1122  0.8878
  DIIS coefficients:  0.0052  0.0031  0.0519  0.1261  0.3570  0.4567
 SCF Error: norm([F,P])=      0.009834563170, max([F,P])=      0.002836487921
 orbitals (Q,E):
 ---------------
 A :11...21          ( 2.00    -0.5011)  ( 2.00    -0.4162)  ( 2.00    -0.4028)  ( 2.00    -0.3619)
                     ( 2.00    -0.3475)  ( 2.00    -0.3291)  ( 2.00    -0.3155)  ( 2.00    -0.3113)
                     ( 2.00    -0.2763)  ( 2.00    -0.2508)  ( 0.00    -0.1181)

 CYCLE    8
  SDIIS (wt  1.000): -0.0021  0.0030  0.0036  0.0395  0.1585  0.2813  0.5162
  DIIS coefficients: -0.0021  0.0030  0.0036  0.0395  0.1585  0.2813  0.5162
 SCF Error: norm([F,P])=      0.003157240859, max([F,P])=      0.000719949269
 orbitals (Q,E):
 ---------------
 A :11...21          ( 2.00    -0.5013)  ( 2.00    -0.4164)  ( 2.00    -0.4030)  ( 2.00    -0.3621)
                     ( 2.00    -0.3478)  ( 2.00    -0.3294)  ( 2.00    -0.3156)  ( 2.00    -0.3116)
                     ( 2.00    -0.2766)  ( 2.00    -0.2511)  ( 0.00    -0.1183)

 CYCLE    9
  SDIIS (wt  1.000): -0.0011  0.0013 -0.0011  0.0090  0.0437  0.0786  0.1889  0.6807
  DIIS coefficients: -0.0011  0.0013 -0.0011  0.0090  0.0437  0.0786  0.1889  0.6807
 SCF Error: norm([F,P])=      0.000524286389, max([F,P])=      0.000115359154
 orbitals (Q,E):
 ---------------
 A :11...21          ( 2.00    -0.5013)  ( 2.00    -0.4164)  ( 2.00    -0.4030)  ( 2.00    -0.3621)
                     ( 2.00    -0.3478)  ( 2.00    -0.3294)  ( 2.00    -0.3156)  ( 2.00    -0.3115)
                     ( 2.00    -0.2766)  ( 2.00    -0.2511)  ( 0.00    -0.1183)

 CYCLE   10
  SDIIS (wt  1.000): -0.0003  0.0004 -0.0001  0.0019  0.0094  0.0157  0.0419  0.2212  0.7100
  DIIS coefficients: -0.0003  0.0004 -0.0001  0.0019  0.0094  0.0157  0.0419  0.2212  0.7100
 SCF Error: norm([F,P])=      0.000079367678, max([F,P])=      0.000013937237
 orbitals (Q,E):
 ---------------
 A :11...21          ( 2.00    -0.5013)  ( 2.00    -0.4164)  ( 2.00    -0.4030)  ( 2.00    -0.3621)
                     ( 2.00    -0.3478)  ( 2.00    -0.3294)  ( 2.00    -0.3156)  ( 2.00    -0.3115)
                     ( 2.00    -0.2766)  ( 2.00    -0.2511)  ( 0.00    -0.1183)

 CYCLE   11
  SDIIS (wt  1.000): -0.0001  0.0001  0.0000  0.0005  0.0022  0.0030  0.0095  0.0823  0.5445  0.3581
  DIIS coefficients: -0.0001  0.0001  0.0000  0.0005  0.0022  0.0030  0.0095  0.0823  0.5445  0.3581
 SCF Error: norm([F,P])=      0.000073098107, max([F,P])=      0.000016032760
 orbitals (Q,E):
 ---------------
 A :11...21          ( 2.00    -0.5013)  ( 2.00    -0.4164)  ( 2.00    -0.4029)  ( 2.00    -0.3621)
                     ( 2.00    -0.3478)  ( 2.00    -0.3294)  ( 2.00    -0.3156)  ( 2.00    -0.3115)
                     ( 2.00    -0.2766)  ( 2.00    -0.2511)  ( 0.00    -0.1183)

 CYCLE   12
  SDIIS (wt  1.000):  0.0000  0.0001 -0.0000 -0.0001 -0.0005 -0.0010  0.0074  0.1433  0.1210  0.7299
  DIIS coefficients:  0.0000  0.0001 -0.0000 -0.0001 -0.0005 -0.0010  0.0074  0.1433  0.1210  0.7299
 SCF Error: norm([F,P])=      0.000006402719, max([F,P])=      0.000001176219
 orbitals (Q,E):
 ---------------
 A :11...21          ( 2.00    -0.5013)  ( 2.00    -0.4164)  ( 2.00    -0.4029)  ( 2.00    -0.3621)
                     ( 2.00    -0.3478)  ( 2.00    -0.3294)  ( 2.00    -0.3156)  ( 2.00    -0.3115)
                     ( 2.00    -0.2766)  ( 2.00    -0.2511)  ( 0.00    -0.1183)

 CYCLE   13
  SDIIS (wt  1.000):  0.0000 -0.0000 -0.0001 -0.0002 -0.0004  0.0001  0.0249  0.0152  0.1696  0.7908
  DIIS coefficients:  0.0000 -0.0000 -0.0001 -0.0002 -0.0004  0.0001  0.0249  0.0152  0.1696  0.7908
 SCF Error: norm([F,P])=      0.000001375810, max([F,P])=      0.000000385653
 orbitals (Q,E):
 ---------------
 A :11...21          ( 2.00    -0.5013)  ( 2.00    -0.4164)  ( 2.00    -0.4029)  ( 2.00    -0.3621)
                     ( 2.00    -0.3478)  ( 2.00    -0.3294)  ( 2.00    -0.3156)  ( 2.00    -0.3115)
                     ( 2.00    -0.2766)  ( 2.00    -0.2511)  ( 0.00    -0.1183)

 SCF CONVERGED
 cosmo_calcen: 0.5 (esolb+esolc) (Hartrees) =   -0.022091

 Solvation energy (screening term,uncorrected) =    -13.862425 kcal/mol

 Solvation energy (dispersion and cavitation terms) =      0.698335 kcal/mol
 Solvation Energy Contributions (Hartrees)
          esola   esolb+esolc
     0.02209118   -0.04418236
 esol last cycle   -0.02209118

 CYCLE   14
 *** Using FIT density in Focky
  SDIIS (wt  1.000): -0.0000 -0.0000 -0.0000 -0.0001 -0.0002  0.0006 -0.0011  0.0139  0.1918  0.7950
  DIIS coefficients: -0.0000 -0.0000 -0.0000 -0.0001 -0.0002  0.0006 -0.0011  0.0139  0.1918  0.7950
 SCF Error: norm([F,P])=      0.000000135059, max([F,P])=      0.000000033338
 orbitals (Q,E):
 ---------------
 A :11...30          ( 2.00    -0.5013)  ( 2.00    -0.4164)  ( 2.00    -0.4029)  ( 2.00    -0.3621)
                     ( 2.00    -0.3478)  ( 2.00    -0.3294)  ( 2.00    -0.3156)  ( 2.00    -0.3115)
                     ( 2.00    -0.2766)  ( 2.00    -0.2511)  ( 0.00    -0.1183)  ( 0.00    -0.0575)
                     ( 0.00     0.0118)  ( 0.00     0.0219)  ( 0.00     0.0372)  ( 0.00     0.0708)
                     ( 0.00     0.0886)  ( 0.00     0.1233)  ( 0.00     0.1584)  ( 0.00     0.1893)
 cosmo_calcen: 0.5 (esolb+esolc) (Hartrees) =   -0.022091

 Solvation energy (screening term,uncorrected) =    -13.862427 kcal/mol

 Solvation energy (dispersion and cavitation terms) =      0.698335 kcal/mol
 Solvation Energy Contributions (Hartrees)
          esola   esolb+esolc
     0.02209118   -0.04418236
 esol last cycle   -0.02209118


 Fit test: (difference of exact and fit density, squared integrated, result summed over spins)
         SCF:                                          0.00004570047654

 Gross Charges per Atom (Z minus electrons)
 ==========================================
             1.7294   -0.6864   -0.7003   -0.8008   -0.6685    0.3723    0.3836    0.3707
 Net Total: -0.00000000



 =================================================================
 M U L T I P O L E   D E R I V E D   C H A R G E   A N A L Y S I S
 =================================================================

 See: M. Swart, P.Th. van Duijnen, J.G. Snijders, J.Comput.Chem., (2001), p. 79-88.

 --------------------------------------- 
 Multipole derived atomic charges (a.u.)
 --------------------------------------- 

        Atom    Level:     MDC-m        MDC-d        MDC-q
 ---------------------------------------------------------
     1     P            1.968265     1.393684     0.791448
     2     O           -0.515488    -0.619219    -0.467305
     3     O           -0.508165    -0.644468    -0.326432
     4     O           -0.837599    -0.774035    -0.534563
     5     O           -0.479012    -0.738496    -0.172933
     6     H            0.116258     0.445020     0.253155
     7     H            0.134747     0.470743     0.158561
     8     H            0.120994     0.466770     0.298070
 *** Using NEW gradient routines ***


 Geometry CYCLE 4
 ==============

 Energy gradients wrt nuclear displacements
 ==========================================

     Atom      Cartesian (a.u./angstrom)
                 X         Y         Z
 ----------------------------------------
     1 P     0.001213  0.004228  0.074776
     2 O    -0.002272 -0.011093  0.004344
     3 O     0.007769  0.010755  0.010602
     4 O    -0.009160 -0.000739 -0.045846
     5 O     0.001104 -0.001749 -0.040492
     6 H    -0.000929  0.000190 -0.000615
     7 H     0.001481  0.001286 -0.005396
     8 H     0.000794 -0.002877  0.002628
 ----------------------------------------
 Max Cartesian displacement  0.962768633315237     
 Limit Cartesian step to   0.566917837497000     

 dE(predicted):    -0.23332E-02, dE(actual):    -0.87233E-02, Trust radius:    0.565685, all in a.u.
 
----------------------------------------------------------------------
Geometry Convergence after Step   4       (Hartree/Angstrom,Angstrom)
----------------------------------------------------------------------
current energy                               -1.60934852 Hartree
energy change                      -0.00872326     0.00100000    F
constrained gradient max            0.07477624     0.00100000    F
constrained gradient rms            0.02033734     0.00066667    F
gradient max                        0.07477624
gradient rms                        0.02033734
cart. step max                      0.30182277     0.01000000    F
cart. step rms                      0.12087351     0.00666667    F
 


 Coordinates (Cartesian)
 =======================

     Atom                    bohr                                 angstrom                 Geometric Variables
                   X           Y           Z              X           Y           Z       (0:frozen, *:LT par.)
 --------------------------------------------------------------------------------------------------------------
     1 P      -1.688160    0.973278    0.457290      -0.893336    0.515037    0.241988      1       2       3
     2 O      -2.264424   -1.928297   -0.659153      -1.198281   -1.020411   -0.348809      4       5       6
     3 O      -0.671023    3.678885   -0.891203      -0.355090    1.946782   -0.471604      7       8       9
     4 O      -4.434801    1.697557    0.894591      -2.346796    0.898308    0.473397     10      11      12
     5 O       1.320392    0.172849    0.768518       0.698721    0.091468    0.406682     13      14      15
     6 H      -2.193769    4.709676   -1.154149      -1.160892    2.492253   -0.610749     16      17      18
     7 H       2.369981    1.708971    0.708704       1.254140    0.904348    0.375030     19      20      21
     8 H      -0.676121   -2.875895   -0.836552      -0.357788   -1.521858   -0.442684     22      23      24
 --------------------------------------------------------------------------------------------------------------

 Number of elements of the density matrix on this node (used, total):       378      7381



 ===========================================
 Numerical Integration : Fuzzy Cells (Becke)
 ===========================================
  
 Becke grid quality: GOOD           
  
 Lebedev angular grid order:             min:  11 max:  35
 Nr. of radial points:                   min:  54 max:  65

 Total nr. of points:     102109
 Nr. of blocks:              798
 Block length:               128
 Nr. of dummy points:         35


 Test of Precision of the Numerical Integration Grid
 ===================================================

 Integral of the Total Core Density:                  10.00000205416782
 Relative Error:                                       2.054E-07


 -------------------------------------------
  COSMO surface
  Area             =          375.265
  Volume           =          595.004
  Number of Points =          963
 -------------------------------------------



 ========================
 Density Fitting (zlmFit)
 ========================
  
 ZlmFit Fit Quality: GOOD           
  
 Max L-expansion:                        min:   7 max:   9
 Nr. of radial interpolation points:     min:  72 max: 114



 =====
 S C F  ***  ScaSCF  ***
 =====
  
 Initial density matrix is taken from previous geometry

 CYCLE    1
 SCF Error: norm([F,P])=      0.464394098438, max([F,P])=      0.158778435826
 orbitals (Q,E):
 ---------------
 A :11...30          ( 2.00    -0.5191)  ( 2.00    -0.4316)  ( 2.00    -0.4275)  ( 2.00    -0.3844)
                     ( 2.00    -0.3686)  ( 2.00    -0.3411)  ( 2.00    -0.3319)  ( 2.00    -0.3242)
                     ( 2.00    -0.2783)  ( 2.00    -0.2443)  ( 0.00    -0.1306)  ( 0.00    -0.0455)
                     ( 0.00    -0.0131)  ( 0.00    -0.0045)  ( 0.00     0.0130)  ( 0.00     0.0483)
                     ( 0.00     0.0604)  ( 0.00     0.1058)  ( 0.00     0.1250)  ( 0.00     0.1577)

 CYCLE    2
  SDIIS (wt  0.000):  0.2904  0.7096
 A-DIIS (wt  1.000):  0.2790  0.7210
  DIIS coefficients:  0.2790  0.7210
 SCF Error: norm([F,P])=      0.275745230466, max([F,P])=      0.068099435879
 orbitals (Q,E):
 ---------------
 A :11...21          ( 2.00    -0.4982)  ( 2.00    -0.4374)  ( 2.00    -0.4054)  ( 2.00    -0.3762)
                     ( 2.00    -0.3529)  ( 2.00    -0.3385)  ( 2.00    -0.3233)  ( 2.00    -0.3088)
                     ( 2.00    -0.2993)  ( 2.00    -0.2871)  ( 0.00    -0.1182)

 CYCLE    3
  SDIIS (wt  0.000):  0.0689  0.6311  0.3000
 A-DIIS (wt  1.000):  0.0000  0.6667  0.3333
  DIIS coefficients:  0.0000  0.6667  0.3333
 SCF Error: norm([F,P])=      0.545153411612, max([F,P])=      0.168501463032
 orbitals (Q,E):
 ---------------
 A :11...21          ( 2.00    -0.5005)  ( 2.00    -0.4169)  ( 2.00    -0.4007)  ( 2.00    -0.3674)
                     ( 2.00    -0.3533)  ( 2.00    -0.3284)  ( 2.00    -0.3107)  ( 2.00    -0.3064)
                     ( 2.00    -0.2859)  ( 2.00    -0.2593)  ( 0.00    -0.1106)

 CYCLE    4
  SDIIS (wt  0.887):  0.2605  0.0728  0.6667
 A-DIIS (wt  0.113):  0.0000  0.0000  1.0000
  DIIS coefficients:  0.2311  0.0646  0.7044
 SCF Error: norm([F,P])=      0.067592320618, max([F,P])=      0.012201325265
 orbitals (Q,E):
 ---------------
 A :11...21          ( 2.00    -0.5000)  ( 2.00    -0.4180)  ( 2.00    -0.4035)  ( 2.00    -0.3671)
                     ( 2.00    -0.3527)  ( 2.00    -0.3272)  ( 2.00    -0.3108)  ( 2.00    -0.3054)
                     ( 2.00    -0.2851)  ( 2.00    -0.2584)  ( 0.00    -0.1159)

 CYCLE    5
  SDIIS (wt  0.887):  0.1141  0.0175  0.4791  0.3893
 A-DIIS (wt  0.113):  0.0000  0.0000  0.2912  0.7088
  DIIS coefficients:  0.1012  0.0155  0.4578  0.4254
 SCF Error: norm([F,P])=      0.051365955343, max([F,P])=      0.012488090927
 orbitals (Q,E):
 ---------------
 A :11...21          ( 2.00    -0.5031)  ( 2.00    -0.4183)  ( 2.00    -0.4045)  ( 2.00    -0.3685)
                     ( 2.00    -0.3556)  ( 2.00    -0.3295)  ( 2.00    -0.3134)  ( 2.00    -0.3086)
                     ( 2.00    -0.2854)  ( 2.00    -0.2582)  ( 0.00    -0.1151)

 CYCLE    6
  SDIIS (wt  0.970):  0.0162  0.0056  0.1189  0.2385  0.6209
 A-DIIS (wt  0.030):  0.0000  0.0000  0.0000  0.0652  0.9348
  DIIS coefficients:  0.0157  0.0054  0.1154  0.2334  0.6302
 SCF Error: norm([F,P])=      0.014819620453, max([F,P])=      0.003927779934
 orbitals (Q,E):
 ---------------
 A :11...21          ( 2.00    -0.5018)  ( 2.00    -0.4179)  ( 2.00    -0.4039)  ( 2.00    -0.3679)
                     ( 2.00    -0.3548)  ( 2.00    -0.3286)  ( 2.00    -0.3125)  ( 2.00    -0.3077)
                     ( 2.00    -0.2849)  ( 2.00    -0.2578)  ( 0.00    -0.1146)

 CYCLE    7
  SDIIS (wt  0.997):  0.0013  0.0043  0.0314  0.1220  0.4367  0.4043
 A-DIIS (wt  0.003):  0.0000  0.0000  0.0000  0.0000  0.0952  0.9048
  DIIS coefficients:  0.0013  0.0043  0.0313  0.1216  0.4356  0.4059
 SCF Error: norm([F,P])=      0.006218829948, max([F,P])=      0.001322625783
 orbitals (Q,E):
 ---------------
 A :11...21          ( 2.00    -0.5021)  ( 2.00    -0.4179)  ( 2.00    -0.4039)  ( 2.00    -0.3679)
                     ( 2.00    -0.3547)  ( 2.00    -0.3287)  ( 2.00    -0.3125)  ( 2.00    -0.3077)
                     ( 2.00    -0.2850)  ( 2.00    -0.2580)  ( 0.00    -0.1146)

 CYCLE    8
  SDIIS (wt  1.000): -0.0015  0.0029  0.0025  0.0446  0.1908  0.2525  0.5083
  DIIS coefficients: -0.0015  0.0029  0.0025  0.0446  0.1908  0.2525  0.5083
 SCF Error: norm([F,P])=      0.001969084133, max([F,P])=      0.000443225446
 orbitals (Q,E):
 ---------------
 A :11...21          ( 2.00    -0.5021)  ( 2.00    -0.4181)  ( 2.00    -0.4040)  ( 2.00    -0.3680)
                     ( 2.00    -0.3549)  ( 2.00    -0.3288)  ( 2.00    -0.3126)  ( 2.00    -0.3078)
                     ( 2.00    -0.2852)  ( 2.00    -0.2581)  ( 0.00    -0.1148)

 CYCLE    9
  SDIIS (wt  1.000): -0.0010  0.0014 -0.0013  0.0135  0.0650  0.0933  0.2546  0.5745
  DIIS coefficients: -0.0010  0.0014 -0.0013  0.0135  0.0650  0.0933  0.2546  0.5745
 SCF Error: norm([F,P])=      0.000441742283, max([F,P])=      0.000097366406
 orbitals (Q,E):
 ---------------
 A :11...21          ( 2.00    -0.5021)  ( 2.00    -0.4181)  ( 2.00    -0.4040)  ( 2.00    -0.3680)
                     ( 2.00    -0.3548)  ( 2.00    -0.3288)  ( 2.00    -0.3126)  ( 2.00    -0.3078)
                     ( 2.00    -0.2852)  ( 2.00    -0.2582)  ( 0.00    -0.1148)

 CYCLE   10
  SDIIS (wt  1.000): -0.0006  0.0008 -0.0009  0.0070  0.0346  0.0498  0.1458  0.3980  0.3655
  DIIS coefficients: -0.0006  0.0008 -0.0009  0.0070  0.0346  0.0498  0.1458  0.3980  0.3655
 SCF Error: norm([F,P])=      0.000174074051, max([F,P])=      0.000045748948
 orbitals (Q,E):
 ---------------
 A :11...21          ( 2.00    -0.5021)  ( 2.00    -0.4180)  ( 2.00    -0.4040)  ( 2.00    -0.3680)
                     ( 2.00    -0.3548)  ( 2.00    -0.3288)  ( 2.00    -0.3126)  ( 2.00    -0.3078)
                     ( 2.00    -0.2852)  ( 2.00    -0.2581)  ( 0.00    -0.1148)

 CYCLE   11
  SDIIS (wt  1.000): -0.0001  0.0001 -0.0001  0.0009  0.0045  0.0062  0.0213  0.0875  0.1851  0.6945
  DIIS coefficients: -0.0001  0.0001 -0.0001  0.0009  0.0045  0.0062  0.0213  0.0875  0.1851  0.6945
 SCF Error: norm([F,P])=      0.000035166111, max([F,P])=      0.000007784467
 orbitals (Q,E):
 ---------------
 A :11...21          ( 2.00    -0.5021)  ( 2.00    -0.4180)  ( 2.00    -0.4040)  ( 2.00    -0.3680)
                     ( 2.00    -0.3548)  ( 2.00    -0.3288)  ( 2.00    -0.3126)  ( 2.00    -0.3078)
                     ( 2.00    -0.2852)  ( 2.00    -0.2581)  ( 0.00    -0.1148)

 CYCLE   12
  SDIIS (wt  1.000):  0.0000  0.0000 -0.0000 -0.0001 -0.0002 -0.0002  0.0070  0.0398  0.1935  0.7602
  DIIS coefficients:  0.0000  0.0000 -0.0000 -0.0001 -0.0002 -0.0002  0.0070  0.0398  0.1935  0.7602
 SCF Error: norm([F,P])=      0.000003927512, max([F,P])=      0.000000931564
 orbitals (Q,E):
 ---------------
 A :11...21          ( 2.00    -0.5021)  ( 2.00    -0.4180)  ( 2.00    -0.4040)  ( 2.00    -0.3680)
                     ( 2.00    -0.3548)  ( 2.00    -0.3288)  ( 2.00    -0.3126)  ( 2.00    -0.3078)
                     ( 2.00    -0.2852)  ( 2.00    -0.2581)  ( 0.00    -0.1148)

 SCF CONVERGED
 cosmo_calcen: 0.5 (esolb+esolc) (Hartrees) =   -0.022673

 Solvation energy (screening term,uncorrected) =    -14.227786 kcal/mol

 Solvation energy (dispersion and cavitation terms) =      0.701717 kcal/mol
 Solvation Energy Contributions (Hartrees)
          esola   esolb+esolc
     0.02267342   -0.04534684
 esol last cycle   -0.02267342

 CYCLE   13
 *** Using FIT density in Focky
  SDIIS (wt  1.000):  0.0000 -0.0000 -0.0001 -0.0001 -0.0003  0.0003  0.0079  0.0328  0.1647  0.7948
  DIIS coefficients:  0.0000 -0.0000 -0.0001 -0.0001 -0.0003  0.0003  0.0079  0.0328  0.1647  0.7948
 SCF Error: norm([F,P])=      0.000000753022, max([F,P])=      0.000000193303
 orbitals (Q,E):
 ---------------
 A :11...30          ( 2.00    -0.5021)  ( 2.00    -0.4180)  ( 2.00    -0.4040)  ( 2.00    -0.3680)
                     ( 2.00    -0.3548)  ( 2.00    -0.3288)  ( 2.00    -0.3126)  ( 2.00    -0.3078)
                     ( 2.00    -0.2852)  ( 2.00    -0.2581)  ( 0.00    -0.1148)  ( 0.00    -0.0224)
                     ( 0.00     0.0205)  ( 0.00     0.0227)  ( 0.00     0.0389)  ( 0.00     0.0671)
                     ( 0.00     0.0725)  ( 0.00     0.1032)  ( 0.00     0.1379)  ( 0.00     0.1872)
 cosmo_calcen: 0.5 (esolb+esolc) (Hartrees) =   -0.022673

 Solvation energy (screening term,uncorrected) =    -14.227792 kcal/mol

 Solvation energy (dispersion and cavitation terms) =      0.701717 kcal/mol
 Solvation Energy Contributions (Hartrees)
          esola   esolb+esolc
     0.02267343   -0.04534686
 esol last cycle   -0.02267343


 Fit test: (difference of exact and fit density, squared integrated, result summed over spins)
         SCF:                                          0.00004352770560

 Gross Charges per Atom (Z minus electrons)
 ==========================================
             1.7352   -0.6951   -0.7083   -0.7947   -0.6748    0.3774    0.3871    0.3732
 Net Total: -0.00000000



 =================================================================
 M U L T I P O L E   D E R I V E D   C H A R G E   A N A L Y S I S
 =================================================================

 See: M. Swart, P.Th. van Duijnen, J.G. Snijders, J.Comput.Chem., (2001), p. 79-88.

 --------------------------------------- 
 Multipole derived atomic charges (a.u.)
 --------------------------------------- 

        Atom    Level:     MDC-m        MDC-d        MDC-q
 ---------------------------------------------------------
     1     P            1.967620     1.415976     0.956620
     2     O           -0.518616    -0.627725    -0.476546
     3     O           -0.512402    -0.638328    -0.508514
     4     O           -0.840493    -0.770812    -0.585432
     5     O           -0.477939    -0.715255    -0.304884
     6     H            0.118313     0.425925     0.331825
     7     H            0.139649     0.456745     0.274327
     8     H            0.123868     0.453474     0.312604
 *** Using NEW gradient routines ***


 Geometry CYCLE 5
 ==============

 Energy gradients wrt nuclear displacements
 ==========================================

     Atom      Cartesian (a.u./angstrom)
                 X         Y         Z
 ----------------------------------------
     1 P     0.008541  0.004736  0.121622
     2 O    -0.006653 -0.025303 -0.001058
     3 O     0.014408  0.026494  0.004973
     4 O    -0.029650  0.003349 -0.063056
     5 O     0.011254 -0.005940 -0.057147
     6 H    -0.002023  0.000000 -0.000643
     7 H     0.002427  0.001452 -0.007319
     8 H     0.001696 -0.004788  0.002627
 ----------------------------------------
 Max Cartesian displacement  0.791196674396061     
 Limit Cartesian step to   0.566917837497000     

 dE(predicted):    -0.30439E-01, dE(actual):    -0.21666E-01, Trust radius:    0.565685, all in a.u.
 
----------------------------------------------------------------------
Geometry Convergence after Step   5       (Hartree/Angstrom,Angstrom)
----------------------------------------------------------------------
current energy                               -1.63101434 Hartree
energy change                      -0.02166582     0.00100000    F
constrained gradient max            0.12162229     0.00100000    F
constrained gradient rms            0.03221032     0.00066667    F
gradient max                        0.12162229
gradient rms                        0.03221032
cart. step max                      0.30319818     0.01000000    F
cart. step rms                      0.13446622     0.00666667    F
 


 Coordinates (Cartesian)
 =======================

     Atom                    bohr                                 angstrom                 Geometric Variables
                   X           Y           Z              X           Y           Z       (0:frozen, *:LT par.)
 --------------------------------------------------------------------------------------------------------------
     1 P      -1.646958    0.997949    0.659002      -0.871533    0.528092    0.348729      1       2       3
     2 O      -2.281945   -1.652800   -0.923648      -1.207553   -0.874624   -0.488773      4       5       6
     3 O      -0.747814    3.373463   -1.247010      -0.395726    1.785160   -0.659889      7       8       9
     4 O      -4.286140    1.760370    1.467553      -2.268128    0.931548    0.776595     10      11      12
     5 O       1.325566    0.175579    1.110942       0.701459    0.092912    0.587885     13      14      15
     6 H      -2.280951    4.373853   -1.562080      -1.207027    2.314543   -0.826617     16      17      18
     7 H       2.394515    1.699303    1.044327       1.267123    0.899233    0.552634     19      20      21
     8 H      -0.714198   -2.590694   -1.261040      -0.377937   -1.370936   -0.667313     22      23      24
 --------------------------------------------------------------------------------------------------------------

 Number of elements of the density matrix on this node (used, total):       378      7381



 ===========================================
 Numerical Integration : Fuzzy Cells (Becke)
 ===========================================
  
 Becke grid quality: GOOD           
  
 Lebedev angular grid order:             min:  11 max:  35
 Nr. of radial points:                   min:  54 max:  65

 Total nr. of points:     102105
 Nr. of blocks:              798
 Block length:               128
 Nr. of dummy points:         39


 Test of Precision of the Numerical Integration Grid
 ===================================================

 Integral of the Total Core Density:                  10.00000117060610
 Relative Error:                                       1.171E-07


 -------------------------------------------
  COSMO surface
  Area             =          377.345
  Volume           =          599.112
  Number of Points =          968
 -------------------------------------------



 ========================
 Density Fitting (zlmFit)
 ========================
  
 ZlmFit Fit Quality: GOOD           
  
 Max L-expansion:                        min:   7 max:   9
 Nr. of radial interpolation points:     min:  72 max: 114



 =====
 S C F  ***  ScaSCF  ***
 =====
  
 Initial density matrix is taken from previous geometry

 CYCLE    1
 SCF Error: norm([F,P])=      0.496031533441, max([F,P])=      0.163988111122
 orbitals (Q,E):
 ---------------
 A :11...30          ( 2.00    -0.5221)  ( 2.00    -0.4374)  ( 2.00    -0.4245)  ( 2.00    -0.3862)
                     ( 2.00    -0.3750)  ( 2.00    -0.3455)  ( 2.00    -0.3348)  ( 2.00    -0.3208)
                     ( 2.00    -0.2814)  ( 2.00    -0.2558)  ( 0.00    -0.1158)  ( 0.00    -0.0348)
                     ( 0.00    -0.0106)  ( 0.00    -0.0081)  ( 0.00     0.0184)  ( 0.00     0.0545)
                     ( 0.00     0.0714)  ( 0.00     0.1012)  ( 0.00     0.1117)  ( 0.00     0.1568)

 CYCLE    2
  SDIIS (wt  0.000):  0.2451  0.7549
 A-DIIS (wt  1.000):  0.2284  0.7716
  DIIS coefficients:  0.2284  0.7716
 SCF Error: norm([F,P])=      0.257428276665, max([F,P])=      0.058526924276
 orbitals (Q,E):
 ---------------
 A :11...21          ( 2.00    -0.4935)  ( 2.00    -0.4416)  ( 2.00    -0.4018)  ( 2.00    -0.3819)
                     ( 2.00    -0.3587)  ( 2.00    -0.3375)  ( 2.00    -0.3218)  ( 2.00    -0.3128)
                     ( 2.00    -0.3057)  ( 2.00    -0.2804)  ( 0.00    -0.1055)

 CYCLE    3
  SDIIS (wt  0.000):  0.0595  0.6474  0.2931
 A-DIIS (wt  1.000):  0.0000  0.6862  0.3138
  DIIS coefficients:  0.0000  0.6862  0.3138
 SCF Error: norm([F,P])=      0.533166934844, max([F,P])=      0.164008752235
 orbitals (Q,E):
 ---------------
 A :11...21          ( 2.00    -0.4978)  ( 2.00    -0.4211)  ( 2.00    -0.3989)  ( 2.00    -0.3723)
                     ( 2.00    -0.3608)  ( 2.00    -0.3259)  ( 2.00    -0.3135)  ( 2.00    -0.3027)
                     ( 2.00    -0.2909)  ( 2.00    -0.2684)  ( 0.00    -0.0984)

 CYCLE    4
  SDIIS (wt  0.866):  0.2335  0.0370  0.7295
 A-DIIS (wt  0.134):  0.0000  0.0000  1.0000
  DIIS coefficients:  0.2022  0.0321  0.7657
 SCF Error: norm([F,P])=      0.064163742138, max([F,P])=      0.014263558461
 orbitals (Q,E):
 ---------------
 A :11...21          ( 2.00    -0.5005)  ( 2.00    -0.4219)  ( 2.00    -0.4011)  ( 2.00    -0.3721)
                     ( 2.00    -0.3602)  ( 2.00    -0.3263)  ( 2.00    -0.3145)  ( 2.00    -0.3022)
                     ( 2.00    -0.2900)  ( 2.00    -0.2670)  ( 0.00    -0.1013)

 CYCLE    5
  SDIIS (wt  0.942):  0.1016  0.0109  0.4751  0.4124
 A-DIIS (wt  0.058):  0.0000  0.0000  0.1922  0.8078
  DIIS coefficients:  0.0956  0.0103  0.4586  0.4355
 SCF Error: norm([F,P])=      0.037504518419, max([F,P])=      0.006779980449
 orbitals (Q,E):
 ---------------
 A :11...21          ( 2.00    -0.5016)  ( 2.00    -0.4221)  ( 2.00    -0.4021)  ( 2.00    -0.3731)
                     ( 2.00    -0.3630)  ( 2.00    -0.3276)  ( 2.00    -0.3167)  ( 2.00    -0.3038)
                     ( 2.00    -0.2903)  ( 2.00    -0.2674)  ( 0.00    -0.1011)

 CYCLE    6
  SDIIS (wt  0.983):  0.0114  0.0032  0.0963  0.2574  0.6316
 A-DIIS (wt  0.017):  0.0000  0.0000  0.0000  0.0668  0.9332
  DIIS coefficients:  0.0112  0.0032  0.0947  0.2542  0.6367
 SCF Error: norm([F,P])=      0.011227164853, max([F,P])=      0.002678223802
 orbitals (Q,E):
 ---------------
 A :11...21          ( 2.00    -0.5011)  ( 2.00    -0.4218)  ( 2.00    -0.4016)  ( 2.00    -0.3726)
                     ( 2.00    -0.3620)  ( 2.00    -0.3271)  ( 2.00    -0.3158)  ( 2.00    -0.3032)
                     ( 2.00    -0.2900)  ( 2.00    -0.2671)  ( 0.00    -0.1006)

 CYCLE    7
  SDIIS (wt  1.000):  0.0005  0.0026  0.0275  0.1324  0.3900  0.4471
  DIIS coefficients:  0.0005  0.0026  0.0275  0.1324  0.3900  0.4471
 SCF Error: norm([F,P])=      0.003983332983, max([F,P])=      0.000920597141
 orbitals (Q,E):
 ---------------
 A :11...21          ( 2.00    -0.5011)  ( 2.00    -0.4219)  ( 2.00    -0.4016)  ( 2.00    -0.3727)
                     ( 2.00    -0.3622)  ( 2.00    -0.3271)  ( 2.00    -0.3160)  ( 2.00    -0.3032)
                     ( 2.00    -0.2901)  ( 2.00    -0.2672)  ( 0.00    -0.1008)

 CYCLE    8
  SDIIS (wt  1.000): -0.0011  0.0022  0.0014  0.0461  0.1535  0.3013  0.4966
  DIIS coefficients: -0.0011  0.0022  0.0014  0.0461  0.1535  0.3013  0.4966
 SCF Error: norm([F,P])=      0.001689961919, max([F,P])=      0.000386689547
 orbitals (Q,E):
 ---------------
 A :11...21          ( 2.00    -0.5011)  ( 2.00    -0.4220)  ( 2.00    -0.4017)  ( 2.00    -0.3728)
                     ( 2.00    -0.3622)  ( 2.00    -0.3272)  ( 2.00    -0.3160)  ( 2.00    -0.3033)
                     ( 2.00    -0.2902)  ( 2.00    -0.2673)  ( 0.00    -0.1009)

 CYCLE    9
  SDIIS (wt  1.000): -0.0007  0.0011 -0.0011  0.0154  0.0546  0.1248  0.2566  0.5493
  DIIS coefficients: -0.0007  0.0011 -0.0011  0.0154  0.0546  0.1248  0.2566  0.5493
 SCF Error: norm([F,P])=      0.000312824267, max([F,P])=      0.000057222774
 orbitals (Q,E):
 ---------------
 A :11...21          ( 2.00    -0.5011)  ( 2.00    -0.4219)  ( 2.00    -0.4016)  ( 2.00    -0.3727)
                     ( 2.00    -0.3621)  ( 2.00    -0.3271)  ( 2.00    -0.3160)  ( 2.00    -0.3033)
                     ( 2.00    -0.2902)  ( 2.00    -0.2673)  ( 0.00    -0.1008)

 CYCLE   10
  SDIIS (wt  1.000): -0.0003  0.0005 -0.0006  0.0062  0.0226  0.0536  0.1181  0.3005  0.4995
  DIIS coefficients: -0.0003  0.0005 -0.0006  0.0062  0.0226  0.0536  0.1181  0.3005  0.4995
 SCF Error: norm([F,P])=      0.000074962175, max([F,P])=      0.000017626030
 orbitals (Q,E):
 ---------------
 A :11...21          ( 2.00    -0.5011)  ( 2.00    -0.4219)  ( 2.00    -0.4016)  ( 2.00    -0.3727)
                     ( 2.00    -0.3621)  ( 2.00    -0.3271)  ( 2.00    -0.3160)  ( 2.00    -0.3033)
                     ( 2.00    -0.2902)  ( 2.00    -0.2673)  ( 0.00    -0.1008)

 CYCLE   11
  SDIIS (wt  1.000): -0.0001  0.0001 -0.0001  0.0012  0.0046  0.0105  0.0270  0.0920  0.3736  0.4913
  DIIS coefficients: -0.0001  0.0001 -0.0001  0.0012  0.0046  0.0105  0.0270  0.0920  0.3736  0.4913
 SCF Error: norm([F,P])=      0.000043606883, max([F,P])=      0.000009444820
 orbitals (Q,E):
 ---------------
 A :11...21          ( 2.00    -0.5011)  ( 2.00    -0.4219)  ( 2.00    -0.4016)  ( 2.00    -0.3727)
                     ( 2.00    -0.3622)  ( 2.00    -0.3271)  ( 2.00    -0.3160)  ( 2.00    -0.3033)
                     ( 2.00    -0.2902)  ( 2.00    -0.2673)  ( 0.00    -0.1008)

 CYCLE   12
  SDIIS (wt  1.000):  0.0000  0.0000 -0.0000  0.0000 -0.0000  0.0007  0.0097  0.0916  0.1526  0.7454
  DIIS coefficients:  0.0000  0.0000 -0.0000  0.0000 -0.0000  0.0007  0.0097  0.0916  0.1526  0.7454
 SCF Error: norm([F,P])=      0.000003641174, max([F,P])=      0.000000853418
 orbitals (Q,E):
 ---------------
 A :11...21          ( 2.00    -0.5011)  ( 2.00    -0.4219)  ( 2.00    -0.4016)  ( 2.00    -0.3727)
                     ( 2.00    -0.3622)  ( 2.00    -0.3271)  ( 2.00    -0.3160)  ( 2.00    -0.3033)
                     ( 2.00    -0.2902)  ( 2.00    -0.2673)  ( 0.00    -0.1008)

 SCF CONVERGED
 cosmo_calcen: 0.5 (esolb+esolc) (Hartrees) =   -0.023644

 Solvation energy (screening term,uncorrected) =    -14.836912 kcal/mol

 Solvation energy (dispersion and cavitation terms) =      0.705607 kcal/mol
 Solvation Energy Contributions (Hartrees)
          esola   esolb+esolc
     0.02364412   -0.04728824
 esol last cycle   -0.02364412

 CYCLE   13
 *** Using FIT density in Focky
  SDIIS (wt  1.000):  0.0000 -0.0000 -0.0001 -0.0001 -0.0002  0.0010  0.0159  0.0262  0.1577  0.7997
  DIIS coefficients:  0.0000 -0.0000 -0.0001 -0.0001 -0.0002  0.0010  0.0159  0.0262  0.1577  0.7997
 SCF Error: norm([F,P])=      0.000000595188, max([F,P])=      0.000000148832
 orbitals (Q,E):
 ---------------
 A :11...30          ( 2.00    -0.5011)  ( 2.00    -0.4219)  ( 2.00    -0.4016)  ( 2.00    -0.3727)
                     ( 2.00    -0.3622)  ( 2.00    -0.3271)  ( 2.00    -0.3160)  ( 2.00    -0.3033)
                     ( 2.00    -0.2902)  ( 2.00    -0.2673)  ( 0.00    -0.1008)  ( 0.00    -0.0047)
                     ( 0.00     0.0155)  ( 0.00     0.0280)  ( 0.00     0.0418)  ( 0.00     0.0659)
                     ( 0.00     0.0868)  ( 0.00     0.1053)  ( 0.00     0.1174)  ( 0.00     0.1879)
 cosmo_calcen: 0.5 (esolb+esolc) (Hartrees) =   -0.023644

 Solvation energy (screening term,uncorrected) =    -14.836917 kcal/mol

 Solvation energy (dispersion and cavitation terms) =      0.705607 kcal/mol
 Solvation Energy Contributions (Hartrees)
          esola   esolb+esolc
     0.02364413   -0.04728826
 esol last cycle   -0.02364413


 Fit test: (difference of exact and fit density, squared integrated, result summed over spins)
         SCF:                                          0.00004145908717

 Gross Charges per Atom (Z minus electrons)
 ==========================================
             1.7873   -0.7096   -0.7186   -0.7877   -0.6809    0.3642    0.3857    0.3595
 Net Total: -0.00000000



 =================================================================
 M U L T I P O L E   D E R I V E D   C H A R G E   A N A L Y S I S
 =================================================================

 See: M. Swart, P.Th. van Duijnen, J.G. Snijders, J.Comput.Chem., (2001), p. 79-88.

 --------------------------------------- 
 Multipole derived atomic charges (a.u.)
 --------------------------------------- 

        Atom    Level:     MDC-m        MDC-d        MDC-q
 ---------------------------------------------------------
     1     P            1.978431     1.455971     0.821341
     2     O           -0.527465    -0.656356    -0.394319
     3     O           -0.521983    -0.623808    -0.536712
     4     O           -0.843972    -0.764959    -0.559928
     5     O           -0.476459    -0.695462    -0.226663
     6     H            0.119232     0.394883     0.356197
     7     H            0.146216     0.439521     0.264271
     8     H            0.125999     0.450209     0.275812
 *** Using NEW gradient routines ***


 Geometry CYCLE 6
 ==============

 Energy gradients wrt nuclear displacements
 ==========================================

     Atom      Cartesian (a.u./angstrom)
                 X         Y         Z
 ----------------------------------------
     1 P     0.014855  0.006065  0.159378
     2 O    -0.008434 -0.022214 -0.020950
     3 O     0.016796  0.023620 -0.017482
     4 O    -0.051344  0.009505 -0.058162
     5 O     0.026465 -0.011758 -0.055580
     6 H    -0.004098 -0.001353 -0.000225
     7 H     0.002275  0.001302 -0.007860
     8 H     0.003484 -0.005167  0.000880
 ----------------------------------------

 dE(predicted):    -0.49621E-01, dE(actual):    -0.25940E-01, Trust radius:    0.565685, all in a.u.
 
----------------------------------------------------------------------
Geometry Convergence after Step   6       (Hartree/Angstrom,Angstrom)
----------------------------------------------------------------------
current energy                               -1.65695394 Hartree
energy change                      -0.02593959     0.00100000    F
constrained gradient max            0.15937834     0.00100000    F
constrained gradient rms            0.03977651     0.00066667    F
gradient max                        0.15937834
gradient rms                        0.03977651
cart. step max                      0.28265211     0.01000000    F
cart. step rms                      0.11746144     0.00666667    F
 


 Coordinates (Cartesian)
 =======================

     Atom                    bohr                                 angstrom                 Geometric Variables
                   X           Y           Z              X           Y           Z       (0:frozen, *:LT par.)
 --------------------------------------------------------------------------------------------------------------
     1 P      -1.639358    1.000384    0.589709      -0.867511    0.529380    0.312061      1       2       3
     2 O      -2.307325   -1.462794   -1.107922      -1.220984   -0.774077   -0.586287      4       5       6
     3 O      -0.813898    3.083126   -1.543632      -0.430697    1.631520   -0.816855      7       8       9
     4 O      -3.930820    1.783304    2.001688      -2.080100    0.943684    1.059247     10      11      12
     5 O       1.222084    0.211735    1.391823       0.646699    0.112045    0.736521     13      14      15
     6 H      -2.315500    4.127040   -1.845165      -1.225310    2.183935   -0.976419     16      17      18
     7 H       2.292509    1.732352    1.376411       1.213144    0.916721    0.728365     19      20      21
     8 H      -0.745617   -2.338123   -1.574866      -0.394563   -1.237282   -0.833383     22      23      24
 --------------------------------------------------------------------------------------------------------------

 Number of elements of the density matrix on this node (used, total):       378      7381



 ===========================================
 Numerical Integration : Fuzzy Cells (Becke)
 ===========================================
  
 Becke grid quality: GOOD           
  
 Lebedev angular grid order:             min:  11 max:  35
 Nr. of radial points:                   min:  54 max:  65

 Total nr. of points:     102106
 Nr. of blocks:              798
 Block length:               128
 Nr. of dummy points:         38


 Test of Precision of the Numerical Integration Grid
 ===================================================

 Integral of the Total Core Density:                   9.99999881862511
 Relative Error:                                      -1.181E-07


 -------------------------------------------
  COSMO surface
  Area             =          375.516
  Volume           =          593.524
  Number of Points =          955
 -------------------------------------------



 ========================
 Density Fitting (zlmFit)
 ========================
  
 ZlmFit Fit Quality: GOOD           
  
 Max L-expansion:                        min:   7 max:   9
 Nr. of radial interpolation points:     min:  72 max: 114



 =====
 S C F  ***  ScaSCF  ***
 =====
  
 Initial density matrix is taken from previous geometry

 CYCLE    1
 SCF Error: norm([F,P])=      0.570488740605, max([F,P])=      0.247012545106
 orbitals (Q,E):
 ---------------
 A :11...30          ( 2.00    -0.5237)  ( 2.00    -0.4375)  ( 2.00    -0.4194)  ( 2.00    -0.3838)
                     ( 2.00    -0.3756)  ( 2.00    -0.3516)  ( 2.00    -0.3375)  ( 2.00    -0.3112)
                     ( 2.00    -0.2970)  ( 2.00    -0.2755)  ( 0.00    -0.0701)  ( 0.00    -0.0129)
                     ( 0.00    -0.0070)  ( 0.00     0.0032)  ( 0.00     0.0396)  ( 0.00     0.0755)
                     ( 0.00     0.0905)  ( 0.00     0.1060)  ( 0.00     0.1177)  ( 0.00     0.1522)

 CYCLE    2
  SDIIS (wt  0.000):  0.0781  0.9219
 A-DIIS (wt  1.000):  0.8884  0.1116
  DIIS coefficients:  0.8884  0.1116
 SCF Error: norm([F,P])=      0.121539998639, max([F,P])=      0.033786461230
 orbitals (Q,E):
 ---------------
 A :11...21          ( 2.00    -0.5225)  ( 2.00    -0.4352)  ( 2.00    -0.4167)  ( 2.00    -0.3818)
                     ( 2.00    -0.3755)  ( 2.00    -0.3491)  ( 2.00    -0.3364)  ( 2.00    -0.3107)
                     ( 2.00    -0.2963)  ( 2.00    -0.2755)  ( 0.00    -0.0670)

 CYCLE    3
  SDIIS (wt  0.000):  0.0366 -2.0000  2.9634
 A-DIIS (wt  1.000):  0.8765  0.0000  0.1235
  DIIS coefficients:  0.8765  0.0000  0.1235
 SCF Error: norm([F,P])=      0.099816019863, max([F,P])=      0.028272423097
 orbitals (Q,E):
 ---------------
 A :11...21          ( 2.00    -0.5222)  ( 2.00    -0.4351)  ( 2.00    -0.4166)  ( 2.00    -0.3817)
                     ( 2.00    -0.3753)  ( 2.00    -0.3490)  ( 2.00    -0.3363)  ( 2.00    -0.3105)
                     ( 2.00    -0.2961)  ( 2.00    -0.2754)  ( 0.00    -0.0667)

 CYCLE    4
  SDIIS (wt  0.727): -2.0000  0.0000  3.0000
 A-DIIS (wt  0.273):  0.0000  0.0000  1.0000
  DIIS coefficients: -1.4535  0.0000  2.4535
 SCF Error: norm([F,P])=      0.099545481972, max([F,P])=      0.028053975611
 orbitals (Q,E):
 ---------------
 A :11...21          ( 2.00    -0.5070)  ( 2.00    -0.4226)  ( 2.00    -0.3991)  ( 2.00    -0.3721)
                     ( 2.00    -0.3672)  ( 2.00    -0.3347)  ( 2.00    -0.3235)  ( 2.00    -0.3034)
                     ( 2.00    -0.2882)  ( 2.00    -0.2724)  ( 0.00    -0.0466)

 CYCLE    5
  SDIIS (wt  0.920):  1.2885 -2.0000  0.7630  0.9485
 A-DIIS (wt  0.080):  0.0000  0.0000  0.0000  1.0000
  DIIS coefficients:  1.1855 -1.8402  0.7021  0.9526
 SCF Error: norm([F,P])=      0.042199005878, max([F,P])=      0.008911123343
 orbitals (Q,E):
 ---------------
 A :11...21          ( 2.00    -0.5092)  ( 2.00    -0.4247)  ( 2.00    -0.4017)  ( 2.00    -0.3723)
                     ( 2.00    -0.3695)  ( 2.00    -0.3356)  ( 2.00    -0.3265)  ( 2.00    -0.3050)
                     ( 2.00    -0.2912)  ( 2.00    -0.2739)  ( 0.00    -0.0479)

 CYCLE    6
  SDIIS (wt  0.968):  1.6580  0.1822 -2.0000  0.6688  0.4910
 A-DIIS (wt  0.032):  0.0000  0.0000  0.0000  0.0000  1.0000
  DIIS coefficients:  1.6047  0.1764 -1.9357  0.6473  0.5073
 SCF Error: norm([F,P])=      0.015488487469, max([F,P])=      0.004184388371
 orbitals (Q,E):
 ---------------
 A :11...21          ( 2.00    -0.5096)  ( 2.00    -0.4241)  ( 2.00    -0.4016)  ( 2.00    -0.3719)
                     ( 2.00    -0.3691)  ( 2.00    -0.3360)  ( 2.00    -0.3257)  ( 2.00    -0.3044)
                     ( 2.00    -0.2897)  ( 2.00    -0.2732)  ( 0.00    -0.0477)

 CYCLE    7
  SDIIS (wt  0.984):  1.0249  0.8259 -2.0000  0.2659  0.3986  0.4846
 A-DIIS (wt  0.016):  0.0000  0.0000  0.0000  0.0000  0.3295  0.6705
  DIIS coefficients:  1.0089  0.8130 -1.9688  0.2618  0.3975  0.4875
 SCF Error: norm([F,P])=      0.009919945317, max([F,P])=      0.002546117754
 orbitals (Q,E):
 ---------------
 A :11...21          ( 2.00    -0.5093)  ( 2.00    -0.4242)  ( 2.00    -0.4014)  ( 2.00    -0.3718)
                     ( 2.00    -0.3691)  ( 2.00    -0.3356)  ( 2.00    -0.3258)  ( 2.00    -0.3044)
                     ( 2.00    -0.2902)  ( 2.00    -0.2732)  ( 0.00    -0.0476)

 CYCLE    8
  SDIIS (wt  1.000): -0.0451 -0.1963  0.2501  0.0077  0.1499  0.2520  0.5816
  DIIS coefficients: -0.0451 -0.1963  0.2501  0.0077  0.1499  0.2520  0.5816
 SCF Error: norm([F,P])=      0.002036067619, max([F,P])=      0.000437972101
 orbitals (Q,E):
 ---------------
 A :11...21          ( 2.00    -0.5093)  ( 2.00    -0.4242)  ( 2.00    -0.4014)  ( 2.00    -0.3719)
                     ( 2.00    -0.3691)  ( 2.00    -0.3356)  ( 2.00    -0.3259)  ( 2.00    -0.3044)
                     ( 2.00    -0.2901)  ( 2.00    -0.2732)  ( 0.00    -0.0476)

 CYCLE    9
  SDIIS (wt  1.000): -0.0476 -0.0560  0.1109 -0.0061  0.0550  0.0941  0.3130  0.5367
  DIIS coefficients: -0.0476 -0.0560  0.1109 -0.0061  0.0550  0.0941  0.3130  0.5367
 SCF Error: norm([F,P])=      0.000637292066, max([F,P])=      0.000147680353
 orbitals (Q,E):
 ---------------
 A :11...21          ( 2.00    -0.5093)  ( 2.00    -0.4242)  ( 2.00    -0.4015)  ( 2.00    -0.3719)
                     ( 2.00    -0.3692)  ( 2.00    -0.3357)  ( 2.00    -0.3259)  ( 2.00    -0.3044)
                     ( 2.00    -0.2902)  ( 2.00    -0.2733)  ( 0.00    -0.0476)

 CYCLE   10
  SDIIS (wt  1.000): -0.0103  0.0094  0.0021 -0.0019  0.0194  0.0296  0.1167  0.2919  0.5431
  DIIS coefficients: -0.0103  0.0094  0.0021 -0.0019  0.0194  0.0296  0.1167  0.2919  0.5431
 SCF Error: norm([F,P])=      0.000178153529, max([F,P])=      0.000045981336
 orbitals (Q,E):
 ---------------
 A :11...21          ( 2.00    -0.5093)  ( 2.00    -0.4242)  ( 2.00    -0.4014)  ( 2.00    -0.3719)
                     ( 2.00    -0.3692)  ( 2.00    -0.3357)  ( 2.00    -0.3259)  ( 2.00    -0.3044)
                     ( 2.00    -0.2902)  ( 2.00    -0.2733)  ( 0.00    -0.0476)

 CYCLE   11
  SDIIS (wt  1.000): -0.0001  0.0156 -0.0158 -0.0003  0.0075  0.0098  0.0445  0.1420  0.3777  0.4191
  DIIS coefficients: -0.0001  0.0156 -0.0158 -0.0003  0.0075  0.0098  0.0445  0.1420  0.3777  0.4191
 SCF Error: norm([F,P])=      0.000086106628, max([F,P])=      0.000019976837
 orbitals (Q,E):
 ---------------
 A :11...21          ( 2.00    -0.5093)  ( 2.00    -0.4242)  ( 2.00    -0.4014)  ( 2.00    -0.3719)
                     ( 2.00    -0.3691)  ( 2.00    -0.3357)  ( 2.00    -0.3259)  ( 2.00    -0.3044)
                     ( 2.00    -0.2902)  ( 2.00    -0.2733)  ( 0.00    -0.0476)

 CYCLE   12
  SDIIS (wt  1.000):  0.0034 -0.0034 -0.0001  0.0014  0.0018  0.0083  0.0313  0.0872  0.1160  0.7542
  DIIS coefficients:  0.0034 -0.0034 -0.0001  0.0014  0.0018  0.0083  0.0313  0.0872  0.1160  0.7542
 SCF Error: norm([F,P])=      0.000005555761, max([F,P])=      0.000000918701
 orbitals (Q,E):
 ---------------
 A :11...21          ( 2.00    -0.5093)  ( 2.00    -0.4242)  ( 2.00    -0.4014)  ( 2.00    -0.3719)
                     ( 2.00    -0.3691)  ( 2.00    -0.3357)  ( 2.00    -0.3259)  ( 2.00    -0.3044)
                     ( 2.00    -0.2902)  ( 2.00    -0.2733)  ( 0.00    -0.0476)

 SCF CONVERGED
 cosmo_calcen: 0.5 (esolb+esolc) (Hartrees) =   -0.024275

 Solvation energy (screening term,uncorrected) =    -15.232822 kcal/mol

 Solvation energy (dispersion and cavitation terms) =      0.702186 kcal/mol
 Solvation Energy Contributions (Hartrees)
          esola   esolb+esolc
     0.02427504   -0.04855009
 esol last cycle   -0.02427504

 CYCLE   13
 *** Using FIT density in Focky
  SDIIS (wt  1.000): -0.0000 -0.0000 -0.0000  0.0000 -0.0001  0.0014  0.0059  0.0126  0.1900  0.7901
  DIIS coefficients: -0.0000 -0.0000 -0.0000  0.0000 -0.0001  0.0014  0.0059  0.0126  0.1900  0.7901
 SCF Error: norm([F,P])=      0.000001132475, max([F,P])=      0.000000198650
 orbitals (Q,E):
 ---------------
 A :11...30          ( 2.00    -0.5093)  ( 2.00    -0.4242)  ( 2.00    -0.4014)  ( 2.00    -0.3719)
                     ( 2.00    -0.3691)  ( 2.00    -0.3357)  ( 2.00    -0.3259)  ( 2.00    -0.3044)
                     ( 2.00    -0.2902)  ( 2.00    -0.2733)  ( 0.00    -0.0476)  ( 0.00     0.0156)
                     ( 0.00     0.0191)  ( 0.00     0.0316)  ( 0.00     0.0525)  ( 0.00     0.0724)
                     ( 0.00     0.0990)  ( 0.00     0.1111)  ( 0.00     0.1236)  ( 0.00     0.1646)
 cosmo_calcen: 0.5 (esolb+esolc) (Hartrees) =   -0.024275

 Solvation energy (screening term,uncorrected) =    -15.232818 kcal/mol

 Solvation energy (dispersion and cavitation terms) =      0.702186 kcal/mol
 Solvation Energy Contributions (Hartrees)
          esola   esolb+esolc
     0.02427504   -0.04855008
 esol last cycle   -0.02427504


 Fit test: (difference of exact and fit density, squared integrated, result summed over spins)
         SCF:                                          0.00004214778672

 Gross Charges per Atom (Z minus electrons)
 ==========================================
             1.8644   -0.7114   -0.7132   -0.8083   -0.7012    0.3507    0.3693    0.3498
 Net Total: -0.00000000



 =================================================================
 M U L T I P O L E   D E R I V E D   C H A R G E   A N A L Y S I S
 =================================================================

 See: M. Swart, P.Th. van Duijnen, J.G. Snijders, J.Comput.Chem., (2001), p. 79-88.

 --------------------------------------- 
 Multipole derived atomic charges (a.u.)
 --------------------------------------- 

        Atom    Level:     MDC-m        MDC-d        MDC-q
 ---------------------------------------------------------
     1     P            2.014975     1.542870     0.557240
     2     O           -0.527536    -0.688568    -0.343126
     3     O           -0.519337    -0.625918    -0.531862
     4     O           -0.874746    -0.790398    -0.504304
     5     O           -0.494860    -0.693244    -0.326530
     6     H            0.123328     0.379648     0.434594
     7     H            0.145889     0.424118     0.390272
     8     H            0.132288     0.451494     0.323716
 *** Using NEW gradient routines ***


 Geometry CYCLE 7
 ==============

 Energy gradients wrt nuclear displacements
 ==========================================

     Atom      Cartesian (a.u./angstrom)
                 X         Y         Z
 ----------------------------------------
     1 P    -0.023811  0.010703  0.096531
     2 O     0.007989  0.011389 -0.020405
     3 O     0.013283 -0.011035 -0.016319
     4 O    -0.017008  0.002821 -0.031504
     5 O     0.022727 -0.010986 -0.031422
     6 H    -0.003497 -0.007333  0.005299
     7 H    -0.000293  0.003046 -0.005803
     8 H     0.000610  0.001395  0.003625
 ----------------------------------------

 dE(predicted):    -0.63528E-01, dE(actual):    -0.31849E-01, Trust radius:    0.565685, all in a.u.
 
----------------------------------------------------------------------
Geometry Convergence after Step   7       (Hartree/Angstrom,Angstrom)
----------------------------------------------------------------------
current energy                               -1.68880261 Hartree
energy change                      -0.03184867     0.00100000    F
constrained gradient max            0.09653097     0.00100000    F
constrained gradient rms            0.02435934     0.00066667    F
gradient max                        0.09653097
gradient rms                        0.02435934
cart. step max                      0.25334643     0.01000000    F
cart. step rms                      0.11051777     0.00666667    F
 


 Coordinates (Cartesian)
 =======================

     Atom                    bohr                                 angstrom                 Geometric Variables
                   X           Y           Z              X           Y           Z       (0:frozen, *:LT par.)
 --------------------------------------------------------------------------------------------------------------
     1 P      -1.730944    0.950734    0.110954      -0.915976    0.503107    0.058714      1       2       3
     2 O      -2.276260   -1.751325   -0.858061      -1.204545   -0.926761   -0.454066      4       5       6
     3 O      -0.762207    3.280012   -1.448386      -0.403343    1.735708   -0.766453      7       8       9
     4 O      -3.647964    1.652649    1.919589      -1.930419    0.874544    1.015803     10      11      12
     5 O       0.986153    0.270951    1.217694       0.521850    0.143381    0.644376     13      14      15
     6 H      -2.143980    4.502581   -1.605641      -1.134546    2.382663   -0.849669     16      17      18
     7 H       2.031000    1.793448    1.289986       1.074759    0.949052    0.682631     19      20      21
     8 H      -0.693722   -2.562027   -1.338089      -0.367102   -1.355766   -0.708086     22      23      24
 --------------------------------------------------------------------------------------------------------------

 Number of elements of the density matrix on this node (used, total):       378      7381



 ===========================================
 Numerical Integration : Fuzzy Cells (Becke)
 ===========================================
  
 Becke grid quality: GOOD           
  
 Lebedev angular grid order:             min:  11 max:  35
 Nr. of radial points:                   min:  54 max:  65

 Total nr. of points:     102097
 Nr. of blocks:              798
 Block length:               128
 Nr. of dummy points:         47


 Test of Precision of the Numerical Integration Grid
 ===================================================

 Integral of the Total Core Density:                   9.99999973785671
 Relative Error:                                      -2.621E-08


 -------------------------------------------
  COSMO surface
  Area             =          366.622
  Volume           =          574.020
  Number of Points =          950
 -------------------------------------------



 ========================
 Density Fitting (zlmFit)
 ========================
  
 ZlmFit Fit Quality: GOOD           
  
 Max L-expansion:                        min:   7 max:   9
 Nr. of radial interpolation points:     min:  72 max: 114



 =====
 S C F  ***  ScaSCF  ***
 =====
  
 Initial density matrix is taken from previous geometry

 CYCLE    1
 SCF Error: norm([F,P])=      0.703304796079, max([F,P])=      0.173979445988
 orbitals (Q,E):
 ---------------
 A :11...30          ( 2.00    -0.5736)  ( 2.00    -0.4759)  ( 2.00    -0.4609)  ( 2.00    -0.4210)
                     ( 2.00    -0.4000)  ( 2.00    -0.3887)  ( 2.00    -0.3694)  ( 2.00    -0.3636)
                     ( 2.00    -0.3095)  ( 2.00    -0.2965)  ( 0.00    -0.0905)  ( 0.00    -0.0383)
                     ( 0.00    -0.0301)  ( 0.00    -0.0066)  ( 0.00     0.0378)  ( 0.00     0.0545)
                     ( 0.00     0.0732)  ( 0.00     0.1107)  ( 0.00     0.1182)  ( 0.00     0.1364)

 CYCLE    2
  SDIIS (wt  0.000):  0.1126  0.8874
 A-DIIS (wt  1.000):  0.1849  0.8151
  DIIS coefficients:  0.1849  0.8151
 SCF Error: norm([F,P])=      0.190899465446, max([F,P])=      0.045757413171
 orbitals (Q,E):
 ---------------
 A :11...21          ( 2.00    -0.5099)  ( 2.00    -0.4185)  ( 2.00    -0.4082)  ( 2.00    -0.3704)
                     ( 2.00    -0.3524)  ( 2.00    -0.3383)  ( 2.00    -0.3163)  ( 2.00    -0.3106)
                     ( 2.00    -0.2642)  ( 2.00    -0.2588)  ( 0.00    -0.0398)

 CYCLE    3
  SDIIS (wt  0.000):  0.0190  0.4026  0.5785
 A-DIIS (wt  1.000):  0.0000  0.0958  0.9042
  DIIS coefficients:  0.0000  0.0958  0.9042
 SCF Error: norm([F,P])=      0.135835855820, max([F,P])=      0.032108750375
 orbitals (Q,E):
 ---------------
 A :11...21          ( 2.00    -0.5337)  ( 2.00    -0.4350)  ( 2.00    -0.4242)  ( 2.00    -0.3863)
                     ( 2.00    -0.3638)  ( 2.00    -0.3512)  ( 2.00    -0.3379)  ( 2.00    -0.3314)
                     ( 2.00    -0.2818)  ( 2.00    -0.2694)  ( 0.00    -0.0433)

 CYCLE    4
  SDIIS (wt  0.000):  0.1326  0.5633  0.3041
 A-DIIS (wt  1.000):  0.0000  0.6318  0.3682
  DIIS coefficients:  0.0000  0.6318  0.3682
 SCF Error: norm([F,P])=      0.197071313090, max([F,P])=      0.051480975938
 orbitals (Q,E):
 ---------------
 A :11...21          ( 2.00    -0.5202)  ( 2.00    -0.4275)  ( 2.00    -0.4157)  ( 2.00    -0.3779)
                     ( 2.00    -0.3607)  ( 2.00    -0.3451)  ( 2.00    -0.3270)  ( 2.00    -0.3216)
                     ( 2.00    -0.2756)  ( 2.00    -0.2686)  ( 0.00    -0.0407)

 CYCLE    5
  SDIIS (wt  0.939):  0.0006  0.3125  0.1880  0.4989
 A-DIIS (wt  0.061):  0.0000  0.0000  0.0000  1.0000
  DIIS coefficients:  0.0005  0.2934  0.1765  0.5295
 SCF Error: norm([F,P])=      0.032412472750, max([F,P])=      0.007055058464
 orbitals (Q,E):
 ---------------
 A :11...21          ( 2.00    -0.5173)  ( 2.00    -0.4241)  ( 2.00    -0.4121)  ( 2.00    -0.3748)
                     ( 2.00    -0.3564)  ( 2.00    -0.3412)  ( 2.00    -0.3236)  ( 2.00    -0.3185)
                     ( 2.00    -0.2709)  ( 2.00    -0.2633)  ( 0.00    -0.0383)

 CYCLE    6
  SDIIS (wt  0.977): -0.0077  0.1241  0.0727  0.3282  0.4827
 A-DIIS (wt  0.023):  0.0000  0.0000  0.0000  0.0000  1.0000
  DIIS coefficients: -0.0075  0.1212  0.0710  0.3207  0.4946
 SCF Error: norm([F,P])=      0.010709302060, max([F,P])=      0.003290177776
 orbitals (Q,E):
 ---------------
 A :11...21          ( 2.00    -0.5177)  ( 2.00    -0.4245)  ( 2.00    -0.4126)  ( 2.00    -0.3753)
                     ( 2.00    -0.3574)  ( 2.00    -0.3418)  ( 2.00    -0.3242)  ( 2.00    -0.3190)
                     ( 2.00    -0.2721)  ( 2.00    -0.2646)  ( 0.00    -0.0384)

 CYCLE    7
  SDIIS (wt  1.000): -0.0067  0.0378  0.0212  0.1554  0.3358  0.4564
 A-DIIS (wt  0.000):  0.0000  0.0000  0.0000  0.0000  0.1156  0.8844
  DIIS coefficients: -0.0067  0.0378  0.0212  0.1554  0.3357  0.4566
 SCF Error: norm([F,P])=      0.004395074501, max([F,P])=      0.001036218537
 orbitals (Q,E):
 ---------------
 A :11...21          ( 2.00    -0.5177)  ( 2.00    -0.4246)  ( 2.00    -0.4128)  ( 2.00    -0.3754)
                     ( 2.00    -0.3573)  ( 2.00    -0.3419)  ( 2.00    -0.3242)  ( 2.00    -0.3191)
                     ( 2.00    -0.2719)  ( 2.00    -0.2645)  ( 0.00    -0.0385)

 CYCLE    8
  SDIIS (wt  1.000): -0.0024  0.0101  0.0048  0.0547  0.1268  0.2570  0.5490
  DIIS coefficients: -0.0024  0.0101  0.0048  0.0547  0.1268  0.2570  0.5490
 SCF Error: norm([F,P])=      0.001018004674, max([F,P])=      0.000224354717
 orbitals (Q,E):
 ---------------
 A :11...21          ( 2.00    -0.5177)  ( 2.00    -0.4246)  ( 2.00    -0.4127)  ( 2.00    -0.3753)
                     ( 2.00    -0.3573)  ( 2.00    -0.3418)  ( 2.00    -0.3241)  ( 2.00    -0.3190)
                     ( 2.00    -0.2720)  ( 2.00    -0.2645)  ( 0.00    -0.0385)

 CYCLE    9
  SDIIS (wt  1.000): -0.0006  0.0021  0.0005  0.0159  0.0365  0.1102  0.3665  0.4689
  DIIS coefficients: -0.0006  0.0021  0.0005  0.0159  0.0365  0.1102  0.3665  0.4689
 SCF Error: norm([F,P])=      0.000441682274, max([F,P])=      0.000104290205
 orbitals (Q,E):
 ---------------
 A :11...21          ( 2.00    -0.5177)  ( 2.00    -0.4246)  ( 2.00    -0.4127)  ( 2.00    -0.3754)
                     ( 2.00    -0.3573)  ( 2.00    -0.3418)  ( 2.00    -0.3241)  ( 2.00    -0.3190)
                     ( 2.00    -0.2720)  ( 2.00    -0.2645)  ( 0.00    -0.0385)

 CYCLE   10
  SDIIS (wt  1.000): -0.0001  0.0003  0.0000  0.0034  0.0080  0.0277  0.1079  0.1510  0.7017
  DIIS coefficients: -0.0001  0.0003  0.0000  0.0034  0.0080  0.0277  0.1079  0.1510  0.7017
 SCF Error: norm([F,P])=      0.000031712673, max([F,P])=      0.000005743218
 orbitals (Q,E):
 ---------------
 A :11...21          ( 2.00    -0.5177)  ( 2.00    -0.4246)  ( 2.00    -0.4127)  ( 2.00    -0.3754)
                     ( 2.00    -0.3573)  ( 2.00    -0.3418)  ( 2.00    -0.3241)  ( 2.00    -0.3190)
                     ( 2.00    -0.2720)  ( 2.00    -0.2645)  ( 0.00    -0.0385)

 CYCLE   11
  SDIIS (wt  1.000): -0.0000  0.0001 -0.0000  0.0013  0.0032  0.0116  0.0499  0.0708  0.4438  0.4194
  DIIS coefficients: -0.0000  0.0001 -0.0000  0.0013  0.0032  0.0116  0.0499  0.0708  0.4438  0.4194
 SCF Error: norm([F,P])=      0.000020231103, max([F,P])=      0.000004040642
 orbitals (Q,E):
 ---------------
 A :11...21          ( 2.00    -0.5177)  ( 2.00    -0.4246)  ( 2.00    -0.4127)  ( 2.00    -0.3754)
                     ( 2.00    -0.3573)  ( 2.00    -0.3418)  ( 2.00    -0.3241)  ( 2.00    -0.3190)
                     ( 2.00    -0.2720)  ( 2.00    -0.2645)  ( 0.00    -0.0385)

 CYCLE   12
  SDIIS (wt  1.000): -0.0000 -0.0000  0.0000  0.0002  0.0007  0.0060  0.0079  0.0997  0.2322  0.6534
  DIIS coefficients: -0.0000 -0.0000  0.0000  0.0002  0.0007  0.0060  0.0079  0.0997  0.2322  0.6534
 SCF Error: norm([F,P])=      0.000005509945, max([F,P])=      0.000001382321
 orbitals (Q,E):
 ---------------
 A :11...21          ( 2.00    -0.5177)  ( 2.00    -0.4246)  ( 2.00    -0.4127)  ( 2.00    -0.3754)
                     ( 2.00    -0.3573)  ( 2.00    -0.3418)  ( 2.00    -0.3241)  ( 2.00    -0.3190)
                     ( 2.00    -0.2720)  ( 2.00    -0.2645)  ( 0.00    -0.0385)

 CYCLE   13
  SDIIS (wt  1.000):  0.0000  0.0000  0.0000  0.0001  0.0011  0.0014  0.0180  0.0469  0.1374  0.7950
  DIIS coefficients:  0.0000  0.0000  0.0000  0.0001  0.0011  0.0014  0.0180  0.0469  0.1374  0.7950
 SCF Error: norm([F,P])=      0.000000210970, max([F,P])=      0.000000048552
 orbitals (Q,E):
 ---------------
 A :11...21          ( 2.00    -0.5177)  ( 2.00    -0.4246)  ( 2.00    -0.4127)  ( 2.00    -0.3754)
                     ( 2.00    -0.3573)  ( 2.00    -0.3418)  ( 2.00    -0.3241)  ( 2.00    -0.3190)
                     ( 2.00    -0.2720)  ( 2.00    -0.2645)  ( 0.00    -0.0385)

 SCF CONVERGED
 cosmo_calcen: 0.5 (esolb+esolc) (Hartrees) =   -0.028556

 Solvation energy (screening term,uncorrected) =    -17.919300 kcal/mol

 Solvation energy (dispersion and cavitation terms) =      0.685555 kcal/mol
 Solvation Energy Contributions (Hartrees)
          esola   esolb+esolc
     0.02855622   -0.05711244
 esol last cycle   -0.02855622

 CYCLE   14
 *** Using FIT density in Focky
  SDIIS (wt  1.000):  0.0000  0.0000  0.0000  0.0001  0.0001  0.0013  0.0040  0.0117  0.2035  0.7793
  DIIS coefficients:  0.0000  0.0000  0.0000  0.0001  0.0001  0.0013  0.0040  0.0117  0.2035  0.7793
 SCF Error: norm([F,P])=      0.000000051477, max([F,P])=      0.000000012406
 orbitals (Q,E):
 ---------------
 A :11...30          ( 2.00    -0.5177)  ( 2.00    -0.4246)  ( 2.00    -0.4127)  ( 2.00    -0.3754)
                     ( 2.00    -0.3573)  ( 2.00    -0.3418)  ( 2.00    -0.3241)  ( 2.00    -0.3190)
                     ( 2.00    -0.2720)  ( 2.00    -0.2645)  ( 0.00    -0.0385)  ( 0.00     0.0189)
                     ( 0.00     0.0215)  ( 0.00     0.0488)  ( 0.00     0.0606)  ( 0.00     0.0889)
                     ( 0.00     0.1003)  ( 0.00     0.1489)  ( 0.00     0.1565)  ( 0.00     0.1775)
 cosmo_calcen: 0.5 (esolb+esolc) (Hartrees) =   -0.028556

 Solvation energy (screening term,uncorrected) =    -17.919300 kcal/mol

 Solvation energy (dispersion and cavitation terms) =      0.685555 kcal/mol
 Solvation Energy Contributions (Hartrees)
          esola   esolb+esolc
     0.02855622   -0.05711244
 esol last cycle   -0.02855622


 Fit test: (difference of exact and fit density, squared integrated, result summed over spins)
         SCF:                                          0.00004650693178

 Gross Charges per Atom (Z minus electrons)
 ==========================================
             1.9010   -0.6820   -0.6820   -0.8606   -0.7380    0.3566    0.3497    0.3553
 Net Total:  0.00000000



 =================================================================
 M U L T I P O L E   D E R I V E D   C H A R G E   A N A L Y S I S
 =================================================================

 See: M. Swart, P.Th. van Duijnen, J.G. Snijders, J.Comput.Chem., (2001), p. 79-88.

 --------------------------------------- 
 Multipole derived atomic charges (a.u.)
 --------------------------------------- 

        Atom    Level:     MDC-m        MDC-d        MDC-q
 ---------------------------------------------------------
     1     P            2.042697     1.581128     1.351670
     2     O           -0.502736    -0.650843    -0.505227
     3     O           -0.495210    -0.661068    -0.600229
     4     O           -0.926190    -0.848804    -0.785916
     5     O           -0.529513    -0.682948    -0.651422
     6     H            0.140227     0.417002     0.432784
     7     H            0.128245     0.420195     0.418857
     8     H            0.142482     0.425338     0.339482
 *** Using NEW gradient routines ***


 Geometry CYCLE 8
 ==============

 Energy gradients wrt nuclear displacements
 ==========================================

     Atom      Cartesian (a.u./angstrom)
                 X         Y         Z
 ----------------------------------------
     1 P    -0.086653 -0.002367 -0.065649
     2 O     0.037311  0.057903  0.070205
     3 O     0.012360 -0.035456  0.072641
     4 O     0.101763 -0.036578 -0.064194
     5 O    -0.055486  0.008752 -0.028031
     6 H     0.000757 -0.007192  0.008834
     7 H    -0.004637  0.003113 -0.004942
     8 H    -0.005415  0.011824  0.011137
 ----------------------------------------
 Interpolation step length   0.137965745605980     

 dE(predicted):    -0.19562E-01, dE(actual):     0.13803E-01, Trust radius:    0.137966, all in a.u.
 
----------------------------------------------------------------------
Geometry Convergence after Step   8       (Hartree/Angstrom,Angstrom)
----------------------------------------------------------------------
current energy                               -1.67499996 Hartree
energy change                       0.01380264     0.00100000    F
constrained gradient max            0.10176331     0.00100000    F
constrained gradient rms            0.04491626     0.00066667    F
gradient max                        0.10176331
gradient rms                        0.04491626
cart. step max                      0.07595735     0.01000000    F
cart. step rms                      0.04398541     0.00666667    F
 


 Coordinates (Cartesian)
 =======================

     Atom                    bohr                                 angstrom                 Geometric Variables
                   X           Y           Z              X           Y           Z       (0:frozen, *:LT par.)
 --------------------------------------------------------------------------------------------------------------
     1 P      -1.664479    0.962183    0.208736      -0.880804    0.509166    0.110458      1       2       3
     2 O      -2.311295   -1.689314   -0.962527      -1.223085   -0.893946   -0.509347      4       5       6
     3 O      -0.813337    3.251869   -1.537043      -0.430399    1.720815   -0.813368      7       8       9
     4 O      -3.643286    1.685254    2.023256      -1.927944    0.891798    1.070661     10      11      12
     5 O       1.067735    0.271566    1.347227       0.565021    0.143707    0.712922     13      14      15
     6 H      -2.238542    4.419923   -1.748626      -1.184585    2.338923   -0.925333     16      17      18
     7 H       2.124454    1.785998    1.433525       1.124213    0.945109    0.758588     19      20      21
     8 H      -0.759175   -2.550457   -1.476501      -0.401738   -1.349644   -0.781331     22      23      24
 --------------------------------------------------------------------------------------------------------------

 Number of elements of the density matrix on this node (used, total):       378      7381



 ===========================================
 Numerical Integration : Fuzzy Cells (Becke)
 ===========================================
  
 Becke grid quality: GOOD           
  
 Lebedev angular grid order:             min:  11 max:  35
 Nr. of radial points:                   min:  54 max:  65

 Total nr. of points:     102098
 Nr. of blocks:              798
 Block length:               128
 Nr. of dummy points:         46


 Test of Precision of the Numerical Integration Grid
 ===================================================

 Integral of the Total Core Density:                   9.99999928294473
 Relative Error:                                      -7.171E-08


 -------------------------------------------
  COSMO surface
  Area             =          372.332
  Volume           =          583.534
  Number of Points =          958
 -------------------------------------------



 ========================
 Density Fitting (zlmFit)
 ========================
  
 ZlmFit Fit Quality: GOOD           
  
 Max L-expansion:                        min:   7 max:   9
 Nr. of radial interpolation points:     min:  72 max: 114



 =====
 S C F  ***  ScaSCF  ***
 =====
  
 Initial density matrix is taken from previous geometry

 CYCLE    1
 SCF Error: norm([F,P])=      0.220874472620, max([F,P])=      0.047423693502
 orbitals (Q,E):
 ---------------
 A :11...30          ( 2.00    -0.5397)  ( 2.00    -0.4431)  ( 2.00    -0.4257)  ( 2.00    -0.3922)
                     ( 2.00    -0.3681)  ( 2.00    -0.3517)  ( 2.00    -0.3371)  ( 2.00    -0.3201)
                     ( 2.00    -0.2558)  ( 2.00    -0.2472)  ( 0.00    -0.0641)  ( 0.00    -0.0222)
                     ( 0.00    -0.0105)  ( 0.00     0.0353)  ( 0.00     0.0625)  ( 0.00     0.0768)
                     ( 0.00     0.0873)  ( 0.00     0.1171)  ( 0.00     0.1294)  ( 0.00     0.1434)

 CYCLE    2
  SDIIS (wt  0.000):  0.5003  0.4997
 A-DIIS (wt  1.000):  0.0000  1.0000
  DIIS coefficients:  0.0000  1.0000
 SCF Error: norm([F,P])=      0.221028387057, max([F,P])=      0.042793352446
 orbitals (Q,E):
 ---------------
 A :11...21          ( 2.00    -0.5133)  ( 2.00    -0.4354)  ( 2.00    -0.4068)  ( 2.00    -0.3796)
                     ( 2.00    -0.3767)  ( 2.00    -0.3422)  ( 2.00    -0.3395)  ( 2.00    -0.3237)
                     ( 2.00    -0.3027)  ( 2.00    -0.2892)  ( 0.00    -0.0331)

 CYCLE    3
  SDIIS (wt  0.000):  0.1962  0.5845  0.2192
 A-DIIS (wt  1.000):  0.0000  0.7300  0.2700
  DIIS coefficients:  0.0000  0.7300  0.2700
 SCF Error: norm([F,P])=      0.507670444103, max([F,P])=      0.150011140757
 orbitals (Q,E):
 ---------------
 A :11...21          ( 2.00    -0.5180)  ( 2.00    -0.4204)  ( 2.00    -0.4083)  ( 2.00    -0.3775)
                     ( 2.00    -0.3610)  ( 2.00    -0.3417)  ( 2.00    -0.3257)  ( 2.00    -0.3196)
                     ( 2.00    -0.2747)  ( 2.00    -0.2671)  ( 0.00    -0.0337)

 CYCLE    4
  SDIIS (wt  0.868):  0.2384  0.0169  0.7447
 A-DIIS (wt  0.132):  0.0000  0.0000  1.0000
  DIIS coefficients:  0.2069  0.0147  0.7784
 SCF Error: norm([F,P])=      0.065437320356, max([F,P])=      0.014073889787
 orbitals (Q,E):
 ---------------
 A :11...21          ( 2.00    -0.5175)  ( 2.00    -0.4204)  ( 2.00    -0.4077)  ( 2.00    -0.3749)
                     ( 2.00    -0.3581)  ( 2.00    -0.3410)  ( 2.00    -0.3229)  ( 2.00    -0.3185)
                     ( 2.00    -0.2712)  ( 2.00    -0.2644)  ( 0.00    -0.0344)

 CYCLE    5
  SDIIS (wt  0.941):  0.0890 -0.0073  0.4797  0.4386
 A-DIIS (wt  0.059):  0.0000  0.0000  0.1460  0.8540
  DIIS coefficients:  0.0837 -0.0069  0.4601  0.4631
 SCF Error: norm([F,P])=      0.035397731458, max([F,P])=      0.006830391405
 orbitals (Q,E):
 ---------------
 A :11...21          ( 2.00    -0.5198)  ( 2.00    -0.4218)  ( 2.00    -0.4096)  ( 2.00    -0.3777)
                     ( 2.00    -0.3595)  ( 2.00    -0.3429)  ( 2.00    -0.3250)  ( 2.00    -0.3210)
                     ( 2.00    -0.2718)  ( 2.00    -0.2646)  ( 0.00    -0.0348)

 CYCLE    6
  SDIIS (wt  0.991):  0.0053  0.0011  0.0646  0.2294  0.6997
 A-DIIS (wt  0.009):  0.0000  0.0000  0.0000  0.0258  0.9742
  DIIS coefficients:  0.0052  0.0011  0.0640  0.2275  0.7022
 SCF Error: norm([F,P])=      0.009141363999, max([F,P])=      0.001896240195
 orbitals (Q,E):
 ---------------
 A :11...21          ( 2.00    -0.5191)  ( 2.00    -0.4214)  ( 2.00    -0.4091)  ( 2.00    -0.3770)
                     ( 2.00    -0.3591)  ( 2.00    -0.3424)  ( 2.00    -0.3243)  ( 2.00    -0.3203)
                     ( 2.00    -0.2716)  ( 2.00    -0.2645)  ( 0.00    -0.0345)

 CYCLE    7
  SDIIS (wt  1.000): -0.0002  0.0022  0.0126  0.1023  0.3575  0.5256
  DIIS coefficients: -0.0002  0.0022  0.0126  0.1023  0.3575  0.5256
 SCF Error: norm([F,P])=      0.002233648727, max([F,P])=      0.000472368853
 orbitals (Q,E):
 ---------------
 A :11...21          ( 2.00    -0.5193)  ( 2.00    -0.4214)  ( 2.00    -0.4092)  ( 2.00    -0.3771)
                     ( 2.00    -0.3592)  ( 2.00    -0.3424)  ( 2.00    -0.3245)  ( 2.00    -0.3204)
                     ( 2.00    -0.2717)  ( 2.00    -0.2645)  ( 0.00    -0.0345)

 CYCLE    8
  SDIIS (wt  1.000): -0.0007  0.0019 -0.0021  0.0343  0.1312  0.3585  0.4770
  DIIS coefficients: -0.0007  0.0019 -0.0021  0.0343  0.1312  0.3585  0.4770
 SCF Error: norm([F,P])=      0.001149362742, max([F,P])=      0.000223176276
 orbitals (Q,E):
 ---------------
 A :11...21          ( 2.00    -0.5192)  ( 2.00    -0.4215)  ( 2.00    -0.4092)  ( 2.00    -0.3771)
                     ( 2.00    -0.3592)  ( 2.00    -0.3425)  ( 2.00    -0.3245)  ( 2.00    -0.3204)
                     ( 2.00    -0.2718)  ( 2.00    -0.2646)  ( 0.00    -0.0345)

 CYCLE    9
  SDIIS (wt  1.000): -0.0004  0.0009 -0.0018  0.0125  0.0490  0.1554  0.2481  0.5363
  DIIS coefficients: -0.0004  0.0009 -0.0018  0.0125  0.0490  0.1554  0.2481  0.5363
 SCF Error: norm([F,P])=      0.000189914229, max([F,P])=      0.000037111024
 orbitals (Q,E):
 ---------------
 A :11...21          ( 2.00    -0.5192)  ( 2.00    -0.4214)  ( 2.00    -0.4092)  ( 2.00    -0.3771)
                     ( 2.00    -0.3592)  ( 2.00    -0.3425)  ( 2.00    -0.3245)  ( 2.00    -0.3204)
                     ( 2.00    -0.2717)  ( 2.00    -0.2646)  ( 0.00    -0.0345)

 CYCLE   10
  SDIIS (wt  1.000): -0.0001  0.0002 -0.0004  0.0022  0.0088  0.0300  0.0550  0.1790  0.7252
  DIIS coefficients: -0.0001  0.0002 -0.0004  0.0022  0.0088  0.0300  0.0550  0.1790  0.7252
 SCF Error: norm([F,P])=      0.000026034960, max([F,P])=      0.000004506536
 orbitals (Q,E):
 ---------------
 A :11...21          ( 2.00    -0.5192)  ( 2.00    -0.4214)  ( 2.00    -0.4092)  ( 2.00    -0.3771)
                     ( 2.00    -0.3592)  ( 2.00    -0.3425)  ( 2.00    -0.3245)  ( 2.00    -0.3204)
                     ( 2.00    -0.2717)  ( 2.00    -0.2646)  ( 0.00    -0.0345)

 CYCLE   11
  SDIIS (wt  1.000): -0.0000  0.0001 -0.0001  0.0007  0.0027  0.0097  0.0197  0.0789  0.4354  0.4530
  DIIS coefficients: -0.0000  0.0001 -0.0001  0.0007  0.0027  0.0097  0.0197  0.0789  0.4354  0.4530
 SCF Error: norm([F,P])=      0.000014084449, max([F,P])=      0.000003487193
 orbitals (Q,E):
 ---------------
 A :11...21          ( 2.00    -0.5192)  ( 2.00    -0.4214)  ( 2.00    -0.4092)  ( 2.00    -0.3771)
                     ( 2.00    -0.3592)  ( 2.00    -0.3425)  ( 2.00    -0.3245)  ( 2.00    -0.3204)
                     ( 2.00    -0.2717)  ( 2.00    -0.2646)  ( 0.00    -0.0345)

 CYCLE   12
  SDIIS (wt  1.000):  0.0000  0.0000  0.0000  0.0002  0.0009  0.0026  0.0180  0.1465  0.2970  0.5347
  DIIS coefficients:  0.0000  0.0000  0.0000  0.0002  0.0009  0.0026  0.0180  0.1465  0.2970  0.5347
 SCF Error: norm([F,P])=      0.000005129484, max([F,P])=      0.000001169310
 orbitals (Q,E):
 ---------------
 A :11...21          ( 2.00    -0.5192)  ( 2.00    -0.4214)  ( 2.00    -0.4092)  ( 2.00    -0.3771)
                     ( 2.00    -0.3592)  ( 2.00    -0.3425)  ( 2.00    -0.3245)  ( 2.00    -0.3204)
                     ( 2.00    -0.2717)  ( 2.00    -0.2646)  ( 0.00    -0.0345)

 CYCLE   13
  SDIIS (wt  1.000):  0.0000 -0.0000 -0.0000 -0.0000  0.0001  0.0021  0.0202  0.0537  0.0904  0.8337
  DIIS coefficients:  0.0000 -0.0000 -0.0000 -0.0000  0.0001  0.0021  0.0202  0.0537  0.0904  0.8337
 SCF Error: norm([F,P])=      0.000000274964, max([F,P])=      0.000000069709
 orbitals (Q,E):
 ---------------
 A :11...21          ( 2.00    -0.5192)  ( 2.00    -0.4214)  ( 2.00    -0.4092)  ( 2.00    -0.3771)
                     ( 2.00    -0.3592)  ( 2.00    -0.3425)  ( 2.00    -0.3245)  ( 2.00    -0.3204)
                     ( 2.00    -0.2717)  ( 2.00    -0.2646)  ( 0.00    -0.0345)

 SCF CONVERGED
 cosmo_calcen: 0.5 (esolb+esolc) (Hartrees) =   -0.029062

 Solvation energy (screening term,uncorrected) =    -18.236758 kcal/mol

 Solvation energy (dispersion and cavitation terms) =      0.696233 kcal/mol
 Solvation Energy Contributions (Hartrees)
          esola   esolb+esolc
     0.02906212   -0.05812424
 esol last cycle   -0.02906212

 CYCLE   14
 *** Using FIT density in Focky
  SDIIS (wt  1.000): -0.0000 -0.0000 -0.0000 -0.0000  0.0003  0.0033  0.0103  0.0159  0.2385  0.7317
  DIIS coefficients: -0.0000 -0.0000 -0.0000 -0.0000  0.0003  0.0033  0.0103  0.0159  0.2385  0.7317
 SCF Error: norm([F,P])=      0.000000039393, max([F,P])=      0.000000010442
 orbitals (Q,E):
 ---------------
 A :11...30          ( 2.00    -0.5192)  ( 2.00    -0.4214)  ( 2.00    -0.4092)  ( 2.00    -0.3771)
                     ( 2.00    -0.3592)  ( 2.00    -0.3425)  ( 2.00    -0.3245)  ( 2.00    -0.3204)
                     ( 2.00    -0.2717)  ( 2.00    -0.2646)  ( 0.00    -0.0345)  ( 0.00     0.0178)
                     ( 0.00     0.0215)  ( 0.00     0.0560)  ( 0.00     0.0642)  ( 0.00     0.0913)
                     ( 0.00     0.0944)  ( 0.00     0.1262)  ( 0.00     0.1411)  ( 0.00     0.1508)
 cosmo_calcen: 0.5 (esolb+esolc) (Hartrees) =   -0.029062

 Solvation energy (screening term,uncorrected) =    -18.236758 kcal/mol

 Solvation energy (dispersion and cavitation terms) =      0.696233 kcal/mol
 Solvation Energy Contributions (Hartrees)
          esola   esolb+esolc
     0.02906212   -0.05812424
 esol last cycle   -0.02906212


 Fit test: (difference of exact and fit density, squared integrated, result summed over spins)
         SCF:                                          0.00004324161587

 Gross Charges per Atom (Z minus electrons)
 ==========================================
             1.8831   -0.6863   -0.6867   -0.8581   -0.7265    0.3596    0.3575    0.3574
 Net Total:  0.00000000



 =================================================================
 M U L T I P O L E   D E R I V E D   C H A R G E   A N A L Y S I S
 =================================================================

 See: M. Swart, P.Th. van Duijnen, J.G. Snijders, J.Comput.Chem., (2001), p. 79-88.

 --------------------------------------- 
 Multipole derived atomic charges (a.u.)
 --------------------------------------- 

        Atom    Level:     MDC-m        MDC-d        MDC-q
 ---------------------------------------------------------
     1     P            2.037424     1.580056     1.750964
     2     O           -0.506737    -0.661181    -0.660122
     3     O           -0.504724    -0.653878    -0.693321
     4     O           -0.926089    -0.848115    -0.895052
     5     O           -0.521477    -0.683984    -0.731636
     6     H            0.142591     0.411281     0.416757
     7     H            0.135193     0.421456     0.425093
     8     H            0.143818     0.434365     0.387318
 *** Using NEW gradient routines ***


 Geometry CYCLE 9
 ==============

 Energy gradients wrt nuclear displacements
 ==========================================

     Atom      Cartesian (a.u./angstrom)
                 X         Y         Z
 ----------------------------------------
     1 P    -0.038187 -0.008437 -0.063934
     2 O     0.014099  0.022501  0.039410
     3 O     0.008008 -0.009285  0.041697
     4 O     0.040453 -0.013429 -0.020074
     5 O    -0.018165  0.003957 -0.007054
     6 H    -0.000888 -0.002421  0.004562
     7 H    -0.003455  0.000219 -0.003409
     8 H    -0.001867  0.006894  0.008802
 ----------------------------------------

 dE(predicted):    -0.25940E-01, dE(actual):    -0.17159E-01, Trust radius:    0.137966, all in a.u.
 
----------------------------------------------------------------------
Geometry Convergence after Step   9       (Hartree/Angstrom,Angstrom)
----------------------------------------------------------------------
current energy                               -1.69215916 Hartree
energy change                      -0.01715919     0.00100000    F
constrained gradient max            0.06393427     0.00100000    F
constrained gradient rms            0.02287554     0.00066667    F
gradient max                        0.06393427
gradient rms                        0.02287554
cart. step max                      0.06736033     0.01000000    F
cart. step rms                      0.03390964     0.00666667    F
 


 Coordinates (Cartesian)
 =======================

     Atom                    bohr                                 angstrom                 Geometric Variables
                   X           Y           Z              X           Y           Z       (0:frozen, *:LT par.)
 --------------------------------------------------------------------------------------------------------------
     1 P      -1.636165    0.976258    0.296818      -0.865821    0.516614    0.157069      1       2       3
     2 O      -2.323056   -1.628432   -1.029233      -1.229308   -0.861729   -0.544647      4       5       6
     3 O      -0.846808    3.189144   -1.605871      -0.448111    1.687622   -0.849790      7       8       9
     4 O      -3.614251    1.698558    2.128852      -1.912579    0.898838    1.126540     10      11      12
     5 O       1.090393    0.281261    1.436622       0.577011    0.148837    0.760228     13      14      15
     6 H      -2.276088    4.342925   -1.865011      -1.204454    2.298177   -0.986922     16      17      18
     7 H       2.164379    1.787405    1.529663       1.145340    0.945854    0.809463     19      20      21
     8 H      -0.796328   -2.510097   -1.603794      -0.421399   -1.328286   -0.848691     22      23      24
 --------------------------------------------------------------------------------------------------------------

 Number of elements of the density matrix on this node (used, total):       378      7381



 ===========================================
 Numerical Integration : Fuzzy Cells (Becke)
 ===========================================
  
 Becke grid quality: GOOD           
  
 Lebedev angular grid order:             min:  11 max:  35
 Nr. of radial points:                   min:  54 max:  65

 Total nr. of points:     102103
 Nr. of blocks:              798
 Block length:               128
 Nr. of dummy points:         41


 Test of Precision of the Numerical Integration Grid
 ===================================================

 Integral of the Total Core Density:                   9.99999941852834
 Relative Error:                                      -5.815E-08


 -------------------------------------------
  COSMO surface
  Area             =          375.332
  Volume           =          588.814
  Number of Points =          963
 -------------------------------------------



 ========================
 Density Fitting (zlmFit)
 ========================
  
 ZlmFit Fit Quality: GOOD           
  
 Max L-expansion:                        min:   7 max:   9
 Nr. of radial interpolation points:     min:  72 max: 114



 =====
 S C F  ***  ScaSCF  ***
 =====
  
 Initial density matrix is taken from previous geometry

 CYCLE    1
 SCF Error: norm([F,P])=      0.167726910786, max([F,P])=      0.031942338250
 orbitals (Q,E):
 ---------------
 A :11...30          ( 2.00    -0.5386)  ( 2.00    -0.4346)  ( 2.00    -0.4198)  ( 2.00    -0.3886)
                     ( 2.00    -0.3647)  ( 2.00    -0.3489)  ( 2.00    -0.3317)  ( 2.00    -0.3164)
                     ( 2.00    -0.2489)  ( 2.00    -0.2429)  ( 0.00    -0.0602)  ( 0.00    -0.0198)
                     ( 0.00    -0.0115)  ( 0.00     0.0530)  ( 0.00     0.0719)  ( 0.00     0.0818)
                     ( 0.00     0.0867)  ( 0.00     0.1118)  ( 0.00     0.1272)  ( 0.00     0.1377)

 CYCLE    2
  SDIIS (wt  0.000):  0.5882  0.4118
 A-DIIS (wt  1.000):  0.1483  0.8517
  DIIS coefficients:  0.1483  0.8517
 SCF Error: norm([F,P])=      0.216495908037, max([F,P])=      0.047180166686
 orbitals (Q,E):
 ---------------
 A :11...21          ( 2.00    -0.5169)  ( 2.00    -0.4334)  ( 2.00    -0.4038)  ( 2.00    -0.3778)
                     ( 2.00    -0.3754)  ( 2.00    -0.3419)  ( 2.00    -0.3379)  ( 2.00    -0.3218)
                     ( 2.00    -0.2985)  ( 2.00    -0.2889)  ( 0.00    -0.0362)

 CYCLE    3
  SDIIS (wt  0.000):  0.2853  0.5033  0.2115
 A-DIIS (wt  1.000):  0.0000  0.6577  0.3423
  DIIS coefficients:  0.0000  0.6577  0.3423
 SCF Error: norm([F,P])=      0.424900994097, max([F,P])=      0.132951767782
 orbitals (Q,E):
 ---------------
 A :11...21          ( 2.00    -0.5198)  ( 2.00    -0.4200)  ( 2.00    -0.4053)  ( 2.00    -0.3767)
                     ( 2.00    -0.3609)  ( 2.00    -0.3428)  ( 2.00    -0.3263)  ( 2.00    -0.3160)
                     ( 2.00    -0.2733)  ( 2.00    -0.2679)  ( 0.00    -0.0330)

 CYCLE    4
  SDIIS (wt  0.946):  0.1961  0.1014  0.7025
 A-DIIS (wt  0.054):  0.0000  0.0000  1.0000
  DIIS coefficients:  0.1855  0.0960  0.7185
 SCF Error: norm([F,P])=      0.040150264317, max([F,P])=      0.006332576340
 orbitals (Q,E):
 ---------------
 A :11...21          ( 2.00    -0.5184)  ( 2.00    -0.4194)  ( 2.00    -0.4036)  ( 2.00    -0.3738)
                     ( 2.00    -0.3594)  ( 2.00    -0.3412)  ( 2.00    -0.3244)  ( 2.00    -0.3145)
                     ( 2.00    -0.2729)  ( 2.00    -0.2679)  ( 0.00    -0.0330)

 CYCLE    5
  SDIIS (wt  0.951):  0.0767  0.0328  0.4272  0.4633
 A-DIIS (wt  0.049):  0.0000  0.0000  0.3030  0.6970
  DIIS coefficients:  0.0730  0.0311  0.4211  0.4748
 SCF Error: norm([F,P])=      0.029564230375, max([F,P])=      0.005858508656
 orbitals (Q,E):
 ---------------
 A :11...21          ( 2.00    -0.5209)  ( 2.00    -0.4205)  ( 2.00    -0.4058)  ( 2.00    -0.3767)
                     ( 2.00    -0.3606)  ( 2.00    -0.3434)  ( 2.00    -0.3263)  ( 2.00    -0.3167)
                     ( 2.00    -0.2731)  ( 2.00    -0.2678)  ( 0.00    -0.0335)

 CYCLE    6
  SDIIS (wt  0.990):  0.0080  0.0019  0.0817  0.2586  0.6498
 A-DIIS (wt  0.010):  0.0000  0.0000  0.0000  0.0728  0.9272
  DIIS coefficients:  0.0079  0.0018  0.0809  0.2568  0.6525
 SCF Error: norm([F,P])=      0.008816774716, max([F,P])=      0.001970718154
 orbitals (Q,E):
 ---------------
 A :11...21          ( 2.00    -0.5205)  ( 2.00    -0.4205)  ( 2.00    -0.4055)  ( 2.00    -0.3762)
                     ( 2.00    -0.3604)  ( 2.00    -0.3431)  ( 2.00    -0.3259)  ( 2.00    -0.3164)
                     ( 2.00    -0.2730)  ( 2.00    -0.2679)  ( 0.00    -0.0333)

 CYCLE    7
  SDIIS (wt  1.000):  0.0003  0.0008  0.0170  0.1070  0.3258  0.5491
  DIIS coefficients:  0.0003  0.0008  0.0170  0.1070  0.3258  0.5491
 SCF Error: norm([F,P])=      0.002386237871, max([F,P])=      0.000582263417
 orbitals (Q,E):
 ---------------
 A :11...21          ( 2.00    -0.5205)  ( 2.00    -0.4203)  ( 2.00    -0.4054)  ( 2.00    -0.3761)
                     ( 2.00    -0.3603)  ( 2.00    -0.3429)  ( 2.00    -0.3259)  ( 2.00    -0.3162)
                     ( 2.00    -0.2730)  ( 2.00    -0.2677)  ( 0.00    -0.0333)

 CYCLE    8
  SDIIS (wt  1.000): -0.0008  0.0008 -0.0014  0.0323  0.1170  0.3839  0.4681
  DIIS coefficients: -0.0008  0.0008 -0.0014  0.0323  0.1170  0.3839  0.4681
 SCF Error: norm([F,P])=      0.001298683771, max([F,P])=      0.000266901757
 orbitals (Q,E):
 ---------------
 A :11...21          ( 2.00    -0.5204)  ( 2.00    -0.4204)  ( 2.00    -0.4054)  ( 2.00    -0.3761)
                     ( 2.00    -0.3603)  ( 2.00    -0.3430)  ( 2.00    -0.3259)  ( 2.00    -0.3163)
                     ( 2.00    -0.2730)  ( 2.00    -0.2678)  ( 0.00    -0.0333)

 CYCLE    9
  SDIIS (wt  1.000): -0.0004  0.0005 -0.0014  0.0119  0.0459  0.1730  0.2381  0.5324
  DIIS coefficients: -0.0004  0.0005 -0.0014  0.0119  0.0459  0.1730  0.2381  0.5324
 SCF Error: norm([F,P])=      0.000167297313, max([F,P])=      0.000022871998
 orbitals (Q,E):
 ---------------
 A :11...21          ( 2.00    -0.5204)  ( 2.00    -0.4204)  ( 2.00    -0.4054)  ( 2.00    -0.3761)
                     ( 2.00    -0.3604)  ( 2.00    -0.3430)  ( 2.00    -0.3259)  ( 2.00    -0.3163)
                     ( 2.00    -0.2730)  ( 2.00    -0.2678)  ( 0.00    -0.0333)

 CYCLE   10
  SDIIS (wt  1.000): -0.0001  0.0001 -0.0004  0.0027  0.0110  0.0427  0.0615  0.1913  0.6913
  DIIS coefficients: -0.0001  0.0001 -0.0004  0.0027  0.0110  0.0427  0.0615  0.1913  0.6913
 SCF Error: norm([F,P])=      0.000024851675, max([F,P])=      0.000005034511
 orbitals (Q,E):
 ---------------
 A :11...21          ( 2.00    -0.5204)  ( 2.00    -0.4204)  ( 2.00    -0.4054)  ( 2.00    -0.3761)
                     ( 2.00    -0.3604)  ( 2.00    -0.3430)  ( 2.00    -0.3259)  ( 2.00    -0.3163)
                     ( 2.00    -0.2730)  ( 2.00    -0.2678)  ( 0.00    -0.0333)

 CYCLE   11
  SDIIS (wt  1.000): -0.0000  0.0000 -0.0001  0.0008  0.0037  0.0146  0.0215  0.0786  0.4000  0.4810
  DIIS coefficients: -0.0000  0.0000 -0.0001  0.0008  0.0037  0.0146  0.0215  0.0786  0.4000  0.4810
 SCF Error: norm([F,P])=      0.000012462160, max([F,P])=      0.000003198065
 orbitals (Q,E):
 ---------------
 A :11...21          ( 2.00    -0.5204)  ( 2.00    -0.4204)  ( 2.00    -0.4054)  ( 2.00    -0.3761)
                     ( 2.00    -0.3604)  ( 2.00    -0.3430)  ( 2.00    -0.3259)  ( 2.00    -0.3163)
                     ( 2.00    -0.2730)  ( 2.00    -0.2678)  ( 0.00    -0.0333)

 CYCLE   12
  SDIIS (wt  1.000):  0.0000 -0.0000  0.0000  0.0002  0.0008  0.0015  0.0127  0.1259  0.3261  0.5328
  DIIS coefficients:  0.0000 -0.0000  0.0000  0.0002  0.0008  0.0015  0.0127  0.1259  0.3261  0.5328
 SCF Error: norm([F,P])=      0.000005392542, max([F,P])=      0.000001130354
 orbitals (Q,E):
 ---------------
 A :11...21          ( 2.00    -0.5204)  ( 2.00    -0.4204)  ( 2.00    -0.4054)  ( 2.00    -0.3761)
                     ( 2.00    -0.3604)  ( 2.00    -0.3430)  ( 2.00    -0.3259)  ( 2.00    -0.3163)
                     ( 2.00    -0.2730)  ( 2.00    -0.2678)  ( 0.00    -0.0333)

 CYCLE   13
  SDIIS (wt  1.000): -0.0000 -0.0000  0.0000  0.0001  0.0002  0.0020  0.0213  0.0630  0.1039  0.8096
  DIIS coefficients: -0.0000 -0.0000  0.0000  0.0001  0.0002  0.0020  0.0213  0.0630  0.1039  0.8096
 SCF Error: norm([F,P])=      0.000000186849, max([F,P])=      0.000000032618
 orbitals (Q,E):
 ---------------
 A :11...21          ( 2.00    -0.5204)  ( 2.00    -0.4204)  ( 2.00    -0.4054)  ( 2.00    -0.3761)
                     ( 2.00    -0.3604)  ( 2.00    -0.3430)  ( 2.00    -0.3259)  ( 2.00    -0.3163)
                     ( 2.00    -0.2730)  ( 2.00    -0.2678)  ( 0.00    -0.0333)

 SCF CONVERGED
 cosmo_calcen: 0.5 (esolb+esolc) (Hartrees) =   -0.028938

 Solvation energy (screening term,uncorrected) =    -18.159110 kcal/mol

 Solvation energy (dispersion and cavitation terms) =      0.701841 kcal/mol
 Solvation Energy Contributions (Hartrees)
          esola   esolb+esolc
     0.02893838   -0.05787676
 esol last cycle   -0.02893838

 CYCLE   14
 *** Using FIT density in Focky
  SDIIS (wt  1.000):  0.0000  0.0000  0.0000  0.0000  0.0003  0.0030  0.0099  0.0158  0.1943  0.7766
  DIIS coefficients:  0.0000  0.0000  0.0000  0.0000  0.0003  0.0030  0.0099  0.0158  0.1943  0.7766
 SCF Error: norm([F,P])=      0.000000030966, max([F,P])=      0.000000009209
 orbitals (Q,E):
 ---------------
 A :11...30          ( 2.00    -0.5204)  ( 2.00    -0.4204)  ( 2.00    -0.4054)  ( 2.00    -0.3761)
                     ( 2.00    -0.3604)  ( 2.00    -0.3430)  ( 2.00    -0.3259)  ( 2.00    -0.3163)
                     ( 2.00    -0.2730)  ( 2.00    -0.2678)  ( 0.00    -0.0333)  ( 0.00     0.0171)
                     ( 0.00     0.0208)  ( 0.00     0.0558)  ( 0.00     0.0739)  ( 0.00     0.0903)
                     ( 0.00     0.0950)  ( 0.00     0.1153)  ( 0.00     0.1314)  ( 0.00     0.1410)
 cosmo_calcen: 0.5 (esolb+esolc) (Hartrees) =   -0.028938

 Solvation energy (screening term,uncorrected) =    -18.159110 kcal/mol

 Solvation energy (dispersion and cavitation terms) =      0.701841 kcal/mol
 Solvation Energy Contributions (Hartrees)
          esola   esolb+esolc
     0.02893838   -0.05787676
 esol last cycle   -0.02893838


 Fit test: (difference of exact and fit density, squared integrated, result summed over spins)
         SCF:                                          0.00004226882771

 Gross Charges per Atom (Z minus electrons)
 ==========================================
             1.8809   -0.6932   -0.6907   -0.8502   -0.7173    0.3570    0.3579    0.3555
 Net Total: -0.00000000



 =================================================================
 M U L T I P O L E   D E R I V E D   C H A R G E   A N A L Y S I S
 =================================================================

 See: M. Swart, P.Th. van Duijnen, J.G. Snijders, J.Comput.Chem., (2001), p. 79-88.

 --------------------------------------- 
 Multipole derived atomic charges (a.u.)
 --------------------------------------- 

        Atom    Level:     MDC-m        MDC-d        MDC-q
 ---------------------------------------------------------
     1     P            2.036140     1.590035     2.132365
     2     O           -0.514732    -0.677707    -0.781516
     3     O           -0.510679    -0.650441    -0.766221
     4     O           -0.920806    -0.843187    -0.996047
     5     O           -0.518561    -0.683424    -0.796119
     6     H            0.142989     0.404249     0.392206
     7     H            0.140170     0.420389     0.408237
     8     H            0.145479     0.440086     0.407094
 *** Using NEW gradient routines ***


 Geometry CYCLE 10
 ==============

 Energy gradients wrt nuclear displacements
 ==========================================

     Atom      Cartesian (a.u./angstrom)
                 X         Y         Z
 ----------------------------------------
     1 P    -0.022991 -0.001575 -0.033847
     2 O     0.005332  0.010132  0.019186
     3 O     0.006250 -0.003068  0.021969
     4 O     0.025528 -0.007928 -0.009371
     5 O    -0.013776  0.001262 -0.002310
     6 H    -0.000961 -0.000759  0.002294
     7 H    -0.001513  0.001423 -0.002842
     8 H     0.002130  0.000512  0.004921
 ----------------------------------------

 dE(predicted):    -0.82137E-02, dE(actual):    -0.59858E-02, Trust radius:    0.137966, all in a.u.
 
----------------------------------------------------------------------
Geometry Convergence after Step  10       (Hartree/Angstrom,Angstrom)
----------------------------------------------------------------------
current energy                               -1.69814495 Hartree
energy change                      -0.00598580     0.00100000    F
constrained gradient max            0.03384719     0.00100000    F
constrained gradient rms            0.01250698     0.00066667    F
gradient max                        0.03384719
gradient rms                        0.01250698
cart. step max                      0.05679133     0.01000000    F
cart. step rms                      0.02762109     0.00666667    F
 


 Coordinates (Cartesian)
 =======================

     Atom                    bohr                                 angstrom                 Geometric Variables
                   X           Y           Z              X           Y           Z       (0:frozen, *:LT par.)
 --------------------------------------------------------------------------------------------------------------
     1 P      -1.611505    0.984417    0.394922      -0.852772    0.520931    0.208984      1       2       3
     2 O      -2.330732   -1.584863   -1.046004      -1.233370   -0.838674   -0.553522      4       5       6
     3 O      -0.867772    3.133821   -1.633557      -0.459205    1.658346   -0.864441      7       8       9
     4 O      -3.673428    1.722551    2.157812      -1.943894    0.911535    1.141865     10      11      12
     5 O       1.151402    0.284885    1.472013       0.609296    0.150755    0.778956     13      14      15
     6 H      -2.305413    4.261984   -1.940284      -1.219972    2.255345   -1.026754     16      17      18
     7 H       2.233836    1.784054    1.594258       1.182095    0.944081    0.843645     19      20      21
     8 H      -0.834314   -2.449826   -1.711114      -0.441500   -1.296392   -0.905482     22      23      24
 --------------------------------------------------------------------------------------------------------------

 Number of elements of the density matrix on this node (used, total):       378      7381



 ===========================================
 Numerical Integration : Fuzzy Cells (Becke)
 ===========================================
  
 Becke grid quality: GOOD           
  
 Lebedev angular grid order:             min:  11 max:  35
 Nr. of radial points:                   min:  54 max:  65

 Total nr. of points:     102105
 Nr. of blocks:              798
 Block length:               128
 Nr. of dummy points:         39


 Test of Precision of the Numerical Integration Grid
 ===================================================

 Integral of the Total Core Density:                   9.99999859208295
 Relative Error:                                      -1.408E-07


 -------------------------------------------
  COSMO surface
  Area             =          377.526
  Volume           =          593.058
  Number of Points =          970
 -------------------------------------------



 ========================
 Density Fitting (zlmFit)
 ========================
  
 ZlmFit Fit Quality: GOOD           
  
 Max L-expansion:                        min:   7 max:   9
 Nr. of radial interpolation points:     min:  72 max: 114



 =====
 S C F  ***  ScaSCF  ***
 =====
  
 Initial density matrix is taken from previous geometry

 CYCLE    1
 SCF Error: norm([F,P])=      0.161404979480, max([F,P])=      0.033904956124
 orbitals (Q,E):
 ---------------
 A :11...30          ( 2.00    -0.5411)  ( 2.00    -0.4330)  ( 2.00    -0.4209)  ( 2.00    -0.3889)
                     ( 2.00    -0.3651)  ( 2.00    -0.3544)  ( 2.00    -0.3279)  ( 2.00    -0.3222)
                     ( 2.00    -0.2554)  ( 2.00    -0.2493)  ( 0.00    -0.0617)  ( 0.00    -0.0189)
                     ( 0.00    -0.0154)  ( 0.00     0.0551)  ( 0.00     0.0716)  ( 0.00     0.0748)
                     ( 0.00     0.0797)  ( 0.00     0.1000)  ( 0.00     0.1153)  ( 0.00     0.1298)

 CYCLE    2
  SDIIS (wt  0.000):  0.6056  0.3944
 A-DIIS (wt  1.000):  0.0307  0.9693
  DIIS coefficients:  0.0307  0.9693
 SCF Error: norm([F,P])=      0.219746781126, max([F,P])=      0.048091612313
 orbitals (Q,E):
 ---------------
 A :11...21          ( 2.00    -0.5090)  ( 2.00    -0.4406)  ( 2.00    -0.3986)  ( 2.00    -0.3779)
                     ( 2.00    -0.3724)  ( 2.00    -0.3428)  ( 2.00    -0.3353)  ( 2.00    -0.3243)
                     ( 2.00    -0.3039)  ( 2.00    -0.2851)  ( 0.00    -0.0341)

 CYCLE    3
  SDIIS (wt  0.000):  0.2978  0.5208  0.1815
 A-DIIS (wt  1.000):  0.0000  0.7321  0.2679
  DIIS coefficients:  0.0000  0.7321  0.2679
 SCF Error: norm([F,P])=      0.519219176168, max([F,P])=      0.160959686330
 orbitals (Q,E):
 ---------------
 A :11...21          ( 2.00    -0.5186)  ( 2.00    -0.4207)  ( 2.00    -0.4010)  ( 2.00    -0.3742)
                     ( 2.00    -0.3643)  ( 2.00    -0.3406)  ( 2.00    -0.3280)  ( 2.00    -0.3102)
                     ( 2.00    -0.2808)  ( 2.00    -0.2735)  ( 0.00    -0.0335)

 CYCLE    4
  SDIIS (wt  0.834):  0.2175 -0.0032  0.7857
 A-DIIS (wt  0.166):  0.0000  0.0000  1.0000
  DIIS coefficients:  0.1813 -0.0026  0.8214
 SCF Error: norm([F,P])=      0.066256397454, max([F,P])=      0.017482987768
 orbitals (Q,E):
 ---------------
 A :11...21          ( 2.00    -0.5194)  ( 2.00    -0.4189)  ( 2.00    -0.4010)  ( 2.00    -0.3721)
                     ( 2.00    -0.3601)  ( 2.00    -0.3405)  ( 2.00    -0.3251)  ( 2.00    -0.3092)
                     ( 2.00    -0.2752)  ( 2.00    -0.2684)  ( 0.00    -0.0337)

 CYCLE    5
  SDIIS (wt  0.950):  0.0846 -0.0028  0.4673  0.4509
 A-DIIS (wt  0.050):  0.0000  0.0000  0.1557  0.8443
  DIIS coefficients:  0.0804 -0.0026  0.4519  0.4704
 SCF Error: norm([F,P])=      0.033762489217, max([F,P])=      0.005903408681
 orbitals (Q,E):
 ---------------
 A :11...21          ( 2.00    -0.5213)  ( 2.00    -0.4203)  ( 2.00    -0.4028)  ( 2.00    -0.3747)
                     ( 2.00    -0.3621)  ( 2.00    -0.3424)  ( 2.00    -0.3274)  ( 2.00    -0.3112)
                     ( 2.00    -0.2770)  ( 2.00    -0.2702)  ( 0.00    -0.0341)

 CYCLE    6
  SDIIS (wt  0.991):  0.0050  0.0039  0.0672  0.2575  0.6665
 A-DIIS (wt  0.009):  0.0000  0.0000  0.0000  0.0196  0.9804
  DIIS coefficients:  0.0049  0.0038  0.0666  0.2554  0.6692
 SCF Error: norm([F,P])=      0.008987540345, max([F,P])=      0.001851998119
 orbitals (Q,E):
 ---------------
 A :11...21          ( 2.00    -0.5208)  ( 2.00    -0.4201)  ( 2.00    -0.4024)  ( 2.00    -0.3742)
                     ( 2.00    -0.3618)  ( 2.00    -0.3420)  ( 2.00    -0.3269)  ( 2.00    -0.3108)
                     ( 2.00    -0.2767)  ( 2.00    -0.2700)  ( 0.00    -0.0339)

 CYCLE    7
  SDIIS (wt  1.000): -0.0008  0.0034  0.0069  0.0869  0.2658  0.6378
  DIIS coefficients: -0.0008  0.0034  0.0069  0.0869  0.2658  0.6378
 SCF Error: norm([F,P])=      0.001708394788, max([F,P])=      0.000352050387
 orbitals (Q,E):
 ---------------
 A :11...21          ( 2.00    -0.5208)  ( 2.00    -0.4201)  ( 2.00    -0.4024)  ( 2.00    -0.3742)
                     ( 2.00    -0.3619)  ( 2.00    -0.3419)  ( 2.00    -0.3270)  ( 2.00    -0.3107)
                     ( 2.00    -0.2768)  ( 2.00    -0.2699)  ( 0.00    -0.0339)

 CYCLE    8
  SDIIS (wt  1.000): -0.0010  0.0023 -0.0028  0.0336  0.1146  0.4577  0.3955
  DIIS coefficients: -0.0010  0.0023 -0.0028  0.0336  0.1146  0.4577  0.3955
 SCF Error: norm([F,P])=      0.001113523055, max([F,P])=      0.000232543104
 orbitals (Q,E):
 ---------------
 A :11...21          ( 2.00    -0.5208)  ( 2.00    -0.4201)  ( 2.00    -0.4024)  ( 2.00    -0.3742)
                     ( 2.00    -0.3619)  ( 2.00    -0.3419)  ( 2.00    -0.3269)  ( 2.00    -0.3108)
                     ( 2.00    -0.2768)  ( 2.00    -0.2700)  ( 0.00    -0.0339)

 CYCLE    9
  SDIIS (wt  1.000): -0.0003  0.0006 -0.0010  0.0075  0.0266  0.1211  0.1335  0.7119
  DIIS coefficients: -0.0003  0.0006 -0.0010  0.0075  0.0266  0.1211  0.1335  0.7119
 SCF Error: norm([F,P])=      0.000076695168, max([F,P])=      0.000010986309
 orbitals (Q,E):
 ---------------
 A :11...21          ( 2.00    -0.5208)  ( 2.00    -0.4201)  ( 2.00    -0.4024)  ( 2.00    -0.3742)
                     ( 2.00    -0.3619)  ( 2.00    -0.3419)  ( 2.00    -0.3269)  ( 2.00    -0.3108)
                     ( 2.00    -0.2768)  ( 2.00    -0.2700)  ( 0.00    -0.0339)

 CYCLE   10
  SDIIS (wt  1.000): -0.0001  0.0001 -0.0002  0.0016  0.0059  0.0275  0.0350  0.2860  0.6440
  DIIS coefficients: -0.0001  0.0001 -0.0002  0.0016  0.0059  0.0275  0.0350  0.2860  0.6440
 SCF Error: norm([F,P])=      0.000021310290, max([F,P])=      0.000002805571
 orbitals (Q,E):
 ---------------
 A :11...21          ( 2.00    -0.5208)  ( 2.00    -0.4201)  ( 2.00    -0.4024)  ( 2.00    -0.3742)
                     ( 2.00    -0.3619)  ( 2.00    -0.3419)  ( 2.00    -0.3269)  ( 2.00    -0.3108)
                     ( 2.00    -0.2768)  ( 2.00    -0.2700)  ( 0.00    -0.0339)

 CYCLE   11
  SDIIS (wt  1.000): -0.0000  0.0000 -0.0000  0.0003  0.0012  0.0058  0.0092  0.1107  0.3803  0.4926
  DIIS coefficients: -0.0000  0.0000 -0.0000  0.0003  0.0012  0.0058  0.0092  0.1107  0.3803  0.4926
 SCF Error: norm([F,P])=      0.000010397037, max([F,P])=      0.000002620291
 orbitals (Q,E):
 ---------------
 A :11...21          ( 2.00    -0.5208)  ( 2.00    -0.4201)  ( 2.00    -0.4024)  ( 2.00    -0.3742)
                     ( 2.00    -0.3619)  ( 2.00    -0.3419)  ( 2.00    -0.3269)  ( 2.00    -0.3108)
                     ( 2.00    -0.2768)  ( 2.00    -0.2700)  ( 0.00    -0.0339)

 CYCLE   12
  SDIIS (wt  1.000):  0.0000  0.0000  0.0000  0.0002  0.0010  0.0025  0.0479  0.2004  0.3388  0.4092
  DIIS coefficients:  0.0000  0.0000  0.0000  0.0002  0.0010  0.0025  0.0479  0.2004  0.3388  0.4092
 SCF Error: norm([F,P])=      0.000004057054, max([F,P])=      0.000000803934
 orbitals (Q,E):
 ---------------
 A :11...21          ( 2.00    -0.5208)  ( 2.00    -0.4201)  ( 2.00    -0.4024)  ( 2.00    -0.3742)
                     ( 2.00    -0.3619)  ( 2.00    -0.3419)  ( 2.00    -0.3269)  ( 2.00    -0.3108)
                     ( 2.00    -0.2768)  ( 2.00    -0.2700)  ( 0.00    -0.0339)

 SCF CONVERGED
 cosmo_calcen: 0.5 (esolb+esolc) (Hartrees) =   -0.028258

 Solvation energy (screening term,uncorrected) =    -17.732418 kcal/mol

 Solvation energy (dispersion and cavitation terms) =      0.705944 kcal/mol
 Solvation Energy Contributions (Hartrees)
          esola   esolb+esolc
     0.02825840   -0.05651681
 esol last cycle   -0.02825840

 CYCLE   13
 *** Using FIT density in Focky
  SDIIS (wt  1.000):  0.0000 -0.0000 -0.0000 -0.0001 -0.0000  0.0051  0.0245  0.0532  0.0704  0.8468
  DIIS coefficients:  0.0000 -0.0000 -0.0000 -0.0001 -0.0000  0.0051  0.0245  0.0532  0.0704  0.8468
 SCF Error: norm([F,P])=      0.000000353045, max([F,P])=      0.000000083965
 orbitals (Q,E):
 ---------------
 A :11...30          ( 2.00    -0.5208)  ( 2.00    -0.4201)  ( 2.00    -0.4024)  ( 2.00    -0.3742)
                     ( 2.00    -0.3619)  ( 2.00    -0.3419)  ( 2.00    -0.3269)  ( 2.00    -0.3108)
                     ( 2.00    -0.2768)  ( 2.00    -0.2700)  ( 0.00    -0.0339)  ( 0.00     0.0174)
                     ( 0.00     0.0199)  ( 0.00     0.0538)  ( 0.00     0.0794)  ( 0.00     0.0838)
                     ( 0.00     0.0925)  ( 0.00     0.1047)  ( 0.00     0.1180)  ( 0.00     0.1397)
 cosmo_calcen: 0.5 (esolb+esolc) (Hartrees) =   -0.028258

 Solvation energy (screening term,uncorrected) =    -17.732419 kcal/mol

 Solvation energy (dispersion and cavitation terms) =      0.705944 kcal/mol
 Solvation Energy Contributions (Hartrees)
          esola   esolb+esolc
     0.02825841   -0.05651681
 esol last cycle   -0.02825841


 Fit test: (difference of exact and fit density, squared integrated, result summed over spins)
         SCF:                                          0.00004147125915

 Gross Charges per Atom (Z minus electrons)
 ==========================================
             1.8709   -0.6989   -0.6954   -0.8409   -0.7071    0.3554    0.3605    0.3555
 Net Total: -0.00000000



 =================================================================
 M U L T I P O L E   D E R I V E D   C H A R G E   A N A L Y S I S
 =================================================================

 See: M. Swart, P.Th. van Duijnen, J.G. Snijders, J.Comput.Chem., (2001), p. 79-88.

 --------------------------------------- 
 Multipole derived atomic charges (a.u.)
 --------------------------------------- 

        Atom    Level:     MDC-m        MDC-d        MDC-q
 ---------------------------------------------------------
     1     P            2.031179     1.581918     2.016645
     2     O           -0.519150    -0.684954    -0.740686
     3     O           -0.516545    -0.648613    -0.724026
     4     O           -0.911724    -0.832524    -0.963853
     5     O           -0.512878    -0.684445    -0.721139
     6     H            0.140567     0.400433     0.371519
     7     H            0.145229     0.423261     0.364556
     8     H            0.143322     0.444923     0.396984
 *** Using NEW gradient routines ***


 Geometry CYCLE 11
 ==============

 Energy gradients wrt nuclear displacements
 ==========================================

     Atom      Cartesian (a.u./angstrom)
                 X         Y         Z
 ----------------------------------------
     1 P    -0.005392 -0.001777 -0.002969
     2 O     0.002832  0.001498 -0.000049
     3 O     0.002109  0.000450  0.005326
     4 O    -0.003535  0.001254 -0.000378
     5 O     0.003312 -0.000011 -0.003320
     6 H     0.000481 -0.000552  0.000318
     7 H     0.000611 -0.000171 -0.002199
     8 H    -0.000418 -0.000692  0.003272
 ----------------------------------------

 dE(predicted):    -0.27234E-02, dE(actual):    -0.23816E-02, Trust radius:    0.275931, all in a.u.
 
----------------------------------------------------------------------
Geometry Convergence after Step  11       (Hartree/Angstrom,Angstrom)
----------------------------------------------------------------------
current energy                               -1.70052653 Hartree
energy change                      -0.00238158     0.00100000    F
constrained gradient max            0.00539191     0.00100000    F
constrained gradient rms            0.00239592     0.00066667    F
gradient max                        0.00539191
gradient rms                        0.00239592
cart. step max                      0.09901535     0.01000000    F
cart. step rms                      0.03973588     0.00666667    F
 


 Coordinates (Cartesian)
 =======================

     Atom                    bohr                                 angstrom                 Geometric Variables
                   X           Y           Z              X           Y           Z       (0:frozen, *:LT par.)
 --------------------------------------------------------------------------------------------------------------
     1 P      -1.568815    0.975355    0.391179      -0.830181    0.516136    0.207003      1       2       3
     2 O      -2.341186   -1.593661   -0.994383      -1.238902   -0.843329   -0.526205      4       5       6
     3 O      -0.901043    3.062530   -1.714973      -0.476811    1.620621   -0.907525      7       8       9
     4 O      -3.549477    1.738382    2.220547      -1.878303    0.919912    1.175063     10      11      12
     5 O       1.169675    0.305283    1.516915       0.618966    0.161549    0.802717     13      14      15
     6 H      -2.333723    4.197699   -2.020571      -1.234953    2.221327   -1.069240     16      17      18
     7 H       2.205716    1.815714    1.781370       1.167215    0.960834    0.942661     19      20      21
     8 H      -0.919071   -2.364280   -1.892039      -0.486352   -1.251123   -1.001224     22      23      24
 --------------------------------------------------------------------------------------------------------------

 Number of elements of the density matrix on this node (used, total):       378      7381



 ===========================================
 Numerical Integration : Fuzzy Cells (Becke)
 ===========================================
  
 Becke grid quality: GOOD           
  
 Lebedev angular grid order:             min:  11 max:  35
 Nr. of radial points:                   min:  54 max:  65

 Total nr. of points:     102105
 Nr. of blocks:              798
 Block length:               128
 Nr. of dummy points:         39


 Test of Precision of the Numerical Integration Grid
 ===================================================

 Integral of the Total Core Density:                   9.99999949984914
 Relative Error:                                      -5.002E-08


 -------------------------------------------
  COSMO surface
  Area             =          377.774
  Volume           =          593.480
  Number of Points =          966
 -------------------------------------------



 ========================
 Density Fitting (zlmFit)
 ========================
  
 ZlmFit Fit Quality: GOOD           
  
 Max L-expansion:                        min:   7 max:   9
 Nr. of radial interpolation points:     min:  72 max: 114



 =====
 S C F  ***  ScaSCF  ***
 =====
  
 Initial density matrix is taken from previous geometry

 CYCLE    1
 SCF Error: norm([F,P])=      0.172986441336, max([F,P])=      0.045769939087
 orbitals (Q,E):
 ---------------
 A :11...30          ( 2.00    -0.5348)  ( 2.00    -0.4246)  ( 2.00    -0.4142)  ( 2.00    -0.3827)
                     ( 2.00    -0.3577)  ( 2.00    -0.3503)  ( 2.00    -0.3185)  ( 2.00    -0.3175)
                     ( 2.00    -0.2481)  ( 2.00    -0.2443)  ( 0.00    -0.0567)  ( 0.00    -0.0150)
                     ( 0.00    -0.0124)  ( 0.00     0.0646)  ( 0.00     0.0808)  ( 0.00     0.0831)
                     ( 0.00     0.0898)  ( 0.00     0.1125)  ( 0.00     0.1205)  ( 0.00     0.1344)

 CYCLE    2
  SDIIS (wt  0.000):  0.5060  0.4940
 A-DIIS (wt  1.000):  0.7110  0.2890
  DIIS coefficients:  0.7110  0.2890
 SCF Error: norm([F,P])=      0.175955683029, max([F,P])=      0.033507531996
 orbitals (Q,E):
 ---------------
 A :11...21          ( 2.00    -0.5303)  ( 2.00    -0.4220)  ( 2.00    -0.4096)  ( 2.00    -0.3805)
                     ( 2.00    -0.3565)  ( 2.00    -0.3514)  ( 2.00    -0.3281)  ( 2.00    -0.3148)
                     ( 2.00    -0.2660)  ( 2.00    -0.2617)  ( 0.00    -0.0489)

 CYCLE    3
  SDIIS (wt  0.000):  0.2603  0.1148  0.6249
 A-DIIS (wt  1.000):  0.4491  0.0000  0.5509
  DIIS coefficients:  0.4491  0.0000  0.5509
 SCF Error: norm([F,P])=      0.077277957259, max([F,P])=      0.017646380883
 orbitals (Q,E):
 ---------------
 A :11...21          ( 2.00    -0.5274)  ( 2.00    -0.4204)  ( 2.00    -0.4082)  ( 2.00    -0.3791)
                     ( 2.00    -0.3544)  ( 2.00    -0.3498)  ( 2.00    -0.3258)  ( 2.00    -0.3132)
                     ( 2.00    -0.2622)  ( 2.00    -0.2580)  ( 0.00    -0.0425)

 CYCLE    4
  SDIIS (wt  0.000): -0.5797  0.4207  1.1590
 A-DIIS (wt  1.000):  0.0000  0.3425  0.6575
  DIIS coefficients:  0.0000  0.3425  0.6575
 SCF Error: norm([F,P])=      0.086695418330, max([F,P])=      0.019759868627
 orbitals (Q,E):
 ---------------
 A :11...21          ( 2.00    -0.5176)  ( 2.00    -0.4225)  ( 2.00    -0.4010)  ( 2.00    -0.3737)
                     ( 2.00    -0.3644)  ( 2.00    -0.3423)  ( 2.00    -0.3303)  ( 2.00    -0.3088)
                     ( 2.00    -0.2830)  ( 2.00    -0.2779)  ( 0.00    -0.0325)

 CYCLE    5
  SDIIS (wt  0.000):  0.2418 -0.5789  0.6042  0.7330
 A-DIIS (wt  1.000):  0.0000  0.0000  0.5742  0.4258
  DIIS coefficients:  0.0000  0.0000  0.5742  0.4258
 SCF Error: norm([F,P])=      0.133183099219, max([F,P])=      0.041284750311
 orbitals (Q,E):
 ---------------
 A :11...21          ( 2.00    -0.5202)  ( 2.00    -0.4192)  ( 2.00    -0.4028)  ( 2.00    -0.3747)
                     ( 2.00    -0.3583)  ( 2.00    -0.3444)  ( 2.00    -0.3277)  ( 2.00    -0.3087)
                     ( 2.00    -0.2728)  ( 2.00    -0.2680)  ( 0.00    -0.0326)

 CYCLE    6
  SDIIS (wt  0.947):  0.0619  0.0758 -0.1981  0.0684  0.9921
 A-DIIS (wt  0.053):  0.0000  0.0000  0.0000  0.0000  1.0000
  DIIS coefficients:  0.0586  0.0717 -0.1876  0.0647  0.9925
 SCF Error: norm([F,P])=      0.019818380875, max([F,P])=      0.006262461628
 orbitals (Q,E):
 ---------------
 A :11...21          ( 2.00    -0.5208)  ( 2.00    -0.4200)  ( 2.00    -0.4032)  ( 2.00    -0.3751)
                     ( 2.00    -0.3594)  ( 2.00    -0.3447)  ( 2.00    -0.3285)  ( 2.00    -0.3091)
                     ( 2.00    -0.2745)  ( 2.00    -0.2696)  ( 0.00    -0.0328)

 CYCLE    7
  SDIIS (wt  1.000):  0.0262  0.0699 -0.1601 -0.0171  0.5199  0.5613
  DIIS coefficients:  0.0262  0.0699 -0.1601 -0.0171  0.5199  0.5613
 SCF Error: norm([F,P])=      0.004030031435, max([F,P])=      0.000617270051
 orbitals (Q,E):
 ---------------
 A :11...21          ( 2.00    -0.5206)  ( 2.00    -0.4199)  ( 2.00    -0.4031)  ( 2.00    -0.3749)
                     ( 2.00    -0.3592)  ( 2.00    -0.3446)  ( 2.00    -0.3283)  ( 2.00    -0.3090)
                     ( 2.00    -0.2742)  ( 2.00    -0.2693)  ( 0.00    -0.0326)

 CYCLE    8
  SDIIS (wt  1.000):  0.0153  0.0300 -0.0819 -0.0105  0.2200  0.3503  0.4768
  DIIS coefficients:  0.0153  0.0300 -0.0819 -0.0105  0.2200  0.3503  0.4768
 SCF Error: norm([F,P])=      0.001757790284, max([F,P])=      0.000469460371
 orbitals (Q,E):
 ---------------
 A :11...21          ( 2.00    -0.5205)  ( 2.00    -0.4197)  ( 2.00    -0.4030)  ( 2.00    -0.3749)
                     ( 2.00    -0.3591)  ( 2.00    -0.3446)  ( 2.00    -0.3282)  ( 2.00    -0.3090)
                     ( 2.00    -0.2741)  ( 2.00    -0.2693)  ( 0.00    -0.0326)

 CYCLE    9
  SDIIS (wt  1.000):  0.0089  0.0023 -0.0247  0.0013  0.0481  0.1213  0.2789  0.5640
  DIIS coefficients:  0.0089  0.0023 -0.0247  0.0013  0.0481  0.1213  0.2789  0.5640
 SCF Error: norm([F,P])=      0.000544369223, max([F,P])=      0.000115955177
 orbitals (Q,E):
 ---------------
 A :11...21          ( 2.00    -0.5206)  ( 2.00    -0.4198)  ( 2.00    -0.4030)  ( 2.00    -0.3749)
                     ( 2.00    -0.3592)  ( 2.00    -0.3446)  ( 2.00    -0.3282)  ( 2.00    -0.3090)
                     ( 2.00    -0.2742)  ( 2.00    -0.2693)  ( 0.00    -0.0326)

 CYCLE   10
  SDIIS (wt  1.000):  0.0010  0.0022 -0.0059 -0.0012  0.0120  0.0313  0.0745  0.1772  0.7089
  DIIS coefficients:  0.0010  0.0022 -0.0059 -0.0012  0.0120  0.0313  0.0745  0.1772  0.7089
 SCF Error: norm([F,P])=      0.000065158107, max([F,P])=      0.000012962633
 orbitals (Q,E):
 ---------------
 A :11...21          ( 2.00    -0.5206)  ( 2.00    -0.4198)  ( 2.00    -0.4030)  ( 2.00    -0.3749)
                     ( 2.00    -0.3592)  ( 2.00    -0.3446)  ( 2.00    -0.3283)  ( 2.00    -0.3090)
                     ( 2.00    -0.2742)  ( 2.00    -0.2693)  ( 0.00    -0.0326)

 CYCLE   11
  SDIIS (wt  1.000):  0.0001  0.0002 -0.0005 -0.0001  0.0010  0.0033  0.0090  0.0226  0.1556  0.8090
  DIIS coefficients:  0.0001  0.0002 -0.0005 -0.0001  0.0010  0.0033  0.0090  0.0226  0.1556  0.8090
 SCF Error: norm([F,P])=      0.000008316518, max([F,P])=      0.000001794831
 orbitals (Q,E):
 ---------------
 A :11...21          ( 2.00    -0.5206)  ( 2.00    -0.4198)  ( 2.00    -0.4030)  ( 2.00    -0.3749)
                     ( 2.00    -0.3592)  ( 2.00    -0.3446)  ( 2.00    -0.3283)  ( 2.00    -0.3090)
                     ( 2.00    -0.2742)  ( 2.00    -0.2693)  ( 0.00    -0.0326)

 CYCLE   12
  SDIIS (wt  1.000):  0.0000 -0.0000 -0.0000  0.0001  0.0005  0.0019  0.0052  0.0579  0.4352  0.4993
  DIIS coefficients:  0.0000 -0.0000 -0.0000  0.0001  0.0005  0.0019  0.0052  0.0579  0.4352  0.4993
 SCF Error: norm([F,P])=      0.000002908741, max([F,P])=      0.000000766639
 orbitals (Q,E):
 ---------------
 A :11...21          ( 2.00    -0.5206)  ( 2.00    -0.4198)  ( 2.00    -0.4030)  ( 2.00    -0.3749)
                     ( 2.00    -0.3592)  ( 2.00    -0.3446)  ( 2.00    -0.3283)  ( 2.00    -0.3090)
                     ( 2.00    -0.2742)  ( 2.00    -0.2693)  ( 0.00    -0.0326)

 SCF CONVERGED
 cosmo_calcen: 0.5 (esolb+esolc) (Hartrees) =   -0.029227

 Solvation energy (screening term,uncorrected) =    -18.340455 kcal/mol

 Solvation energy (dispersion and cavitation terms) =      0.706409 kcal/mol
 Solvation Energy Contributions (Hartrees)
          esola   esolb+esolc
     0.02922737   -0.05845474
 esol last cycle   -0.02922737

 CYCLE   13
 *** Using FIT density in Focky
  SDIIS (wt  1.000): -0.0000 -0.0000 -0.0000  0.0001  0.0006  0.0014  0.0166  0.1710  0.3429  0.4674
  DIIS coefficients: -0.0000 -0.0000 -0.0000  0.0001  0.0006  0.0014  0.0166  0.1710  0.3429  0.4674
 SCF Error: norm([F,P])=      0.000001404678, max([F,P])=      0.000000253238
 orbitals (Q,E):
 ---------------
 A :11...30          ( 2.00    -0.5206)  ( 2.00    -0.4198)  ( 2.00    -0.4030)  ( 2.00    -0.3749)
                     ( 2.00    -0.3592)  ( 2.00    -0.3446)  ( 2.00    -0.3283)  ( 2.00    -0.3090)
                     ( 2.00    -0.2742)  ( 2.00    -0.2693)  ( 0.00    -0.0326)  ( 0.00     0.0176)
                     ( 0.00     0.0198)  ( 0.00     0.0554)  ( 0.00     0.0821)  ( 0.00     0.0879)
                     ( 0.00     0.0956)  ( 0.00     0.1108)  ( 0.00     0.1186)  ( 0.00     0.1356)
 cosmo_calcen: 0.5 (esolb+esolc) (Hartrees) =   -0.029227

 Solvation energy (screening term,uncorrected) =    -18.340454 kcal/mol

 Solvation energy (dispersion and cavitation terms) =      0.706409 kcal/mol
 Solvation Energy Contributions (Hartrees)
          esola   esolb+esolc
     0.02922737   -0.05845474
 esol last cycle   -0.02922737


 Fit test: (difference of exact and fit density, squared integrated, result summed over spins)
         SCF:                                          0.00004172498264

 Gross Charges per Atom (Z minus electrons)
 ==========================================
             1.8772   -0.6974   -0.6934   -0.8474   -0.7032    0.3521    0.3570    0.3550
 Net Total:  0.00000000



 =================================================================
 M U L T I P O L E   D E R I V E D   C H A R G E   A N A L Y S I S
 =================================================================

 See: M. Swart, P.Th. van Duijnen, J.G. Snijders, J.Comput.Chem., (2001), p. 79-88.

 --------------------------------------- 
 Multipole derived atomic charges (a.u.)
 --------------------------------------- 

        Atom    Level:     MDC-m        MDC-d        MDC-q
 ---------------------------------------------------------
     1     P            2.036019     1.595752     2.644564
     2     O           -0.516129    -0.683645    -0.912366
     3     O           -0.519695    -0.657655    -0.849963
     4     O           -0.918598    -0.843431    -1.144370
     5     O           -0.514886    -0.677904    -0.883856
     6     H            0.143477     0.403690     0.360219
     7     H            0.145682     0.420580     0.368167
     8     H            0.144130     0.442613     0.417605
 *** Using NEW gradient routines ***


 Geometry CYCLE 12
 ==============

 Energy gradients wrt nuclear displacements
 ==========================================

     Atom      Cartesian (a.u./angstrom)
                 X         Y         Z
 ----------------------------------------
     1 P    -0.002111 -0.006882 -0.009254
     2 O     0.001385  0.006611  0.000722
     3 O    -0.004620 -0.002218  0.006204
     4 O     0.009776 -0.002867 -0.004090
     5 O    -0.003406  0.004548  0.004766
     6 H     0.000837  0.001231 -0.001101
     7 H    -0.000290 -0.001949 -0.001390
     8 H    -0.001571  0.001526  0.004143
 ----------------------------------------

 dE(predicted):    -0.12065E-02, dE(actual):    -0.62618E-03, Trust radius:    0.275931, all in a.u.
 
----------------------------------------------------------------------
Geometry Convergence after Step  12       (Hartree/Angstrom,Angstrom)
----------------------------------------------------------------------
current energy                               -1.70115271 Hartree
energy change                      -0.00062618     0.00100000    T
constrained gradient max            0.00977624     0.00100000    F
constrained gradient rms            0.00435453     0.00066667    F
gradient max                        0.00977624
gradient rms                        0.00435453
cart. step max                      0.07618494     0.01000000    F
cart. step rms                      0.02869577     0.00666667    F
 


 Coordinates (Cartesian)
 =======================

     Atom                    bohr                                 angstrom                 Geometric Variables
                   X           Y           Z              X           Y           Z       (0:frozen, *:LT par.)
 --------------------------------------------------------------------------------------------------------------
     1 P      -1.543430    0.972081    0.409978      -0.816748    0.514403    0.216951      1       2       3
     2 O      -2.324159   -1.629919   -0.920351      -1.229892   -0.862516   -0.487029      4       5       6
     3 O      -0.905157    3.015457   -1.754741      -0.478988    1.595711   -0.928569      7       8       9
     4 O      -3.520347    1.765174    2.236988      -1.862887    0.934090    1.183763     10      11      12
     5 O       1.211328    0.319955    1.503141       0.641007    0.169313    0.795428     13      14      15
     6 H      -2.342894    4.143734   -2.060185      -1.239806    2.192769   -1.090203     16      17      18
     7 H       2.186615    1.840322    1.909222       1.157107    0.973857    1.010317     19      20      21
     8 H      -0.999880   -2.289782   -2.036008      -0.529114   -1.211700   -1.077409     22      23      24
 --------------------------------------------------------------------------------------------------------------

 Number of elements of the density matrix on this node (used, total):       378      7381



 ===========================================
 Numerical Integration : Fuzzy Cells (Becke)
 ===========================================
  
 Becke grid quality: GOOD           
  
 Lebedev angular grid order:             min:  11 max:  35
 Nr. of radial points:                   min:  54 max:  65

 Total nr. of points:     102100
 Nr. of blocks:              798
 Block length:               128
 Nr. of dummy points:         44


 Test of Precision of the Numerical Integration Grid
 ===================================================

 Integral of the Total Core Density:                   9.99999825900549
 Relative Error:                                      -1.741E-07


 -------------------------------------------
  COSMO surface
  Area             =          377.987
  Volume           =          594.036
  Number of Points =          964
 -------------------------------------------



 ========================
 Density Fitting (zlmFit)
 ========================
  
 ZlmFit Fit Quality: GOOD           
  
 Max L-expansion:                        min:   7 max:   9
 Nr. of radial interpolation points:     min:  72 max: 114



 =====
 S C F  ***  ScaSCF  ***
 =====
  
 Initial density matrix is taken from previous geometry

 CYCLE    1
 SCF Error: norm([F,P])=      0.145616355716, max([F,P])=      0.043366393695
 orbitals (Q,E):
 ---------------
 A :11...30          ( 2.00    -0.5354)  ( 2.00    -0.4281)  ( 2.00    -0.4182)  ( 2.00    -0.3847)
                     ( 2.00    -0.3599)  ( 2.00    -0.3527)  ( 2.00    -0.3222)  ( 2.00    -0.3185)
                     ( 2.00    -0.2497)  ( 2.00    -0.2464)  ( 0.00    -0.0590)  ( 0.00    -0.0169)
                     ( 0.00    -0.0152)  ( 0.00     0.0618)  ( 0.00     0.0764)  ( 0.00     0.0802)
                     ( 0.00     0.0875)  ( 0.00     0.1097)  ( 0.00     0.1153)  ( 0.00     0.1297)

 CYCLE    2
  SDIIS (wt  0.000):  0.5994  0.4006
 A-DIIS (wt  1.000):  0.2961  0.7039
  DIIS coefficients:  0.2961  0.7039
 SCF Error: norm([F,P])=      0.196954991138, max([F,P])=      0.041092915303
 orbitals (Q,E):
 ---------------
 A :11...21          ( 2.00    -0.5183)  ( 2.00    -0.4290)  ( 2.00    -0.4052)  ( 2.00    -0.3761)
                     ( 2.00    -0.3695)  ( 2.00    -0.3447)  ( 2.00    -0.3359)  ( 2.00    -0.3116)
                     ( 2.00    -0.2920)  ( 2.00    -0.2868)  ( 0.00    -0.0396)

 CYCLE    3
  SDIIS (wt  0.000):  0.3289  0.4405  0.2306
 A-DIIS (wt  1.000):  0.0000  0.5259  0.4741
  DIIS coefficients:  0.0000  0.5259  0.4741
 SCF Error: norm([F,P])=      0.293160058834, max([F,P])=      0.095170164474
 orbitals (Q,E):
 ---------------
 A :11...21          ( 2.00    -0.5178)  ( 2.00    -0.4198)  ( 2.00    -0.4052)  ( 2.00    -0.3747)
                     ( 2.00    -0.3554)  ( 2.00    -0.3447)  ( 2.00    -0.3281)  ( 2.00    -0.3075)
                     ( 2.00    -0.2695)  ( 2.00    -0.2643)  ( 0.00    -0.0329)

 CYCLE    4
  SDIIS (wt  0.696):  0.1373  0.2713  0.5913
 A-DIIS (wt  0.304):  0.0000  0.1454  0.8546
  DIIS coefficients:  0.0956  0.2330  0.6714
 SCF Error: norm([F,P])=      0.104437704838, max([F,P])=      0.031111399633
 orbitals (Q,E):
 ---------------
 A :11...21          ( 2.00    -0.5149)  ( 2.00    -0.4203)  ( 2.00    -0.4019)  ( 2.00    -0.3708)
                     ( 2.00    -0.3582)  ( 2.00    -0.3411)  ( 2.00    -0.3281)  ( 2.00    -0.3047)
                     ( 2.00    -0.2770)  ( 2.00    -0.2714)  ( 0.00    -0.0326)

 CYCLE    5
  SDIIS (wt  0.899):  0.0505  0.1051  0.4025  0.4419
 A-DIIS (wt  0.101):  0.0000  0.0000  0.2331  0.7669
  DIIS coefficients:  0.0454  0.0945  0.3855  0.4746
 SCF Error: norm([F,P])=      0.047862911362, max([F,P])=      0.010953973574
 orbitals (Q,E):
 ---------------
 A :11...21          ( 2.00    -0.5180)  ( 2.00    -0.4212)  ( 2.00    -0.4047)  ( 2.00    -0.3744)
                     ( 2.00    -0.3583)  ( 2.00    -0.3444)  ( 2.00    -0.3299)  ( 2.00    -0.3076)
                     ( 2.00    -0.2754)  ( 2.00    -0.2701)  ( 0.00    -0.0332)

 CYCLE    6
  SDIIS (wt  0.985):  0.0078  0.0114  0.1223  0.2986  0.5598
 A-DIIS (wt  0.015):  0.0000  0.0000  0.0000  0.0048  0.9952
  DIIS coefficients:  0.0077  0.0112  0.1205  0.2941  0.5664
 SCF Error: norm([F,P])=      0.011594218702, max([F,P])=      0.002516804541
 orbitals (Q,E):
 ---------------
 A :11...21          ( 2.00    -0.5175)  ( 2.00    -0.4211)  ( 2.00    -0.4043)  ( 2.00    -0.3736)
                     ( 2.00    -0.3582)  ( 2.00    -0.3438)  ( 2.00    -0.3295)  ( 2.00    -0.3070)
                     ( 2.00    -0.2755)  ( 2.00    -0.2700)  ( 0.00    -0.0330)

 CYCLE    7
  SDIIS (wt  1.000):  0.0006  0.0003  0.0311  0.1163  0.2841  0.5676
  DIIS coefficients:  0.0006  0.0003  0.0311  0.1163  0.2841  0.5676
 SCF Error: norm([F,P])=      0.002536963178, max([F,P])=      0.000527542705
 orbitals (Q,E):
 ---------------
 A :11...21          ( 2.00    -0.5174)  ( 2.00    -0.4209)  ( 2.00    -0.4042)  ( 2.00    -0.3736)
                     ( 2.00    -0.3581)  ( 2.00    -0.3436)  ( 2.00    -0.3294)  ( 2.00    -0.3068)
                     ( 2.00    -0.2753)  ( 2.00    -0.2699)  ( 0.00    -0.0329)

 CYCLE    8
  SDIIS (wt  1.000): -0.0004 -0.0004  0.0053  0.0389  0.1133  0.3744  0.4689
  DIIS coefficients: -0.0004 -0.0004  0.0053  0.0389  0.1133  0.3744  0.4689
 SCF Error: norm([F,P])=      0.001249808862, max([F,P])=      0.000278105811
 orbitals (Q,E):
 ---------------
 A :11...21          ( 2.00    -0.5174)  ( 2.00    -0.4210)  ( 2.00    -0.4042)  ( 2.00    -0.3736)
                     ( 2.00    -0.3581)  ( 2.00    -0.3436)  ( 2.00    -0.3294)  ( 2.00    -0.3069)
                     ( 2.00    -0.2754)  ( 2.00    -0.2700)  ( 0.00    -0.0329)

 CYCLE    9
  SDIIS (wt  1.000): -0.0003 -0.0001  0.0002  0.0122  0.0409  0.1713  0.2759  0.4999
  DIIS coefficients: -0.0003 -0.0001  0.0002  0.0122  0.0409  0.1713  0.2759  0.4999
 SCF Error: norm([F,P])=      0.000300574291, max([F,P])=      0.000052065807
 orbitals (Q,E):
 ---------------
 A :11...21          ( 2.00    -0.5174)  ( 2.00    -0.4210)  ( 2.00    -0.4042)  ( 2.00    -0.3736)
                     ( 2.00    -0.3581)  ( 2.00    -0.3437)  ( 2.00    -0.3294)  ( 2.00    -0.3069)
                     ( 2.00    -0.2754)  ( 2.00    -0.2700)  ( 0.00    -0.0329)

 CYCLE   10
  SDIIS (wt  1.000): -0.0001 -0.0000 -0.0001  0.0027  0.0100  0.0438  0.0725  0.1610  0.7101
  DIIS coefficients: -0.0001 -0.0000 -0.0001  0.0027  0.0100  0.0438  0.0725  0.1610  0.7101
 SCF Error: norm([F,P])=      0.000023970790, max([F,P])=      0.000006487644
 orbitals (Q,E):
 ---------------
 A :11...21          ( 2.00    -0.5174)  ( 2.00    -0.4210)  ( 2.00    -0.4042)  ( 2.00    -0.3736)
                     ( 2.00    -0.3581)  ( 2.00    -0.3437)  ( 2.00    -0.3294)  ( 2.00    -0.3069)
                     ( 2.00    -0.2754)  ( 2.00    -0.2700)  ( 0.00    -0.0329)

 CYCLE   11
  SDIIS (wt  1.000): -0.0000 -0.0000 -0.0000  0.0001  0.0008  0.0036  0.0057  0.0172  0.1643  0.8082
  DIIS coefficients: -0.0000 -0.0000 -0.0000  0.0001  0.0008  0.0036  0.0057  0.0172  0.1643  0.8082
 SCF Error: norm([F,P])=      0.000004207770, max([F,P])=      0.000000851931
 orbitals (Q,E):
 ---------------
 A :11...21          ( 2.00    -0.5174)  ( 2.00    -0.4210)  ( 2.00    -0.4042)  ( 2.00    -0.3736)
                     ( 2.00    -0.3581)  ( 2.00    -0.3437)  ( 2.00    -0.3294)  ( 2.00    -0.3069)
                     ( 2.00    -0.2754)  ( 2.00    -0.2700)  ( 0.00    -0.0329)

 SCF CONVERGED
 cosmo_calcen: 0.5 (esolb+esolc) (Hartrees) =   -0.029165

 Solvation energy (screening term,uncorrected) =    -18.301129 kcal/mol

 Solvation energy (dispersion and cavitation terms) =      0.706806 kcal/mol
 Solvation Energy Contributions (Hartrees)
          esola   esolb+esolc
     0.02916470   -0.05832941
 esol last cycle   -0.02916470

 CYCLE   12
 *** Using FIT density in Focky
  SDIIS (wt  1.000):  0.0000 -0.0000  0.0000  0.0002  0.0008  0.0013  0.0059  0.0837  0.4980  0.4102
  DIIS coefficients:  0.0000 -0.0000  0.0000  0.0002  0.0008  0.0013  0.0059  0.0837  0.4980  0.4102
 SCF Error: norm([F,P])=      0.000001757966, max([F,P])=      0.000000404730
 orbitals (Q,E):
 ---------------
 A :11...30          ( 2.00    -0.5174)  ( 2.00    -0.4210)  ( 2.00    -0.4042)  ( 2.00    -0.3736)
                     ( 2.00    -0.3581)  ( 2.00    -0.3437)  ( 2.00    -0.3294)  ( 2.00    -0.3069)
                     ( 2.00    -0.2754)  ( 2.00    -0.2700)  ( 0.00    -0.0329)  ( 0.00     0.0178)
                     ( 0.00     0.0191)  ( 0.00     0.0550)  ( 0.00     0.0818)  ( 0.00     0.0889)
                     ( 0.00     0.0943)  ( 0.00     0.1107)  ( 0.00     0.1164)  ( 0.00     0.1340)
 cosmo_calcen: 0.5 (esolb+esolc) (Hartrees) =   -0.029165

 Solvation energy (screening term,uncorrected) =    -18.301131 kcal/mol

 Solvation energy (dispersion and cavitation terms) =      0.706806 kcal/mol
 Solvation Energy Contributions (Hartrees)
          esola   esolb+esolc
     0.02916471   -0.05832941
 esol last cycle   -0.02916471


 Fit test: (difference of exact and fit density, squared integrated, result summed over spins)
         SCF:                                          0.00004158980508

 Gross Charges per Atom (Z minus electrons)
 ==========================================
             1.8738   -0.6986   -0.6934   -0.8461   -0.6992    0.3515    0.3557    0.3562
 Net Total:  0.00000000



 =================================================================
 M U L T I P O L E   D E R I V E D   C H A R G E   A N A L Y S I S
 =================================================================

 See: M. Swart, P.Th. van Duijnen, J.G. Snijders, J.Comput.Chem., (2001), p. 79-88.

 --------------------------------------- 
 Multipole derived atomic charges (a.u.)
 --------------------------------------- 

        Atom    Level:     MDC-m        MDC-d        MDC-q
 ---------------------------------------------------------
     1     P            2.034700     1.593546     2.464888
     2     O           -0.516728    -0.684838    -0.882773
     3     O           -0.519977    -0.658349    -0.817760
     4     O           -0.917051    -0.842215    -1.086415
     5     O           -0.514658    -0.672448    -0.866944
     6     H            0.142620     0.402749     0.374038
     7     H            0.145971     0.418647     0.384161
     8     H            0.145123     0.442908     0.430806
 *** Using NEW gradient routines ***


 Geometry CYCLE 13
 ==============

 Energy gradients wrt nuclear displacements
 ==========================================

     Atom      Cartesian (a.u./angstrom)
                 X         Y         Z
 ----------------------------------------
     1 P     0.001784 -0.005873 -0.005449
     2 O    -0.000440  0.004011  0.001191
     3 O    -0.004482 -0.000584  0.003792
     4 O     0.004249 -0.001045 -0.002398
     5 O    -0.002653  0.003931  0.003346
     6 H     0.001272  0.001210 -0.000835
     7 H     0.000329 -0.001859 -0.001148
     8 H    -0.000060  0.000209  0.001500
 ----------------------------------------

 dE(predicted):    -0.38261E-03, dE(actual):    -0.49814E-03, Trust radius:    0.551863, all in a.u.
 
----------------------------------------------------------------------
Geometry Convergence after Step  13       (Hartree/Angstrom,Angstrom)
----------------------------------------------------------------------
current energy                               -1.70165085 Hartree
energy change                      -0.00049814     0.00100000    T
constrained gradient max            0.00587308     0.00100000    F
constrained gradient rms            0.00280929     0.00066667    F
gradient max                        0.00587308
gradient rms                        0.00280929
cart. step max                      0.09703207     0.01000000    F
cart. step rms                      0.03752355     0.00666667    F
 


 Coordinates (Cartesian)
 =======================

     Atom                    bohr                                 angstrom                 Geometric Variables
                   X           Y           Z              X           Y           Z       (0:frozen, *:LT par.)
 --------------------------------------------------------------------------------------------------------------
     1 P      -1.505661    0.972804    0.423002      -0.796761    0.514786    0.223843      1       2       3
     2 O      -2.287337   -1.661491   -0.846519      -1.210407   -0.879223   -0.447958      4       5       6
     3 O      -0.904656    2.967356   -1.800638      -0.478724    1.570257   -0.952857      7       8       9
     4 O      -3.462799    1.788259    2.262800      -1.832434    0.946306    1.197422     10      11      12
     5 O       1.270685    0.346064    1.471282       0.672417    0.183129    0.778569     13      14      15
     6 H      -2.367997    4.057401   -2.124677      -1.253090    2.147084   -1.124331     16      17      18
     7 H       2.145048    1.856919    2.092586       1.135111    0.982639    1.107349     19      20      21
     8 H      -1.125207   -2.190290   -2.189791      -0.595434   -1.159052   -1.158788     22      23      24
 --------------------------------------------------------------------------------------------------------------

 Number of elements of the density matrix on this node (used, total):       378      7381



 ===========================================
 Numerical Integration : Fuzzy Cells (Becke)
 ===========================================
  
 Becke grid quality: GOOD           
  
 Lebedev angular grid order:             min:  11 max:  35
 Nr. of radial points:                   min:  54 max:  65

 Total nr. of points:     102106
 Nr. of blocks:              798
 Block length:               128
 Nr. of dummy points:         38


 Test of Precision of the Numerical Integration Grid
 ===================================================

 Integral of the Total Core Density:                   9.99999839909900
 Relative Error:                                      -1.601E-07


 -------------------------------------------
  COSMO surface
  Area             =          377.648
  Volume           =          593.778
  Number of Points =          962
 -------------------------------------------



 ========================
 Density Fitting (zlmFit)
 ========================
  
 ZlmFit Fit Quality: GOOD           
  
 Max L-expansion:                        min:   7 max:   9
 Nr. of radial interpolation points:     min:  72 max: 114



 =====
 S C F  ***  ScaSCF  ***
 =====
  
 Initial density matrix is taken from previous geometry

 CYCLE    1
 SCF Error: norm([F,P])=      0.166550955001, max([F,P])=      0.046849958001
 orbitals (Q,E):
 ---------------
 A :11...30          ( 2.00    -0.5327)  ( 2.00    -0.4302)  ( 2.00    -0.4208)  ( 2.00    -0.3857)
                     ( 2.00    -0.3597)  ( 2.00    -0.3526)  ( 2.00    -0.3267)  ( 2.00    -0.3175)
                     ( 2.00    -0.2522)  ( 2.00    -0.2489)  ( 0.00    -0.0597)  ( 0.00    -0.0176)
                     ( 0.00    -0.0162)  ( 0.00     0.0603)  ( 0.00     0.0741)  ( 0.00     0.0803)
                     ( 0.00     0.0869)  ( 0.00     0.1100)  ( 0.00     0.1129)  ( 0.00     0.1268)

 CYCLE    2
  SDIIS (wt  0.000):  0.5558  0.4442
 A-DIIS (wt  1.000):  0.2324  0.7676
  DIIS coefficients:  0.2324  0.7676
 SCF Error: norm([F,P])=      0.195652923112, max([F,P])=      0.040658330446
 orbitals (Q,E):
 ---------------
 A :11...21          ( 2.00    -0.5118)  ( 2.00    -0.4325)  ( 2.00    -0.4064)  ( 2.00    -0.3747)
                     ( 2.00    -0.3703)  ( 2.00    -0.3418)  ( 2.00    -0.3369)  ( 2.00    -0.3104)
                     ( 2.00    -0.2949)  ( 2.00    -0.2907)  ( 0.00    -0.0381)

 CYCLE    3
  SDIIS (wt  0.000):  0.2827  0.4839  0.2334
 A-DIIS (wt  1.000):  0.0000  0.5812  0.4188
  DIIS coefficients:  0.0000  0.5812  0.4188
 SCF Error: norm([F,P])=      0.327716722487, max([F,P])=      0.105848605925
 orbitals (Q,E):
 ---------------
 A :11...21          ( 2.00    -0.5129)  ( 2.00    -0.4216)  ( 2.00    -0.4069)  ( 2.00    -0.3740)
                     ( 2.00    -0.3555)  ( 2.00    -0.3417)  ( 2.00    -0.3309)  ( 2.00    -0.3052)
                     ( 2.00    -0.2725)  ( 2.00    -0.2669)  ( 0.00    -0.0328)

 CYCLE    4
  SDIIS (wt  0.776):  0.1649  0.2158  0.6193
 A-DIIS (wt  0.224):  0.0000  0.0470  0.9530
  DIIS coefficients:  0.1279  0.1779  0.6942
 SCF Error: norm([F,P])=      0.081598530178, max([F,P])=      0.023223602131
 orbitals (Q,E):
 ---------------
 A :11...21          ( 2.00    -0.5104)  ( 2.00    -0.4219)  ( 2.00    -0.4040)  ( 2.00    -0.3707)
                     ( 2.00    -0.3574)  ( 2.00    -0.3388)  ( 2.00    -0.3300)  ( 2.00    -0.3026)
                     ( 2.00    -0.2785)  ( 2.00    -0.2723)  ( 0.00    -0.0326)

 CYCLE    5
  SDIIS (wt  0.903):  0.0636  0.0678  0.4045  0.4640
 A-DIIS (wt  0.097):  0.0000  0.0000  0.2963  0.7037
  DIIS coefficients:  0.0575  0.0612  0.3941  0.4872
 SCF Error: norm([F,P])=      0.045613776569, max([F,P])=      0.010588725653
 orbitals (Q,E):
 ---------------
 A :11...21          ( 2.00    -0.5134)  ( 2.00    -0.4228)  ( 2.00    -0.4068)  ( 2.00    -0.3739)
                     ( 2.00    -0.3575)  ( 2.00    -0.3419)  ( 2.00    -0.3320)  ( 2.00    -0.3055)
                     ( 2.00    -0.2769)  ( 2.00    -0.2710)  ( 0.00    -0.0332)

 CYCLE    6
  SDIIS (wt  0.987):  0.0106  0.0017  0.1246  0.3041  0.5589
 A-DIIS (wt  0.013):  0.0000  0.0000  0.0000  0.0000  1.0000
  DIIS coefficients:  0.0105  0.0017  0.1229  0.3002  0.5647
 SCF Error: norm([F,P])=      0.010709129698, max([F,P])=      0.002287719077
 orbitals (Q,E):
 ---------------
 A :11...21          ( 2.00    -0.5129)  ( 2.00    -0.4227)  ( 2.00    -0.4064)  ( 2.00    -0.3732)
                     ( 2.00    -0.3574)  ( 2.00    -0.3413)  ( 2.00    -0.3315)  ( 2.00    -0.3049)
                     ( 2.00    -0.2768)  ( 2.00    -0.2709)  ( 0.00    -0.0330)

 CYCLE    7
  SDIIS (wt  1.000):  0.0008 -0.0019  0.0273  0.1068  0.2648  0.6021
  DIIS coefficients:  0.0008 -0.0019  0.0273  0.1068  0.2648  0.6021
 SCF Error: norm([F,P])=      0.002338121844, max([F,P])=      0.000383415558
 orbitals (Q,E):
 ---------------
 A :11...21          ( 2.00    -0.5128)  ( 2.00    -0.4225)  ( 2.00    -0.4062)  ( 2.00    -0.3732)
                     ( 2.00    -0.3572)  ( 2.00    -0.3412)  ( 2.00    -0.3314)  ( 2.00    -0.3047)
                     ( 2.00    -0.2767)  ( 2.00    -0.2708)  ( 0.00    -0.0329)

 CYCLE    8
  SDIIS (wt  1.000): -0.0004 -0.0007  0.0046  0.0365  0.1089  0.3874  0.4636
  DIIS coefficients: -0.0004 -0.0007  0.0046  0.0365  0.1089  0.3874  0.4636
 SCF Error: norm([F,P])=      0.001120005340, max([F,P])=      0.000240041032
 orbitals (Q,E):
 ---------------
 A :11...21          ( 2.00    -0.5128)  ( 2.00    -0.4225)  ( 2.00    -0.4062)  ( 2.00    -0.3732)
                     ( 2.00    -0.3573)  ( 2.00    -0.3412)  ( 2.00    -0.3314)  ( 2.00    -0.3048)
                     ( 2.00    -0.2768)  ( 2.00    -0.2709)  ( 0.00    -0.0329)

 CYCLE    9
  SDIIS (wt  1.000): -0.0003 -0.0001  0.0001  0.0124  0.0426  0.1866  0.2907  0.4681
  DIIS coefficients: -0.0003 -0.0001  0.0001  0.0124  0.0426  0.1866  0.2907  0.4681
 SCF Error: norm([F,P])=      0.000312926531, max([F,P])=      0.000061218955
 orbitals (Q,E):
 ---------------
 A :11...21          ( 2.00    -0.5128)  ( 2.00    -0.4226)  ( 2.00    -0.4063)  ( 2.00    -0.3732)
                     ( 2.00    -0.3573)  ( 2.00    -0.3412)  ( 2.00    -0.3314)  ( 2.00    -0.3048)
                     ( 2.00    -0.2768)  ( 2.00    -0.2709)  ( 0.00    -0.0329)

 CYCLE   10
  SDIIS (wt  1.000): -0.0001 -0.0000 -0.0001  0.0027  0.0104  0.0473  0.0772  0.1527  0.7098
  DIIS coefficients: -0.0001 -0.0000 -0.0001  0.0027  0.0104  0.0473  0.0772  0.1527  0.7098
 SCF Error: norm([F,P])=      0.000024502308, max([F,P])=      0.000006559815
 orbitals (Q,E):
 ---------------
 A :11...21          ( 2.00    -0.5128)  ( 2.00    -0.4226)  ( 2.00    -0.4063)  ( 2.00    -0.3732)
                     ( 2.00    -0.3573)  ( 2.00    -0.3412)  ( 2.00    -0.3314)  ( 2.00    -0.3048)
                     ( 2.00    -0.2768)  ( 2.00    -0.2709)  ( 0.00    -0.0329)

 CYCLE   11
  SDIIS (wt  1.000): -0.0000 -0.0000 -0.0000  0.0002  0.0010  0.0046  0.0076  0.0193  0.1780  0.7893
  DIIS coefficients: -0.0000 -0.0000 -0.0000  0.0002  0.0010  0.0046  0.0076  0.0193  0.1780  0.7893
 SCF Error: norm([F,P])=      0.000004739035, max([F,P])=      0.000000901762
 orbitals (Q,E):
 ---------------
 A :11...21          ( 2.00    -0.5128)  ( 2.00    -0.4226)  ( 2.00    -0.4063)  ( 2.00    -0.3732)
                     ( 2.00    -0.3573)  ( 2.00    -0.3412)  ( 2.00    -0.3314)  ( 2.00    -0.3048)
                     ( 2.00    -0.2768)  ( 2.00    -0.2709)  ( 0.00    -0.0329)

 SCF CONVERGED
 cosmo_calcen: 0.5 (esolb+esolc) (Hartrees) =   -0.028969

 Solvation energy (screening term,uncorrected) =    -18.178501 kcal/mol

 Solvation energy (dispersion and cavitation terms) =      0.706173 kcal/mol
 Solvation Energy Contributions (Hartrees)
          esola   esolb+esolc
     0.02896928   -0.05793857
 esol last cycle   -0.02896928

 CYCLE   12
 *** Using FIT density in Focky
  SDIIS (wt  1.000):  0.0000 -0.0000  0.0000  0.0002  0.0010  0.0017  0.0065  0.0934  0.5326  0.3645
  DIIS coefficients:  0.0000 -0.0000  0.0000  0.0002  0.0010  0.0017  0.0065  0.0934  0.5326  0.3645
 SCF Error: norm([F,P])=      0.000002865479, max([F,P])=      0.000000672732
 orbitals (Q,E):
 ---------------
 A :11...30          ( 2.00    -0.5128)  ( 2.00    -0.4226)  ( 2.00    -0.4063)  ( 2.00    -0.3732)
                     ( 2.00    -0.3573)  ( 2.00    -0.3412)  ( 2.00    -0.3314)  ( 2.00    -0.3048)
                     ( 2.00    -0.2768)  ( 2.00    -0.2709)  ( 0.00    -0.0329)  ( 0.00     0.0178)
                     ( 0.00     0.0188)  ( 0.00     0.0550)  ( 0.00     0.0808)  ( 0.00     0.0901)
                     ( 0.00     0.0933)  ( 0.00     0.1120)  ( 0.00     0.1157)  ( 0.00     0.1328)
 cosmo_calcen: 0.5 (esolb+esolc) (Hartrees) =   -0.028969

 Solvation energy (screening term,uncorrected) =    -18.178502 kcal/mol

 Solvation energy (dispersion and cavitation terms) =      0.706173 kcal/mol
 Solvation Energy Contributions (Hartrees)
          esola   esolb+esolc
     0.02896928   -0.05793857
 esol last cycle   -0.02896928


 Fit test: (difference of exact and fit density, squared integrated, result summed over spins)
         SCF:                                          0.00004157324996

 Gross Charges per Atom (Z minus electrons)
 ==========================================
             1.8725   -0.6996   -0.6933   -0.8442   -0.6962    0.3504    0.3538    0.3565
 Net Total: -0.00000000



 =================================================================
 M U L T I P O L E   D E R I V E D   C H A R G E   A N A L Y S I S
 =================================================================

 See: M. Swart, P.Th. van Duijnen, J.G. Snijders, J.Comput.Chem., (2001), p. 79-88.

 --------------------------------------- 
 Multipole derived atomic charges (a.u.)
 --------------------------------------- 

        Atom    Level:     MDC-m        MDC-d        MDC-q
 ---------------------------------------------------------
     1     P            2.033842     1.592377     2.142934
     2     O           -0.516969    -0.686067    -0.816261
     3     O           -0.519130    -0.657544    -0.748724
     4     O           -0.915505    -0.841763    -0.989370
     5     O           -0.514538    -0.664584    -0.816139
     6     H            0.141509     0.401089     0.387320
     7     H            0.145536     0.414391     0.401168
     8     H            0.145255     0.442100     0.439072
 *** Using NEW gradient routines ***


 Geometry CYCLE 14
 ==============

 Energy gradients wrt nuclear displacements
 ==========================================

     Atom      Cartesian (a.u./angstrom)
                 X         Y         Z
 ----------------------------------------
     1 P     0.002299 -0.003469 -0.002381
     2 O     0.000318  0.002436  0.002451
     3 O    -0.002530 -0.000474  0.002238
     4 O     0.001676 -0.001172 -0.002768
     5 O    -0.002992  0.002394  0.000720
     6 H     0.001109  0.000924  0.000051
     7 H     0.000609 -0.000870 -0.000626
     8 H    -0.000489  0.000231  0.000316
 ----------------------------------------

 dE(predicted):    -0.25751E-03, dE(actual):    -0.27075E-03, Trust radius:    0.551863, all in a.u.
 
----------------------------------------------------------------------
Geometry Convergence after Step  14       (Hartree/Angstrom,Angstrom)
----------------------------------------------------------------------
current energy                               -1.70192160 Hartree
energy change                      -0.00027075     0.00100000    T
constrained gradient max            0.00346918     0.00100000    F
constrained gradient rms            0.00179946     0.00066667    F
gradient max                        0.00346918
gradient rms                        0.00179946
cart. step max                      0.10285284     0.01000000    F
cart. step rms                      0.03914083     0.00666667    F
 


 Coordinates (Cartesian)
 =======================

     Atom                    bohr                                 angstrom                 Geometric Variables
                   X           Y           Z              X           Y           Z       (0:frozen, *:LT par.)
 --------------------------------------------------------------------------------------------------------------
     1 P      -1.471648    0.992196    0.444605      -0.778762    0.525047    0.235275      1       2       3
     2 O      -2.249715   -1.658374   -0.819396      -1.190498   -0.877574   -0.433606      4       5       6
     3 O      -0.902794    2.944073   -1.833622      -0.477738    1.557937   -0.970311      7       8       9
     4 O      -3.394703    1.821487    2.323672      -1.796399    0.963890    1.229634     10      11      12
     5 O       1.332693    0.371708    1.428499       0.705231    0.196699    0.755929     13      14      15
     6 H      -2.425162    3.923876   -2.234596      -1.283340    2.076426   -1.182497     16      17      18
     7 H       2.101563    1.825904    2.286950       1.112099    0.966227    1.210202     19      20      21
     8 H      -1.228160   -2.083847   -2.308066      -0.649914   -1.102724   -1.221376     22      23      24
 --------------------------------------------------------------------------------------------------------------

 Number of elements of the density matrix on this node (used, total):       378      7381



 ===========================================
 Numerical Integration : Fuzzy Cells (Becke)
 ===========================================
  
 Becke grid quality: GOOD           
  
 Lebedev angular grid order:             min:  11 max:  35
 Nr. of radial points:                   min:  54 max:  65

 Total nr. of points:     102105
 Nr. of blocks:              798
 Block length:               128
 Nr. of dummy points:         39


 Test of Precision of the Numerical Integration Grid
 ===================================================

 Integral of the Total Core Density:                  10.00000029891093
 Relative Error:                                       2.989E-08


 -------------------------------------------
  COSMO surface
  Area             =          378.067
  Volume           =          594.792
  Number of Points =          959
 -------------------------------------------



 ========================
 Density Fitting (zlmFit)
 ========================
  
 ZlmFit Fit Quality: GOOD           
  
 Max L-expansion:                        min:   7 max:   9
 Nr. of radial interpolation points:     min:  72 max: 114



 =====
 S C F  ***  ScaSCF  ***
 =====
  
 Initial density matrix is taken from previous geometry

 CYCLE    1
 SCF Error: norm([F,P])=      0.162251096209, max([F,P])=      0.047173422194
 orbitals (Q,E):
 ---------------
 A :11...30          ( 2.00    -0.5291)  ( 2.00    -0.4325)  ( 2.00    -0.4234)  ( 2.00    -0.3872)
                     ( 2.00    -0.3572)  ( 2.00    -0.3520)  ( 2.00    -0.3312)  ( 2.00    -0.3164)
                     ( 2.00    -0.2560)  ( 2.00    -0.2525)  ( 0.00    -0.0606)  ( 0.00    -0.0185)
                     ( 0.00    -0.0167)  ( 0.00     0.0560)  ( 0.00     0.0700)  ( 0.00     0.0802)
                     ( 0.00     0.0840)  ( 0.00     0.1085)  ( 0.00     0.1127)  ( 0.00     0.1228)

 CYCLE    2
  SDIIS (wt  0.000):  0.5744  0.4256
 A-DIIS (wt  1.000):  0.1090  0.8910
  DIIS coefficients:  0.1090  0.8910
 SCF Error: norm([F,P])=      0.201230197398, max([F,P])=      0.042798930619
 orbitals (Q,E):
 ---------------
 A :11...21          ( 2.00    -0.5023)  ( 2.00    -0.4388)  ( 2.00    -0.4067)  ( 2.00    -0.3744)
                     ( 2.00    -0.3725)  ( 2.00    -0.3397)  ( 2.00    -0.3358)  ( 2.00    -0.3141)
                     ( 2.00    -0.2995)  ( 2.00    -0.2927)  ( 0.00    -0.0358)

 CYCLE    3
  SDIIS (wt  0.000):  0.2888  0.5112  0.2000
 A-DIIS (wt  1.000):  0.0000  0.6786  0.3214
  DIIS coefficients:  0.0000  0.6786  0.3214
 SCF Error: norm([F,P])=      0.418446045174, max([F,P])=      0.132857496345
 orbitals (Q,E):
 ---------------
 A :11...21          ( 2.00    -0.5068)  ( 2.00    -0.4240)  ( 2.00    -0.4081)  ( 2.00    -0.3737)
                     ( 2.00    -0.3573)  ( 2.00    -0.3374)  ( 2.00    -0.3334)  ( 2.00    -0.3026)
                     ( 2.00    -0.2791)  ( 2.00    -0.2728)  ( 0.00    -0.0333)

 CYCLE    4
  SDIIS (wt  0.934):  0.2067  0.0921  0.7012
 A-DIIS (wt  0.066):  0.0000  0.0000  1.0000
  DIIS coefficients:  0.1930  0.0860  0.7210
 SCF Error: norm([F,P])=      0.039141574918, max([F,P])=      0.007552211798
 orbitals (Q,E):
 ---------------
 A :11...21          ( 2.00    -0.5059)  ( 2.00    -0.4230)  ( 2.00    -0.4064)  ( 2.00    -0.3715)
                     ( 2.00    -0.3560)  ( 2.00    -0.3355)  ( 2.00    -0.3317)  ( 2.00    -0.3006)
                     ( 2.00    -0.2789)  ( 2.00    -0.2724)  ( 0.00    -0.0333)

 CYCLE    5
  SDIIS (wt  0.963):  0.0807  0.0270  0.4061  0.4863
 A-DIIS (wt  0.037):  0.0000  0.0000  0.2087  0.7913
  DIIS coefficients:  0.0776  0.0260  0.3987  0.4977
 SCF Error: norm([F,P])=      0.026330548126, max([F,P])=      0.004698832837
 orbitals (Q,E):
 ---------------
 A :11...21          ( 2.00    -0.5082)  ( 2.00    -0.4242)  ( 2.00    -0.4086)  ( 2.00    -0.3741)
                     ( 2.00    -0.3569)  ( 2.00    -0.3381)  ( 2.00    -0.3337)  ( 2.00    -0.3033)
                     ( 2.00    -0.2789)  ( 2.00    -0.2727)  ( 0.00    -0.0337)

 CYCLE    6
  SDIIS (wt  0.990):  0.0099  0.0002  0.0877  0.2952  0.6070
 A-DIIS (wt  0.010):  0.0000  0.0000  0.0000  0.1159  0.8841
  DIIS coefficients:  0.0098  0.0002  0.0868  0.2935  0.6097
 SCF Error: norm([F,P])=      0.009513036376, max([F,P])=      0.001976067534
 orbitals (Q,E):
 ---------------
 A :11...21          ( 2.00    -0.5079)  ( 2.00    -0.4241)  ( 2.00    -0.4083)  ( 2.00    -0.3736)
                     ( 2.00    -0.3568)  ( 2.00    -0.3376)  ( 2.00    -0.3333)  ( 2.00    -0.3027)
                     ( 2.00    -0.2788)  ( 2.00    -0.2725)  ( 0.00    -0.0336)

 CYCLE    7
  SDIIS (wt  1.000):  0.0001  0.0005  0.0115  0.0992  0.2626  0.6261
  DIIS coefficients:  0.0001  0.0005  0.0115  0.0992  0.2626  0.6261
 SCF Error: norm([F,P])=      0.002107763017, max([F,P])=      0.000369043266
 orbitals (Q,E):
 ---------------
 A :11...21          ( 2.00    -0.5077)  ( 2.00    -0.4239)  ( 2.00    -0.4081)  ( 2.00    -0.3735)
                     ( 2.00    -0.3566)  ( 2.00    -0.3375)  ( 2.00    -0.3332)  ( 2.00    -0.3026)
                     ( 2.00    -0.2787)  ( 2.00    -0.2724)  ( 0.00    -0.0335)

 CYCLE    8
  SDIIS (wt  1.000): -0.0007  0.0008 -0.0012  0.0359  0.1110  0.4179  0.4364
  DIIS coefficients: -0.0007  0.0008 -0.0012  0.0359  0.1110  0.4179  0.4364
 SCF Error: norm([F,P])=      0.001106215661, max([F,P])=      0.000236521673
 orbitals (Q,E):
 ---------------
 A :11...21          ( 2.00    -0.5077)  ( 2.00    -0.4240)  ( 2.00    -0.4082)  ( 2.00    -0.3735)
                     ( 2.00    -0.3567)  ( 2.00    -0.3375)  ( 2.00    -0.3333)  ( 2.00    -0.3027)
                     ( 2.00    -0.2787)  ( 2.00    -0.2725)  ( 0.00    -0.0335)

 CYCLE    9
  SDIIS (wt  1.000): -0.0004  0.0005 -0.0017  0.0135  0.0456  0.2027  0.2647  0.4751
  DIIS coefficients: -0.0004  0.0005 -0.0017  0.0135  0.0456  0.2027  0.2647  0.4751
 SCF Error: norm([F,P])=      0.000253135679, max([F,P])=      0.000042910545
 orbitals (Q,E):
 ---------------
 A :11...21          ( 2.00    -0.5077)  ( 2.00    -0.4240)  ( 2.00    -0.4082)  ( 2.00    -0.3735)
                     ( 2.00    -0.3567)  ( 2.00    -0.3375)  ( 2.00    -0.3333)  ( 2.00    -0.3027)
                     ( 2.00    -0.2788)  ( 2.00    -0.2725)  ( 0.00    -0.0335)

 CYCLE   10
  SDIIS (wt  1.000): -0.0001  0.0001 -0.0005  0.0027  0.0100  0.0461  0.0648  0.1501  0.7267
  DIIS coefficients: -0.0001  0.0001 -0.0005  0.0027  0.0100  0.0461  0.0648  0.1501  0.7267
 SCF Error: norm([F,P])=      0.000023158641, max([F,P])=      0.000006029493
 orbitals (Q,E):
 ---------------
 A :11...21          ( 2.00    -0.5077)  ( 2.00    -0.4240)  ( 2.00    -0.4082)  ( 2.00    -0.3735)
                     ( 2.00    -0.3567)  ( 2.00    -0.3375)  ( 2.00    -0.3333)  ( 2.00    -0.3027)
                     ( 2.00    -0.2788)  ( 2.00    -0.2725)  ( 0.00    -0.0335)

 CYCLE   11
  SDIIS (wt  1.000): -0.0000  0.0000 -0.0001  0.0002  0.0011  0.0051  0.0078  0.0232  0.2152  0.7474
  DIIS coefficients: -0.0000  0.0000 -0.0001  0.0002  0.0011  0.0051  0.0078  0.0232  0.2152  0.7474
 SCF Error: norm([F,P])=      0.000004909408, max([F,P])=      0.000001062383
 orbitals (Q,E):
 ---------------
 A :11...21          ( 2.00    -0.5077)  ( 2.00    -0.4240)  ( 2.00    -0.4082)  ( 2.00    -0.3735)
                     ( 2.00    -0.3567)  ( 2.00    -0.3375)  ( 2.00    -0.3333)  ( 2.00    -0.3027)
                     ( 2.00    -0.2788)  ( 2.00    -0.2725)  ( 0.00    -0.0335)

 CYCLE   12
  SDIIS (wt  1.000):  0.0000 -0.0000  0.0000  0.0002  0.0009  0.0017  0.0080  0.1150  0.5154  0.3587
  DIIS coefficients:  0.0000 -0.0000  0.0000  0.0002  0.0009  0.0017  0.0080  0.1150  0.5154  0.3587
 SCF Error: norm([F,P])=      0.000003359917, max([F,P])=      0.000000809095
 orbitals (Q,E):
 ---------------
 A :11...21          ( 2.00    -0.5077)  ( 2.00    -0.4240)  ( 2.00    -0.4082)  ( 2.00    -0.3735)
                     ( 2.00    -0.3567)  ( 2.00    -0.3375)  ( 2.00    -0.3333)  ( 2.00    -0.3027)
                     ( 2.00    -0.2788)  ( 2.00    -0.2725)  ( 0.00    -0.0335)

 SCF CONVERGED
 cosmo_calcen: 0.5 (esolb+esolc) (Hartrees) =   -0.028511

 Solvation energy (screening term,uncorrected) =    -17.891173 kcal/mol

 Solvation energy (dispersion and cavitation terms) =      0.706957 kcal/mol
 Solvation Energy Contributions (Hartrees)
          esola   esolb+esolc
     0.02851140   -0.05702279
 esol last cycle   -0.02851140

 CYCLE   13
 *** Using FIT density in Focky
  SDIIS (wt  1.000): -0.0000 -0.0000  0.0000  0.0001  0.0002  0.0012  0.0182  0.0881  0.1045  0.7876
  DIIS coefficients: -0.0000 -0.0000  0.0000  0.0001  0.0002  0.0012  0.0182  0.0881  0.1045  0.7876
 SCF Error: norm([F,P])=      0.000000260512, max([F,P])=      0.000000064877
 orbitals (Q,E):
 ---------------
 A :11...30          ( 2.00    -0.5077)  ( 2.00    -0.4240)  ( 2.00    -0.4082)  ( 2.00    -0.3735)
                     ( 2.00    -0.3567)  ( 2.00    -0.3375)  ( 2.00    -0.3333)  ( 2.00    -0.3027)
                     ( 2.00    -0.2788)  ( 2.00    -0.2725)  ( 0.00    -0.0335)  ( 0.00     0.0167)
                     ( 0.00     0.0190)  ( 0.00     0.0542)  ( 0.00     0.0775)  ( 0.00     0.0887)
                     ( 0.00     0.0923)  ( 0.00     0.1107)  ( 0.00     0.1165)  ( 0.00     0.1330)
 cosmo_calcen: 0.5 (esolb+esolc) (Hartrees) =   -0.028511

 Solvation energy (screening term,uncorrected) =    -17.891173 kcal/mol

 Solvation energy (dispersion and cavitation terms) =      0.706957 kcal/mol
 Solvation Energy Contributions (Hartrees)
          esola   esolb+esolc
     0.02851140   -0.05702279
 esol last cycle   -0.02851140


 Fit test: (difference of exact and fit density, squared integrated, result summed over spins)
         SCF:                                          0.00004134960562

 Gross Charges per Atom (Z minus electrons)
 ==========================================
             1.8691   -0.7019   -0.6933   -0.8385   -0.6944    0.3495    0.3536    0.3559
 Net Total: -0.00000000



 =================================================================
 M U L T I P O L E   D E R I V E D   C H A R G E   A N A L Y S I S
 =================================================================

 See: M. Swart, P.Th. van Duijnen, J.G. Snijders, J.Comput.Chem., (2001), p. 79-88.

 --------------------------------------- 
 Multipole derived atomic charges (a.u.)
 --------------------------------------- 

        Atom    Level:     MDC-m        MDC-d        MDC-q
 ---------------------------------------------------------
     1     P            2.031415     1.587846     0.213856
     2     O           -0.519937    -0.693310    -0.353490
     3     O           -0.517408    -0.655616    -0.382499
     4     O           -0.910898    -0.835710    -0.435843
     5     O           -0.513260    -0.655230    -0.447549
     6     H            0.139773     0.398953     0.471236
     7     H            0.144761     0.408964     0.499230
     8     H            0.145555     0.444102     0.435059
 *** Using NEW gradient routines ***


 Geometry CYCLE 15
 ==============

 Energy gradients wrt nuclear displacements
 ==========================================

     Atom      Cartesian (a.u./angstrom)
                 X         Y         Z
 ----------------------------------------
     1 P     0.002150  0.002670  0.003203
     2 O     0.002146 -0.000928 -0.000740
     3 O     0.001472 -0.000941 -0.002308
     4 O    -0.005079  0.001743  0.003288
     5 O    -0.000972 -0.001735 -0.002802
     6 H    -0.000050 -0.000121  0.000885
     7 H     0.000527  0.000767  0.000363
     8 H    -0.000195 -0.001455 -0.001889
 ----------------------------------------
 
----------------------------------------------------------------------
Geometry Convergence after Step  15       (Hartree/Angstrom,Angstrom)
----------------------------------------------------------------------
current energy                               -1.70196075 Hartree
energy change                      -0.00003914     0.00100000    T
constrained gradient max            0.00507888     0.00100000    F
constrained gradient rms            0.00199356     0.00066667    F
gradient max                        0.00507888
gradient rms                        0.00199356
cart. step max                      0.01688248     0.01000000    F
cart. step rms                      0.00729975     0.00666667    F
 


 Coordinates (Cartesian)
 =======================

     Atom                    bohr                                 angstrom                 Geometric Variables
                   X           Y           Z              X           Y           Z       (0:frozen, *:LT par.)
 --------------------------------------------------------------------------------------------------------------
     1 P      -1.475700    0.989826    0.436140      -0.780907    0.523793    0.230796      1       2       3
     2 O      -2.270781   -1.648896   -0.833000      -1.201646   -0.872558   -0.440805      4       5       6
     3 O      -0.902518    2.964919   -1.817962      -0.477592    1.568968   -0.962024      7       8       9
     4 O      -3.391190    1.814387    2.317945      -1.794540    0.960132    1.226604     10      11      12
     5 O       1.325132    0.362406    1.431770       0.701230    0.191777    0.757660     13      14      15
     6 H      -2.428196    3.933208   -2.234336      -1.284946    2.081364   -1.182360     16      17      18
     7 H       2.105597    1.824278    2.263651       1.114234    0.965366    1.197873     19      20      21
     8 H      -1.200269   -2.103106   -2.276163      -0.635155   -1.112916   -1.204494     22      23      24
 --------------------------------------------------------------------------------------------------------------

 Number of elements of the density matrix on this node (used, total):       378      7381



 ===========================================
 Numerical Integration : Fuzzy Cells (Becke)
 ===========================================
  
 Becke grid quality: GOOD           
  
 Lebedev angular grid order:             min:  11 max:  35
 Nr. of radial points:                   min:  54 max:  65

 Total nr. of points:     102107
 Nr. of blocks:              798
 Block length:               128
 Nr. of dummy points:         37


 Test of Precision of the Numerical Integration Grid
 ===================================================

 Integral of the Total Core Density:                   9.99999981074804
 Relative Error:                                      -1.893E-08


 -------------------------------------------
  COSMO surface
  Area             =          378.382
  Volume           =          595.082
  Number of Points =          961
 -------------------------------------------



 ========================
 Density Fitting (zlmFit)
 ========================
  
 ZlmFit Fit Quality: GOOD           
  
 Max L-expansion:                        min:   7 max:   9
 Nr. of radial interpolation points:     min:  72 max: 114



 =====
 S C F  ***  ScaSCF  ***
 =====
  
 Initial density matrix is taken from previous geometry

 CYCLE    1
 SCF Error: norm([F,P])=      0.093907623042, max([F,P])=      0.014891421559
 orbitals (Q,E):
 ---------------
 A :11...30          ( 2.00    -0.5203)  ( 2.00    -0.4243)  ( 2.00    -0.4148)  ( 2.00    -0.3787)
                     ( 2.00    -0.3480)  ( 2.00    -0.3439)  ( 2.00    -0.3237)  ( 2.00    -0.3084)
                     ( 2.00    -0.2499)  ( 2.00    -0.2461)  ( 0.00    -0.0544)  ( 0.00    -0.0122)
                     ( 0.00    -0.0111)  ( 0.00     0.0643)  ( 0.00     0.0784)  ( 0.00     0.0869)
                     ( 0.00     0.0918)  ( 0.00     0.1161)  ( 0.00     0.1189)  ( 0.00     0.1307)

 CYCLE    2
  SDIIS (wt  0.000):  0.6777  0.3223
 A-DIIS (wt  1.000):  0.8061  0.1939
  DIIS coefficients:  0.8061  0.1939
 SCF Error: norm([F,P])=      0.178783452065, max([F,P])=      0.035248507282
 orbitals (Q,E):
 ---------------
 A :11...21          ( 2.00    -0.5177)  ( 2.00    -0.4232)  ( 2.00    -0.4134)  ( 2.00    -0.3778)
                     ( 2.00    -0.3493)  ( 2.00    -0.3439)  ( 2.00    -0.3305)  ( 2.00    -0.3085)
                     ( 2.00    -0.2626)  ( 2.00    -0.2579)  ( 0.00    -0.0498)

 CYCLE    3
  SDIIS (wt  0.000):  0.4609 -0.0418  0.5810
 A-DIIS (wt  1.000):  0.6700  0.0000  0.3300
  DIIS coefficients:  0.6700  0.0000  0.3300
 SCF Error: norm([F,P])=      0.085203505414, max([F,P])=      0.015674324541
 orbitals (Q,E):
 ---------------
 A :11...21          ( 2.00    -0.5166)  ( 2.00    -0.4228)  ( 2.00    -0.4129)  ( 2.00    -0.3774)
                     ( 2.00    -0.3494)  ( 2.00    -0.3433)  ( 2.00    -0.3306)  ( 2.00    -0.3079)
                     ( 2.00    -0.2630)  ( 2.00    -0.2582)  ( 0.00    -0.0467)

 CYCLE    4
  SDIIS (wt  0.884): -0.8752 -0.8305  2.7057
 A-DIIS (wt  0.116):  0.0000  0.0000  1.0000
  DIIS coefficients: -0.7737 -0.7341  2.5078
 SCF Error: norm([F,P])=      0.082729083269, max([F,P])=      0.012483953861
 orbitals (Q,E):
 ---------------
 A :11...21          ( 2.00    -0.5064)  ( 2.00    -0.4222)  ( 2.00    -0.4063)  ( 2.00    -0.3717)
                     ( 2.00    -0.3564)  ( 2.00    -0.3362)  ( 2.00    -0.3314)  ( 2.00    -0.3015)
                     ( 2.00    -0.2796)  ( 2.00    -0.2728)  ( 0.00    -0.0329)

 CYCLE    5
  SDIIS (wt  0.921): -0.3831 -0.7486  1.6300  0.5017
 A-DIIS (wt  0.079):  0.0000  0.0000  0.0000  1.0000
  DIIS coefficients: -0.3530 -0.6898  1.5018  0.5409
 SCF Error: norm([F,P])=      0.037133306501, max([F,P])=      0.008786757883
 orbitals (Q,E):
 ---------------
 A :11...21          ( 2.00    -0.5093)  ( 2.00    -0.4228)  ( 2.00    -0.4088)  ( 2.00    -0.3746)
                     ( 2.00    -0.3561)  ( 2.00    -0.3392)  ( 2.00    -0.3332)  ( 2.00    -0.3043)
                     ( 2.00    -0.2777)  ( 2.00    -0.2713)  ( 0.00    -0.0335)

 CYCLE    6
  SDIIS (wt  0.984): -0.0598 -0.1887  0.3438  0.3219  0.5828
 A-DIIS (wt  0.016):  0.0000  0.0000  0.0000  0.1272  0.8728
  DIIS coefficients: -0.0588 -0.1858  0.3384  0.3188  0.5873
 SCF Error: norm([F,P])=      0.012926825274, max([F,P])=      0.002557593279
 orbitals (Q,E):
 ---------------
 A :11...21          ( 2.00    -0.5091)  ( 2.00    -0.4232)  ( 2.00    -0.4087)  ( 2.00    -0.3742)
                     ( 2.00    -0.3566)  ( 2.00    -0.3387)  ( 2.00    -0.3332)  ( 2.00    -0.3039)
                     ( 2.00    -0.2785)  ( 2.00    -0.2720)  ( 0.00    -0.0334)

 CYCLE    7
  SDIIS (wt  1.000): -0.0001 -0.0234  0.0300  0.1276  0.3231  0.5429
  DIIS coefficients: -0.0001 -0.0234  0.0300  0.1276  0.3231  0.5429
 SCF Error: norm([F,P])=      0.003093816958, max([F,P])=      0.000664282264
 orbitals (Q,E):
 ---------------
 A :11...21          ( 2.00    -0.5089)  ( 2.00    -0.4229)  ( 2.00    -0.4085)  ( 2.00    -0.3741)
                     ( 2.00    -0.3563)  ( 2.00    -0.3386)  ( 2.00    -0.3330)  ( 2.00    -0.3037)
                     ( 2.00    -0.2782)  ( 2.00    -0.2718)  ( 0.00    -0.0333)

 CYCLE    8
  SDIIS (wt  1.000):  0.0044  0.0058 -0.0146  0.0495  0.1431  0.3347  0.4770
  DIIS coefficients:  0.0044  0.0058 -0.0146  0.0495  0.1431  0.3347  0.4770
 SCF Error: norm([F,P])=      0.001209310317, max([F,P])=      0.000273924590
 orbitals (Q,E):
 ---------------
 A :11...21          ( 2.00    -0.5089)  ( 2.00    -0.4229)  ( 2.00    -0.4085)  ( 2.00    -0.3741)
                     ( 2.00    -0.3564)  ( 2.00    -0.3386)  ( 2.00    -0.3330)  ( 2.00    -0.3038)
                     ( 2.00    -0.2782)  ( 2.00    -0.2718)  ( 0.00    -0.0333)

 CYCLE    9
  SDIIS (wt  1.000):  0.0022  0.0076 -0.0129  0.0117  0.0388  0.1207  0.2824  0.5496
  DIIS coefficients:  0.0022  0.0076 -0.0129  0.0117  0.0388  0.1207  0.2824  0.5496
 SCF Error: norm([F,P])=      0.000357903644, max([F,P])=      0.000073964791
 orbitals (Q,E):
 ---------------
 A :11...21          ( 2.00    -0.5089)  ( 2.00    -0.4230)  ( 2.00    -0.4085)  ( 2.00    -0.3741)
                     ( 2.00    -0.3564)  ( 2.00    -0.3386)  ( 2.00    -0.3330)  ( 2.00    -0.3038)
                     ( 2.00    -0.2783)  ( 2.00    -0.2718)  ( 0.00    -0.0333)

 CYCLE   10
  SDIIS (wt  1.000):  0.0006  0.0020 -0.0034  0.0025  0.0086  0.0286  0.0743  0.1647  0.7222
  DIIS coefficients:  0.0006  0.0020 -0.0034  0.0025  0.0086  0.0286  0.0743  0.1647  0.7222
 SCF Error: norm([F,P])=      0.000024255701, max([F,P])=      0.000006353657
 orbitals (Q,E):
 ---------------
 A :11...21          ( 2.00    -0.5089)  ( 2.00    -0.4229)  ( 2.00    -0.4085)  ( 2.00    -0.3741)
                     ( 2.00    -0.3564)  ( 2.00    -0.3386)  ( 2.00    -0.3330)  ( 2.00    -0.3038)
                     ( 2.00    -0.2783)  ( 2.00    -0.2718)  ( 0.00    -0.0333)

 CYCLE   11
  SDIIS (wt  1.000):  0.0002  0.0007 -0.0012  0.0008  0.0029  0.0099  0.0268  0.0622  0.3616  0.5361
  DIIS coefficients:  0.0002  0.0007 -0.0012  0.0008  0.0029  0.0099  0.0268  0.0622  0.3616  0.5361
 SCF Error: norm([F,P])=      0.000010377237, max([F,P])=      0.000002452085
 orbitals (Q,E):
 ---------------
 A :11...21          ( 2.00    -0.5089)  ( 2.00    -0.4229)  ( 2.00    -0.4085)  ( 2.00    -0.3741)
                     ( 2.00    -0.3564)  ( 2.00    -0.3386)  ( 2.00    -0.3330)  ( 2.00    -0.3038)
                     ( 2.00    -0.2783)  ( 2.00    -0.2718)  ( 0.00    -0.0333)

 CYCLE   12
  SDIIS (wt  1.000): -0.0001  0.0001 -0.0001 -0.0002 -0.0003 -0.0000  0.0026  0.0861  0.3914  0.5205
  DIIS coefficients: -0.0001  0.0001 -0.0001 -0.0002 -0.0003 -0.0000  0.0026  0.0861  0.3914  0.5205
 SCF Error: norm([F,P])=      0.000006138881, max([F,P])=      0.000001358697
 orbitals (Q,E):
 ---------------
 A :11...21          ( 2.00    -0.5089)  ( 2.00    -0.4229)  ( 2.00    -0.4085)  ( 2.00    -0.3741)
                     ( 2.00    -0.3564)  ( 2.00    -0.3386)  ( 2.00    -0.3330)  ( 2.00    -0.3038)
                     ( 2.00    -0.2783)  ( 2.00    -0.2718)  ( 0.00    -0.0333)

 CYCLE   13
  SDIIS (wt  1.000): -0.0000 -0.0000 -0.0000  0.0001  0.0002  0.0009  0.0155  0.0658  0.1059  0.8116
  DIIS coefficients: -0.0000 -0.0000 -0.0000  0.0001  0.0002  0.0009  0.0155  0.0658  0.1059  0.8116
 SCF Error: norm([F,P])=      0.000000358661, max([F,P])=      0.000000080407
 orbitals (Q,E):
 ---------------
 A :11...21          ( 2.00    -0.5089)  ( 2.00    -0.4229)  ( 2.00    -0.4085)  ( 2.00    -0.3741)
                     ( 2.00    -0.3564)  ( 2.00    -0.3386)  ( 2.00    -0.3330)  ( 2.00    -0.3038)
                     ( 2.00    -0.2783)  ( 2.00    -0.2718)  ( 0.00    -0.0333)

 SCF CONVERGED
 cosmo_calcen: 0.5 (esolb+esolc) (Hartrees) =   -0.028647

 Solvation energy (screening term,uncorrected) =    -17.976110 kcal/mol

 Solvation energy (dispersion and cavitation terms) =      0.707545 kcal/mol
 Solvation Energy Contributions (Hartrees)
          esola   esolb+esolc
     0.02864675   -0.05729350
 esol last cycle   -0.02864675

 CYCLE   14
 *** Using FIT density in Focky
  SDIIS (wt  1.000): -0.0000 -0.0000  0.0000  0.0001  0.0003  0.0056  0.0233  0.0366  0.2525  0.6817
  DIIS coefficients: -0.0000 -0.0000  0.0000  0.0001  0.0003  0.0056  0.0233  0.0366  0.2525  0.6817
 SCF Error: norm([F,P])=      0.000000056422, max([F,P])=      0.000000013893
 orbitals (Q,E):
 ---------------
 A :11...30          ( 2.00    -0.5089)  ( 2.00    -0.4229)  ( 2.00    -0.4085)  ( 2.00    -0.3741)
                     ( 2.00    -0.3564)  ( 2.00    -0.3386)  ( 2.00    -0.3330)  ( 2.00    -0.3038)
                     ( 2.00    -0.2783)  ( 2.00    -0.2718)  ( 0.00    -0.0333)  ( 0.00     0.0170)
                     ( 0.00     0.0190)  ( 0.00     0.0547)  ( 0.00     0.0795)  ( 0.00     0.0890)
                     ( 0.00     0.0922)  ( 0.00     0.1119)  ( 0.00     0.1167)  ( 0.00     0.1322)
 cosmo_calcen: 0.5 (esolb+esolc) (Hartrees) =   -0.028647

 Solvation energy (screening term,uncorrected) =    -17.976110 kcal/mol

 Solvation energy (dispersion and cavitation terms) =      0.707545 kcal/mol
 Solvation Energy Contributions (Hartrees)
          esola   esolb+esolc
     0.02864675   -0.05729350
 esol last cycle   -0.02864675


 Fit test: (difference of exact and fit density, squared integrated, result summed over spins)
         SCF:                                          0.00004141506493

 Gross Charges per Atom (Z minus electrons)
 ==========================================
             1.8695   -0.7007   -0.6928   -0.8403   -0.6961    0.3494    0.3547    0.3562
 Net Total: -0.00000000



 =================================================================
 M U L T I P O L E   D E R I V E D   C H A R G E   A N A L Y S I S
 =================================================================

 See: M. Swart, P.Th. van Duijnen, J.G. Snijders, J.Comput.Chem., (2001), p. 79-88.

 --------------------------------------- 
 Multipole derived atomic charges (a.u.)
 --------------------------------------- 

        Atom    Level:     MDC-m        MDC-d        MDC-q
 ---------------------------------------------------------
     1     P            2.032257     1.590459     0.421296
     2     O           -0.517794    -0.689860    -0.404241
     3     O           -0.518136    -0.657278    -0.423663
     4     O           -0.912727    -0.838383    -0.496839
     5     O           -0.513636    -0.658386    -0.487233
     6     H            0.140502     0.400483     0.464616
     7     H            0.144654     0.410267     0.486093
     8     H            0.144880     0.442697     0.439971
 *** Using NEW gradient routines ***


 Geometry CYCLE 16
 ==============

 Energy gradients wrt nuclear displacements
 ==========================================

     Atom      Cartesian (a.u./angstrom)
                 X         Y         Z
 ----------------------------------------
     1 P    -0.000566  0.000703  0.000714
     2 O     0.000899 -0.000554 -0.000218
     3 O     0.000083 -0.000106 -0.000485
     4 O    -0.000293  0.000122 -0.000400
     5 O     0.000137 -0.000244  0.000040
     6 H    -0.000029  0.000168  0.000425
     7 H     0.000272 -0.000035 -0.000046
     8 H    -0.000504 -0.000054 -0.000028
 ----------------------------------------

 dE(predicted):    -0.39733E-04, dE(actual):    -0.73998E-04, Trust radius:    0.551863, all in a.u.
 
----------------------------------------------------------------------
Geometry Convergence after Step  16       (Hartree/Angstrom,Angstrom)
----------------------------------------------------------------------
current energy                               -1.70203474 Hartree
energy change                      -0.00007400     0.00100000    T
constrained gradient max            0.00089907     0.00100000    T
constrained gradient rms            0.00038867     0.00066667    T
gradient max                        0.00089907
gradient rms                        0.00038867
cart. step max                      0.01558205     0.01000000    F
cart. step rms                      0.00667576     0.00666667    F
 


 Coordinates (Cartesian)
 =======================

     Atom                    bohr                                 angstrom                 Geometric Variables
                   X           Y           Z              X           Y           Z       (0:frozen, *:LT par.)
 --------------------------------------------------------------------------------------------------------------
     1 P      -1.474497    0.994898    0.436509      -0.780270    0.526477    0.230990      1       2       3
     2 O      -2.282871   -1.634303   -0.843265      -1.208043   -0.864836   -0.446237      4       5       6
     3 O      -0.900562    2.981897   -1.806673      -0.476557    1.577952   -0.956050      7       8       9
     4 O      -3.377260    1.813292    2.333858      -1.787169    0.959553    1.235024     10      11      12
     5 O       1.329446    0.359990    1.419484       0.703513    0.190499    0.751159     13      14      15
     6 H      -2.440610    3.908364   -2.263782      -1.291515    2.068217   -1.197942     16      17      18
     7 H       2.098960    1.811425    2.279241       1.110722    0.958565    1.206122     19      20      21
     8 H      -1.190532   -2.098541   -2.267326      -0.630002   -1.110500   -1.199817     22      23      24
 --------------------------------------------------------------------------------------------------------------

 Number of elements of the density matrix on this node (used, total):       378      7381



 ===========================================
 Numerical Integration : Fuzzy Cells (Becke)
 ===========================================
  
 Becke grid quality: GOOD           
  
 Lebedev angular grid order:             min:  11 max:  35
 Nr. of radial points:                   min:  54 max:  65

 Total nr. of points:     102109
 Nr. of blocks:              798
 Block length:               128
 Nr. of dummy points:         35


 Test of Precision of the Numerical Integration Grid
 ===================================================

 Integral of the Total Core Density:                   9.99999934449145
 Relative Error:                                      -6.555E-08


 -------------------------------------------
  COSMO surface
  Area             =          377.970
  Volume           =          594.636
  Number of Points =          960
 -------------------------------------------



 ========================
 Density Fitting (zlmFit)
 ========================
  
 ZlmFit Fit Quality: GOOD           
  
 Max L-expansion:                        min:   7 max:   9
 Nr. of radial interpolation points:     min:  72 max: 114



 =====
 S C F  ***  ScaSCF  ***
 =====
  
 Initial density matrix is taken from previous geometry

 CYCLE    1
 SCF Error: norm([F,P])=      0.092716984966, max([F,P])=      0.015593811046
 orbitals (Q,E):
 ---------------
 A :11...30          ( 2.00    -0.5216)  ( 2.00    -0.4245)  ( 2.00    -0.4163)  ( 2.00    -0.3802)
                     ( 2.00    -0.3478)  ( 2.00    -0.3462)  ( 2.00    -0.3243)  ( 2.00    -0.3096)
                     ( 2.00    -0.2504)  ( 2.00    -0.2463)  ( 0.00    -0.0551)  ( 0.00    -0.0128)
                     ( 0.00    -0.0120)  ( 0.00     0.0637)  ( 0.00     0.0779)  ( 0.00     0.0863)
                     ( 0.00     0.0905)  ( 0.00     0.1156)  ( 0.00     0.1184)  ( 0.00     0.1303)

 CYCLE    2
  SDIIS (wt  0.000):  0.6858  0.3142
 A-DIIS (wt  1.000):  0.6967  0.3033
  DIIS coefficients:  0.6967  0.3033
 SCF Error: norm([F,P])=      0.182811127328, max([F,P])=      0.036935907083
 orbitals (Q,E):
 ---------------
 A :11...21          ( 2.00    -0.5168)  ( 2.00    -0.4232)  ( 2.00    -0.4136)  ( 2.00    -0.3785)
                     ( 2.00    -0.3524)  ( 2.00    -0.3439)  ( 2.00    -0.3337)  ( 2.00    -0.3090)
                     ( 2.00    -0.2704)  ( 2.00    -0.2648)  ( 0.00    -0.0478)

 CYCLE    3
  SDIIS (wt  0.000):  0.4668  0.1652  0.3680
 A-DIIS (wt  1.000):  0.3455  0.0000  0.6545
  DIIS coefficients:  0.3455  0.0000  0.6545
 SCF Error: norm([F,P])=      0.076759631755, max([F,P])=      0.020013064719
 orbitals (Q,E):
 ---------------
 A :11...21          ( 2.00    -0.5139)  ( 2.00    -0.4217)  ( 2.00    -0.4125)  ( 2.00    -0.3771)
                     ( 2.00    -0.3508)  ( 2.00    -0.3420)  ( 2.00    -0.3321)  ( 2.00    -0.3072)
                     ( 2.00    -0.2665)  ( 2.00    -0.2610)  ( 0.00    -0.0402)

 CYCLE    4
  SDIIS (wt  0.000): -0.4113  0.5158  0.8955
 A-DIIS (wt  1.000):  0.0000  0.4100  0.5900
  DIIS coefficients:  0.0000  0.4100  0.5900
 SCF Error: norm([F,P])=      0.093391178295, max([F,P])=      0.024365766428
 orbitals (Q,E):
 ---------------
 A :11...21          ( 2.00    -0.5061)  ( 2.00    -0.4249)  ( 2.00    -0.4074)  ( 2.00    -0.3736)
                     ( 2.00    -0.3609)  ( 2.00    -0.3374)  ( 2.00    -0.3331)  ( 2.00    -0.3035)
                     ( 2.00    -0.2867)  ( 2.00    -0.2793)  ( 0.00    -0.0332)

 CYCLE    5
  SDIIS (wt  0.000):  0.1632 -0.3432  0.4943  0.6856
 A-DIIS (wt  1.000):  0.0000  0.0000  0.5442  0.4558
  DIIS coefficients:  0.0000  0.0000  0.5442  0.4558
 SCF Error: norm([F,P])=      0.119748212115, max([F,P])=      0.037053653326
 orbitals (Q,E):
 ---------------
 A :11...21          ( 2.00    -0.5084)  ( 2.00    -0.4219)  ( 2.00    -0.4087)  ( 2.00    -0.3741)
                     ( 2.00    -0.3556)  ( 2.00    -0.3381)  ( 2.00    -0.3326)  ( 2.00    -0.3038)
                     ( 2.00    -0.2776)  ( 2.00    -0.2708)  ( 0.00    -0.0333)

 CYCLE    6
  SDIIS (wt  0.982): -0.0285  0.0546  0.0402  0.0330  0.9006
 A-DIIS (wt  0.018):  0.0000  0.0000  0.0000  0.0000  1.0000
  DIIS coefficients: -0.0280  0.0537  0.0395  0.0324  0.9024
 SCF Error: norm([F,P])=      0.008239229769, max([F,P])=      0.002739453632
 orbitals (Q,E):
 ---------------
 A :11...21          ( 2.00    -0.5091)  ( 2.00    -0.4226)  ( 2.00    -0.4093)  ( 2.00    -0.3748)
                     ( 2.00    -0.3563)  ( 2.00    -0.3388)  ( 2.00    -0.3333)  ( 2.00    -0.3044)
                     ( 2.00    -0.2784)  ( 2.00    -0.2717)  ( 0.00    -0.0335)

 CYCLE    7
  SDIIS (wt  1.000): -0.0130  0.0363 -0.0269 -0.0181  0.4150  0.6067
  DIIS coefficients: -0.0130  0.0363 -0.0269 -0.0181  0.4150  0.6067
 SCF Error: norm([F,P])=      0.002773635246, max([F,P])=      0.000351591031
 orbitals (Q,E):
 ---------------
 A :11...21          ( 2.00    -0.5089)  ( 2.00    -0.4224)  ( 2.00    -0.4091)  ( 2.00    -0.3746)
                     ( 2.00    -0.3561)  ( 2.00    -0.3385)  ( 2.00    -0.3331)  ( 2.00    -0.3043)
                     ( 2.00    -0.2782)  ( 2.00    -0.2715)  ( 0.00    -0.0334)

 CYCLE    8
  SDIIS (wt  1.000): -0.0018  0.0124 -0.0201 -0.0068  0.1562  0.3505  0.5096
  DIIS coefficients: -0.0018  0.0124 -0.0201 -0.0068  0.1562  0.3505  0.5096
 SCF Error: norm([F,P])=      0.001241028636, max([F,P])=      0.000276733791
 orbitals (Q,E):
 ---------------
 A :11...21          ( 2.00    -0.5088)  ( 2.00    -0.4224)  ( 2.00    -0.4091)  ( 2.00    -0.3746)
                     ( 2.00    -0.3561)  ( 2.00    -0.3385)  ( 2.00    -0.3331)  ( 2.00    -0.3042)
                     ( 2.00    -0.2783)  ( 2.00    -0.2715)  ( 0.00    -0.0334)

 CYCLE    9
  SDIIS (wt  1.000):  0.0024  0.0008 -0.0096  0.0011  0.0414  0.1484  0.3458  0.4698
  DIIS coefficients:  0.0024  0.0008 -0.0096  0.0011  0.0414  0.1484  0.3458  0.4698
 SCF Error: norm([F,P])=      0.000518113122, max([F,P])=      0.000096583736
 orbitals (Q,E):
 ---------------
 A :11...21          ( 2.00    -0.5089)  ( 2.00    -0.4224)  ( 2.00    -0.4091)  ( 2.00    -0.3746)
                     ( 2.00    -0.3562)  ( 2.00    -0.3385)  ( 2.00    -0.3331)  ( 2.00    -0.3042)
                     ( 2.00    -0.2783)  ( 2.00    -0.2715)  ( 0.00    -0.0334)

 CYCLE   10
  SDIIS (wt  1.000):  0.0001  0.0005 -0.0016 -0.0003  0.0067  0.0251  0.0616  0.0991  0.8087
  DIIS coefficients:  0.0001  0.0005 -0.0016 -0.0003  0.0067  0.0251  0.0616  0.0991  0.8087
 SCF Error: norm([F,P])=      0.000027716634, max([F,P])=      0.000006898562
 orbitals (Q,E):
 ---------------
 A :11...21          ( 2.00    -0.5089)  ( 2.00    -0.4224)  ( 2.00    -0.4091)  ( 2.00    -0.3746)
                     ( 2.00    -0.3561)  ( 2.00    -0.3385)  ( 2.00    -0.3331)  ( 2.00    -0.3042)
                     ( 2.00    -0.2783)  ( 2.00    -0.2715)  ( 0.00    -0.0334)

 CYCLE   11
  SDIIS (wt  1.000):  0.0000  0.0002 -0.0005 -0.0002  0.0020  0.0076  0.0191  0.0326  0.3710  0.5681
  DIIS coefficients:  0.0000  0.0002 -0.0005 -0.0002  0.0020  0.0076  0.0191  0.0326  0.3710  0.5681
 SCF Error: norm([F,P])=      0.000007551565, max([F,P])=      0.000001413933
 orbitals (Q,E):
 ---------------
 A :11...21          ( 2.00    -0.5089)  ( 2.00    -0.4224)  ( 2.00    -0.4091)  ( 2.00    -0.3746)
                     ( 2.00    -0.3561)  ( 2.00    -0.3385)  ( 2.00    -0.3331)  ( 2.00    -0.3042)
                     ( 2.00    -0.2783)  ( 2.00    -0.2715)  ( 0.00    -0.0334)

 CYCLE   12
  SDIIS (wt  1.000):  0.0000 -0.0001 -0.0001  0.0004  0.0018  0.0047  0.0083  0.1309  0.4095  0.4445
  DIIS coefficients:  0.0000 -0.0001 -0.0001  0.0004  0.0018  0.0047  0.0083  0.1309  0.4095  0.4445
 SCF Error: norm([F,P])=      0.000004962403, max([F,P])=      0.000001128606
 orbitals (Q,E):
 ---------------
 A :11...21          ( 2.00    -0.5089)  ( 2.00    -0.4224)  ( 2.00    -0.4091)  ( 2.00    -0.3746)
                     ( 2.00    -0.3561)  ( 2.00    -0.3385)  ( 2.00    -0.3331)  ( 2.00    -0.3042)
                     ( 2.00    -0.2783)  ( 2.00    -0.2715)  ( 0.00    -0.0334)

 CYCLE   13
  SDIIS (wt  1.000): -0.0000 -0.0000 -0.0000  0.0001  0.0003  0.0007  0.0310  0.1225  0.1543  0.6911
  DIIS coefficients: -0.0000 -0.0000 -0.0000  0.0001  0.0003  0.0007  0.0310  0.1225  0.1543  0.6911
 SCF Error: norm([F,P])=      0.000000471867, max([F,P])=      0.000000079399
 orbitals (Q,E):
 ---------------
 A :11...21          ( 2.00    -0.5089)  ( 2.00    -0.4224)  ( 2.00    -0.4091)  ( 2.00    -0.3746)
                     ( 2.00    -0.3561)  ( 2.00    -0.3385)  ( 2.00    -0.3331)  ( 2.00    -0.3042)
                     ( 2.00    -0.2783)  ( 2.00    -0.2715)  ( 0.00    -0.0334)

 SCF CONVERGED
 cosmo_calcen: 0.5 (esolb+esolc) (Hartrees) =   -0.028689

 Solvation energy (screening term,uncorrected) =    -18.002879 kcal/mol

 Solvation energy (dispersion and cavitation terms) =      0.706775 kcal/mol
 Solvation Energy Contributions (Hartrees)
          esola   esolb+esolc
     0.02868941   -0.05737882
 esol last cycle   -0.02868941

 CYCLE   14
 *** Using FIT density in Focky
  SDIIS (wt  1.000): -0.0000  0.0000  0.0000  0.0001  0.0001  0.0034  0.0163  0.0231  0.1846  0.7725
  DIIS coefficients: -0.0000  0.0000  0.0000  0.0001  0.0001  0.0034  0.0163  0.0231  0.1846  0.7725
 SCF Error: norm([F,P])=      0.000000069519, max([F,P])=      0.000000013051
 orbitals (Q,E):
 ---------------
 A :11...30          ( 2.00    -0.5089)  ( 2.00    -0.4224)  ( 2.00    -0.4091)  ( 2.00    -0.3746)
                     ( 2.00    -0.3561)  ( 2.00    -0.3385)  ( 2.00    -0.3331)  ( 2.00    -0.3042)
                     ( 2.00    -0.2783)  ( 2.00    -0.2715)  ( 0.00    -0.0334)  ( 0.00     0.0169)
                     ( 0.00     0.0190)  ( 0.00     0.0548)  ( 0.00     0.0800)  ( 0.00     0.0885)
                     ( 0.00     0.0922)  ( 0.00     0.1123)  ( 0.00     0.1171)  ( 0.00     0.1323)
 cosmo_calcen: 0.5 (esolb+esolc) (Hartrees) =   -0.028689

 Solvation energy (screening term,uncorrected) =    -18.002879 kcal/mol

 Solvation energy (dispersion and cavitation terms) =      0.706775 kcal/mol
 Solvation Energy Contributions (Hartrees)
          esola   esolb+esolc
     0.02868941   -0.05737882
 esol last cycle   -0.02868941


 Fit test: (difference of exact and fit density, squared integrated, result summed over spins)
         SCF:                                          0.00004140462464

 Gross Charges per Atom (Z minus electrons)
 ==========================================
             1.8685   -0.7004   -0.6920   -0.8403   -0.6968    0.3491    0.3556    0.3563
 Net Total: -0.00000000



 =================================================================
 M U L T I P O L E   D E R I V E D   C H A R G E   A N A L Y S I S
 =================================================================

 See: M. Swart, P.Th. van Duijnen, J.G. Snijders, J.Comput.Chem., (2001), p. 79-88.

 --------------------------------------- 
 Multipole derived atomic charges (a.u.)
 --------------------------------------- 

        Atom    Level:     MDC-m        MDC-d        MDC-q
 ---------------------------------------------------------
     1     P            2.032145     1.590222    -0.027298
     2     O           -0.517405    -0.689426    -0.292806
     3     O           -0.518190    -0.657329    -0.350849
     4     O           -0.913000    -0.838479    -0.370920
     5     O           -0.513355    -0.658038    -0.396201
     6     H            0.140595     0.400807     0.491651
     7     H            0.144460     0.409781     0.509794
     8     H            0.144750     0.442461     0.436629
 *** Using NEW gradient routines ***


 Geometry CYCLE 17
 ==============

 Energy gradients wrt nuclear displacements
 ==========================================

     Atom      Cartesian (a.u./angstrom)
                 X         Y         Z
 ----------------------------------------
     1 P    -0.000790  0.000359 -0.000387
     2 O     0.000174 -0.000473  0.000117
     3 O     0.000395  0.000185 -0.000204
     4 O     0.000145  0.000065  0.000021
     5 O     0.000339 -0.000322  0.000250
     6 H    -0.000153 -0.000064  0.000274
     7 H    -0.000091  0.000052 -0.000111
     8 H    -0.000018  0.000199  0.000040
 ----------------------------------------
 
---------------------------------------------------------
Geometry Convergence after Step  17       ** CONVERGED **
---------------------------------------------------------
current energy                               -1.70204602 Hartree
energy change                      -0.00001128     0.00100000    T
constrained gradient max            0.00078981     0.00100000    T
constrained gradient rms            0.00027962     0.00066667    T
gradient max                        0.00078981
gradient rms                        0.00027962
cart. step max                      0.00671710     0.01000000    T
cart. step rms                      0.00277898     0.00666667    T
 

 Number of elements of the density matrix on this node (used, total):       378      7381



 ===========================================
 Numerical Integration : Fuzzy Cells (Becke)
 ===========================================
  
 Becke grid quality: GOOD           
  
 Lebedev angular grid order:             min:  11 max:  35
 Nr. of radial points:                   min:  54 max:  65

 Total nr. of points:     102109
 Nr. of blocks:              798
 Block length:               128
 Nr. of dummy points:         35


 Test of Precision of the Numerical Integration Grid
 ===================================================

 Integral of the Total Core Density:                   9.99999934449145
 Relative Error:                                      -6.555E-08


 -------------------------------------------
  COSMO surface
  Area             =          377.970
  Volume           =          594.636
  Number of Points =          960
 -------------------------------------------



 ========================
 Density Fitting (zlmFit)
 ========================
  
 ZlmFit Fit Quality: GOOD           
  
 Max L-expansion:                        min:   7 max:   9
 Nr. of radial interpolation points:     min:  72 max: 114



 =====
 S C F  ***  ScaSCF  ***
 =====
  
 Initial density matrix is taken from previous geometry

 CYCLE    1
 SCF Error: norm([F,P])=      0.087222612903, max([F,P])=      0.021427351279
 orbitals (Q,E):
 ---------------
 A :11...30          ( 2.00    -0.5213)  ( 2.00    -0.4243)  ( 2.00    -0.4161)  ( 2.00    -0.3801)
                     ( 2.00    -0.3475)  ( 2.00    -0.3461)  ( 2.00    -0.3241)  ( 2.00    -0.3094)
                     ( 2.00    -0.2502)  ( 2.00    -0.2460)  ( 0.00    -0.0550)  ( 0.00    -0.0126)
                     ( 0.00    -0.0118)  ( 0.00     0.0638)  ( 0.00     0.0780)  ( 0.00     0.0865)
                     ( 0.00     0.0906)  ( 0.00     0.1158)  ( 0.00     0.1186)  ( 0.00     0.1305)

 CYCLE    2
  SDIIS (wt  0.000):  0.6958  0.3042
 A-DIIS (wt  1.000):  0.7175  0.2825
  DIIS coefficients:  0.7175  0.2825
 SCF Error: norm([F,P])=      0.182567968570, max([F,P])=      0.042505738191
 orbitals (Q,E):
 ---------------
 A :11...21          ( 2.00    -0.5170)  ( 2.00    -0.4230)  ( 2.00    -0.4138)  ( 2.00    -0.3785)
                     ( 2.00    -0.3517)  ( 2.00    -0.3440)  ( 2.00    -0.3332)  ( 2.00    -0.3090)
                     ( 2.00    -0.2689)  ( 2.00    -0.2634)  ( 0.00    -0.0482)

 CYCLE    3
  SDIIS (wt  0.000):  0.4870  0.1425  0.3704
 A-DIIS (wt  1.000):  0.4053  0.0000  0.5947
  DIIS coefficients:  0.4053  0.0000  0.5947
 SCF Error: norm([F,P])=      0.073853372866, max([F,P])=      0.016623423633
 orbitals (Q,E):
 ---------------
 A :11...21          ( 2.00    -0.5144)  ( 2.00    -0.4218)  ( 2.00    -0.4127)  ( 2.00    -0.3773)
                     ( 2.00    -0.3507)  ( 2.00    -0.3423)  ( 2.00    -0.3321)  ( 2.00    -0.3074)
                     ( 2.00    -0.2666)  ( 2.00    -0.2611)  ( 0.00    -0.0414)

 CYCLE    4
  SDIIS (wt  0.809): -0.4596  0.4067  1.0529
 A-DIIS (wt  0.191):  0.0000  0.2105  0.7895
  DIIS coefficients: -0.3719  0.3692  1.0026
 SCF Error: norm([F,P])=      0.080427347557, max([F,P])=      0.019891390741
 orbitals (Q,E):
 ---------------
 A :11...21          ( 2.00    -0.5063)  ( 2.00    -0.4220)  ( 2.00    -0.4069)  ( 2.00    -0.3722)
                     ( 2.00    -0.3565)  ( 2.00    -0.3362)  ( 2.00    -0.3316)  ( 2.00    -0.3020)
                     ( 2.00    -0.2803)  ( 2.00    -0.2732)  ( 0.00    -0.0330)

 CYCLE    5
  SDIIS (wt  0.909): -0.1981  0.0444  0.6590  0.4947
 A-DIIS (wt  0.091):  0.0000  0.0000  0.1343  0.8657
  DIIS coefficients: -0.1801  0.0403  0.6113  0.5285
 SCF Error: norm([F,P])=      0.045076853872, max([F,P])=      0.010006228784
 orbitals (Q,E):
 ---------------
 A :11...21          ( 2.00    -0.5093)  ( 2.00    -0.4224)  ( 2.00    -0.4095)  ( 2.00    -0.3751)
                     ( 2.00    -0.3560)  ( 2.00    -0.3391)  ( 2.00    -0.3334)  ( 2.00    -0.3048)
                     ( 2.00    -0.2778)  ( 2.00    -0.2712)  ( 0.00    -0.0335)

 CYCLE    6
  SDIIS (wt  0.989): -0.0199 -0.0310  0.1430  0.3169  0.5910
 A-DIIS (wt  0.011):  0.0000  0.0000  0.0000  0.0619  0.9381
  DIIS coefficients: -0.0197 -0.0306  0.1414  0.3141  0.5948
 SCF Error: norm([F,P])=      0.012339823580, max([F,P])=      0.002080627490
 orbitals (Q,E):
 ---------------
 A :11...21          ( 2.00    -0.5091)  ( 2.00    -0.4226)  ( 2.00    -0.4093)  ( 2.00    -0.3747)
                     ( 2.00    -0.3563)  ( 2.00    -0.3387)  ( 2.00    -0.3332)  ( 2.00    -0.3044)
                     ( 2.00    -0.2785)  ( 2.00    -0.2717)  ( 0.00    -0.0335)

 CYCLE    7
  SDIIS (wt  1.000):  0.0049 -0.0160  0.0178  0.1265  0.3213  0.5455
  DIIS coefficients:  0.0049 -0.0160  0.0178  0.1265  0.3213  0.5455
 SCF Error: norm([F,P])=      0.002875850778, max([F,P])=      0.000573375675
 orbitals (Q,E):
 ---------------
 A :11...21          ( 2.00    -0.5089)  ( 2.00    -0.4224)  ( 2.00    -0.4091)  ( 2.00    -0.3746)
                     ( 2.00    -0.3561)  ( 2.00    -0.3385)  ( 2.00    -0.3331)  ( 2.00    -0.3042)
                     ( 2.00    -0.2782)  ( 2.00    -0.2715)  ( 0.00    -0.0334)

 CYCLE    8
  SDIIS (wt  1.000):  0.0044 -0.0053 -0.0033  0.0475  0.1388  0.3414  0.4765
  DIIS coefficients:  0.0044 -0.0053 -0.0033  0.0475  0.1388  0.3414  0.4765
 SCF Error: norm([F,P])=      0.001196588224, max([F,P])=      0.000236653643
 orbitals (Q,E):
 ---------------
 A :11...21          ( 2.00    -0.5088)  ( 2.00    -0.4224)  ( 2.00    -0.4091)  ( 2.00    -0.3745)
                     ( 2.00    -0.3561)  ( 2.00    -0.3385)  ( 2.00    -0.3331)  ( 2.00    -0.3042)
                     ( 2.00    -0.2783)  ( 2.00    -0.2715)  ( 0.00    -0.0334)

 CYCLE    9
  SDIIS (wt  1.000):  0.0017 -0.0005 -0.0044  0.0114  0.0391  0.1301  0.2829  0.5396
  DIIS coefficients:  0.0017 -0.0005 -0.0044  0.0114  0.0391  0.1301  0.2829  0.5396
 SCF Error: norm([F,P])=      0.000347253119, max([F,P])=      0.000072087002
 orbitals (Q,E):
 ---------------
 A :11...21          ( 2.00    -0.5089)  ( 2.00    -0.4224)  ( 2.00    -0.4091)  ( 2.00    -0.3746)
                     ( 2.00    -0.3562)  ( 2.00    -0.3385)  ( 2.00    -0.3331)  ( 2.00    -0.3042)
                     ( 2.00    -0.2783)  ( 2.00    -0.2715)  ( 0.00    -0.0334)

 CYCLE   10
  SDIIS (wt  1.000):  0.0004 -0.0001 -0.0012  0.0024  0.0086  0.0309  0.0728  0.1612  0.7250
  DIIS coefficients:  0.0004 -0.0001 -0.0012  0.0024  0.0086  0.0309  0.0728  0.1612  0.7250
 SCF Error: norm([F,P])=      0.000022360653, max([F,P])=      0.000006262719
 orbitals (Q,E):
 ---------------
 A :11...21          ( 2.00    -0.5089)  ( 2.00    -0.4224)  ( 2.00    -0.4091)  ( 2.00    -0.3746)
                     ( 2.00    -0.3561)  ( 2.00    -0.3385)  ( 2.00    -0.3331)  ( 2.00    -0.3042)
                     ( 2.00    -0.2783)  ( 2.00    -0.2715)  ( 0.00    -0.0334)

 CYCLE   11
  SDIIS (wt  1.000):  0.0001 -0.0000 -0.0003  0.0005  0.0018  0.0069  0.0166  0.0401  0.2634  0.6710
  DIIS coefficients:  0.0001 -0.0000 -0.0003  0.0005  0.0018  0.0069  0.0166  0.0401  0.2634  0.6710
 SCF Error: norm([F,P])=      0.000006433765, max([F,P])=      0.000001221884
 orbitals (Q,E):
 ---------------
 A :11...21          ( 2.00    -0.5089)  ( 2.00    -0.4224)  ( 2.00    -0.4091)  ( 2.00    -0.3746)
                     ( 2.00    -0.3561)  ( 2.00    -0.3385)  ( 2.00    -0.3331)  ( 2.00    -0.3042)
                     ( 2.00    -0.2783)  ( 2.00    -0.2715)  ( 0.00    -0.0334)

 CYCLE   12
  SDIIS (wt  1.000):  0.0000  0.0000 -0.0000 -0.0000  0.0002  0.0009  0.0051  0.0926  0.4915  0.4099
  DIIS coefficients:  0.0000  0.0000 -0.0000 -0.0000  0.0002  0.0009  0.0051  0.0926  0.4915  0.4099
 SCF Error: norm([F,P])=      0.000005261529, max([F,P])=      0.000001074566
 orbitals (Q,E):
 ---------------
 A :11...21          ( 2.00    -0.5089)  ( 2.00    -0.4224)  ( 2.00    -0.4091)  ( 2.00    -0.3746)
                     ( 2.00    -0.3561)  ( 2.00    -0.3385)  ( 2.00    -0.3331)  ( 2.00    -0.3042)
                     ( 2.00    -0.2783)  ( 2.00    -0.2715)  ( 0.00    -0.0334)

 CYCLE   13
  SDIIS (wt  1.000): -0.0000 -0.0000  0.0000  0.0001  0.0002  0.0010  0.0180  0.0977  0.1061  0.7768
  DIIS coefficients: -0.0000 -0.0000  0.0000  0.0001  0.0002  0.0010  0.0180  0.0977  0.1061  0.7768
 SCF Error: norm([F,P])=      0.000000276592, max([F,P])=      0.000000056349
 orbitals (Q,E):
 ---------------
 A :11...21          ( 2.00    -0.5089)  ( 2.00    -0.4224)  ( 2.00    -0.4091)  ( 2.00    -0.3746)
                     ( 2.00    -0.3561)  ( 2.00    -0.3385)  ( 2.00    -0.3331)  ( 2.00    -0.3042)
                     ( 2.00    -0.2783)  ( 2.00    -0.2715)  ( 0.00    -0.0334)

 SCF CONVERGED
 cosmo_calcen: 0.5 (esolb+esolc) (Hartrees) =   -0.028689

 Solvation energy (screening term,uncorrected) =    -18.002879 kcal/mol

 Solvation energy (dispersion and cavitation terms) =      0.706775 kcal/mol
 Solvation Energy Contributions (Hartrees)
          esola   esolb+esolc
     0.02868941   -0.05737882
 esol last cycle   -0.02868941

 CYCLE   14
1
 ***************************************************************************************************



                                                *******************
                                                *  R E S U L T S  *
                                                *******************
  
 *** Using FIT density in Focky
  SDIIS (wt  1.000):  0.0000  0.0000  0.0000  0.0001  0.0002  0.0031  0.0165  0.0200  0.1873  0.7728
  DIIS coefficients:  0.0000  0.0000  0.0000  0.0001  0.0002  0.0031  0.0165  0.0200  0.1873  0.7728
 SCF Error: norm([F,P])=      0.000000039392, max([F,P])=      0.000000010313

 Scaled ZORA Orbital Energies, per Irrep and Spin:
 =================================================
                        Occup              E (au)              E (eV)       Diff (eV) with prev. cycle
                        -----      --------------------        ------       --------------------------
 A
              11        2.000     -0.50885857432930E+00       -13.847               3.42E-08
              12        2.000     -0.42243214296850E+00       -11.495              -9.48E-09
              13        2.000     -0.40909332754250E+00       -11.132               2.31E-08
              14        2.000     -0.37455601680209E+00       -10.192               4.15E-08
              15        2.000     -0.35614935888185E+00        -9.691              -2.07E-08
              16        2.000     -0.33854447014798E+00        -9.212               3.48E-08
              17        2.000     -0.33308309364030E+00        -9.064              -1.96E-08
              18        2.000     -0.30423904548739E+00        -8.279               2.31E-08
              19        2.000     -0.27829973047145E+00        -7.573              -5.02E-08
              20        2.000     -0.27154507156874E+00        -7.389              -4.35E-08
              21        0.000     -0.33359797808131E-01        -0.908
              22        0.000      0.16872849321299E-01         0.459
              23        0.000      0.19011322881437E-01         0.517
              24        0.000      0.54751278084882E-01         1.490
              25        0.000      0.79983196112617E-01         2.176
              26        0.000      0.88495064488666E-01         2.408
              27        0.000      0.92217631164567E-01         2.509
              28        0.000      0.11232878972688E+00         3.057
              29        0.000      0.11710858952886E+00         3.187
              30        0.000      0.13230270590016E+00         3.600
  
 HOMO :       20 A                -0.27154507156874E+00
 LUMO :       21 A                -0.33359797808131E-01
  
 cosmo_calcen: 0.5 (esolb+esolc) (Hartrees) =   -0.028689

 Solvation energy (screening term,uncorrected) =    -18.002879 kcal/mol

 Solvation energy (dispersion and cavitation terms) =      0.706775 kcal/mol
 Solvation Energy Contributions (Hartrees)
          esola   esolb+esolc
     0.02868941   -0.05737882
 esol last cycle   -0.02868941


 Scaled ZORA Orbital Energies of the Core Orbitals:
 ==================================================

 (Note that the atoms are grouped by atomtype, see the labels, and may hence NOT be in input order)

 AtomType  Orbital  Atom                   E (au)                        E (eV)
 --------  -------  ----           --------------------        ----------------
 P           1S        1          -0.76664690864480E+02               -2086.152
 O           1S        2          -0.18826448550621E+02                -512.294
                       3          -0.18826325249674E+02                -512.290
                       4          -0.18759898777042E+02                -510.483
                       5          -0.18827199041251E+02                -512.314


 Fit test: (difference of exact and fit density, squared integrated, result summed over spins)
         Sum-of-Fragments:                             0.00000000004801
         Orthogonalized Fragments:                     0.00006163391561
         SCF:                                          0.00004140462466



 ==========================
 Electron Density at Nuclei
 ==========================
  
 The electron density is calculated at points on a small sphere around the center of a nucleus.
 The printed electron density is the average electron density on these points.
 The radius of the sphere is the printed approximate finite nuclear radius.
 Note: ZORA-4 density is used, which includes small component density

         Atom        Nuclear Radius (Angstrom)             Electron Density (a.u.)
         ----        -------------------------             -----------------------
     1)   P                 0.0000412627                             2350.97267
     2)   O                 0.0000345546                              315.32160
     3)   O                 0.0000345546                              315.35436
     4)   O                 0.0000345546                              315.68944
     5)   O                 0.0000345546                              315.32752
     6)   H                 0.0000181514                                0.45411
     7)   H                 0.0000181514                                0.45393
     8)   H                 0.0000181514                                0.45509



 ===========================================
 L O C A L   Q T A I M   P R O P E R T I E S
 ===========================================
  
 Module written by Juan I. Rodriguez-Hernandez,
 ESFM-Instituto Politecnico Nacional-Mexico.
 Any questions/comments to: juan@esfm.ipn.mx and/or SCM technical support.
 This subroutine was vectorized, its efficientcy is reported in
 Juan I. Rodriguez et. al., J. Comput. Chem. 34, 681 (2013).
 Additional CP properties added by L. Joubert and V. Tognetti,
 University of Rouen, France.
  
  
  THIS IS THE GEOMETRY IN THE CP SEARCH (ANGSTROM):
  
 Atom              X            Y           Z
  1 15        -0.780270    0.526477    0.230990
  2  8        -1.208043   -0.864836   -0.446237
  3  8        -0.476557    1.577952   -0.956050
  4  8        -1.787169    0.959553    1.235024
  5  8         0.703513    0.190499    0.751159
  6  1        -1.291515    2.068217   -1.197942
  7  1         1.110722    0.958565    1.206122
  8  1        -0.630002   -1.110500   -1.199817
  
 TOTAL NUMBER OF CRITICAL POINTS:           15
 NUMBER OF (3,-1) CRITICAL POINTS:           7
 NUMBER OF (3,+1) CRITICAL POINTS:           0
 NUMBER OF (3,+3) CRITICAL POINTS:           0
 NUMBER OF (3,-3) CRITICAL POINTS:           8
    Poincare-Hopf satisfied
  
 --------------------------------------------------------
CP #    1
(RANK,SIGNATURE):     (3,-3)    

CP COORDINATES:     -0.780270    0.526477    0.230990

VALUES OF SOME FUNCTIONS AT CPs (a.u.):

                Rho =    0.2439686E+04
 --------------------------------------------------------
CP #    2
(RANK,SIGNATURE):     (3,-3)    

CP COORDINATES:     -1.208043   -0.864836   -0.446237

VALUES OF SOME FUNCTIONS AT CPs (a.u.):

                Rho =    0.3186596E+03
 --------------------------------------------------------
CP #    3
(RANK,SIGNATURE):     (3,-3)    

CP COORDINATES:     -0.476557    1.577952   -0.956050

VALUES OF SOME FUNCTIONS AT CPs (a.u.):

                Rho =    0.3186924E+03
 --------------------------------------------------------
CP #    4
(RANK,SIGNATURE):     (3,-3)    

CP COORDINATES:     -1.787169    0.959553    1.235024

VALUES OF SOME FUNCTIONS AT CPs (a.u.):

                Rho =    0.3190278E+03
 --------------------------------------------------------
CP #    5
(RANK,SIGNATURE):     (3,-3)    

CP COORDINATES:      0.703513    0.190499    0.751159

VALUES OF SOME FUNCTIONS AT CPs (a.u.):

                Rho =    0.3186655E+03
 --------------------------------------------------------
CP #    6
(RANK,SIGNATURE):     (3,-3)    

CP COORDINATES:     -1.291515    2.068217   -1.197942

VALUES OF SOME FUNCTIONS AT CPs (a.u.):

                Rho =    0.4541637E+00
 --------------------------------------------------------
CP #    7
(RANK,SIGNATURE):     (3,-3)    

CP COORDINATES:      1.110722    0.958565    1.206122

VALUES OF SOME FUNCTIONS AT CPs (a.u.):

                Rho =    0.4539855E+00
 --------------------------------------------------------
CP #    8
(RANK,SIGNATURE):     (3,-3)    

CP COORDINATES:     -0.630002   -1.110500   -1.199817

VALUES OF SOME FUNCTIONS AT CPs (a.u.):

                Rho =    0.4551500E+00
 --------------------------------------------------------
CP #    9
(RANK,SIGNATURE):     (3,-1)    

CP COORDINATES:     -0.932259   -0.030270   -0.059314

EIGENVALUES OF HESSIAN MATRIX:

     -0.3363057E+00  -0.3091609E+00   0.1155561E+01

EIGENVECTORS (ORTHONORMAL) OF HESSIAN MATRIX (COLUMNS):

      0.8102950E+00   0.5305822E+00   0.2488063E+00
      0.6095641E-01  -0.4985759E+00   0.8647002E+00
     -0.5828433E+00   0.6854959E+00   0.4363359E+00


HESSIAN MATRIX:

     -0.2363106E+00   0.3137837E+00   0.1718346E+00
                      0.7859203E+00   0.5536037E+00
                                     -0.3951512E-01

VALUES OF SOME FUNCTIONS AT CPs (a.u.):

                Rho =    0.1842516E+00
        |GRAD(Rho)| =    0.1367733E-15
         GRAD(Rho)x =    0.8294752E-18
         GRAD(Rho)y =   -0.1365148E-15
         GRAD(Rho)z =   -0.8363317E-17
          Laplacian =    0.5100946E+00
 (-1/4)Del**2(Rho)) =   -0.1275236E+00
            Diamond =    0.1544004E+01
        Metallicity =    0.8059622E+01
        Ellipticity =    0.8780150E-01

INHOMOGENEITY PARAMETERS AT CPs (a.u.)

            Delta_u =    0.6693168E+00
            Delta_s =    0.1031762E+01
            Delta_t =    0.1213193E+01
            Inhom_s =    0.9692156E+00
           Inhom_ex =    0.1142427E+01
 
ENERGY COMPONENTS AT CPs (a.u.)

        Gb(Abramov) =    0.2563145E+00
        Vb(Abramov) =   -0.3851054E+00
        Hb(Abramov) =   -0.1287909E+00
             Ex_ueg =   -0.7743433E-01
             Ec_ueg =   -0.1067110E-01
           Delta_ex =   -0.5933028E-01
           Delta_ec =    0.1526042E-01
           Delta_et =   -0.2174291E+00
                Pxc =    0.7256451E+01
                Qxc =   -0.3887854E+01


 --------------------------------------------------------
CP #   10
(RANK,SIGNATURE):     (3,-1)    

CP COORDINATES:     -1.193635    0.702647    0.642379

EIGENVALUES OF HESSIAN MATRIX:

     -0.3968101E+00  -0.3895405E+00   0.1905541E+01

EIGENVECTORS (ORTHONORMAL) OF HESSIAN MATRIX (COLUMNS):

      0.3582371E+00  -0.6419020E+00  -0.6779587E+00
      0.9327375E+00   0.2143090E+00   0.2899525E+00
     -0.4082841E-01  -0.7362292E+00   0.6754995E+00


HESSIAN MATRIX:

      0.6644101E+00  -0.4535865E+00  -0.1050951E+01
                     -0.2029120E+00   0.4497978E+00
                                      0.6576921E+00

VALUES OF SOME FUNCTIONS AT CPs (a.u.):

                Rho =    0.2349755E+00
        |GRAD(Rho)| =    0.1995511E-15
         GRAD(Rho)x =   -0.1017085E-16
         GRAD(Rho)y =    0.1225784E-16
         GRAD(Rho)z =   -0.1989144E-15
          Laplacian =    0.1119190E+01
 (-1/4)Del**2(Rho)) =   -0.2797976E+00
            Diamond =    0.3940286E+01
        Metallicity =    0.5509095E+01
        Ellipticity =    0.1866194E-01

INHOMOGENEITY PARAMETERS AT CPs (a.u.)

            Delta_u =    0.1046469E+01
            Delta_s =    0.1166432E+01
            Delta_t =    0.1428274E+01
            Inhom_s =    0.8573155E+00
           Inhom_ex =    0.8909042E+00
 
ENERGY COMPONENTS AT CPs (a.u.)

        Gb(Abramov) =    0.4434369E+00
        Vb(Abramov) =   -0.6070763E+00
        Hb(Abramov) =   -0.1636394E+00
             Ex_ueg =   -0.1070899E+00
             Ec_ueg =   -0.1409248E-01
           Delta_ex =   -0.1349232E+00
           Delta_ec =    0.2567585E-01
           Delta_et =   -0.3588046E+00
                Pxc =    0.7599083E+01
                Qxc =   -0.5254866E+01


 --------------------------------------------------------
CP #   11
(RANK,SIGNATURE):     (3,-1)    

CP COORDINATES:     -0.181196    0.411877    0.446010

EIGENVALUES OF HESSIAN MATRIX:

     -0.3317384E+00  -0.3101207E+00   0.1143559E+01

EIGENVECTORS (ORTHONORMAL) OF HESSIAN MATRIX (COLUMNS):

      0.1002043E+00  -0.3668108E+00  -0.9248832E+00
      0.9577718E+00  -0.2162268E+00   0.1895236E+00
      0.2695038E+00   0.9048181E+00  -0.3296542E+00


HESSIAN MATRIX:

      0.9331528E+00  -0.2568861E+00   0.4426309E+00
                     -0.2777362E+00  -0.9640192E-01
                                     -0.1537168E+00

VALUES OF SOME FUNCTIONS AT CPs (a.u.):

                Rho =    0.1835947E+00
        |GRAD(Rho)| =    0.9522168E-12
         GRAD(Rho)x =   -0.8800352E-12
         GRAD(Rho)y =    0.1598172E-12
         GRAD(Rho)z =   -0.3266701E-12
          Laplacian =    0.5016998E+00
 (-1/4)Del**2(Rho)) =   -0.1254249E+00
            Diamond =    0.1513952E+01
        Metallicity =    0.8145844E+01
        Ellipticity =    0.6970749E-01

INHOMOGENEITY PARAMETERS AT CPs (a.u.)

            Delta_u =    0.6630138E+00
            Delta_s =    0.1026925E+01
            Delta_t =    0.1206787E+01
            Inhom_s =    0.9737808E+00
           Inhom_ex =    0.1149562E+01
 
ENERGY COMPONENTS AT CPs (a.u.)

        Gb(Abramov) =    0.2538986E+00
        Vb(Abramov) =   -0.3823723E+00
        Hb(Abramov) =   -0.1284737E+00
             Ex_ueg =   -0.7706642E-01
             Ec_ueg =   -0.1062773E-01
           Delta_ex =   -0.5831769E-01
           Delta_ec =    0.1504736E-01
           Delta_et =   -0.2143344E+00
                Pxc =    0.7251444E+01
                Qxc =   -0.3875608E+01


 --------------------------------------------------------
CP #   12
(RANK,SIGNATURE):     (3,-1)    

CP COORDINATES:     -0.677412    0.951908   -0.248232

EIGENVALUES OF HESSIAN MATRIX:

     -0.3251209E+00  -0.2952325E+00   0.1103978E+01

EIGENVECTORS (ORTHONORMAL) OF HESSIAN MATRIX (COLUMNS):

      0.9461849E+00   0.2753536E+00  -0.1700427E+00
     -0.3172768E+00   0.6856815E+00  -0.6551155E+00
     -0.6379331E-01   0.6738110E+00   0.7361448E+00


HESSIAN MATRIX:

     -0.2815331E+00   0.1648412E+00  -0.1733435E+00
                      0.3022666E+00  -0.6753878E+00
                                      0.4628906E+00

VALUES OF SOME FUNCTIONS AT CPs (a.u.):

                Rho =    0.1811371E+00
        |GRAD(Rho)| =    0.1136311E-13
         GRAD(Rho)x =   -0.5877191E-15
         GRAD(Rho)y =   -0.1038093E-13
         GRAD(Rho)z =    0.4583799E-14
          Laplacian =    0.4836241E+00
 (-1/4)Del**2(Rho)) =   -0.1209060E+00
            Diamond =    0.1411632E+01
        Metallicity =    0.8262616E+01
        Ellipticity =    0.1012371E+00

INHOMOGENEITY PARAMETERS AT CPs (a.u.)

            Delta_u =    0.6402808E+00
            Delta_s =    0.1009695E+01
            Delta_t =    0.1183877E+01
            Inhom_s =    0.9903981E+00
           Inhom_ex =    0.1164223E+01
 
ENERGY COMPONENTS AT CPs (a.u.)

        Gb(Abramov) =    0.2471040E+00
        Vb(Abramov) =   -0.3733021E+00
        Hb(Abramov) =   -0.1261980E+00
             Ex_ueg =   -0.7569403E-01
             Ec_ueg =   -0.1046572E-01
           Delta_ex =   -0.5584562E-01
           Delta_ec =    0.1421525E-01
           Delta_et =   -0.2012309E+00
                Pxc =    0.7232568E+01
                Qxc =   -0.3928572E+01


 --------------------------------------------------------
CP #   13
(RANK,SIGNATURE):     (3,-1)    

CP COORDINATES:     -1.113512    1.956702   -1.140975

EIGENVALUES OF HESSIAN MATRIX:

     -0.1549703E+01  -0.1532557E+01   0.1298962E+01

EIGENVECTORS (ORTHONORMAL) OF HESSIAN MATRIX (COLUMNS):

      0.5111272E+00  -0.2472336E+00   0.8231795E+00
      0.4655153E+00  -0.7254735E+00  -0.5069356E+00
     -0.7225264E+00  -0.6423113E+00   0.2557182E+00


HESSIAN MATRIX:

      0.3816700E+00  -0.1185670E+01   0.6023725E+00
                     -0.8086182E+00  -0.3612900E+00
                                     -0.1356350E+01

VALUES OF SOME FUNCTIONS AT CPs (a.u.):

                Rho =    0.3314342E+00
        |GRAD(Rho)| =    0.3674952E-15
         GRAD(Rho)x =    0.1357226E-15
         GRAD(Rho)y =   -0.1373244E-15
         GRAD(Rho)z =   -0.3126886E-15
          Laplacian =   -0.1783298E+01
 (-1/4)Del**2(Rho)) =    0.4458245E+00
            Diamond =    0.6437611E+01
        Metallicity =   -0.6133638E+01
        Ellipticity =    0.1118829E-01

INHOMOGENEITY PARAMETERS AT CPs (a.u.)

            Delta_u =    0.1463114E+01
            Delta_s =    0.1030967E+01
            Delta_t =    0.1336881E+01
            Inhom_s =    0.9699630E+00
           Inhom_ex =    0.9693949E+00
 
ENERGY COMPONENTS AT CPs (a.u.)

        Gb(Abramov) =    0.1585380E+00
        Vb(Abramov) =   -0.7629006E+00
        Hb(Abramov) =   -0.6043625E+00
             Ex_ueg =   -0.1694006E+00
             Ec_ueg =   -0.2098952E-01
           Delta_ex =    0.1802658E+00
           Delta_ec =    0.6183157E-01
           Delta_et =   -0.1490481E+01
                Pxc =    0.8070721E+01
                Qxc =    0.2915433E+01


 --------------------------------------------------------
CP #   14
(RANK,SIGNATURE):     (3,-1)    

CP COORDINATES:     -0.755311   -1.051442   -1.031532

EIGENVALUES OF HESSIAN MATRIX:

     -0.1545836E+01  -0.1531095E+01   0.1302610E+01

EIGENVECTORS (ORTHONORMAL) OF HESSIAN MATRIX (COLUMNS):

     -0.5241546E+00  -0.6226703E+00  -0.5809851E+00
     -0.8448407E+00   0.4661152E+00   0.2626419E+00
     -0.1072666E+00  -0.6285048E+00   0.7703737E+00


HESSIAN MATRIX:

     -0.5786461E+00  -0.4389255E+00  -0.1269126E+01
                     -0.1346145E+01   0.5720145E+00
                                      0.1504698E+00

VALUES OF SOME FUNCTIONS AT CPs (a.u.):

                Rho =    0.3315063E+00
        |GRAD(Rho)| =    0.2123928E-15
         GRAD(Rho)x =    0.7245054E-16
         GRAD(Rho)y =   -0.1204093E-15
         GRAD(Rho)z =   -0.1592583E-15
          Laplacian =   -0.1774322E+01
 (-1/4)Del**2(Rho)) =    0.4435804E+00
            Diamond =    0.6430654E+01
        Metallicity =   -0.6166904E+01
        Ellipticity =    0.9627467E-02

INHOMOGENEITY PARAMETERS AT CPs (a.u.)

            Delta_u =    0.1462412E+01
            Delta_s =    0.1030173E+01
            Delta_t =    0.1335900E+01
            Inhom_s =    0.9707106E+00
           Inhom_ex =    0.9721665E+00
 
ENERGY COMPONENTS AT CPs (a.u.)

        Gb(Abramov) =    0.1601994E+00
        Vb(Abramov) =   -0.7639792E+00
        Hb(Abramov) =   -0.6037798E+00
             Ex_ueg =   -0.1694497E+00
             Ec_ueg =   -0.2099487E-01
           Delta_ex =    0.1792914E+00
           Delta_ec =    0.6166728E-01
           Delta_et =   -0.1486101E+01
                Pxc =    0.8071005E+01
                Qxc =    0.2907400E+01


 --------------------------------------------------------
CP #   15
(RANK,SIGNATURE):     (3,-1)    

CP COORDINATES:      1.016167    0.791239    1.104078

EIGENVALUES OF HESSIAN MATRIX:

     -0.1547308E+01  -0.1531677E+01   0.1300002E+01

EIGENVECTORS (ORTHONORMAL) OF HESSIAN MATRIX (COLUMNS):

     -0.8268630E+00  -0.3666577E+00   0.4264503E+00
      0.5430743E+00  -0.3234588E+00   0.7748837E+00
     -0.1461780E+00   0.8723168E+00   0.4665784E+00


HESSIAN MATRIX:

     -0.1027396E+01   0.9427456E+00   0.5615368E+00
                      0.1639795E+00   0.1025017E+01
                                     -0.9155678E+00

VALUES OF SOME FUNCTIONS AT CPs (a.u.):

                Rho =    0.3310656E+00
        |GRAD(Rho)| =    0.1293401E-15
         GRAD(Rho)x =   -0.3017428E-16
         GRAD(Rho)y =   -0.1181086E-15
         GRAD(Rho)z =   -0.4322875E-16
          Laplacian =   -0.1778984E+01
 (-1/4)Del**2(Rho)) =    0.4447460E+00
            Diamond =    0.6430203E+01
        Metallicity =   -0.6137120E+01
        Ellipticity =    0.1020519E-01

INHOMOGENEITY PARAMETERS AT CPs (a.u.)

            Delta_u =    0.1462309E+01
            Delta_s =    0.1031930E+01
            Delta_t =    0.1337881E+01
            Inhom_s =    0.9690583E+00
           Inhom_ex =    0.9702174E+00
 
ENERGY COMPONENTS AT CPs (a.u.)

        Gb(Abramov) =    0.1584126E+00
        Vb(Abramov) =   -0.7615712E+00
        Hb(Abramov) =   -0.6031586E+00
             Ex_ueg =   -0.1691494E+00
             Ec_ueg =   -0.2096218E-01
           Delta_ex =    0.1796935E+00
           Delta_ec =    0.6178528E-01
           Delta_et =   -0.1488298E+01
                Pxc =    0.8069266E+01
                Qxc =    0.2908354E+01


 ----------------------------------------------------------------
 BOND PATHS (BP) AND PROPERTIES ALONG THEM ARE WRITTEN TO TAPE21
 ----------------------------------------------------------------
 #BP   #CP     Atom   Atom    Distance     BP Lenth    BP Steps
 -----------------------------------------------------------
   1     9       1      2     1.605422     1.606679      21
   2    12       1      3     1.614592     1.615248      21
   3    10       1      4     1.486433     1.486450      20
   4    11       1      5     1.607815     1.608608      21
   5    14       2      8     0.981002     0.981376      17
   6    13       3      6     0.981340     0.981687      17
   7    15       5      7     0.981191     0.981551      17
 -----------------------------------------------------------




 =======================================
 M U L L I K E N   P O P U L A T I O N S
 =======================================
  
 The survey below gives for each atom:
 a) the total charge (Z minus electrons)
 b) the net spin polarization (nr of electrons spin-A minus spin-B)
 c) for each spin the atomic electron valence density (integrated) per L-value.

 Atom              Charge    Spin density          S         P         D         F
 ----              ------    ------------       ------    ------    ------    ------
 1 P               1.8685                       2.6682    7.6519    0.8114    0.0000
 2 O              -0.7004                       1.8645    4.7940    0.0419    0.0000
 3 O              -0.6920                       1.8623    4.7876    0.0421    0.0000
 4 O              -0.8403                       1.9074    4.8915    0.0414    0.0000
 5 O              -0.6968                       1.8633    4.7919    0.0417    0.0000
 6 H               0.3491                       0.5633    0.0877    0.0000    0.0000
 7 H               0.3556                       0.5574    0.0869    0.0000    0.0000
 8 H               0.3563                       0.5566    0.0871    0.0000    0.0000

 Populations of individual BAS functions
 ----------------------------------------
 1 P           -0.0471  1.4950  0.5086  0.7994  0.7984  0.7996  1.2017  1.2028  1.2015 -0.3333
                0.5918  0.4531  0.0026 -0.0047 -0.0195 -0.0279  0.0173  0.0001  0.5647  0.5465
                0.5695  0.1342  0.1354  0.1518  0.1028  0.1749  0.1123
 2 O            0.0005  0.9475  0.9323 -0.0157  0.4696  0.3628  0.3613  0.9339  0.9165  0.9270
                0.2887  0.2676  0.2666 -0.0076  0.0079  0.0129  0.0142  0.0062  0.0082
 3 O            0.0005  0.9427  0.9350 -0.0158  0.4039  0.3814  0.4079  0.9096  0.9301  0.9331
                0.2707  0.2720  0.2790  0.0074  0.0101  0.0069  0.0068  0.0067  0.0042
 4 O            0.0005  0.9723  0.9506 -0.0160  0.4791  0.5587  0.4804  0.8377  0.8608  0.8391
                0.2740  0.2871  0.2746  0.0114  0.0073  0.0101 -0.0055  0.0064  0.0119
 5 O            0.0005  0.9454  0.9332 -0.0158  0.3076  0.4197  0.4629  0.9051  0.9141  0.9600
                0.2546  0.2745  0.2932  0.0221  0.0101  0.0059  0.0036  0.0086 -0.0086
 6 H            0.0580  0.0836  0.4217  0.0256  0.0305  0.0316
 7 H            0.0515  0.0827  0.4232  0.0284  0.0259  0.0326
 8 H            0.0580  0.0731  0.4255  0.0301  0.0310  0.0260

 Gross Charges per Atom (Z minus electrons)
 ==========================================
             1.8685   -0.7004   -0.6920   -0.8403   -0.6968    0.3491    0.3556    0.3563
 Net Total:  0.00000000


 Atom-Atom Population Matrix (off-diagonal elements not doubled)
 ===============================================================

     1 :     9.7173
     2 :     0.2983    6.1637
     3 :     0.3102   -0.0374    6.1590
     4 :     0.5833   -0.0414   -0.0466    6.3875
     5 :     0.3098   -0.0388   -0.0440   -0.0411    6.1576
     6 :    -0.0300    0.0058    0.3479   -0.0035    0.0053    0.3214
     7 :    -0.0293    0.0058    0.0013   -0.0022    0.3502    0.0020    0.3151
     8 :    -0.0282    0.3445    0.0016    0.0042   -0.0021    0.0020    0.0014    0.3202



 =================================================
 H I R S H F E L D   C H A R G E   A N A L Y S I S
 =================================================
  
 For each fragment: the (numerical) integral of rho(scf) * rho(fragment)/rho(sum-of-fragments)
 (nuclear charges are included, electrons are counted negative)

 The fragments and their ordering are defined in the early G E O M E T R Y output section.
 If you use single-atom fragments, this usually implies that all atoms of the same
 chemical type are grouped together. This may not be the order in which you listed them
 in the input file!

    1  P                         0.4825
    2  O                        -0.2245
    3  O                        -0.2219
    4  O                        -0.4327
    5  O                        -0.2211
    6  H                         0.2052
    7  H                         0.2078
    8  H                         0.2047

 Sum of these charges (accuracy NumInt/Tails) =           0.00001302



 =============================
 V O R O N O I   C H A R G E S
 =============================
  
 For each atom: the (numerical) integral of the total electronic charge density in its Voronoi cell,
 i.e. the region of space that is closer to that atom than to any other atom.
 (cf. Wigner-Seitz cells in crystals)

 Within the Voronoi cell the subintegrals over the atomic sphere and the remaining part are evaluated
 separately to give the numbers of electrons (negative charge) in these regions.
 The net total charge in the cell (including the nuclear charge) is also given.

 Values are provided for
    a) the Initial (sum-of-fragments) density
    b) the Orthogonalized-Fragments density
    c) the SCF density
    d) the Voronoi Deformation Density (VDD): the difference SCF-Initial for the complete atomic cell


  Atom                Initial                    OrthFrag                   SCF
             Sphere RestCell NetTotal   Sphere RestCell NetTotal   Sphere RestCell NetTotal      VDD
 -----       ------------------------   ------------------------   ------------------------    -----
    1 P      -9.385   -3.860    1.755   -9.423   -4.088    1.489   -9.361   -3.423    2.215    0.460
    2 O      -2.815   -5.039    0.146   -2.982   -4.930    0.088   -2.837   -5.260   -0.097   -0.243
    3 O      -2.815   -5.005    0.180   -2.979   -4.895    0.125   -2.837   -5.235   -0.071   -0.251
    4 O      -2.812   -5.659   -0.471   -2.933   -5.488   -0.421   -2.830   -6.130   -0.961   -0.490
    5 O      -2.815   -5.024    0.161   -2.982   -4.912    0.106   -2.837   -5.250   -0.087   -0.248
    6 H      -0.098   -1.503   -0.601   -0.103   -1.369   -0.472   -0.118   -1.225   -0.343    0.258
    7 H      -0.098   -1.494   -0.592   -0.102   -1.363   -0.465   -0.118   -1.212   -0.330    0.262
    8 H      -0.098   -1.481   -0.579   -0.102   -1.348   -0.451   -0.118   -1.208   -0.326    0.253
 ---------------------------------------------------------------------------------------------------
 Total NetCharge:               0.000                      0.000                      0.000    0.000
 (accuracy NumInt/Tails)

 Remark: the 'NetTotal' Voronoi charges often do not match the Mulliken and/or Hirshfeld charges very
 well. This is caused by the fact that chemically different atoms are not treated in accordance with
 their relative sizes. (Voronoi cells are defined by boundary planes halfway between the atoms.)
 However, the CHANGES in charge, comparing 'Initial' to 'SCF' for instance, do give a fair indication
 of the flow of charge caused by the relaxation from sum-of-fragments to self-consistency.

 Warning: the absolute accuracy of the VDD charges obtained using the Fuzzy Cells (Becke) integration
 scheme is much poorer than the one obtained with an 'equivalent' Voronoi integration grid. 



 =================================================================
 M U L T I P O L E   D E R I V E D   C H A R G E   A N A L Y S I S
 =================================================================

 This charge analysis uses the atomic multipoles (obtained from the fitted density) up to some level X,
 and reconstructs these multipoles exactly (up to level X) by distributing charges over all atoms.
 This is achieved by using Lagrange multipliers and a weight function to keep the multipoles local.

 Dummy atoms can be included (by setting INCDUM in MDC-block to 1) to obtain a fractional charge.
 This is generally useful and necessary only for small symmetrical molecules, when there are not
 enough degrees of freedom to reconstruct the multipoles.

 Since the atomic multipoles are reconstructed up to level X,
 the molecular multipoles are represented also up to level X.
 The recommended level is to reconstruct up to quadrupole : -> MDC-q charges.

 See: M. Swart, P.Th. van Duijnen, J.G. Snijders, J.Comput.Chem., (2001), p. 79-88.

 ------------------------------------------------------------- 
 Atomic electronic multipole moments from SCF equations (a.u.)
 ------------------------------------------------------------- 

   atom        charge        dip-x     dip-y     dip-z      quad-xx   quad-xy   quad-xz   quad-yy   quad-yz   quad-zz
 --------------------------------------------------------------------------------------------------------------------
    1 P      2.032145     0.080142 -0.065504 -0.076787     0.077220 -0.009562 -0.073960 -0.008730  0.004947 -0.068490
    2 O     -0.517405     0.238733 -0.157981 -0.323474    -0.162101  0.033720 -0.287696  0.004376  0.363160  0.157725
    3 O     -0.518190    -0.293614  0.222341 -0.155945     0.189655 -0.284804  0.125765  0.012296 -0.369124 -0.201951
    4 O     -0.913000    -0.028092 -0.000558  0.005487     0.115155 -0.146748 -0.338328 -0.263486  0.152448  0.148331
    5 O     -0.513355     0.229395  0.290368  0.165482     0.184912  0.163730  0.364126  0.120113  0.263532 -0.305025
    6 H      0.140595    -0.077881  0.086254 -0.065281     0.091105 -0.079512  0.040327 -0.016144 -0.039211 -0.074961
    7 H      0.144460     0.091623  0.073998  0.063183    -0.031878  0.058724  0.051329  0.071076  0.067502 -0.039198
    8 H      0.144750     0.052675 -0.066451 -0.099928    -0.005276 -0.017196 -0.080258 -0.060584  0.049467  0.065859

 --------------------------------------- 
 Multipole derived atomic charges (a.u.)
 --------------------------------------- 

 The MDC-m charges are just the Monopole terms in the multipole expansion, while for the MDC-d charges
 also the Dipoles are reconstructed. The usually preferred charges are the MDC-q charges.
 These reconstruct the Monopoles, Dipoles and Quadrupoles (both atomic AND molecular).

        Atom    Level:     MDC-m        MDC-d        MDC-q
 ---------------------------------------------------------
     1     P            2.032145     1.590222    -0.027298
     2     O           -0.517405    -0.689426    -0.292806
     3     O           -0.518190    -0.657329    -0.350849
     4     O           -0.913000    -0.838479    -0.370920
     5     O           -0.513355    -0.658038    -0.396201
     6     H            0.140595     0.400807     0.491651
     7     H            0.144460     0.409781     0.509794
     8     H            0.144750     0.442461     0.436629

 ------------------------------------------------ 
 Average absolute deviations in atomic multipoles
 ------------------------------------------------ 

 Stated here are the average differences between the atomic multipoles
 and the reconstructed atomic multipoles (from the distributed charges).
 If these values are not zero, this means there are not enough degrees of freedom,
 to be able to reconstruct the atomic multipoles. (This usually happens only
 for small and/or highly symmetric molecules). If this is the case, one could add
 dummy atoms as extra point charges (and setting INCDUM in MDC-block to 1).

 Level:                                 MDC-d        MDC-q
 ---------------------------------------------------------
 Charge   (a.u.)                       0.0000       0.0000
 Dipole   (Debye)                      0.0000       0.0437
 Quad.    (a.u.)                       0.1635       0.0031

 --------------------------------------- 
 Represented molecular multipole moments
 --------------------------------------- 

 Given here are the Molecular multipole moments from the atomic charges, and from the Fit Density.
 Note that the atomic charges represent the latter, NOT the ones from the Exact density.

            Q (a.u.)             Dipole moment (Debye)                                          Quadrupole moment (a.u.)
                                 x         y         z              xx        xy        xz        yy        yz        zz
------------------------------------------------------------------------------------------------------------------------
MDC-m        -0.0000        2.1354   -0.0273   -2.3312         -3.7144    2.0930    7.4086    3.1149   -1.6857    0.5995
MDC-d        -0.0000        2.8801    0.9448   -3.5697         -5.9218    0.7805   10.9742    4.6331   -0.5281    1.2887
MDC-q        -0.0000        2.7982    1.3184   -3.8132         -5.5780    0.4666   11.0892    4.7921   -0.6977    0.7859
 
Fit.Dens.    -0.0000        2.8801    0.9448   -3.5697         -5.4713    0.7097   10.9515    4.5063   -0.6475    0.9650



 =============
 Dipole Moment  ***  (Debye)  ***
 =============
  
 Vector   :         2.88042483      0.94488324     -3.56992278
 Magnitude:         4.68337487

 This molecular dipole moment is calculated with analytic integration



 =========================================
 Quadrupole Moment (Buckingham convention)  ***  (a.u.)  ***
 =========================================
  
      quad-xx        quad-xy        quad-xz        quad-yy        quad-yz        quad-zz
     -5.47160432     0.56894649    10.85301511     4.50646020    -0.40110246     0.96514412

 This molecular quadrupole moment is calculated with analytic integration
1



 ===========================
 B O N D I N G   E N E R G Y  ***  (decomposition)  ***
 ===========================
  
*** IMPORTANT NOTE ***

The bond energy is computed as an energy difference between molecule and
fragments. In particular when the fragments are single atoms, they are usually
computed as SPHERICALLY SYMMETRIC and SPIN-RESTRICTED. Obviously, this usually
does NOT represent the true atomic groundstate.

To obtain the 'real' bond energy, (atomic) correction terms must be applied
for the true (multiplet) fragment ground state. See ref: E.J.Baerends,
V.Branchadell, M.Sodupe, Chem.Phys.Lett.265 (1997) 481

General theoretical background on the bond energy decomposition scheme used
here (Morokuma-Ziegler) can be found in the review paper:
F.M. Bickelhaupt and E.J. Baerends,
"Kohn-Sham Density Functional Theory: Predicting and Understanding Chemistry"
In: Rev. Comput. Chem.; Lipkowitz, K. B. and Boyd, D. B., Eds.;
Wiley-VCH: New York, 2000, Vol. 15, 1-86.

Symbols used in the Bickelhaupt-Baerends (BB) paper are given below to make
the direct connection to that paper, where detailed explanations can be found
on the meaning of the various terms.


                                                   hartree              eV         kcal/mol           kJ/mol
                                      --------------------     -----------       ----------      -----------

Pauli Repulsion
  Kinetic (Delta T^0):                  19.621632801738780        533.9318         12312.76         51516.59
  Delta V^Pauli Coulomb:               -11.749052541625826       -319.7080         -7372.64        -30847.13
  Delta V^Pauli LDA-XC:                 -2.359335156345925        -64.2008         -1480.51         -6194.43
  Delta V^Pauli GGA-Exchange:            0.136036419644708          3.7017            85.36           357.16
  Delta V^Pauli GGA-Correlation:        -0.040059541116631         -1.0901           -25.14          -105.18
                                      --------------------     -----------       ----------      -----------
  Total Pauli Repulsion:                 5.609221982295107        152.6347          3519.84         14727.01
 (Total Pauli Repulsion =
  Delta E^Pauli in BB paper)

Steric Interaction
  Pauli Repulsion (Delta E^Pauli):       5.609221982295107        152.6347          3519.84         14727.01
  Electrostatic Interaction:            -1.513368223149670        -41.1808          -949.65         -3973.35
 (Electrostatic Interaction =
  Delta V_elstat in the BB paper)
                                      --------------------     -----------       ----------      -----------
  Total Steric Interaction:              4.095853759145437        111.4539          2570.19         10753.66
 (Total Steric Interaction =
  Delta E^0 in the BB paper)

Orbital Interactions
  A:                                    -5.770455227131087       -157.0221         -3621.02        -15150.33
                                      --------------------     -----------       ----------      -----------
  Total Orbital Interactions:           -5.770332710865502       -157.0187         -3620.94        -15150.01

Alternative Decomposition Orb.Int.
  Kinetic:                             -18.332966509909216       -498.8654        -11504.11        -48133.20
  Coulomb:                              11.961659729913679        325.4933          7506.06         31405.33
  XC:                                    0.600974069130034         16.3533           377.12          1577.86
                                      --------------------     -----------       ----------      -----------
  Total Orbital Interactions:           -5.770332710865503       -157.0187         -3620.94        -15150.01

  Residu (E=Steric+OrbInt+Res):         -0.000003978899823         -0.0001            -0.00            -0.01


  Solvation Energy (el):                -0.028689411278227         -0.7807           -18.00           -75.32

Post-SCF Solvation Energies
  Solvation Energy (cd):                 0.001126317529159          0.0306             0.71             2.96

Total Bonding Energy:                   -1.702046024368957        -46.3150         -1068.05         -4468.72


Summary of Bonding Energy (energy terms are taken from the energy decomposition above)
======================================================================================

  Electrostatic Energy:                 -1.513368223149670        -41.1808          -949.65         -3973.35
  Kinetic Energy:                        1.288666291829564         35.0664           808.65          3383.39
  Coulomb (Steric+OrbInt) Energy:        0.212603209388030          5.7852           133.41           558.19
  XC Energy:                            -1.662384208687814        -45.2358         -1043.16         -4364.59
  Solvation:                            -0.027563093749069         -0.7500           -17.30           -72.37
                                      --------------------     -----------       ----------      -----------
  Total Bonding Energy:                 -1.702046024368958        -46.3150         -1068.05         -4468.72


Correction terms (incorporated in energies above; only for test purposes):

1. Indication of fit-quality: 1st-order fit-correction used in the energy (hartree):   0.0000214317
2. Electrostatic (Fit correction):   0.0000000000

Scaled ZORA energy correction, not included in bonding energy (hartree):           -0.0000797347
 NOTE: This scaled ZORA energy correction should only be used to compare two calculations
 in which the only difference in the calculation is the electron configuration.
 Then the difference in energy of this term should be added to the difference in energy of
 the two electron configurations.
 This term should not be used otherwise.
 In practice it is useful only for core excitation energy calculations.



 =========================================
 F R A G M E N T   E N E R G Y   T E R M S  ***  (summed over all fragments)  ***
 =========================================
  

The energy terms below are (parts of) the Total Energy of the fragments from which the molecule
 is built.

Exchange and Correlation
  Exchange LDA:                        -50.258541647860483      -1367.6045        -31537.71       -131953.78
  Exchange GGA:                         -4.935008995631881       -134.2884         -3096.77        -12956.86
  Correlation LDA:                      -3.443076864725476        -93.6909         -2160.56         -9039.80
  Correlation GGA:                       1.884950606592842         51.2921          1182.82          4948.94
                                      --------------------     -----------       ----------      -----------
  Total XC:                            -56.751676901625004      -1544.2917        -35612.22       -149001.51



 =======================================================================
 Electrostatic potential at the Nuclei due to electrons and other nuclei
 =======================================================================
  
         Atom                  Potential
         ----                  ---------
     1)   P                  54.21629629
     2)   O                  22.27368468
     3)   O                  22.25680580
     4)   O                  22.38627113
     5)   O                  22.26587628
     6)   H                   0.90376490
     7)   H                   0.90642930
     8)   H                   0.90644634

=============================================================
=== CALCULATE ANALYTICAL SECOND DERIVATIVES OF THE ENERGY ===
=============================================================

                  ------------------------------------------------
                  
                  This Analytical Second Derivatives Progam    
                            was written for ADF by             
                  
                                Stephen K. Wolff               
                  
                         Scientific Computing & Modelling      
                  
                                Vrije University
                              Theoretical Chemistry
                                De Boelelaan 1083
                                1081 HV Amsterdam
                                 The Netherlands
                  
                  ------------------------------------------------
                  
                                    References:                
                                    ===========                
                  
                   Attila Berces, Ross M. Dickson, Liangyou Fan
                   Heiko Jacobsen, David Swerhone, Tom Ziegler,
                   Computer Physics Communications 100 (1997) 247.
                  
                   Heiko Jacobsen, Attila Berces
                   David Swerhone, Tom Ziegler,
                   Computer Physics Communications 100 (1997) 263.
                  
                   Stephen K. Wolff
                   Int. J. Quantum Chem. 104 (2005) 645.
                  
                  ------------------------------------------------
                  
              <><><><><><><><><><><><><><><><><><><><><><><><><>
 
                 SECOND DERIVATIVES INFORMATION:
                 -------------------------------
 
                 === PRINT
 
                   EIGS,  lprint_eigbas =  F
                   U1,    lprint_u1     =  F
                   PARTS, lprint_parts  =  F
 
                 === DEBUG
 
                   ALL        =  F
                   B1         =  F
                   DENSITIES  =  F
                   FIT        =  F
                   HESSIAN    =  F
                   NUMBERS    =  F
                   SYMMETRY   =  F
                   U1         =  F
 
                 === CPKS
 
                   MAX_CPKS_ITERATIONS    =    20
                   U1_ACCURACY PARAMETER  =     5.00
                   U1 ACCURACY            =     0.0000100
 

                 Estimated peak private memory usage    101 MB per process
                                 shared memory usage    148 MB per node

              <><><><><><><><><><><><><><><><><><><><><><><><><>
 Handling            8  atoms per pass in write_gradb1
 wr_gradb1   78446592.0000000        1048576000.00000     

######## LOOPING OVER NUCLEI ########

==========================
###### NUCLEUS:     1  P  
==========================

====================  solving CPKS equations  ====================

NUCLEUS  COORD.    ITERATION   ACCURACY
-------  ------    ---------   --------
    1       1          1       0.63873233D-01
    1       1          2       0.33365202D-02
    1       1          3       0.17685439D-02
    1       1          4       0.29539065D-03
    1       1          5       0.97118236D-04
    1       1          6       0.25088424D-04
    1       1          7       0.50822799D-05
*** CPKS converged.
----------------------------------------------
    1       2          1       0.35777468D-01
    1       2          2       0.32400095D-02
    1       2          3       0.13995666D-02
    1       2          4       0.27873983D-03
    1       2          5       0.86108791D-04
    1       2          6       0.20653397D-04
    1       2          7       0.33367780D-05
*** CPKS converged.
----------------------------------------------
    1       3          1       0.61121601D-01
    1       3          2       0.33444447D-02
    1       3          3       0.14577411D-02
    1       3          4       0.28564103D-03
    1       3          5       0.10729518D-03
    1       3          6       0.20814287D-04
    1       3          7       0.49040126D-05
*** CPKS converged.
----------------------------------------------

====================  end of solving CPKS equations  ====================

==========================
###### NUCLEUS:     2  O  
==========================

====================  solving CPKS equations  ====================

NUCLEUS  COORD.    ITERATION   ACCURACY
-------  ------    ---------   --------
    2       1          1       0.25846538D-01
    2       1          2       0.10757010D-02
    2       1          3       0.51633449D-03
    2       1          4       0.15162703D-03
    2       1          5       0.32603273D-04
    2       1          6       0.12222545D-04
    2       1          7       0.28175106D-05
*** CPKS converged.
----------------------------------------------
    2       2          1       0.12119670D-01
    2       2          2       0.20511083D-02
    2       2          3       0.55243353D-03
    2       2          4       0.16773138D-03
    2       2          5       0.69724198D-04
    2       2          6       0.22297300D-04
    2       2          7       0.48110661D-05
*** CPKS converged.
----------------------------------------------
    2       3          1       0.17372485D-01
    2       3          2       0.23237625D-02
    2       3          3       0.43027703D-03
    2       3          4       0.19007797D-03
    2       3          5       0.22839631D-04
    2       3          6       0.16363752D-04
    2       3          7       0.23538494D-05
*** CPKS converged.
----------------------------------------------

====================  end of solving CPKS equations  ====================

==========================
###### NUCLEUS:     3  O  
==========================

====================  solving CPKS equations  ====================

NUCLEUS  COORD.    ITERATION   ACCURACY
-------  ------    ---------   --------
    3       1          1       0.22392874D-01
    3       1          2       0.21875611D-02
    3       1          3       0.85026969D-03
    3       1          4       0.14833985D-03
    3       1          5       0.11145342D-03
    3       1          6       0.11956419D-04
    3       1          7       0.39068667D-05
*** CPKS converged.
----------------------------------------------
    3       2          1       0.51757496D-02
    3       2          2       0.15150685D-02
    3       2          3       0.35416486D-03
    3       2          4       0.17696815D-03
    3       2          5       0.27738522D-04
    3       2          6       0.11228665D-04
    3       2          7       0.26759661D-05
*** CPKS converged.
----------------------------------------------
    3       3          1       0.73211340D-02
    3       3          2       0.19391969D-02
    3       3          3       0.52629900D-03
    3       3          4       0.14449613D-03
    3       3          5       0.60181161D-04
    3       3          6       0.16565249D-04
    3       3          7       0.41534548D-05
*** CPKS converged.
----------------------------------------------

====================  end of solving CPKS equations  ====================

==========================
###### NUCLEUS:     4  O  
==========================

====================  solving CPKS equations  ====================

NUCLEUS  COORD.    ITERATION   ACCURACY
-------  ------    ---------   --------
    4       1          1       0.44854612D-01
    4       1          2       0.26168257D-02
    4       1          3       0.59452038D-03
    4       1          4       0.18271502D-03
    4       1          5       0.84038931D-04
    4       1          6       0.19844732D-04
    4       1          7       0.52776155D-05
*** CPKS converged.
----------------------------------------------
    4       2          1       0.18250606D-01
    4       2          2       0.12425681D-02
    4       2          3       0.48502624D-03
    4       2          4       0.16732916D-03
    4       2          5       0.46262068D-04
    4       2          6       0.82471152D-05
*** CPKS converged.
----------------------------------------------
    4       3          1       0.42666230D-01
    4       3          2       0.22742955D-02
    4       3          3       0.62011009D-03
    4       3          4       0.21040312D-03
    4       3          5       0.74134734D-04
    4       3          6       0.22243575D-04
    4       3          7       0.46583181D-05
*** CPKS converged.
----------------------------------------------

====================  end of solving CPKS equations  ====================

==========================
###### NUCLEUS:     5  O  
==========================

====================  solving CPKS equations  ====================

NUCLEUS  COORD.    ITERATION   ACCURACY
-------  ------    ---------   --------
    5       1          1       0.77991702D-02
    5       1          2       0.24930670D-02
    5       1          3       0.64102935D-03
    5       1          4       0.18441446D-03
    5       1          5       0.49772910D-04
    5       1          6       0.15116481D-04
    5       1          7       0.67364057D-05
*** CPKS converged.
----------------------------------------------
    5       2          1       0.20988975D-01
    5       2          2       0.16505261D-02
    5       2          3       0.89540692D-03
    5       2          4       0.15576940D-03
    5       2          5       0.76098815D-04
    5       2          6       0.12904216D-04
    5       2          7       0.44254317D-05
*** CPKS converged.
----------------------------------------------
    5       3          1       0.76803809D-02
    5       3          2       0.18309163D-02
    5       3          3       0.53805992D-03
    5       3          4       0.12083660D-03
    5       3          5       0.49806030D-04
    5       3          6       0.10705630D-04
    5       3          7       0.13996809D-05
*** CPKS converged.
----------------------------------------------

====================  end of solving CPKS equations  ====================

==========================
###### NUCLEUS:     6  H  
==========================

====================  solving CPKS equations  ====================

NUCLEUS  COORD.    ITERATION   ACCURACY
-------  ------    ---------   --------
    6       1          1       0.17970871D-01
    6       1          2       0.20173516D-02
    6       1          3       0.86230600D-03
    6       1          4       0.12356643D-03
    6       1          5       0.70322948D-04
    6       1          6       0.98566030D-05
*** CPKS converged.
----------------------------------------------
    6       2          1       0.11344959D-01
    6       2          2       0.11850649D-02
    6       2          3       0.55996015D-03
    6       2          4       0.98515567D-04
    6       2          5       0.51693259D-04
    6       2          6       0.12483798D-04
    6       2          7       0.30367601D-05
*** CPKS converged.
----------------------------------------------
    6       3          1       0.61514754D-02
    6       3          2       0.82086852D-03
    6       3          3       0.32065513D-03
    6       3          4       0.61226775D-04
    6       3          5       0.37872926D-04
    6       3          6       0.90588773D-05
*** CPKS converged.
----------------------------------------------

====================  end of solving CPKS equations  ====================

==========================
###### NUCLEUS:     7  H  
==========================

====================  solving CPKS equations  ====================

NUCLEUS  COORD.    ITERATION   ACCURACY
-------  ------    ---------   --------
    7       1          1       0.10385065D-01
    7       1          2       0.14265452D-02
    7       1          3       0.74980323D-03
    7       1          4       0.10963454D-03
    7       1          5       0.46892504D-04
    7       1          6       0.11487101D-04
    7       1          7       0.25951377D-05
*** CPKS converged.
----------------------------------------------
    7       2          1       0.17477739D-01
    7       2          2       0.24658002D-02
    7       2          3       0.98457163D-03
    7       2          4       0.11841690D-03
    7       2          5       0.68645805D-04
    7       2          6       0.97043054D-05
*** CPKS converged.
----------------------------------------------
    7       3          1       0.10325577D-01
    7       3          2       0.11524955D-02
    7       3          3       0.61767451D-03
    7       3          4       0.96102561D-04
    7       3          5       0.55316600D-04
    7       3          6       0.11619949D-04
    7       3          7       0.24861944D-05
*** CPKS converged.
----------------------------------------------

====================  end of solving CPKS equations  ====================

==========================
###### NUCLEUS:     8  H  
==========================

====================  solving CPKS equations  ====================

NUCLEUS  COORD.    ITERATION   ACCURACY
-------  ------    ---------   --------
    8       1          1       0.17586489D-01
    8       1          2       0.14242790D-02
    8       1          3       0.46321104D-03
    8       1          4       0.15723943D-03
    8       1          5       0.56387221D-04
    8       1          6       0.77511511D-05
*** CPKS converged.
----------------------------------------------
    8       2          1       0.84680752D-02
    8       2          2       0.94234051D-03
    8       2          3       0.29742124D-03
    8       2          4       0.88865038D-04
    8       2          5       0.22221755D-04
    8       2          6       0.12752543D-04
    8       2          7       0.16914066D-05
*** CPKS converged.
----------------------------------------------
    8       3          1       0.24208840D-01
    8       3          2       0.19363972D-02
    8       3          3       0.64888147D-03
    8       3          4       0.19356549D-03
    8       3          5       0.71775181D-04
    8       3          6       0.15076246D-04
    8       3          7       0.38666052D-05
*** CPKS converged.
----------------------------------------------

====================  end of solving CPKS equations  ====================

 ***************************************************************************************************



                                     ******************************************
                                     *  F R E Q U E N C Y    A N A L Y S I S  *
                                     ******************************************
  


 Atomic Masses:
 ---------------
    1. P              30.97376100
    2. O              15.99491400
    3. O              15.99491400
    4. O              15.99491400
    5. O              15.99491400
    6. H               1.00782500
    7. H               1.00782500
    8. H               1.00782500



 ======================================
 Normal Modes in Symmetry Displacements  ***  (cartesians, not mass-weighted)  ***
 ======================================
  


                                       === A ===

 Symmetry Displacements


                          1                             2                             3
              ------------------------      ------------------------      ------------------------
    1.P          0.148  -0.000  -0.000         0.000   0.148   0.000         0.000   0.000   0.148
    2.O         -0.063  -0.001  -0.002         0.006  -0.068  -0.006         0.003  -0.001  -0.068
    3.O         -0.066   0.000   0.001        -0.005  -0.063   0.005         0.005  -0.002  -0.070
    4.O         -0.075  -0.002  -0.005        -0.002  -0.078   0.002        -0.005   0.002  -0.074
    5.O         -0.071   0.003   0.006         0.001  -0.066  -0.001        -0.003   0.001  -0.062
    6.H         -0.066  -0.001  -0.003        -0.007  -0.065   0.007         0.006  -0.003  -0.075
    7.H         -0.074   0.004   0.008        -0.002  -0.066   0.002        -0.005   0.002  -0.062
    8.H         -0.059   0.000   0.000         0.007  -0.063  -0.007         0.006  -0.003  -0.065


                          4                             5                             6
              ------------------------      ------------------------      ------------------------
    1.P          0.000   0.000   0.000         0.000   0.000   0.000         0.000   0.000   0.000
    2.O          0.172   0.036   0.014         0.000   0.202   0.031         0.000   0.000   0.167
    3.O         -0.045  -0.012  -0.005        -0.017  -0.094  -0.027         0.039   0.094  -0.000
    4.O         -0.022   0.073   0.033        -0.007  -0.084  -0.018        -0.028  -0.068  -0.086
    5.O         -0.087  -0.092  -0.041         0.022  -0.010   0.015        -0.015  -0.036  -0.069
    6.H         -0.020   0.042   0.020        -0.033  -0.129  -0.044         0.047   0.114   0.013
    7.H         -0.023  -0.120  -0.052        -0.007   0.016  -0.003        -0.027  -0.071   0.001
    8.H         -0.231  -0.002  -0.003         0.078  -0.106   0.040         0.041   0.113  -0.207


                          7                             8                             9
              ------------------------      ------------------------      ------------------------
    1.P          0.000   0.000   0.000         0.000   0.000   0.000         0.000   0.000   0.000
    2.O          0.000   0.000   0.000         0.000   0.000   0.000         0.000   0.000   0.000
    3.O          0.153  -0.027  -0.018         0.000   0.136  -0.100         0.000   0.000   0.159
    4.O         -0.059  -0.038   0.098         0.006  -0.032   0.036         0.007   0.031  -0.080
    5.O         -0.061   0.066  -0.078         0.002  -0.058   0.059         0.003   0.006  -0.062
    6.H         -0.299  -0.070   0.034        -0.099  -0.375  -0.142        -0.117  -0.345  -0.277
    7.H         -0.061   0.095  -0.127         0.005   0.015  -0.066         0.006   0.087  -0.201
    8.H         -0.153  -0.040   0.055        -0.044  -0.364   0.294        -0.051  -0.331   0.200


                         10                            11                            12
              ------------------------      ------------------------      ------------------------
    1.P          0.000   0.000   0.000         0.000   0.000   0.000         0.000   0.000   0.000
    2.O          0.000   0.000   0.000         0.000   0.000   0.000         0.000   0.000   0.000
    3.O          0.000   0.000   0.000         0.000   0.000   0.000         0.000   0.000   0.000
    4.O          0.172  -0.045  -0.038         0.000   0.062   0.006         0.000   0.000   0.084
    5.O         -0.149   0.040   0.037         0.013  -0.040  -0.011        -0.045   0.007  -0.030
    6.H         -0.140   0.007  -0.005        -0.482  -0.282   0.262         0.453  -0.061  -0.604
    7.H         -0.189   0.046   0.062        -0.260  -0.002   0.169        -0.139   0.024   0.027
    8.H         -0.041   0.027  -0.029         0.541  -0.069  -0.354         0.397  -0.072  -0.279


                         13                            14                            15
              ------------------------      ------------------------      ------------------------
    1.P          0.000   0.000   0.000         0.000   0.000   0.000         0.000   0.000   0.000
    2.O          0.000   0.000   0.000         0.000   0.000   0.000         0.000   0.000   0.000
    3.O          0.000   0.000   0.000         0.000   0.000   0.000         0.000   0.000   0.000
    4.O          0.000   0.000   0.000         0.000   0.000   0.000         0.000   0.000   0.000
    5.O          0.083  -0.009   0.027         0.000   0.082  -0.004         0.000   0.000   0.084
    6.H         -0.196   0.112  -0.338         0.174  -0.227   0.171        -0.219   0.012  -0.144
    7.H         -0.683  -0.032   0.081        -0.012  -0.779   0.102         0.286  -0.055  -0.680
    8.H         -0.443   0.060  -0.172        -0.163  -0.297  -0.204        -0.068   0.043  -0.508


                         16                            17                            18
              ------------------------      ------------------------      ------------------------
    1.P          0.000   0.000   0.000         0.000   0.000   0.000         0.000   0.000   0.000
    2.O          0.000   0.000   0.000         0.000   0.000   0.000         0.000   0.000   0.000
    3.O          0.000   0.000   0.000         0.000   0.000   0.000         0.000   0.000   0.000
    4.O          0.000   0.000   0.000         0.000   0.000   0.000         0.000   0.000   0.000
    5.O          0.000   0.000   0.000         0.000   0.000   0.000         0.000   0.000   0.000
    6.H          0.500  -0.319   0.480         0.000   0.643   0.149         0.000   0.000   0.000
    7.H         -0.367   0.356  -0.324        -0.198   0.010  -0.216         0.339   0.403   0.468
    8.H         -0.133  -0.037  -0.156         0.198  -0.653   0.068        -0.339  -0.403  -0.468


 Frequencies and Normal Modes
 ============================

             1           2           3           4           5           6           7           8

           55.5019    199.9067    234.7254    334.7283    350.1133    408.7148    420.2942    432.2151
        ----------  ----------  ----------  ----------  ----------  ----------  ----------  ----------
   1   -0.00411488  0.02517458 -0.05025594  0.00256598  0.00075690  0.26544127 -0.47706678  0.17592529
   2   -0.00402373 -0.01286741 -0.00210909 -0.03434475 -0.04215603 -0.32304082 -0.01525646  0.49103299
   3   -0.00500186 -0.01346767  0.02268256 -0.06258459 -0.06529796 -0.36816106 -0.36759196 -0.27650724
   4    0.01488219  0.31660347 -0.11553694 -0.03209630 -0.62697715 -0.33505740  0.19314480  0.08994946
   5   -0.05719013 -0.13641827  0.03722110 -0.32698328  0.25471240 -0.24519447 -0.45912510  0.24662939
   6    0.13281854 -0.02053480  0.01015492  0.73139057 -0.05934008 -0.06485131  0.00097642  0.41218787
   7   -0.03572090 -0.24208206  0.31291180  0.11761170  0.34962016 -0.33871074  0.26326141 -0.03047376
   8    0.03140194 -0.42778426 -0.11311059 -0.21665267 -0.15804429  0.26537751  0.04484361  0.47385301
   9    0.13019676 -0.64938929 -0.02242423  0.25013373 -0.26064761  0.17703264 -0.06274182 -0.32184642
  10   -0.20574646  0.10351840  0.04373591 -0.25578412  0.06437084  0.37522050  0.37296846  0.15268996
  11   -0.16768674 -0.01580279 -0.33972494 -0.11187638 -0.26672434  0.04024043 -0.05165766 -0.18011978
  12   -0.24840989 -0.33465594  0.07408573 -0.16957261  0.00287419 -0.25516645  0.35441104 -0.00142461
  13   -0.52124405  0.10775852  0.11993120  0.19068600  0.04129976  0.15843587 -0.07409384 -0.00849648
  14   -0.28256691  0.04597741 -0.15285454  0.16579560  0.10510144  0.00105239 -0.03763552  0.00836358
  15    0.27418299  0.06423270  0.70186838 -0.16331440 -0.31056221  0.15759580 -0.08556361  0.06046512
  16    0.20057674  0.18840402  0.25363206  0.04384051  0.14045438  0.09400648  0.05660559 -0.15322039
  17    0.54935301  0.12238854 -0.37450965 -0.05283673  0.32666707  0.06316356  0.15719740  0.00693132
  18   -0.24228543  0.15859790  0.11462523  0.16354663  0.07984753  0.16210128 -0.06458368  0.02307178

             9          10          11          12          13          14          15          16

          787.5373    853.5898    870.0381    995.7688   1023.5975   1032.0789   1238.8264   3622.5550
        ----------  ----------  ----------  ----------  ----------  ----------  ----------  ----------
   1    0.15573612  0.43658332  0.26573051  0.02068823 -0.03176934  0.30412238 -0.53701536  0.00447742
   2   -0.01112395 -0.19934894  0.66228701  0.13402401  0.26284159  0.15006085  0.25114613 -0.00332260
   3   -0.23731587  0.49105223 -0.03282406 -0.06913972 -0.12780080  0.25014259  0.51160206 -0.00246745
   4    0.29554884  0.07506585 -0.20974243 -0.28630786  0.13990999  0.17418399 -0.15986910  0.16747747
   5    0.47843409 -0.23830323 -0.40250322 -0.04268112  0.04194072 -0.05270151  0.06806662 -0.09921205
   6    0.08634471  0.14381219 -0.27111470  0.20263335 -0.18768843 -0.00550008  0.12472898 -0.22858006
   7    0.02492878  0.36227434 -0.07351999 -0.02635766  0.45398776 -0.05104300 -0.23890299  0.27587495
   8   -0.42929776  0.13975371 -0.30759475 -0.17406236  0.21336559  0.04968884  0.08086064  0.03341680
   9    0.39945122 -0.13578846  0.16178169 -0.13544561  0.11930882  0.13805491  0.16145457  0.09510377
  10    0.45483776  0.38895860  0.03355066  0.14581039 -0.08611993  0.04942796  0.40971316  0.07062473
  11   -0.06587573  0.06021492 -0.07820793  0.35603629  0.45804405 -0.08568170 -0.03428263 -0.39071019
  12   -0.01528410 -0.00964334  0.04957660 -0.08434245 -0.39419521  0.34400286 -0.24001460 -0.50614294
  13   -0.14108816 -0.30466456 -0.17641814  0.01695763  0.08097668  0.52044963  0.05921840  0.25551855
  14    0.07955210  0.14934076  0.14975005 -0.44826315  0.11825681 -0.34512022  0.05471376 -0.31972976
  15   -0.07303579 -0.03460436  0.04281859 -0.14644051 -0.01213786 -0.09756022  0.02048666 -0.17426883
  16    0.08537960 -0.01123591 -0.12203372  0.18717761  0.40542868  0.33379723  0.05210895 -0.42310988
  17   -0.00534608 -0.05630604 -0.01909264 -0.32462498  0.03933232  0.35485441  0.06169887 -0.04568029
  18   -0.02798581 -0.03975298  0.06041739 -0.53330286  0.17868210  0.01342556  0.10623038 -0.17531610

            17          18

         3624.3631   3628.5104
        ----------  ----------
   1   -0.00320852 -0.00013427
   2   -0.00207296  0.00341159
   3   -0.00415035 -0.00161436
   4    0.05028940  0.09697104
   5   -0.03051826 -0.06109956
   6   -0.06935810 -0.13675094
   7   -0.12473236 -0.16051613
   8    0.11660713  0.19064420
   9    0.00597307  0.02264688
  10   -0.05318947 -0.07852493
  11   -0.23878184 -0.40864809
  12   -0.00130675 -0.06254321
  13   -0.37649777  0.03832718
  14   -0.39582366  0.45570787
  15   -0.41344794 -0.16715487
  16    0.28516017  0.45451745
  17   -0.34232686 -0.21266966
  18    0.48454974 -0.48944856


 Intensities
 ===========

               Frequency       Dipole Strength        Absorption Intensity (degeneracy not counted)
                 cm-1           1e-40 esu2 cm2          km/mole
              ----------          ----------          ----------
               55.501906         6608.948501           91.942928
              199.906653         2294.273863          114.961012
              234.725357         4951.175156          291.303946
              334.728313          149.414324           12.536109
              350.113251          324.877183           28.510565
              408.714832          737.660357           75.570955
              420.294179          753.045734           79.332803
              432.215051          393.246652           42.603275
              787.537333          266.021677           52.512930
              853.589802         2169.328367          464.143832
              870.038138         1899.185146          414.174794
              995.768793          706.119979          176.244301
             1023.597533          421.043819          108.027567
             1032.078911          286.380596           74.085730
             1238.826422         1473.732641          457.622356
             3622.554951          259.217386          235.373290
             3624.363078          299.205049          271.818296
             3628.510430          101.173027           92.017661



 Zero-Point Energy :      0.045821 a.u.
 ===================      1.246851 eV
                                                   hartree              eV         kcal/mol           kJ/mol
                                      --------------------     -----------       ----------      -----------
              Bond Energy:              -1.702046024368957        -46.3150         -1068.05         -4468.72
              Zero-Point Energy:         0.045820934677976          1.2469            28.75           120.30
              Enthalpy (T=0K):          -1.656225089690980        -45.0682         -1039.30         -4348.42



 ===========================
 Vibrations and Normal Modes  ***  (cartesian coordinates, NOT mass-weighted)  ***
 ===========================
  
 The headers on the normal mode eigenvectors below give the Frequency in cm-1
 (a negative value means an imaginary frequency, no output for (almost-)zero frequencies)


                        55.502                       199.907                       234.725
              ------------------------      ------------------------      ------------------------
    1.P          0.001   0.001   0.001        -0.004   0.002   0.002        -0.008  -0.000   0.004
    2.O         -0.003   0.011  -0.022        -0.060   0.017   0.002        -0.018   0.004  -0.000
    3.O         -0.000  -0.024  -0.021         0.058   0.049   0.060         0.061  -0.027   0.000
    4.O          0.037  -0.000   0.038        -0.020  -0.038   0.004        -0.007  -0.048   0.026
    5.O          0.006   0.032   0.002         0.014   0.018  -0.049        -0.010   0.043   0.043
    6.H         -0.095  -0.343  -0.351        -0.107  -0.540  -0.581         0.043  -0.168  -0.227
    7.H         -0.304  -0.191   0.655         0.071   0.042  -0.142         0.214   0.276  -0.552
    8.H         -0.247   0.222  -0.277         0.291  -0.301   0.374        -0.421   0.353  -0.423


                       334.728                       350.113                       408.715
              ------------------------      ------------------------      ------------------------
    1.P         -0.001   0.011   0.020        -0.000   0.011   0.017         0.096  -0.117  -0.134
    2.O          0.013   0.142  -0.255         0.193  -0.057   0.011        -0.188  -0.097   0.008
    3.O         -0.116  -0.153  -0.159        -0.134   0.090   0.056        -0.129   0.214   0.099
    4.O          0.148   0.016   0.163        -0.003   0.171  -0.053         0.198   0.049  -0.120
    5.O         -0.083  -0.020   0.219        -0.052  -0.200   0.005        -0.006   0.075   0.266
    6.H         -0.141  -0.191  -0.148        -0.379  -0.499  -0.321        -0.385  -0.167   0.173
    7.H          0.112   0.180  -0.293         0.286  -0.209  -0.285        -0.205   0.355  -0.017
    8.H          0.655  -0.101   0.315         0.023   0.309  -0.238        -0.401  -0.414  -0.054


                       420.294                       432.215                       787.537
              ------------------------      ------------------------      ------------------------
    1.P         -0.197  -0.006  -0.151        -0.081  -0.227   0.128         0.084  -0.006  -0.128
    2.O          0.173  -0.233   0.041        -0.020  -0.062  -0.291         0.146   0.394   0.180
    3.O          0.193   0.116   0.049         0.038  -0.154   0.259        -0.094  -0.356   0.395
    4.O          0.237   0.058   0.255        -0.002   0.385  -0.051         0.198  -0.088  -0.194
    5.O         -0.241   0.048  -0.039         0.135   0.234  -0.161        -0.393   0.085  -0.145
    6.H          0.426   0.374  -0.209         0.091  -0.081   0.260         0.074  -0.216   0.206
    7.H         -0.372   0.127  -0.067        -0.245   0.435  -0.151        -0.204  -0.059  -0.117
    8.H          0.263  -0.120   0.067         0.265   0.205  -0.169        -0.191  -0.083   0.110


                       853.590                       870.038                       995.769
              ------------------------      ------------------------      ------------------------
    1.P          0.201  -0.092   0.226        -0.115  -0.286   0.014        -0.003  -0.021   0.011
    2.O         -0.045  -0.102  -0.048         0.143   0.392   0.184         0.054   0.030  -0.035
    3.O          0.111   0.174  -0.221         0.076   0.194  -0.220        -0.016   0.005  -0.005
    4.O          0.022  -0.014  -0.027        -0.010   0.012   0.008        -0.026   0.026   0.031
    5.O         -0.469   0.150  -0.166         0.068  -0.067  -0.002        -0.009   0.030   0.005
    6.H         -0.367  -0.262   0.449        -0.181  -0.075   0.059         0.141   0.150  -0.204
    7.H          0.155  -0.280  -0.040        -0.597   0.384  -0.142         0.368  -0.218   0.060
    8.H          0.065   0.089  -0.031        -0.087   0.075   0.127        -0.440  -0.711  -0.146


                      1023.598                      1032.079                      1238.826
              ------------------------      ------------------------      ------------------------
    1.P          0.005  -0.044   0.021         0.051   0.025   0.042         0.273  -0.128  -0.260
    2.O         -0.030   0.005   0.023         0.014  -0.017  -0.021        -0.032   0.032   0.049
    3.O         -0.062   0.026   0.002        -0.039   0.001   0.002        -0.038  -0.026   0.049
    4.O          0.039  -0.012  -0.051        -0.016   0.003  -0.001        -0.421   0.179   0.417
    5.O         -0.012   0.024   0.012        -0.017  -0.061  -0.026        -0.068   0.024  -0.008
    6.H          0.403   0.467  -0.576         0.212   0.226  -0.336         0.144   0.148  -0.173
    7.H          0.252  -0.161   0.070        -0.704   0.421  -0.173         0.044  -0.055   0.019
    8.H          0.206   0.364   0.075        -0.136  -0.231  -0.056         0.305   0.511   0.114


                      3622.555                      3624.363                      3628.510
              ------------------------      ------------------------      ------------------------
    1.P          0.001  -0.001  -0.000         0.000   0.000   0.001        -0.000   0.001  -0.000
    2.O          0.029  -0.014  -0.040        -0.009   0.004   0.012         0.017  -0.009  -0.024
    3.O          0.028  -0.018   0.009         0.024  -0.016   0.008        -0.034   0.022  -0.012
    4.O         -0.000   0.000   0.000        -0.000   0.000  -0.000        -0.001   0.000   0.001
    5.O         -0.002  -0.003  -0.002         0.023   0.040   0.024         0.016   0.026   0.016
    6.H         -0.452   0.284  -0.144        -0.394   0.248  -0.127         0.553  -0.347   0.177
    7.H          0.031   0.052   0.033        -0.364  -0.644  -0.391        -0.235  -0.416  -0.253
    8.H         -0.478   0.221   0.639         0.146  -0.068  -0.195        -0.286   0.134   0.383




 List of All Frequencies:


 Intensities
 ===========

               Frequency       Dipole Strength        Absorption Intensity (degeneracy not counted)
                 cm-1           1e-40 esu2 cm2          km/mole
              ----------          ----------          ----------
               55.501906         6608.948501           91.942928
              199.906653         2294.273863          114.961012
              234.725357         4951.175156          291.303946
              334.728313          149.414324           12.536109
              350.113251          324.877183           28.510565
              408.714832          737.660357           75.570955
              420.294179          753.045734           79.332803
              432.215051          393.246652           42.603275
              787.537333          266.021677           52.512930
              853.589802         2169.328367          464.143832
              870.038138         1899.185146          414.174794
              995.768793          706.119979          176.244301
             1023.597533          421.043819          108.027567
             1032.078911          286.380596           74.085730
             1238.826422         1473.732641          457.622356
             3622.554951          259.217386          235.373290
             3624.363078          299.205049          271.818296
             3628.510430          101.173027           92.017661



 ============================
 Statistical Thermal Analysis  ***  ideal gas assumed  ***
 ============================
  
 Pressure:                  1.000000 atm.
 Temperature:             298.150000 K



 Moments of Inertia [amu*bohr^2] and principal axis
 ==================================================

         402.2682        407.1142        423.7752
 ------------------------------------------------
          -0.9294         -0.0284          0.3680
           0.0735         -0.9913          0.1091
           0.3617          0.1284          0.9234


 The rotational contribution to the molecular entropy includes
 a term, dependent on the symmetry number sigma. The results 
 reported below were computed using sigma = 1, determined from
 the point group symmetry of the input geometry (NOSYM). 
 If this is not the correct symmetry, try symmetrizing the molecule before
 running the calculation (note: linear molecules should be aligned along one
 of the Cartesian axes).
 Contributions from frequencies below 20 1/cm are not included in
 the vibrational sums. Their contributions, if any, are reported separately.


     Temp                                                       Transl     Rotat    Vibrat     Total
     ----                                                       ------     -----    ------     -----

     298.15   Entropy (cal/mole-K):                             39.657    25.743    14.504    79.904
              Internal Energy (Kcal/mole):                       0.889     0.889    31.155    32.932
              Constant Volume Heat Capacity (cal/mole-K):        2.981     2.981    16.100    22.062

              Summary of energy terms
                                                   hartree              eV         kcal/mol           kJ/mol
                                      --------------------     -----------       ----------      -----------
              Bond Energy:              -1.702046024368957        -46.3150         -1068.05         -4468.72
              Internal Energy:           0.052480880908921          1.4281            32.93           137.79
              pV/n = RT:                 0.000944186013486          0.0257             0.59             2.48
              Enthalpy H:               -1.648620957446550        -44.8613         -1034.53         -4328.45
              -T*S:                     -0.037965139229179         -1.0331           -23.82           -99.68
              Gibbs free energy:        -1.686586096675729        -45.8943         -1058.35         -4428.13
 

 ***************************************************************************************************
 


====================================================================
*** DONE CALCULATING ANALYTICAL SECOND DERIVATIVES OF THE ENERGY ***
====================================================================




 ===========================================================
 SCAN POTENTIAL ENERGY SURFACE ALONG A RANGE OF NORMAL MODES  ***  with IR intensities  ***
 ===========================================================
  

 Symmetry has been reset to default with TOL= 0.000001000000

 RANGE OF FREQUENCIES: from  -1000.000 to      0.000



 ===================
 Vibration symmetry:  ***  A  ***
 ===================
  
 Total number of frequencies of this symmetry:    18
 Frequencies, cm^(-1):
      55.502     199.907     234.725     334.728     350.113     408.715     420.294     432.215
     787.537     853.590     870.038     995.769    1023.598    1032.079    1238.826    3622.555
    3624.363    3628.510
 Number of frequencies in the requested range:     0
 ===================================================================================================
 Summary of a frequency scan in the requested range: 
 (One component per degenerate irreducible representations, degeneracy is not counted in the intens.)
 ---------------------------------------------------------------------------------------------------
 Frequency, cm**(-1)      Dipol moment derivatives (a.u.)      IR Intensity   Force const   Red.mass
    Old      New                X         Y         Z            km/mole          a.u.        a.u.
 ---------------------------------------------------------------------------------------------------
 Vibration symmetry: A
    55.502      not re-calculated (not in the required range)
   199.907      not re-calculated (not in the required range)
   234.725      not re-calculated (not in the required range)
   334.728      not re-calculated (not in the required range)
   350.113      not re-calculated (not in the required range)
   408.715      not re-calculated (not in the required range)
   420.294      not re-calculated (not in the required range)
   432.215      not re-calculated (not in the required range)
   787.537      not re-calculated (not in the required range)
   853.590      not re-calculated (not in the required range)
   870.038      not re-calculated (not in the required range)
   995.769      not re-calculated (not in the required range)
  1023.598      not re-calculated (not in the required range)
  1032.079      not re-calculated (not in the required range)
  1238.826      not re-calculated (not in the required range)
  3622.555      not re-calculated (not in the required range)
  3624.363      not re-calculated (not in the required range)
  3628.510      not re-calculated (not in the required range)
 ===================================================================================================



 ============================
 Statistical Thermal Analysis  ***  ideal gas assumed  ***
 ============================
  
 Pressure:                  1.000000 atm.
 Temperature:             298.150000 K



 Moments of Inertia [amu*bohr^2] and principal axis
 ==================================================

         402.2682        407.1142        423.7752
 ------------------------------------------------
          -0.9294         -0.0284          0.3680
           0.0735         -0.9913          0.1091
           0.3617          0.1284          0.9234


 The rotational contribution to the molecular entropy includes
 a term, dependent on the symmetry number sigma. The results 
 reported below were computed using sigma = 1, determined from
 the point group symmetry of the input geometry (NOSYM). 
 If this is not the correct symmetry, try symmetrizing the molecule before
 running the calculation (note: linear molecules should be aligned along one
 of the Cartesian axes).
 Contributions from frequencies below 20 1/cm are not included in
 the vibrational sums. Their contributions, if any, are reported separately.


     Temp                                                       Transl     Rotat    Vibrat     Total
     ----                                                       ------     -----    ------     -----

     298.15   Entropy (cal/mole-K):                             39.657    25.743    14.504    79.904
              Internal Energy (Kcal/mole):                       0.889     0.889    31.155    32.932
              Constant Volume Heat Capacity (cal/mole-K):        2.981     2.981    16.100    22.062

              Summary of energy terms
                                                   hartree              eV         kcal/mol           kJ/mol
                                      --------------------     -----------       ----------      -----------
              Bond Energy:              -1.702046024368957        -46.3150         -1068.05         -4468.72
              Internal Energy:           0.052480880908921          1.4281            32.93           137.79
              pV/n = RT:                 0.000944186013486          0.0257             0.59             2.48
              Enthalpy H:               -1.648620957446550        -44.8613         -1034.53         -4328.45
              -T*S:                     -0.037965139229180         -1.0331           -23.82           -99.68
              Gibbs free energy:        -1.686586096675729        -45.8943         -1058.35         -4428.13
 
 
 ========================
 No memory problems found
 ========================
 
 Maximum number of active allocate calls:        2094
 
 *******************************************************************************

                             A D F   E X I T
 NORMAL TERMINATION



 =================
 Timing Statistics
 =================
  
 Total Used :                     CPU=      198.04      System=       31.09     Elapsed=      247.05

 Calls  Section                     ( Mean, Percentage )
 ---------------------------------------------------------------------------------------------------
     3  ><      ................      0.00    0.00             0.00    0.00             0.00    0.00
     1  INIT    ................      0.56    0.28             0.02    0.08             0.61    0.25
     1  GEOMET  ................      0.04    0.02             0.01    0.03             0.07    0.03
     1  FRAGM   ................      0.02    0.01             0.02    0.05             0.04    0.02
     1  INPUTA  ................      0.00    0.00             0.00    0.00             0.00    0.00
     1  ATDEN   ................      0.01    0.00             0.00    0.00             0.01    0.00
    18  MAINSY  ................      0.03    0.25             0.01    0.31             0.08    0.62
    18  SYMFIT  ................      0.00    0.03             0.00    0.00             0.00    0.03
    18  CORORT  ................      0.00    0.02             0.00    0.00             0.01    0.05
    18  SYMORB  ................      0.00    0.03             0.00    0.01             0.00    0.03
    18  CLSMAT  ................      0.01    0.06             0.00    0.06             0.01    0.08
    18  ORTHON  ................      0.01    0.05             0.00    0.04             0.01    0.07
    18  GENPT   ................      0.07    0.61             0.00    0.09             0.08    0.57
    18  PTBAS   ................      0.07    0.60             0.00    0.28             0.08    0.55
   242  FOCKY   ................      0.31   37.32             0.04   34.59             0.38   36.87
   242  FOCKTR  ................      0.00    0.37             0.00    0.10             0.00    0.31
   242  SDIIS   ................      0.00    0.32             0.00    0.30             0.01    0.81
    18  TOTEN   ................      0.51    4.60             0.02    1.17             0.58    4.23
    18  POPAN   ................      0.00    0.03             0.00    0.04             0.01    0.07
    18  DEBYE   ................      0.00    0.03             0.00    0.03             0.01    0.07
    18  INPUTE  ................      0.00    0.01             0.00    0.01             0.00    0.01
    18  SYMORE  ................      0.00    0.01             0.00    0.00             0.00    0.01
    35  ELNRGY  ................      0.17    3.00             0.00    0.27             0.18    2.61
    17  ENGRAD  ................      0.00    0.01             0.00    0.00             0.00    0.01
     1  COREPS  ................      0.26    0.13             0.00    0.00             0.28    0.11
     1  METS    ................      0.00    0.00             0.00    0.00             0.00    0.00
     1  CETS    ................      0.01    0.00             0.00    0.00             0.01    0.00
     1  POPUL   ................      0.00    0.00             0.00    0.01             0.01    0.00
     1  ENHESS  ................    103.29   52.16            19.43   62.47           129.81   52.55
     1  EXIT PROCEDURE .........      0.05    0.02             0.02    0.05             0.08    0.03


 Currently Open Files (EXIT00)
 ====================

 Unit    Access Format  Status   Type       Ident (file)
 -------------------------------------------------------
   3      SEQ    FORM   TRANSP  NORMAL      LOGFILE
                                          ( logfile )

 ***************************************************************************************************
 (LOGFILE)
 <May06-2026> <10:56:32>  DIRAC 2019  RunTime: May06-2026 10:56:32  Nodes: 1  Procs: 1
 <May06-2026> <10:56:32>  NORMAL TERMINATION
 <May06-2026> <10:56:32>  END
 <May06-2026> <10:56:32>  ADF 2019  RunTime: May06-2026 10:56:32  Nodes: 1  Procs: 1
 <May06-2026> <10:56:32>  Hydrogen (TZP)
 <May06-2026> <10:56:32>  RunType   : CREATE
 <May06-2026> <10:56:32>  Net Charge: 0 (Nuclei minus Electrons)
 <May06-2026> <10:56:32>  Symmetry  : ATOM
  Coordinates
    Atom         X           Y           Z   (Angstrom)
    1.H         0.000000    0.000000    0.000000
 <May06-2026> <10:56:32>  >>>> CORORT
 <May06-2026> <10:56:32>  >>>> CLSMAT
 <May06-2026> <10:56:32>  >>>> ORTHON
 <May06-2026> <10:56:32>  >>>> GENPT
 <May06-2026> <10:56:32>  Block Length=  64
 <May06-2026> <10:56:32>  >>>> PTBAS
 <May06-2026> <10:56:32>  >>>> CYCLE
 <May06-2026> <10:56:32>              |Error|         MaxErr       Wt(A-DIIS)
 <May06-2026> <10:56:32>      1      0.00000000      0.00000000
 <May06-2026> <10:56:32>      2      0.03153787      0.03011049
 <May06-2026> <10:56:32>      3      0.00861799      0.00834303    100.0
 <May06-2026> <10:56:32>      4      0.00173235      0.00171862      0.7
 <May06-2026> <10:56:32>      5      0.00004367      0.00003977      0.0
 <May06-2026> <10:56:32>      6      0.00000238      0.00000216      0.0
 <May06-2026> <10:56:32>      7      0.00000001      0.00000001      0.0
 <May06-2026> <10:56:32>  SCF converged
 <May06-2026> <10:56:32>      8      0.00000000      0.00000000      0.0
 <May06-2026> <10:56:32>  >>>> POPAN
 <May06-2026> <10:56:32>  >>>> DEBYE
 <May06-2026> <10:56:32>  NORMAL TERMINATION
 <May06-2026> <10:56:32>  END
 <May06-2026> <10:56:32>  DIRAC 2019  RunTime: May06-2026 10:56:32  Nodes: 1  Procs: 1
 <May06-2026> <10:56:33>  NORMAL TERMINATION
 <May06-2026> <10:56:33>  END
 <May06-2026> <10:56:33>  ADF 2019  RunTime: May06-2026 10:56:33  Nodes: 1  Procs: 1
 <May06-2026> <10:56:33>  Phosphorus (TZP, 1s frozen)
 <May06-2026> <10:56:33>  RunType   : CREATE
 <May06-2026> <10:56:33>  Net Charge: 0 (Nuclei minus Electrons)
 <May06-2026> <10:56:33>  Symmetry  : ATOM
  Coordinates
    Atom         X           Y           Z   (Angstrom)
    1.P         0.000000    0.000000    0.000000
 <May06-2026> <10:56:33>  >>>> CORORT
 <May06-2026> <10:56:33>  >>>> CLSMAT
 <May06-2026> <10:56:33>  >>>> ORTHON
 <May06-2026> <10:56:33>  >>>> GENPT
 <May06-2026> <10:56:33>  Block Length=  76
 <May06-2026> <10:56:33>  >>>> PTBAS
 <May06-2026> <10:56:33>  >>>> CYCLE
 <May06-2026> <10:56:33>              |Error|         MaxErr       Wt(A-DIIS)
 <May06-2026> <10:56:33>      1      0.00000000      0.00000000
 <May06-2026> <10:56:33>      2     18.57419976      5.72946042    100.0
 <May06-2026> <10:56:33>      3      7.89224634      2.59295418    100.0
 <May06-2026> <10:56:33>      4      4.38717664      1.76162665    100.0
 <May06-2026> <10:56:33>      5      1.32434558      0.46695615    100.0
 <May06-2026> <10:56:33>      6      0.89465661      0.32855234    100.0
 <May06-2026> <10:56:33>      7      0.15275323      0.05676890     56.3
 <May06-2026> <10:56:33>      8      0.06211706      0.02306515     22.3
 <May06-2026> <10:56:33>      9      0.00895767      0.00340647      2.4
 <May06-2026> <10:56:33>     10      0.00016365      0.00006372      0.0
 <May06-2026> <10:56:33>     11      0.00000018      0.00000009      0.0
 <May06-2026> <10:56:33>     12      0.00000000      0.00000000      0.0
 <May06-2026> <10:56:33>  SCF converged
 <May06-2026> <10:56:33>     13      0.00000000      0.00000000      0.0
 <May06-2026> <10:56:33>  >>>> POPAN
 <May06-2026> <10:56:33>  >>>> DEBYE
 <May06-2026> <10:56:33>  NORMAL TERMINATION
 <May06-2026> <10:56:33>  END
 <May06-2026> <10:56:33>  DIRAC 2019  RunTime: May06-2026 10:56:33  Nodes: 1  Procs: 1
 <May06-2026> <10:56:34>  NORMAL TERMINATION
 <May06-2026> <10:56:34>  END
 <May06-2026> <10:56:34>  ADF 2019  RunTime: May06-2026 10:56:34  Nodes: 1  Procs: 1
 <May06-2026> <10:56:34>  Oxygen (TZP, 1s frozen)
 <May06-2026> <10:56:34>  RunType   : CREATE
 <May06-2026> <10:56:34>  Net Charge: 0 (Nuclei minus Electrons)
 <May06-2026> <10:56:34>  Symmetry  : ATOM
  Coordinates
    Atom         X           Y           Z   (Angstrom)
    1.O         0.000000    0.000000    0.000000
 <May06-2026> <10:56:34>  >>>> CORORT
 <May06-2026> <10:56:34>  >>>> CLSMAT
 <May06-2026> <10:56:34>  >>>> ORTHON
 <May06-2026> <10:56:34>  >>>> GENPT
 <May06-2026> <10:56:34>  Block Length=  68
 <May06-2026> <10:56:34>  >>>> PTBAS
 <May06-2026> <10:56:34>  >>>> CYCLE
 <May06-2026> <10:56:34>              |Error|         MaxErr       Wt(A-DIIS)
 <May06-2026> <10:56:34>      1      0.00000000      0.00000000
 <May06-2026> <10:56:34>      2      4.56299337      2.52897111
 <May06-2026> <10:56:34>      3      2.72315525      1.79866705    100.0
 <May06-2026> <10:56:34>      4      0.28902714      0.13064862    100.0
 <May06-2026> <10:56:34>      5      0.41661509      0.23264367    100.0
 <May06-2026> <10:56:34>      6      0.01372327      0.00671904      5.8
 <May06-2026> <10:56:34>      7      0.00110365      0.00063404      0.0
 <May06-2026> <10:56:34>      8      0.00003592      0.00002026      0.0
 <May06-2026> <10:56:34>      9      0.00000033      0.00000018      0.0
 <May06-2026> <10:56:34>     10      0.00000000      0.00000000      0.0
 <May06-2026> <10:56:34>  SCF converged
 <May06-2026> <10:56:34>     11      0.00000000      0.00000000      0.0
 <May06-2026> <10:56:34>  >>>> POPAN
 <May06-2026> <10:56:34>  >>>> DEBYE
 <May06-2026> <10:56:34>  NORMAL TERMINATION
 <May06-2026> <10:56:34>  END
 <May06-2026> <10:56:35>  ADF 2019  RunTime: May06-2026 10:56:35  Nodes: 1  Procs: 24
 <May06-2026> <10:56:35>  *** (NO TITLE) ***
 <May06-2026> <10:56:35>  RunType   : GEOMETRY OPTIMIZATION
 <May06-2026> <10:56:35>  Net Charge: 0 (Nuclei minus Electrons)
 <May06-2026> <10:56:35>  Symmetry  : NOSYM
 <May06-2026> <10:56:35>  >>>> FRAGM
  Coordinates in Geometry Cycle 1
    Atom         X           Y           Z   (Angstrom)
    1.P        -0.901825    0.496929   -0.068811
    2.O        -1.200469   -1.143208   -0.047190
    3.O        -0.339030    2.089064   -0.071483
    4.O        -2.375186    0.866448   -0.171024
    5.O         0.704375    0.083688    0.044345
    6.H        -1.142912    2.649337   -0.137043
    7.H         1.249978    0.901241    0.059439
    8.H        -0.354253   -1.637572    0.015017
 <May06-2026> <10:56:36>  >>>> CORORT
 <May06-2026> <10:56:36>  >>>> CLSMAT
 <May06-2026> <10:56:36>  >>>> ORTHON
 <May06-2026> <10:56:36>  >>>> GENPT
 <May06-2026> <10:56:36>  Block Length= 128
 <May06-2026> <10:56:36>  >>>> PTBAS
 <May06-2026> <10:56:36>  combining surface points...
 <May06-2026> <10:56:36>  combining surface points...
 <May06-2026> <10:56:36>  combining surface points...
 <May06-2026> <10:56:36>  >>>> CYCLE
 <May06-2026> <10:56:36>              |Error|         MaxErr       Wt(A-DIIS)
 <May06-2026> <10:56:36>      1      2.41070218      0.61499418
 <May06-2026> <10:56:37>      2      1.49702805      0.30553750    100.0
 <May06-2026> <10:56:37>      3      0.46243487      0.08978366    100.0
 <May06-2026> <10:56:38>      4      0.18953294      0.05346394     53.0
 <May06-2026> <10:56:38>      5      0.33197271      0.09707255    100.0
 <May06-2026> <10:56:38>      6      0.11671211      0.02656926     25.8
 <May06-2026> <10:56:39>      7      0.06459270      0.01268907     11.8
 <May06-2026> <10:56:39>      8      0.01137897      0.00293845      2.0
 <May06-2026> <10:56:39>      9      0.00241036      0.00038789      0.0
 <May06-2026> <10:56:40>     10      0.00038842      0.00009706      0.0
 <May06-2026> <10:56:40>     11      0.00022140      0.00006188      0.0
 <May06-2026> <10:56:40>     12      0.00003190      0.00000684      0.0
 <May06-2026> <10:56:41>     13      0.00000194      0.00000046      0.0
 <May06-2026> <10:56:41>  SCF converged
 <May06-2026> <10:56:41>     14      0.00000054      0.00000011      0.0
 <May06-2026> <10:56:41>  >>>> TOTEN
 <May06-2026> <10:56:42>  >>>> POPAN
 <May06-2026> <10:56:42>  >>>> DEBYE
 <May06-2026> <10:56:42>  >>>> ENGRAD
 <May06-2026> <10:56:42>  current energy                               -1.60053132 Hartree
 <May06-2026> <10:56:42>  energy change                      -1.60053132     0.00100000    F
 <May06-2026> <10:56:42>  constrained gradient max            0.00046621     0.00100000    T
 <May06-2026> <10:56:42>  constrained gradient rms            0.00018936     0.00066667    T
 <May06-2026> <10:56:42>  gradient max                        0.00046621
 <May06-2026> <10:56:42>  gradient rms                        0.00018936
 <May06-2026> <10:56:42>  cart. step max                      0.01097217     0.01000000    F
 <May06-2026> <10:56:42>  cart. step rms                      0.00402816     0.00666667    T
  Coordinates in Geometry Cycle 2
    Atom         X           Y           Z   (Angstrom)
    1.P        -0.902633    0.497277   -0.057839
    2.O        -1.200008   -1.143586   -0.053580
    3.O        -0.338360    2.088871   -0.076215
    4.O        -2.375884    0.866267   -0.163547
    5.O         0.703711    0.084052    0.049724
    6.H        -1.141792    2.649424   -0.145417
    7.H         1.249429    0.901685    0.061547
    8.H        -0.353786   -1.638062    0.008577
 <May06-2026> <10:56:42>  >>>> CORORT
 <May06-2026> <10:56:42>  >>>> CLSMAT
 <May06-2026> <10:56:42>  >>>> ORTHON
 <May06-2026> <10:56:42>  >>>> GENPT
 <May06-2026> <10:56:42>  Block Length= 128
 <May06-2026> <10:56:42>  >>>> PTBAS
 <May06-2026> <10:56:42>  combining surface points...
 <May06-2026> <10:56:42>  combining surface points...
 <May06-2026> <10:56:42>  combining surface points...
 <May06-2026> <10:56:42>  >>>> CYCLE
 <May06-2026> <10:56:43>              |Error|         MaxErr       Wt(A-DIIS)
 <May06-2026> <10:56:43>      1      0.08300404      0.02020215
 <May06-2026> <10:56:43>      2      0.24026274      0.06921771    100.0
 <May06-2026> <10:56:44>      3      0.07518497      0.01687447    100.0
 <May06-2026> <10:56:44>      4      0.07100730      0.01797441     17.1
 <May06-2026> <10:56:44>      5      0.09356362      0.02111320    100.0
 <May06-2026> <10:56:45>      6      0.04871674      0.01185716     11.0
 <May06-2026> <10:56:45>      7      0.01241811      0.00363066      2.7
 <May06-2026> <10:56:46>      8      0.00138537      0.00025005      0.0
 <May06-2026> <10:56:46>      9      0.00071360      0.00019974      0.0
 <May06-2026> <10:56:46>     10      0.00016862      0.00004225      0.0
 <May06-2026> <10:56:47>     11      0.00003399      0.00000479      0.0
 <May06-2026> <10:56:47>     12      0.00000557      0.00000107      0.0
 <May06-2026> <10:56:47>     13      0.00000046      0.00000009      0.0
 <May06-2026> <10:56:47>  SCF converged
 <May06-2026> <10:56:48>     14      0.00000016      0.00000003      0.0
 <May06-2026> <10:56:48>  >>>> TOTEN
 <May06-2026> <10:56:48>  >>>> POPAN
 <May06-2026> <10:56:48>  >>>> DEBYE
 <May06-2026> <10:56:48>  >>>> ENGRAD
 <May06-2026> <10:56:49>  current energy                               -1.60051489 Hartree
 <May06-2026> <10:56:49>  energy change                       0.00001642     0.00100000    T
 <May06-2026> <10:56:49>  constrained gradient max            0.00556227     0.00100000    F
 <May06-2026> <10:56:49>  constrained gradient rms            0.00132263     0.00066667    F
 <May06-2026> <10:56:49>  gradient max                        0.00556227
 <May06-2026> <10:56:49>  gradient rms                        0.00132263
 <May06-2026> <10:56:49>  cart. step max                      0.02531479     0.01000000    F
 <May06-2026> <10:56:49>  cart. step rms                      0.00874768     0.00666667    F
  Coordinates in Geometry Cycle 3
    Atom         X           Y           Z   (Angstrom)
    1.P        -0.903195    0.497632   -0.050683
    2.O        -1.199155   -1.144115   -0.066190
    3.O        -0.336889    2.088277   -0.090630
    4.O        -2.377741    0.866215   -0.138232
    5.O         0.702309    0.084816    0.063783
    6.H        -1.139844    2.649428   -0.161602
    7.H         1.248120    0.902627    0.072025
    8.H        -0.352928   -1.638953   -0.005222
 <May06-2026> <10:56:49>  >>>> CORORT
 <May06-2026> <10:56:49>  >>>> CLSMAT
 <May06-2026> <10:56:49>  >>>> ORTHON
 <May06-2026> <10:56:49>  >>>> GENPT
 <May06-2026> <10:56:49>  Block Length= 128
 <May06-2026> <10:56:49>  >>>> PTBAS
 <May06-2026> <10:56:49>  combining surface points...
 <May06-2026> <10:56:49>  combining surface points...
 <May06-2026> <10:56:49>  combining surface points...
 <May06-2026> <10:56:49>  >>>> CYCLE
 <May06-2026> <10:56:49>              |Error|         MaxErr       Wt(A-DIIS)
 <May06-2026> <10:56:49>      1      0.08888614      0.02027263
 <May06-2026> <10:56:50>      2      0.24052519      0.06942225    100.0
 <May06-2026> <10:56:50>      3      0.07527248      0.01669386    100.0
 <May06-2026> <10:56:51>      4      0.07413967      0.01834906     17.5
 <May06-2026> <10:56:51>      5      0.09627497      0.02181713    100.0
 <May06-2026> <10:56:51>      6      0.04540005      0.01092724     10.0
 <May06-2026> <10:56:52>      7      0.01228684      0.00361355      2.6
 <May06-2026> <10:56:52>      8      0.00139418      0.00023584      0.0
 <May06-2026> <10:56:52>      9      0.00072260      0.00020208      0.0
 <May06-2026> <10:56:53>     10      0.00016576      0.00004118      0.0
 <May06-2026> <10:56:53>     11      0.00003353      0.00000488      0.0
 <May06-2026> <10:56:54>     12      0.00000563      0.00000110      0.0
 <May06-2026> <10:56:54>     13      0.00000044      0.00000008      0.0
 <May06-2026> <10:56:54>  SCF converged
 <May06-2026> <10:56:55>     14      0.00000015      0.00000003      0.0
 <May06-2026> <10:56:55>  >>>> TOTEN
 <May06-2026> <10:56:55>  >>>> POPAN
 <May06-2026> <10:56:55>  >>>> DEBYE
 <May06-2026> <10:56:55>  >>>> ENGRAD
 <May06-2026> <10:56:56>  current energy                               -1.60062526 Hartree
 <May06-2026> <10:56:56>  energy change                      -0.00011037     0.00100000    T
 <May06-2026> <10:56:56>  constrained gradient max            0.00672547     0.00100000    F
 <May06-2026> <10:56:56>  constrained gradient rms            0.00196598     0.00066667    F
 <May06-2026> <10:56:56>  gradient max                        0.00672547
 <May06-2026> <10:56:56>  gradient rms                        0.00196598
 <May06-2026> <10:56:56>  cart. step max                      0.30980643     0.01000000    F
 <May06-2026> <10:56:56>  cart. step rms                      0.11928130     0.00666667    F
  Coordinates in Geometry Cycle 4
    Atom         X           Y           Z   (Angstrom)
    1.P        -0.905689    0.505407    0.115898
    2.O        -1.193592   -1.109011   -0.215890
    3.O        -0.334503    2.045326   -0.282173
    4.O        -2.381222    0.876013    0.171574
    5.O         0.695172    0.089487    0.237376
    6.H        -1.136029    2.602780   -0.394141
    7.H         1.244526    0.905994    0.214340
    8.H        -0.347985   -1.610069   -0.223733
 <May06-2026> <10:56:56>  >>>> CORORT
 <May06-2026> <10:56:56>  >>>> CLSMAT
 <May06-2026> <10:56:56>  >>>> ORTHON
 <May06-2026> <10:56:56>  >>>> GENPT
 <May06-2026> <10:56:56>  Block Length= 128
 <May06-2026> <10:56:56>  >>>> PTBAS
 <May06-2026> <10:56:56>  combining surface points...
 <May06-2026> <10:56:57>  combining surface points...
 <May06-2026> <10:56:57>  >>>> CYCLE
 <May06-2026> <10:56:57>              |Error|         MaxErr       Wt(A-DIIS)
 <May06-2026> <10:56:57>      1      0.48131508      0.17489070
 <May06-2026> <10:56:58>      2      0.32003191      0.09082124    100.0
 <May06-2026> <10:56:58>      3      0.70499618      0.21712792    100.0
 <May06-2026> <10:56:59>      4      0.12030720      0.02721065     26.5
 <May06-2026> <10:56:59>      5      0.08209705      0.01589895     15.0
 <May06-2026> <10:56:59>      6      0.02750322      0.00561283      4.7
 <May06-2026> <10:57:00>      7      0.00983456      0.00283649      1.9
 <May06-2026> <10:57:00>      8      0.00315724      0.00071995      0.0
 <May06-2026> <10:57:00>      9      0.00052429      0.00011536      0.0
 <May06-2026> <10:57:01>     10      0.00007937      0.00001394      0.0
 <May06-2026> <10:57:01>     11      0.00007310      0.00001603      0.0
 <May06-2026> <10:57:01>     12      0.00000640      0.00000118      0.0
 <May06-2026> <10:57:02>     13      0.00000138      0.00000039      0.0
 <May06-2026> <10:57:02>  SCF converged
 <May06-2026> <10:57:02>     14      0.00000014      0.00000003      0.0
 <May06-2026> <10:57:02>  >>>> TOTEN
 <May06-2026> <10:57:03>  >>>> POPAN
 <May06-2026> <10:57:03>  >>>> DEBYE
 <May06-2026> <10:57:03>  >>>> ENGRAD
 <May06-2026> <10:57:03>  current energy                               -1.60934852 Hartree
 <May06-2026> <10:57:03>  energy change                      -0.00872326     0.00100000    F
 <May06-2026> <10:57:03>  constrained gradient max            0.07477624     0.00100000    F
 <May06-2026> <10:57:03>  constrained gradient rms            0.02033734     0.00066667    F
 <May06-2026> <10:57:03>  gradient max                        0.07477624
 <May06-2026> <10:57:03>  gradient rms                        0.02033734
 <May06-2026> <10:57:03>  cart. step max                      0.30182277     0.01000000    F
 <May06-2026> <10:57:03>  cart. step rms                      0.12087351     0.00666667    F
  Coordinates in Geometry Cycle 5
    Atom         X           Y           Z   (Angstrom)
    1.P        -0.893336    0.515037    0.241988
    2.O        -1.198281   -1.020411   -0.348809
    3.O        -0.355090    1.946782   -0.471604
    4.O        -2.346796    0.898308    0.473397
    5.O         0.698721    0.091468    0.406682
    6.H        -1.160892    2.492253   -0.610749
    7.H         1.254140    0.904348    0.375030
    8.H        -0.357788   -1.521858   -0.442684
 <May06-2026> <10:57:03>  >>>> CORORT
 <May06-2026> <10:57:03>  >>>> CLSMAT
 <May06-2026> <10:57:03>  >>>> ORTHON
 <May06-2026> <10:57:03>  >>>> GENPT
 <May06-2026> <10:57:03>  Block Length= 128
 <May06-2026> <10:57:03>  >>>> PTBAS
 <May06-2026> <10:57:03>  combining surface points...
 <May06-2026> <10:57:03>  combining surface points...
 <May06-2026> <10:57:03>  >>>> CYCLE
 <May06-2026> <10:57:04>              |Error|         MaxErr       Wt(A-DIIS)
 <May06-2026> <10:57:04>      1      0.46439410      0.15877844
 <May06-2026> <10:57:04>      2      0.27574523      0.06809944    100.0
 <May06-2026> <10:57:05>      3      0.54515341      0.16850146    100.0
 <May06-2026> <10:57:05>      4      0.06759232      0.01220133     11.3
 <May06-2026> <10:57:05>      5      0.05136596      0.01248809     11.3
 <May06-2026> <10:57:06>      6      0.01481962      0.00392778      3.0
 <May06-2026> <10:57:06>      7      0.00621883      0.00132263      0.3
 <May06-2026> <10:57:07>      8      0.00196908      0.00044323      0.0
 <May06-2026> <10:57:07>      9      0.00044174      0.00009737      0.0
 <May06-2026> <10:57:07>     10      0.00017407      0.00004575      0.0
 <May06-2026> <10:57:08>     11      0.00003517      0.00000778      0.0
 <May06-2026> <10:57:08>     12      0.00000393      0.00000093      0.0
 <May06-2026> <10:57:08>  SCF converged
 <May06-2026> <10:57:08>     13      0.00000075      0.00000019      0.0
 <May06-2026> <10:57:08>  >>>> TOTEN
 <May06-2026> <10:57:09>  >>>> POPAN
 <May06-2026> <10:57:09>  >>>> DEBYE
 <May06-2026> <10:57:09>  >>>> ENGRAD
 <May06-2026> <10:57:09>  current energy                               -1.63101434 Hartree
 <May06-2026> <10:57:09>  energy change                      -0.02166582     0.00100000    F
 <May06-2026> <10:57:09>  constrained gradient max            0.12162229     0.00100000    F
 <May06-2026> <10:57:09>  constrained gradient rms            0.03221032     0.00066667    F
 <May06-2026> <10:57:09>  gradient max                        0.12162229
 <May06-2026> <10:57:09>  gradient rms                        0.03221032
 <May06-2026> <10:57:09>  cart. step max                      0.30319818     0.01000000    F
 <May06-2026> <10:57:09>  cart. step rms                      0.13446622     0.00666667    F
  Coordinates in Geometry Cycle 6
    Atom         X           Y           Z   (Angstrom)
    1.P        -0.871533    0.528092    0.348729
    2.O        -1.207553   -0.874624   -0.488773
    3.O        -0.395726    1.785160   -0.659889
    4.O        -2.268128    0.931548    0.776595
    5.O         0.701459    0.092912    0.587885
    6.H        -1.207027    2.314543   -0.826617
    7.H         1.267123    0.899233    0.552634
    8.H        -0.377937   -1.370936   -0.667313
 <May06-2026> <10:57:09>  >>>> CORORT
 <May06-2026> <10:57:09>  >>>> CLSMAT
 <May06-2026> <10:57:09>  >>>> ORTHON
 <May06-2026> <10:57:09>  >>>> GENPT
 <May06-2026> <10:57:09>  Block Length= 128
 <May06-2026> <10:57:09>  >>>> PTBAS
 <May06-2026> <10:57:10>  combining surface points...
 <May06-2026> <10:57:10>  combining surface points...
 <May06-2026> <10:57:10>  combining surface points...
 <May06-2026> <10:57:10>  >>>> CYCLE
 <May06-2026> <10:57:10>              |Error|         MaxErr       Wt(A-DIIS)
 <May06-2026> <10:57:10>      1      0.49603153      0.16398811
 <May06-2026> <10:57:11>      2      0.25742828      0.05852692    100.0
 <May06-2026> <10:57:11>      3      0.53316693      0.16400875    100.0
 <May06-2026> <10:57:11>      4      0.06416374      0.01426356     13.4
 <May06-2026> <10:57:12>      5      0.03750452      0.00677998      5.8
 <May06-2026> <10:57:12>      6      0.01122716      0.00267822      1.7
 <May06-2026> <10:57:12>      7      0.00398333      0.00092060      0.0
 <May06-2026> <10:57:13>      8      0.00168996      0.00038669      0.0
 <May06-2026> <10:57:13>      9      0.00031282      0.00005722      0.0
 <May06-2026> <10:57:14>     10      0.00007496      0.00001763      0.0
 <May06-2026> <10:57:14>     11      0.00004361      0.00000944      0.0
 <May06-2026> <10:57:14>     12      0.00000364      0.00000085      0.0
 <May06-2026> <10:57:14>  SCF converged
 <May06-2026> <10:57:15>     13      0.00000060      0.00000015      0.0
 <May06-2026> <10:57:15>  >>>> TOTEN
 <May06-2026> <10:57:15>  >>>> POPAN
 <May06-2026> <10:57:15>  >>>> DEBYE
 <May06-2026> <10:57:15>  >>>> ENGRAD
 <May06-2026> <10:57:15>  current energy                               -1.65695394 Hartree
 <May06-2026> <10:57:15>  energy change                      -0.02593959     0.00100000    F
 <May06-2026> <10:57:15>  constrained gradient max            0.15937834     0.00100000    F
 <May06-2026> <10:57:15>  constrained gradient rms            0.03977651     0.00066667    F
 <May06-2026> <10:57:15>  gradient max                        0.15937834
 <May06-2026> <10:57:15>  gradient rms                        0.03977651
 <May06-2026> <10:57:15>  cart. step max                      0.28265211     0.01000000    F
 <May06-2026> <10:57:15>  cart. step rms                      0.11746144     0.00666667    F
  Coordinates in Geometry Cycle 7
    Atom         X           Y           Z   (Angstrom)
    1.P        -0.867511    0.529380    0.312061
    2.O        -1.220984   -0.774077   -0.586287
    3.O        -0.430697    1.631520   -0.816855
    4.O        -2.080100    0.943684    1.059247
    5.O         0.646699    0.112045    0.736521
    6.H        -1.225310    2.183935   -0.976419
    7.H         1.213144    0.916721    0.728365
    8.H        -0.394563   -1.237282   -0.833383
 <May06-2026> <10:57:16>  >>>> CORORT
 <May06-2026> <10:57:16>  >>>> CLSMAT
 <May06-2026> <10:57:16>  >>>> ORTHON
 <May06-2026> <10:57:16>  >>>> GENPT
 <May06-2026> <10:57:16>  Block Length= 128
 <May06-2026> <10:57:16>  >>>> PTBAS
 <May06-2026> <10:57:16>  combining surface points...
 <May06-2026> <10:57:16>  combining surface points...
 <May06-2026> <10:57:16>  combining surface points...
 <May06-2026> <10:57:16>  >>>> CYCLE
 <May06-2026> <10:57:16>              |Error|         MaxErr       Wt(A-DIIS)
 <May06-2026> <10:57:16>      1      0.57048874      0.24701255
 <May06-2026> <10:57:17>      2      0.12154000      0.03378646    100.0
 <May06-2026> <10:57:17>      3      0.09981602      0.02827242    100.0
 <May06-2026> <10:57:17>      4      0.09954548      0.02805398     27.3
 <May06-2026> <10:57:18>      5      0.04219901      0.00891112      8.0
 <May06-2026> <10:57:18>      6      0.01548849      0.00418439      3.2
 <May06-2026> <10:57:19>      7      0.00991995      0.00254612      1.6
 <May06-2026> <10:57:19>      8      0.00203607      0.00043797      0.0
 <May06-2026> <10:57:19>      9      0.00063729      0.00014768      0.0
 <May06-2026> <10:57:20>     10      0.00017815      0.00004598      0.0
 <May06-2026> <10:57:20>     11      0.00008611      0.00001998      0.0
 <May06-2026> <10:57:20>     12      0.00000556      0.00000092      0.0
 <May06-2026> <10:57:20>  SCF converged
 <May06-2026> <10:57:21>     13      0.00000113      0.00000020      0.0
 <May06-2026> <10:57:21>  >>>> TOTEN
 <May06-2026> <10:57:21>  >>>> POPAN
 <May06-2026> <10:57:21>  >>>> DEBYE
 <May06-2026> <10:57:21>  >>>> ENGRAD
 <May06-2026> <10:57:22>  current energy                               -1.68880261 Hartree
 <May06-2026> <10:57:22>  energy change                      -0.03184867     0.00100000    F
 <May06-2026> <10:57:22>  constrained gradient max            0.09653097     0.00100000    F
 <May06-2026> <10:57:22>  constrained gradient rms            0.02435934     0.00066667    F
 <May06-2026> <10:57:22>  gradient max                        0.09653097
 <May06-2026> <10:57:22>  gradient rms                        0.02435934
 <May06-2026> <10:57:22>  cart. step max                      0.25334643     0.01000000    F
 <May06-2026> <10:57:22>  cart. step rms                      0.11051777     0.00666667    F
  Coordinates in Geometry Cycle 8
    Atom         X           Y           Z   (Angstrom)
    1.P        -0.915976    0.503107    0.058714
    2.O        -1.204545   -0.926761   -0.454066
    3.O        -0.403343    1.735708   -0.766453
    4.O        -1.930419    0.874544    1.015803
    5.O         0.521850    0.143381    0.644376
    6.H        -1.134546    2.382663   -0.849669
    7.H         1.074759    0.949052    0.682631
    8.H        -0.367102   -1.355766   -0.708086
 <May06-2026> <10:57:22>  >>>> CORORT
 <May06-2026> <10:57:22>  >>>> CLSMAT
 <May06-2026> <10:57:22>  >>>> ORTHON
 <May06-2026> <10:57:22>  >>>> GENPT
 <May06-2026> <10:57:22>  Block Length= 128
 <May06-2026> <10:57:22>  >>>> PTBAS
 <May06-2026> <10:57:22>  combining surface points...
 <May06-2026> <10:57:22>  combining surface points...
 <May06-2026> <10:57:22>  combining surface points...
 <May06-2026> <10:57:22>  >>>> CYCLE
 <May06-2026> <10:57:22>              |Error|         MaxErr       Wt(A-DIIS)
 <May06-2026> <10:57:22>      1      0.70330480      0.17397945
 <May06-2026> <10:57:23>      2      0.19089947      0.04575741    100.0
 <May06-2026> <10:57:23>      3      0.13583586      0.03210875    100.0
 <May06-2026> <10:57:24>      4      0.19707131      0.05148098    100.0
 <May06-2026> <10:57:24>      5      0.03241247      0.00705506      6.1
 <May06-2026> <10:57:24>      6      0.01070930      0.00329018      2.3
 <May06-2026> <10:57:25>      7      0.00439507      0.00103622      0.0
 <May06-2026> <10:57:25>      8      0.00101800      0.00022435      0.0
 <May06-2026> <10:57:26>      9      0.00044168      0.00010429      0.0
 <May06-2026> <10:57:26>     10      0.00003171      0.00000574      0.0
 <May06-2026> <10:57:26>     11      0.00002023      0.00000404      0.0
 <May06-2026> <10:57:27>     12      0.00000551      0.00000138      0.0
 <May06-2026> <10:57:27>     13      0.00000021      0.00000005      0.0
 <May06-2026> <10:57:27>  SCF converged
 <May06-2026> <10:57:27>     14      0.00000005      0.00000001      0.0
 <May06-2026> <10:57:27>  >>>> TOTEN
 <May06-2026> <10:57:28>  >>>> POPAN
 <May06-2026> <10:57:28>  >>>> DEBYE
 <May06-2026> <10:57:28>  >>>> ENGRAD
 <May06-2026> <10:57:28>  current energy                               -1.67499996 Hartree
 <May06-2026> <10:57:28>  energy change                       0.01380264     0.00100000    F
 <May06-2026> <10:57:28>  constrained gradient max            0.10176331     0.00100000    F
 <May06-2026> <10:57:28>  constrained gradient rms            0.04491626     0.00066667    F
 <May06-2026> <10:57:28>  gradient max                        0.10176331
 <May06-2026> <10:57:28>  gradient rms                        0.04491626
 <May06-2026> <10:57:28>  cart. step max                      0.07595735     0.01000000    F
 <May06-2026> <10:57:28>  cart. step rms                      0.04398541     0.00666667    F
  Coordinates in Geometry Cycle 9
    Atom         X           Y           Z   (Angstrom)
    1.P        -0.880804    0.509166    0.110458
    2.O        -1.223085   -0.893946   -0.509347
    3.O        -0.430399    1.720815   -0.813368
    4.O        -1.927944    0.891798    1.070661
    5.O         0.565021    0.143707    0.712922
    6.H        -1.184585    2.338923   -0.925333
    7.H         1.124213    0.945109    0.758588
    8.H        -0.401738   -1.349644   -0.781331
 <May06-2026> <10:57:28>  >>>> CORORT
 <May06-2026> <10:57:28>  >>>> CLSMAT
 <May06-2026> <10:57:28>  >>>> ORTHON
 <May06-2026> <10:57:28>  >>>> GENPT
 <May06-2026> <10:57:28>  Block Length= 128
 <May06-2026> <10:57:28>  >>>> PTBAS
 <May06-2026> <10:57:28>  combining surface points...
 <May06-2026> <10:57:28>  combining surface points...
 <May06-2026> <10:57:28>  combining surface points...
 <May06-2026> <10:57:28>  >>>> CYCLE
 <May06-2026> <10:57:29>              |Error|         MaxErr       Wt(A-DIIS)
 <May06-2026> <10:57:29>      1      0.22087447      0.04742369
 <May06-2026> <10:57:29>      2      0.22102839      0.04279335    100.0
 <May06-2026> <10:57:30>      3      0.50767044      0.15001114    100.0
 <May06-2026> <10:57:30>      4      0.06543732      0.01407389     13.2
 <May06-2026> <10:57:31>      5      0.03539773      0.00683039      5.9
 <May06-2026> <10:57:31>      6      0.00914136      0.00189624      0.9
 <May06-2026> <10:57:31>      7      0.00223365      0.00047237      0.0
 <May06-2026> <10:57:32>      8      0.00114936      0.00022318      0.0
 <May06-2026> <10:57:32>      9      0.00018991      0.00003711      0.0
 <May06-2026> <10:57:32>     10      0.00002603      0.00000451      0.0
 <May06-2026> <10:57:33>     11      0.00001408      0.00000349      0.0
 <May06-2026> <10:57:33>     12      0.00000513      0.00000117      0.0
 <May06-2026> <10:57:33>     13      0.00000027      0.00000007      0.0
 <May06-2026> <10:57:33>  SCF converged
 <May06-2026> <10:57:34>     14      0.00000004      0.00000001      0.0
 <May06-2026> <10:57:34>  >>>> TOTEN
 <May06-2026> <10:57:34>  >>>> POPAN
 <May06-2026> <10:57:34>  >>>> DEBYE
 <May06-2026> <10:57:34>  >>>> ENGRAD
 <May06-2026> <10:57:35>  current energy                               -1.69215916 Hartree
 <May06-2026> <10:57:35>  energy change                      -0.01715919     0.00100000    F
 <May06-2026> <10:57:35>  constrained gradient max            0.06393427     0.00100000    F
 <May06-2026> <10:57:35>  constrained gradient rms            0.02287554     0.00066667    F
 <May06-2026> <10:57:35>  gradient max                        0.06393427
 <May06-2026> <10:57:35>  gradient rms                        0.02287554
 <May06-2026> <10:57:35>  cart. step max                      0.06736033     0.01000000    F
 <May06-2026> <10:57:35>  cart. step rms                      0.03390964     0.00666667    F
  Coordinates in Geometry Cycle 10
    Atom         X           Y           Z   (Angstrom)
    1.P        -0.865821    0.516614    0.157069
    2.O        -1.229308   -0.861729   -0.544647
    3.O        -0.448111    1.687622   -0.849790
    4.O        -1.912579    0.898838    1.126540
    5.O         0.577011    0.148837    0.760228
    6.H        -1.204454    2.298177   -0.986922
    7.H         1.145340    0.945854    0.809463
    8.H        -0.421399   -1.328286   -0.848691
 <May06-2026> <10:57:35>  >>>> CORORT
 <May06-2026> <10:57:35>  >>>> CLSMAT
 <May06-2026> <10:57:35>  >>>> ORTHON
 <May06-2026> <10:57:35>  >>>> GENPT
 <May06-2026> <10:57:35>  Block Length= 128
 <May06-2026> <10:57:35>  >>>> PTBAS
 <May06-2026> <10:57:35>  combining surface points...
 <May06-2026> <10:57:35>  combining surface points...
 <May06-2026> <10:57:35>  combining surface points...
 <May06-2026> <10:57:35>  >>>> CYCLE
 <May06-2026> <10:57:35>              |Error|         MaxErr       Wt(A-DIIS)
 <May06-2026> <10:57:35>      1      0.16772691      0.03194234
 <May06-2026> <10:57:36>      2      0.21649591      0.04718017    100.0
 <May06-2026> <10:57:36>      3      0.42490099      0.13295177    100.0
 <May06-2026> <10:57:37>      4      0.04015026      0.00633258      5.4
 <May06-2026> <10:57:37>      5      0.02956423      0.00585851      4.9
 <May06-2026> <10:57:37>      6      0.00881677      0.00197072      1.0
 <May06-2026> <10:57:38>      7      0.00238624      0.00058226      0.0
 <May06-2026> <10:57:38>      8      0.00129868      0.00026690      0.0
 <May06-2026> <10:57:38>      9      0.00016730      0.00002287      0.0
 <May06-2026> <10:57:39>     10      0.00002485      0.00000503      0.0
 <May06-2026> <10:57:39>     11      0.00001246      0.00000320      0.0
 <May06-2026> <10:57:40>     12      0.00000539      0.00000113      0.0
 <May06-2026> <10:57:40>     13      0.00000019      0.00000003      0.0
 <May06-2026> <10:57:40>  SCF converged
 <May06-2026> <10:57:40>     14      0.00000003      0.00000001      0.0
 <May06-2026> <10:57:40>  >>>> TOTEN
 <May06-2026> <10:57:41>  >>>> POPAN
 <May06-2026> <10:57:41>  >>>> DEBYE
 <May06-2026> <10:57:41>  >>>> ENGRAD
 <May06-2026> <10:57:41>  current energy                               -1.69814495 Hartree
 <May06-2026> <10:57:41>  energy change                      -0.00598580     0.00100000    F
 <May06-2026> <10:57:41>  constrained gradient max            0.03384719     0.00100000    F
 <May06-2026> <10:57:41>  constrained gradient rms            0.01250698     0.00066667    F
 <May06-2026> <10:57:41>  gradient max                        0.03384719
 <May06-2026> <10:57:41>  gradient rms                        0.01250698
 <May06-2026> <10:57:41>  cart. step max                      0.05679133     0.01000000    F
 <May06-2026> <10:57:41>  cart. step rms                      0.02762109     0.00666667    F
  Coordinates in Geometry Cycle 11
    Atom         X           Y           Z   (Angstrom)
    1.P        -0.852772    0.520931    0.208984
    2.O        -1.233370   -0.838674   -0.553522
    3.O        -0.459205    1.658346   -0.864441
    4.O        -1.943894    0.911535    1.141865
    5.O         0.609296    0.150755    0.778956
    6.H        -1.219972    2.255345   -1.026754
    7.H         1.182095    0.944081    0.843645
    8.H        -0.441500   -1.296392   -0.905482
 <May06-2026> <10:57:41>  >>>> CORORT
 <May06-2026> <10:57:41>  >>>> CLSMAT
 <May06-2026> <10:57:41>  >>>> ORTHON
 <May06-2026> <10:57:41>  >>>> GENPT
 <May06-2026> <10:57:41>  Block Length= 128
 <May06-2026> <10:57:41>  >>>> PTBAS
 <May06-2026> <10:57:41>  combining surface points...
 <May06-2026> <10:57:41>  combining surface points...
 <May06-2026> <10:57:41>  combining surface points...
 <May06-2026> <10:57:41>  >>>> CYCLE
 <May06-2026> <10:57:42>              |Error|         MaxErr       Wt(A-DIIS)
 <May06-2026> <10:57:42>      1      0.16140498      0.03390496
 <May06-2026> <10:57:42>      2      0.21974678      0.04809161    100.0
 <May06-2026> <10:57:43>      3      0.51921918      0.16095969    100.0
 <May06-2026> <10:57:43>      4      0.06625640      0.01748299     16.6
 <May06-2026> <10:57:44>      5      0.03376249      0.00590341      5.0
 <May06-2026> <10:57:44>      6      0.00898754      0.00185200      0.9
 <May06-2026> <10:57:45>      7      0.00170839      0.00035205      0.0
 <May06-2026> <10:57:45>      8      0.00111352      0.00023254      0.0
 <May06-2026> <10:57:45>      9      0.00007670      0.00001099      0.0
 <May06-2026> <10:57:46>     10      0.00002131      0.00000281      0.0
 <May06-2026> <10:57:46>     11      0.00001040      0.00000262      0.0
 <May06-2026> <10:57:47>     12      0.00000406      0.00000080      0.0
 <May06-2026> <10:57:47>  SCF converged
 <May06-2026> <10:57:47>     13      0.00000035      0.00000008      0.0
 <May06-2026> <10:57:47>  >>>> TOTEN
 <May06-2026> <10:57:48>  >>>> POPAN
 <May06-2026> <10:57:48>  >>>> DEBYE
 <May06-2026> <10:57:48>  >>>> ENGRAD
 <May06-2026> <10:57:48>  current energy                               -1.70052653 Hartree
 <May06-2026> <10:57:48>  energy change                      -0.00238158     0.00100000    F
 <May06-2026> <10:57:48>  constrained gradient max            0.00539191     0.00100000    F
 <May06-2026> <10:57:48>  constrained gradient rms            0.00239592     0.00066667    F
 <May06-2026> <10:57:48>  gradient max                        0.00539191
 <May06-2026> <10:57:48>  gradient rms                        0.00239592
 <May06-2026> <10:57:48>  cart. step max                      0.09901535     0.01000000    F
 <May06-2026> <10:57:48>  cart. step rms                      0.03973588     0.00666667    F
  Coordinates in Geometry Cycle 12
    Atom         X           Y           Z   (Angstrom)
    1.P        -0.830181    0.516136    0.207003
    2.O        -1.238902   -0.843329   -0.526205
    3.O        -0.476811    1.620621   -0.907525
    4.O        -1.878303    0.919912    1.175063
    5.O         0.618966    0.161549    0.802717
    6.H        -1.234953    2.221327   -1.069240
    7.H         1.167215    0.960834    0.942661
    8.H        -0.486352   -1.251123   -1.001224
 <May06-2026> <10:57:48>  >>>> CORORT
 <May06-2026> <10:57:48>  >>>> CLSMAT
 <May06-2026> <10:57:48>  >>>> ORTHON
 <May06-2026> <10:57:48>  >>>> GENPT
 <May06-2026> <10:57:48>  Block Length= 128
 <May06-2026> <10:57:48>  >>>> PTBAS
 <May06-2026> <10:57:48>  combining surface points...
 <May06-2026> <10:57:48>  combining surface points...
 <May06-2026> <10:57:49>  combining surface points...
 <May06-2026> <10:57:49>  >>>> CYCLE
 <May06-2026> <10:57:49>              |Error|         MaxErr       Wt(A-DIIS)
 <May06-2026> <10:57:49>      1      0.17298644      0.04576994
 <May06-2026> <10:57:49>      2      0.17595568      0.03350753    100.0
 <May06-2026> <10:57:50>      3      0.07727796      0.01764638    100.0
 <May06-2026> <10:57:50>      4      0.08669542      0.01975987    100.0
 <May06-2026> <10:57:51>      5      0.13318310      0.04128475    100.0
 <May06-2026> <10:57:51>      6      0.01981838      0.00626246      5.3
 <May06-2026> <10:57:51>      7      0.00403003      0.00061727      0.0
 <May06-2026> <10:57:52>      8      0.00175779      0.00046946      0.0
 <May06-2026> <10:57:52>      9      0.00054437      0.00011596      0.0
 <May06-2026> <10:57:52>     10      0.00006516      0.00001296      0.0
 <May06-2026> <10:57:53>     11      0.00000832      0.00000179      0.0
 <May06-2026> <10:57:53>     12      0.00000291      0.00000077      0.0
 <May06-2026> <10:57:53>  SCF converged
 <May06-2026> <10:57:53>     13      0.00000140      0.00000025      0.0
 <May06-2026> <10:57:54>  >>>> TOTEN
 <May06-2026> <10:57:54>  >>>> POPAN
 <May06-2026> <10:57:54>  >>>> DEBYE
 <May06-2026> <10:57:54>  >>>> ENGRAD
 <May06-2026> <10:57:54>  current energy                               -1.70115271 Hartree
 <May06-2026> <10:57:54>  energy change                      -0.00062618     0.00100000    T
 <May06-2026> <10:57:54>  constrained gradient max            0.00977624     0.00100000    F
 <May06-2026> <10:57:54>  constrained gradient rms            0.00435453     0.00066667    F
 <May06-2026> <10:57:54>  gradient max                        0.00977624
 <May06-2026> <10:57:54>  gradient rms                        0.00435453
 <May06-2026> <10:57:54>  cart. step max                      0.07618494     0.01000000    F
 <May06-2026> <10:57:54>  cart. step rms                      0.02869577     0.00666667    F
  Coordinates in Geometry Cycle 13
    Atom         X           Y           Z   (Angstrom)
    1.P        -0.816748    0.514403    0.216951
    2.O        -1.229892   -0.862516   -0.487029
    3.O        -0.478988    1.595711   -0.928569
    4.O        -1.862887    0.934090    1.183763
    5.O         0.641007    0.169313    0.795428
    6.H        -1.239806    2.192769   -1.090203
    7.H         1.157107    0.973857    1.010317
    8.H        -0.529114   -1.211700   -1.077409
 <May06-2026> <10:57:54>  >>>> CORORT
 <May06-2026> <10:57:54>  >>>> CLSMAT
 <May06-2026> <10:57:54>  >>>> ORTHON
 <May06-2026> <10:57:54>  >>>> GENPT
 <May06-2026> <10:57:55>  Block Length= 128
 <May06-2026> <10:57:55>  >>>> PTBAS
 <May06-2026> <10:57:55>  combining surface points...
 <May06-2026> <10:57:55>  combining surface points...
 <May06-2026> <10:57:55>  combining surface points...
 <May06-2026> <10:57:55>  >>>> CYCLE
 <May06-2026> <10:57:55>              |Error|         MaxErr       Wt(A-DIIS)
 <May06-2026> <10:57:55>      1      0.14561636      0.04336639
 <May06-2026> <10:57:56>      2      0.19695499      0.04109292    100.0
 <May06-2026> <10:57:56>      3      0.29316006      0.09517016    100.0
 <May06-2026> <10:57:56>      4      0.10443770      0.03111140     30.4
 <May06-2026> <10:57:57>      5      0.04786291      0.01095397     10.1
 <May06-2026> <10:57:57>      6      0.01159422      0.00251680      1.5
 <May06-2026> <10:57:58>      7      0.00253696      0.00052754      0.0
 <May06-2026> <10:57:58>      8      0.00124981      0.00027811      0.0
 <May06-2026> <10:57:58>      9      0.00030057      0.00005207      0.0
 <May06-2026> <10:57:59>     10      0.00002397      0.00000649      0.0
 <May06-2026> <10:57:59>     11      0.00000421      0.00000085      0.0
 <May06-2026> <10:57:59>  SCF converged
 <May06-2026> <10:57:59>     12      0.00000176      0.00000040      0.0
 <May06-2026> <10:57:59>  >>>> TOTEN
 <May06-2026> <10:58:00>  >>>> POPAN
 <May06-2026> <10:58:00>  >>>> DEBYE
 <May06-2026> <10:58:00>  >>>> ENGRAD
 <May06-2026> <10:58:00>  current energy                               -1.70165085 Hartree
 <May06-2026> <10:58:00>  energy change                      -0.00049814     0.00100000    T
 <May06-2026> <10:58:00>  constrained gradient max            0.00587308     0.00100000    F
 <May06-2026> <10:58:00>  constrained gradient rms            0.00280929     0.00066667    F
 <May06-2026> <10:58:00>  gradient max                        0.00587308
 <May06-2026> <10:58:00>  gradient rms                        0.00280929
 <May06-2026> <10:58:00>  cart. step max                      0.09703207     0.01000000    F
 <May06-2026> <10:58:00>  cart. step rms                      0.03752355     0.00666667    F
  Coordinates in Geometry Cycle 14
    Atom         X           Y           Z   (Angstrom)
    1.P        -0.796761    0.514786    0.223843
    2.O        -1.210407   -0.879223   -0.447958
    3.O        -0.478724    1.570257   -0.952857
    4.O        -1.832434    0.946306    1.197422
    5.O         0.672417    0.183129    0.778569
    6.H        -1.253090    2.147084   -1.124331
    7.H         1.135111    0.982639    1.107349
    8.H        -0.595434   -1.159052   -1.158788
 <May06-2026> <10:58:00>  >>>> CORORT
 <May06-2026> <10:58:00>  >>>> CLSMAT
 <May06-2026> <10:58:00>  >>>> ORTHON
 <May06-2026> <10:58:00>  >>>> GENPT
 <May06-2026> <10:58:00>  Block Length= 128
 <May06-2026> <10:58:00>  >>>> PTBAS
 <May06-2026> <10:58:01>  combining surface points...
 <May06-2026> <10:58:01>  combining surface points...
 <May06-2026> <10:58:01>  combining surface points...
 <May06-2026> <10:58:01>  >>>> CYCLE
 <May06-2026> <10:58:01>              |Error|         MaxErr       Wt(A-DIIS)
 <May06-2026> <10:58:01>      1      0.16655096      0.04684996
 <May06-2026> <10:58:02>      2      0.19565292      0.04065833    100.0
 <May06-2026> <10:58:02>      3      0.32771672      0.10584861    100.0
 <May06-2026> <10:58:02>      4      0.08159853      0.02322360     22.4
 <May06-2026> <10:58:03>      5      0.04561378      0.01058873      9.7
 <May06-2026> <10:58:03>      6      0.01070913      0.00228772      1.3
 <May06-2026> <10:58:03>      7      0.00233812      0.00038342      0.0
 <May06-2026> <10:58:04>      8      0.00112001      0.00024004      0.0
 <May06-2026> <10:58:04>      9      0.00031293      0.00006122      0.0
 <May06-2026> <10:58:05>     10      0.00002450      0.00000656      0.0
 <May06-2026> <10:58:05>     11      0.00000474      0.00000090      0.0
 <May06-2026> <10:58:05>  SCF converged
 <May06-2026> <10:58:05>     12      0.00000287      0.00000067      0.0
 <May06-2026> <10:58:05>  >>>> TOTEN
 <May06-2026> <10:58:06>  >>>> POPAN
 <May06-2026> <10:58:06>  >>>> DEBYE
 <May06-2026> <10:58:06>  >>>> ENGRAD
 <May06-2026> <10:58:06>  current energy                               -1.70192160 Hartree
 <May06-2026> <10:58:06>  energy change                      -0.00027075     0.00100000    T
 <May06-2026> <10:58:06>  constrained gradient max            0.00346918     0.00100000    F
 <May06-2026> <10:58:06>  constrained gradient rms            0.00179946     0.00066667    F
 <May06-2026> <10:58:06>  gradient max                        0.00346918
 <May06-2026> <10:58:06>  gradient rms                        0.00179946
 <May06-2026> <10:58:06>  cart. step max                      0.10285284     0.01000000    F
 <May06-2026> <10:58:06>  cart. step rms                      0.03914083     0.00666667    F
  Coordinates in Geometry Cycle 15
    Atom         X           Y           Z   (Angstrom)
    1.P        -0.778762    0.525047    0.235275
    2.O        -1.190498   -0.877574   -0.433606
    3.O        -0.477738    1.557937   -0.970311
    4.O        -1.796399    0.963890    1.229634
    5.O         0.705231    0.196699    0.755929
    6.H        -1.283340    2.076426   -1.182497
    7.H         1.112099    0.966227    1.210202
    8.H        -0.649914   -1.102724   -1.221376
 <May06-2026> <10:58:06>  >>>> CORORT
 <May06-2026> <10:58:06>  >>>> CLSMAT
 <May06-2026> <10:58:06>  >>>> ORTHON
 <May06-2026> <10:58:06>  >>>> GENPT
 <May06-2026> <10:58:06>  Block Length= 128
 <May06-2026> <10:58:06>  >>>> PTBAS
 <May06-2026> <10:58:06>  combining surface points...
 <May06-2026> <10:58:06>  combining surface points...
 <May06-2026> <10:58:06>  combining surface points...
 <May06-2026> <10:58:06>  >>>> CYCLE
 <May06-2026> <10:58:07>              |Error|         MaxErr       Wt(A-DIIS)
 <May06-2026> <10:58:07>      1      0.16225110      0.04717342
 <May06-2026> <10:58:07>      2      0.20123020      0.04279893    100.0
 <May06-2026> <10:58:08>      3      0.41844605      0.13285750    100.0
 <May06-2026> <10:58:08>      4      0.03914157      0.00755221      6.6
 <May06-2026> <10:58:09>      5      0.02633055      0.00469883      3.7
 <May06-2026> <10:58:09>      6      0.00951304      0.00197607      1.0
 <May06-2026> <10:58:09>      7      0.00210776      0.00036904      0.0
 <May06-2026> <10:58:10>      8      0.00110622      0.00023652      0.0
 <May06-2026> <10:58:10>      9      0.00025314      0.00004291      0.0
 <May06-2026> <10:58:10>     10      0.00002316      0.00000603      0.0
 <May06-2026> <10:58:11>     11      0.00000491      0.00000106      0.0
 <May06-2026> <10:58:11>     12      0.00000336      0.00000081      0.0
 <May06-2026> <10:58:11>  SCF converged
 <May06-2026> <10:58:11>     13      0.00000026      0.00000006      0.0
 <May06-2026> <10:58:11>  >>>> TOTEN
 <May06-2026> <10:58:12>  >>>> POPAN
 <May06-2026> <10:58:12>  >>>> DEBYE
 <May06-2026> <10:58:12>  >>>> ENGRAD
 <May06-2026> <10:58:12>  current energy                               -1.70196075 Hartree
 <May06-2026> <10:58:12>  energy change                      -0.00003914     0.00100000    T
 <May06-2026> <10:58:12>  constrained gradient max            0.00507888     0.00100000    F
 <May06-2026> <10:58:12>  constrained gradient rms            0.00199356     0.00066667    F
 <May06-2026> <10:58:12>  gradient max                        0.00507888
 <May06-2026> <10:58:12>  gradient rms                        0.00199356
 <May06-2026> <10:58:12>  cart. step max                      0.01688248     0.01000000    F
 <May06-2026> <10:58:12>  cart. step rms                      0.00729975     0.00666667    F
  Coordinates in Geometry Cycle 16
    Atom         X           Y           Z   (Angstrom)
    1.P        -0.780907    0.523793    0.230796
    2.O        -1.201646   -0.872558   -0.440805
    3.O        -0.477592    1.568968   -0.962024
    4.O        -1.794540    0.960132    1.226604
    5.O         0.701230    0.191777    0.757660
    6.H        -1.284946    2.081364   -1.182360
    7.H         1.114234    0.965366    1.197873
    8.H        -0.635155   -1.112916   -1.204494
 <May06-2026> <10:58:12>  >>>> CORORT
 <May06-2026> <10:58:12>  >>>> CLSMAT
 <May06-2026> <10:58:12>  >>>> ORTHON
 <May06-2026> <10:58:12>  >>>> GENPT
 <May06-2026> <10:58:12>  Block Length= 128
 <May06-2026> <10:58:12>  >>>> PTBAS
 <May06-2026> <10:58:13>  combining surface points...
 <May06-2026> <10:58:13>  combining surface points...
 <May06-2026> <10:58:13>  combining surface points...
 <May06-2026> <10:58:13>  combining surface points...
 <May06-2026> <10:58:13>  >>>> CYCLE
 <May06-2026> <10:58:13>              |Error|         MaxErr       Wt(A-DIIS)
 <May06-2026> <10:58:13>      1      0.09390762      0.01489142
 <May06-2026> <10:58:14>      2      0.17878345      0.03524851    100.0
 <May06-2026> <10:58:14>      3      0.08520351      0.01567432    100.0
 <May06-2026> <10:58:14>      4      0.08272908      0.01248395     11.6
 <May06-2026> <10:58:15>      5      0.03713331      0.00878676      7.9
 <May06-2026> <10:58:15>      6      0.01292683      0.00255759      1.6
 <May06-2026> <10:58:15>      7      0.00309382      0.00066428      0.0
 <May06-2026> <10:58:16>      8      0.00120931      0.00027392      0.0
 <May06-2026> <10:58:16>      9      0.00035790      0.00007396      0.0
 <May06-2026> <10:58:17>     10      0.00002426      0.00000635      0.0
 <May06-2026> <10:58:17>     11      0.00001038      0.00000245      0.0
 <May06-2026> <10:58:17>     12      0.00000614      0.00000136      0.0
 <May06-2026> <10:58:18>     13      0.00000036      0.00000008      0.0
 <May06-2026> <10:58:18>  SCF converged
 <May06-2026> <10:58:18>     14      0.00000006      0.00000001      0.0
 <May06-2026> <10:58:18>  >>>> TOTEN
 <May06-2026> <10:58:18>  >>>> POPAN
 <May06-2026> <10:58:18>  >>>> DEBYE
 <May06-2026> <10:58:18>  >>>> ENGRAD
 <May06-2026> <10:58:19>  current energy                               -1.70203474 Hartree
 <May06-2026> <10:58:19>  energy change                      -0.00007400     0.00100000    T
 <May06-2026> <10:58:19>  constrained gradient max            0.00089907     0.00100000    T
 <May06-2026> <10:58:19>  constrained gradient rms            0.00038867     0.00066667    T
 <May06-2026> <10:58:19>  gradient max                        0.00089907
 <May06-2026> <10:58:19>  gradient rms                        0.00038867
 <May06-2026> <10:58:19>  cart. step max                      0.01558205     0.01000000    F
 <May06-2026> <10:58:19>  cart. step rms                      0.00667576     0.00666667    F
  Coordinates in Geometry Cycle 17
    Atom         X           Y           Z   (Angstrom)
    1.P        -0.780270    0.526477    0.230990
    2.O        -1.208043   -0.864836   -0.446237
    3.O        -0.476557    1.577952   -0.956050
    4.O        -1.787169    0.959553    1.235024
    5.O         0.703513    0.190499    0.751159
    6.H        -1.291515    2.068217   -1.197942
    7.H         1.110722    0.958565    1.206122
    8.H        -0.630002   -1.110500   -1.199817
 <May06-2026> <10:58:19>  >>>> CORORT
 <May06-2026> <10:58:19>  >>>> CLSMAT
 <May06-2026> <10:58:19>  >>>> ORTHON
 <May06-2026> <10:58:19>  >>>> GENPT
 <May06-2026> <10:58:19>  Block Length= 128
 <May06-2026> <10:58:19>  >>>> PTBAS
 <May06-2026> <10:58:19>  combining surface points...
 <May06-2026> <10:58:19>  combining surface points...
 <May06-2026> <10:58:19>  combining surface points...
 <May06-2026> <10:58:19>  >>>> CYCLE
 <May06-2026> <10:58:20>              |Error|         MaxErr       Wt(A-DIIS)
 <May06-2026> <10:58:20>      1      0.09271698      0.01559381
 <May06-2026> <10:58:20>      2      0.18281113      0.03693591    100.0
 <May06-2026> <10:58:20>      3      0.07675963      0.02001306    100.0
 <May06-2026> <10:58:21>      4      0.09339118      0.02436577    100.0
 <May06-2026> <10:58:21>      5      0.11974821      0.03705365    100.0
 <May06-2026> <10:58:22>      6      0.00823923      0.00273945      1.8
 <May06-2026> <10:58:22>      7      0.00277364      0.00035159      0.0
 <May06-2026> <10:58:22>      8      0.00124103      0.00027673      0.0
 <May06-2026> <10:58:23>      9      0.00051811      0.00009658      0.0
 <May06-2026> <10:58:23>     10      0.00002772      0.00000690      0.0
 <May06-2026> <10:58:23>     11      0.00000755      0.00000141      0.0
 <May06-2026> <10:58:24>     12      0.00000496      0.00000113      0.0
 <May06-2026> <10:58:24>     13      0.00000047      0.00000008      0.0
 <May06-2026> <10:58:24>  SCF converged
 <May06-2026> <10:58:24>     14      0.00000007      0.00000001      0.0
 <May06-2026> <10:58:24>  >>>> TOTEN
 <May06-2026> <10:58:25>  >>>> POPAN
 <May06-2026> <10:58:25>  >>>> DEBYE
 <May06-2026> <10:58:25>  >>>> ENGRAD
 <May06-2026> <10:58:25>  current energy                               -1.70204602 Hartree
 <May06-2026> <10:58:25>  energy change                      -0.00001128     0.00100000    T
 <May06-2026> <10:58:25>  constrained gradient max            0.00078981     0.00100000    T
 <May06-2026> <10:58:25>  constrained gradient rms            0.00027962     0.00066667    T
 <May06-2026> <10:58:25>  gradient max                        0.00078981
 <May06-2026> <10:58:25>  gradient rms                        0.00027962
 <May06-2026> <10:58:25>  cart. step max                      0.00671710     0.01000000    T
 <May06-2026> <10:58:25>  cart. step rms                      0.00277898     0.00666667    T
 <May06-2026> <10:58:25>  GEOMETRY CONVERGED
 <May06-2026> <10:58:25>  Calculating Energy Terms for Final Geometry
  Coordinates in Geometry Cycle 17
    Atom         X           Y           Z   (Angstrom)
    1.P        -0.780270    0.526477    0.230990
    2.O        -1.208043   -0.864836   -0.446237
    3.O        -0.476557    1.577952   -0.956050
    4.O        -1.787169    0.959553    1.235024
    5.O         0.703513    0.190499    0.751159
    6.H        -1.291515    2.068217   -1.197942
    7.H         1.110722    0.958565    1.206122
    8.H        -0.630002   -1.110500   -1.199817
 <May06-2026> <10:58:25>  >>>> CORORT
 <May06-2026> <10:58:25>  >>>> CLSMAT
 <May06-2026> <10:58:25>  >>>> ORTHON
 <May06-2026> <10:58:25>  >>>> GENPT
 <May06-2026> <10:58:25>  Block Length= 128
 <May06-2026> <10:58:25>  >>>> PTBAS
 <May06-2026> <10:58:26>  combining surface points...
 <May06-2026> <10:58:26>  combining surface points...
 <May06-2026> <10:58:26>  combining surface points...
 <May06-2026> <10:58:26>  >>>> CYCLE
 <May06-2026> <10:58:26>              |Error|         MaxErr       Wt(A-DIIS)
 <May06-2026> <10:58:26>      1      0.08722261      0.02142735
 <May06-2026> <10:58:27>      2      0.18256797      0.04250574    100.0
 <May06-2026> <10:58:27>      3      0.07385337      0.01662342    100.0
 <May06-2026> <10:58:27>      4      0.08042735      0.01989139     19.1
 <May06-2026> <10:58:28>      5      0.04507685      0.01000623      9.1
 <May06-2026> <10:58:28>      6      0.01233982      0.00208063      1.1
 <May06-2026> <10:58:28>      7      0.00287585      0.00057338      0.0
 <May06-2026> <10:58:29>      8      0.00119659      0.00023665      0.0
 <May06-2026> <10:58:29>      9      0.00034725      0.00007209      0.0
 <May06-2026> <10:58:30>     10      0.00002236      0.00000626      0.0
 <May06-2026> <10:58:30>     11      0.00000643      0.00000122      0.0
 <May06-2026> <10:58:30>     12      0.00000526      0.00000107      0.0
 <May06-2026> <10:58:31>     13      0.00000028      0.00000006      0.0
 <May06-2026> <10:58:31>  SCF converged
 <May06-2026> <10:58:31>     14      0.00000004      0.00000001      0.0
 <May06-2026> <10:58:31>  >>>> TOTEN
 <May06-2026> <10:58:32>  QTAIM: determining topology...
 <May06-2026> <10:58:32>  >>>> POPAN
 <May06-2026> <10:58:32>  >>>> DEBYE
 <May06-2026> <10:58:32>  >>>> AMETS
 <May06-2026> <10:58:32>  >>>> POPUL
 <May06-2026> <10:58:32>   Bond Energy          -1.70204602 a.u.
 <May06-2026> <10:58:32>   Bond Energy         -46.31502885 eV
 <May06-2026> <10:58:32>   Bond Energy       -1068.05       kcal/mol
 <May06-2026> <10:58:32>  >>>> ENHESS
 <May06-2026> <10:58:32>  === NUCLEUS:     1
 <May06-2026> <10:58:49>  === NUCLEUS:     2
 <May06-2026> <10:59:05>  === NUCLEUS:     3
 <May06-2026> <10:59:21>  === NUCLEUS:     4
 <May06-2026> <10:59:37>  === NUCLEUS:     5
 <May06-2026> <10:59:54>  === NUCLEUS:     6
 <May06-2026> <11:00:09>  === NUCLEUS:     7
 <May06-2026> <11:00:25>  === NUCLEUS:     8
 <May06-2026> <11:00:41>  >>>> CALC_HESS_PMAT
 <May06-2026> <11:00:42>  >>>> CALC_HESS_WMAT
 <May06-2026> <11:00:42>  NORMAL TERMINATION
 <May06-2026> <11:00:42>  END
