
 *******************************************************************************
 *                                                                             *
 *  -------------------------------------                                      *
 *   Amsterdam Density Functional  (ADF)         2019                          *
 *  -------------------------------------                                      *
 *                                               r74351 2019-04-25             *
 *                                                                             *
 *                                                                             *
 *                            =====================                            *
 *                            |                   |                            *
 *                            |     D I R A C     |                            *
 *                            |                   |                            *
 *                            =====================                            *
 *                                                                             *
 *                                                                             *
 *   Online information and documentation:  https://www.scm.com/support/       *
 *   E-mail:  support@scm.com   info@scm.com                                   *
 *                                                                             *
 *   Scientific publications using ADF results must be properly referenced     *
 *   See the User Manuals (or the web site) for recommended citations          *
 *   The terms and conditions of the End User License Agreement apply to       *
 *   the use of ADF, https://www.scm.com/license-terms/                        *
 *                                                                             *
 **********************  x86_64_linux_intel / intelmpi  ************************
 

  
 DIRAC 2019  RunTime: May05-2026 12:10:31  Nodes: 1  Procs: 1

 Temporary files are created in /scratch/kid_0.999286370

1
 HYDROGEN ATOM RELATIVISTIC, Point Nuc, A and c from libtc   
 N J RN H ZN XION ANUC CLIGHT
 5000    1100.00000000197.36710137  1.00000000  0.00000000    1.007825  0.1370360E+03
  PH   PHI     EPS        DEL        DELRVR
  0.30  0.30     2500.00  0.00001000  0.00001000
 IDIRC  NC1  NDEBU NPRIN  IPUN IRCOR IWCOR
   1   300     0     0     0     0     0
   XALPHA      XLATTER      RNUC
  0.70000000  0.00000000  0.00000000 Point Charge
   XN   XL   XJ      XE          XZ      XDELL
  1.0  0.0  0.5      -1.000       1.000     0.00000
 ICORP=  0  NPCL=  0  DEMP=0.00  PEPS=0.000000
 R(1)=  0.1000000E-08 D=  0.1005080E+01 RNUC=  0.0000000E+00
 converged at cycle   32  DENSITY AVERAGING    0.2400
  MAXIMUM ERROR IN R.V(R) IS   0.79874357E-05
 Q,EY,EV,EZ,ESUM,ETOT,RHO  0.100000E+01 -0.266614E+00 -0.619969E+00 -0.910779E+00 -0.203940E+00 -0.415998E+00  0.337036E-17


 DIRAC CALCULATION
1                    HYDROGEN ATOM RELATIVISTIC, Point Nuc, A and c from libtc


 EXCHANGE COEFFICIENT=  0.7000000           TAIL CORRECTION=  0.           NUCLEAR RADIUS=  0.000E+00
0                       ORBITAL    N    L    J     ELECTRONS     EIGENVALUE                DELTA OF EIGENV.

                          1S1/2  1.0  0.0  0.5     1.000       -0.2039397E+00                 0.2720093E-06


                                        NUCLEAR CHARGE=    1.000000
                            INTEGRAL OF CHARGE DENSITY=    1.000000
                           SUM OF THE ORBITAL ENERGIES=     -0.2039
                                          TOTAL ENERGY=     -0.4160
                                        KINETIC ENERGY=      0.4160
                             NUCLEAR ATTRACTION ENERGY=     -0.9108
                             ELECTRON REPULSION ENERGY=      0.2787
                                       EXCHANGE ENERGY=     -0.2000

 *******************************************************************************

                             D I R A C   E X I T
 NORMAL TERMINATION



 =================
 Timing Statistics
 =================
  
 Total Used :                     CPU=        0.08      System=        0.00     Elapsed=        0.11

 Calls  Section                     ( Mean, Percentage )
 ---------------------------------------------------------------------------------------------------
     2  ><      ................      0.00    0.00             0.00    0.00             0.00    0.01
     1  EXIT PROCEDURE .........      0.08  100.00             0.00  100.00             0.11   99.99


 Currently Open Files (EXIT00)
 ====================

 Unit    Access Format  Status   Type       Ident (file)
 -------------------------------------------------------
   3      SEQ    FORM   TRANSP  NORMAL      LOGFILE
                                          ( logfile )
 
Create H   file=TZP-H
XC
  GGA PBE
End
relativistic ZORA
Corepotentials t12.rel
End

 *******************************************************************************
 *                                                                             *
 *  -------------------------------------                                      *
 *   Amsterdam Density Functional  (ADF)         2019                          *
 *  -------------------------------------                                      *
 *                                               r74351 2019-04-25             *
 *                                                                             *
 *                                                                             *
 *                              =================                              *
 *                              |               |                              *
 *                              |     A D F     |                              *
 *                              |               |                              *
 *                              =================                              *
 *                                                                             *
 *                                                                             *
 *   Online information and documentation:  https://www.scm.com/support/       *
 *   E-mail:  support@scm.com   info@scm.com                                   *
 *                                                                             *
 *   Scientific publications using ADF results must be properly referenced     *
 *   See the User Manuals (or the web site) for recommended citations          *
 *   The terms and conditions of the End User License Agreement apply to       *
 *   the use of ADF, https://www.scm.com/license-terms/                        *
 *                                                                             *
 **********************  x86_64_linux_intel / intelmpi  ************************
 

  
 ADF 2019  RunTime: May05-2026 12:10:31  Nodes: 1  Procs: 1

 Temporary files are created in /scratch/kid_0.894668830

 Hydrogen (TZP)



 ===========================
 A T T A C H E D   F I L E S
 ===========================
  
 CREATE - Data File:    TZP-H
                        Hydrogen (TZP)
 Core Potentials:
         file : t12.rel



 ===============================
 M O D E L   P A R A M E T E R S
 ===============================
  
 DENSITY FUNCTIONAL POTENTIAL (scf)
    LDA:                               PW92                                    == Not Default ==
    Gradient Corrections:              PBEc PBEx                               == Not Default ==

 SPIN  (restricted / unrestr.)
    Molecule:                          Restricted                               

 OTHER ASPECTS
    Relativistic Corrections:          scalar (ZORA,MAPA)                      == Not Default ==

    Nuclear Charge Density Model:      Point Charge Nuclei                      
    Core Treatment:                    Frozen Orbital(s)                        

    Hyperfine or Zeeman Interaction:   ---                                      



 =====================================
 S Y M M E T R Y ,   E L E C T R O N S
 =====================================
  
 Symmetry: ATOM

 Irreducible Representations, including subspecies
 -------------------------------------------------
 S
 P:x  P:y  P:z
 D:z2  D:x2-y2  D:xy  D:xz  D:yz
 F:z3  F:z  F:xyz  F:z2x  F:z2y  F:x  F:y


 Configuration of Valence Electrons
 ==================================

          Occupation Numbers
          -------------------------------------------------
 S        1
 P        0
 D        0
 F        0
          -------------------------------------------------

 Total:   1

 Net Charge: 0 (Nuclei minus Electrons)

 Preset values for MO occupations will be applied through SCF cycle no. 1000000
 Thereafter, the program will assign electrons to MOs that are spatially
 similar to the occupied MOs in a "reference" cycle ("KeepOrbitals").
 The reference cycle is always the PREVIOUS cycle: it will evolve with
 the SCF procedure.



 ================================
 (Slater-type)  F U N C T I O N S  ***  (Basis and Fit)  ***
 ================================
  

 Atom Type    1  (H)
 ==============

 Valence Basis Sets:   4
 -----------------------
   1 S    0.690000
   1 S    0.920000
   1 S    1.580000
   2 P    1.250000


 BAS: List of all Elementary Cartesian Basis Functions
 =====================================================

 The numbering in the list below (to the right of the function characteristics) is referred
 to in print-outs of MO eigenvectors and Mulliken populations in the BAS representation
 (as contrasted to the SFO representation).

 Notes:
 1. The functions are characterized by a polynomial prefactor (powers of x,y,z and r) and
    an exponential decay factor alpha.
 2. Since the basis sets are specific for an atom TYPE, the individual functions occur on
    all atoms of that type.
 3. The word 'Core' in the left margin signals that it is a Core Function (CF) : not a
    degree of freedom in the valence set, but only used to ensure orthogonalization of
    the other valence basis functions on the frozen Core Orbitals.


 (power of) X  Y  Z  R     Alpha  on Atom
            ==========     =====     ==========

 H                                    1
                                  ---------------------------------------------------------------------------
            0  0  0  0     0.690      1
            0  0  0  0     0.920      2
            0  0  0  0     1.580      3
            1  0  0  0     1.250      4
            0  1  0  0     1.250      5
            0  0  1  0     1.250      6

 Total number of charge fitting functions (nprimf)        50
 Total number of Cartesian basis functions (naos)          6
 Total number of Cartesian core functions  (ncos)          0



 BAS: List of all Elementary Cartesian Basis Functions
 =====================================================

 The numbering in the list below (to the right of the function characteristics) is referred
 to in print-outs of MO eigenvectors and Mulliken populations in the BAS representation
 (as contrasted to the SFO representation).

 Notes:
 1. The functions are characterized by a polynomial prefactor (powers of x,y,z and r) and
    an exponential decay factor alpha.
 2. Since the basis sets are specific for an atom TYPE, the individual functions occur on
    all atoms of that type.
 3. The word 'Core' in the left margin signals that it is a Core Function (CF) : not a
    degree of freedom in the valence set, but only used to ensure orthogonalization of
    the other valence basis functions on the frozen Core Orbitals.


 (power of) X  Y  Z  R     Alpha  on Atom
            ==========     =====     ==========

 H                                    1
                                  ---------------------------------------------------------------------------
            0  0  0  0     0.690      1
            0  0  0  0     0.920      2
            0  0  0  0     1.580      3
            1  0  0  0     1.250      4
            0  1  0  0     1.250      5
            0  0  1  0     1.250      6
1
 ***************************************************************************************************



                                              ***********************
                                              *  T E C H N I C A L  *
                                              ***********************
  



 =============================================================
 P A R A L L E L I Z A T I O N  and  V E C T O R I Z A T I O N
 =============================================================
  
 Nr of parallel processes:                                1
 Maximum vector length in NumInt loops:                 128



 =====================
 S C F   U P D A T E S
 =====================
  
 Max. nr. of cycles:                               300
 Convergence criterion:                              0.0000000100
   secondary criterion:                              0.0000000100

 Mix parameter (when DIIS does not apply):           0.2000000000
 Special mix parameter for the first cycle:          1.0000000000
 Mixed ADIIS+SDIIS will be used                  
    Max number of expansion vectors:                10
    Pure ADIIS when Max([F,P]) is above              0.1000000000
    Pure SDIIS when Max([F,P]) is below              0.0010000000
 Automatic ElectronSmearing (in case of problematic SCF convergence) disabled



 =================
 P R E C I S I O N  ***  (General: NumInt, NeglectFunctionTails, ...)  ***
 =================
  

 NumInt:           Target precision:                12.0000000000
 -------           Initial precision:               10.0000000000
                   Min. precision (optimization):   10.0000000000

 Neglect Functions:          Basis functions:        0.1000000000E-13
 ------------------          Fit functions:          0.1000000000E-13



 ===========================
 L I N E A R   S C A L I N G
 ===========================
  

 Cut-off radii density fit:                        0.1000000000E-97
 Overlap cut-off criterion AO matrix elements:     0.1000000000E-97
 Cut-offs for Coulomb potential and fitted density:0.1000000000E-97
 Cut-off criterion for Coulomb multipole terms:    0.1000000000E-97
 Progressive Convergence parameter:                 0.000000000    
1
 ***************************************************************************************************



                                            ***************************
                                            *  C O M P U T A T I O N  *
                                            ***************************
  

 Number of elements of the density matrix on this node (used, total):        21        21



 ===========================================
 Numerical Integration : Fuzzy Cells (Becke)
 ===========================================
  
 Becke grid quality: VERYGOOD       
  
 Lebedev angular grid order:             min:  13 max:  41
 Nr. of radial points:                   min:  64 max:  64

 Total nr. of points:         64
 Nr. of blocks:                1
 Block length:                64
 Nr. of dummy points:          0


 Test of Precision of the Numerical Integration Grid
 ===================================================

 Integral of the Total Core Density:                   0.00000000000000



 ========================
 Density Fitting (zlmFit)
 ========================
  
 ZlmFit Fit Quality: VERYGOOD       
  
 Max L-expansion:                        min:   0 max:   0
 Nr. of radial interpolation points:     min: 120 max: 120



 =====
 S C F  ***  ScaSCF  ***
 =====
  

 CYCLE    1
 SCF Error: norm([F,P])=      0.000000000000, max([F,P])=      0.000000000000
 orbitals (Q,E):
 ---------------
 S :1...3            ( 1.00    -0.5000)  ( 0.00    -0.0900)  ( 0.00     1.2936)
 P :1...1            ( 0.00     0.1562)

 CYCLE    2
 SCF Error: norm([F,P])=      0.031537872292, max([F,P])=      0.030110494752
 orbitals (Q,E):
 ---------------
 S :1...2            ( 1.00    -0.2218)  ( 0.00     0.1019)
 P :1...1            ( 0.00     0.4189)

 CYCLE    3
  SDIIS (wt  0.000):  0.1996  0.8004
 A-DIIS (wt  1.000):  0.0000  1.0000
  DIIS coefficients:  0.0000  1.0000
 SCF Error: norm([F,P])=      0.008617989401, max([F,P])=      0.008343029399
 orbitals (Q,E):
 ---------------
 S :1...2            ( 1.00    -0.2422)  ( 0.00     0.0889)
 P :1...1            ( 0.00     0.4024)

 CYCLE    4
  SDIIS (wt  0.993):  0.1666  0.8334
 A-DIIS (wt  0.007):  0.0000  1.0000
  DIIS coefficients:  0.1654  0.8346
 SCF Error: norm([F,P])=      0.001732350026, max([F,P])=      0.001718616814
 orbitals (Q,E):
 ---------------
 S :1...2            ( 1.00    -0.2385)  ( 0.00     0.0908)
 P :1...1            ( 0.00     0.4054)

 CYCLE    5
  SDIIS (wt  1.000):  0.0236  0.9764
  DIIS coefficients:  0.0236  0.9764
 SCF Error: norm([F,P])=      0.000043673449, max([F,P])=      0.000039769875
 orbitals (Q,E):
 ---------------
 S :1...2            ( 1.00    -0.2386)  ( 0.00     0.0908)
 P :1...1            ( 0.00     0.4054)

 CYCLE    6
  SDIIS (wt  1.000): -0.0577  1.0577
  DIIS coefficients: -0.0577  1.0577
 SCF Error: norm([F,P])=      0.000002383805, max([F,P])=      0.000002158128
 orbitals (Q,E):
 ---------------
 S :1...2            ( 1.00    -0.2386)  ( 0.00     0.0908)
 P :1...1            ( 0.00     0.4054)

 CYCLE    7
  SDIIS (wt  1.000): -0.0032  1.0032
  DIIS coefficients: -0.0032  1.0032
 SCF Error: norm([F,P])=      0.000000007721, max([F,P])=      0.000000007228
 orbitals (Q,E):
 ---------------
 S :1...2            ( 1.00    -0.2386)  ( 0.00     0.0908)
 P :1...1            ( 0.00     0.4054)

 SCF CONVERGED

 CYCLE    8
1
 ***************************************************************************************************



                                                *******************
                                                *  R E S U L T S  *
                                                *******************
  
 *** Using FIT density in Focky
  SDIIS (wt  1.000):  0.0192  0.9808
  DIIS coefficients:  0.0192  0.9808
 SCF Error: norm([F,P])=      0.000000000151, max([F,P])=      0.000000000141

 Scaled ZORA Orbital Energies, per Irrep and Spin:
 =================================================
                        Occup              E (au)              E (eV)       Diff (eV) with prev. cycle
                        -----      --------------------        ------       --------------------------
 S
               1        1.000     -0.23861775226993E+00        -6.493               7.43E-09
               2        0.000      0.90791701709251E-01         2.471
               3        0.000      0.15217530108908E+01        41.409
 P
               1        0.000      0.40537978060393E+00        11.031


 Partially Occupied:
               1 S                -0.23861775226993E+00
  
 LUMO :        2 S                 0.90791701709251E-01
  


 Orbital Energies, all Irreps
 ========================================

 Irrep        no.  (spin)   Occup              E (au)                E (eV)
 ---------------------------------------------------------------------------
 S             1             1.00       -0.23861775226993E+00        -6.4931
 S             2             0.00        0.90791701709251E-01         2.4706
 P             1             0.00        0.40537978060393E+00        11.0309
 S             3             0.00        0.15217530108908E+01        41.4090


 All Electron Calculation, thus no Orbital Energies of the Core Orbitals are calculated



 =======================================
 M U L L I K E N   P O P U L A T I O N S
 =======================================
  
 The survey below gives for each atom:
 a) the total charge (Z minus electrons)
 b) the net spin polarization (nr of electrons spin-A minus spin-B)
 c) for each spin the atomic electron valence density (integrated) per L-value.

 Atom              Charge    Spin density          S         P         D         F
 ----              ------    ------------       ------    ------    ------    ------
 1 H              -0.0000                       1.0000    0.0000    0.0000    0.0000

 Populations of individual BAS functions
 ----------------------------------------
 1 H            0.2104  0.6788  0.1107  0.0000  0.0000  0.0000

 Gross Charges per Atom (Z minus electrons)
 ==========================================
            -0.0000
 Net Total: -0.00000000



 =======================================================================
 Electrostatic potential at the Nuclei due to electrons and other nuclei
 =======================================================================
  
         Atom                  Potential
         ----                  ---------
     1)   H                   0.94468022
 
 
 ========================
 No memory problems found
 ========================
 
 Maximum number of active allocate calls:         306
 
 *******************************************************************************

                             A D F   E X I T
 NORMAL TERMINATION



 =================
 Timing Statistics
 =================
  
 Total Used :                     CPU=        0.41      System=        0.03     Elapsed=        0.52

 Calls  Section                     ( Mean, Percentage )
 ---------------------------------------------------------------------------------------------------
     3  ><      ................      0.00    0.98             0.00    0.00             0.00    1.32
     1  INIT    ................      0.08   18.63             0.01   28.57             0.10   19.34
     1  GEOMET  ................      0.02    3.92             0.01   28.57             0.03    6.52
     1  INPUTA  ................      0.00    0.00             0.00    0.00             0.00    0.84
     1  MAINSY  ................      0.02    3.92             0.00    0.00             0.02    3.78
     1  SYMFIT  ................      0.00    0.00             0.00    0.00             0.00    0.37
     1  CORORT  ................      0.00    0.00             0.00    0.00             0.00    0.46
     1  SYMORB  ................      0.00    0.98             0.00    0.00             0.00    0.18
     1  CLSMAT  ................      0.00    0.98             0.00    0.00             0.01    1.37
     1  ORTHON  ................      0.00    0.98             0.00    0.00             0.01    1.36
     1  GENPT   ................      0.01    2.94             0.00   14.28             0.02    3.29
     1  PTBAS   ................      0.00    0.98             0.00    0.00             0.01    1.25
     8  FOCKY   ................      0.03   53.92             0.00   28.57             0.03   43.34
     8  FOCKTR  ................      0.00    0.00             0.00    0.00             0.00    0.93
     8  SDIIS   ................      0.00    2.94             0.00    0.00             0.00    6.85
     1  COREPS  ................      0.02    3.92             0.00    0.00             0.02    3.49
     1  POPAN   ................      0.00    0.98             0.00    0.00             0.01    1.28
     1  DEBYE   ................      0.00    0.00             0.00    0.00             0.00    0.65
     1  EXIT PROCEDURE .........      0.02    3.92             0.00    0.00             0.02    3.38


 Currently Open Files (EXIT00)
 ====================

 Unit    Access Format  Status   Type       Ident (file)
 -------------------------------------------------------
   3      SEQ    FORM   TRANSP  NORMAL      LOGFILE
                                          ( logfile )

 ***************************************************************************************************
 (LOGFILE)
 <May05-2026> <12:10:31>  DIRAC 2019  RunTime: May05-2026 12:10:31  Nodes: 1  Procs: 1
 <May05-2026> <12:10:31>  NORMAL TERMINATION
 <May05-2026> <12:10:31>  END
 <May05-2026> <12:10:31>  ADF 2019  RunTime: May05-2026 12:10:31  Nodes: 1  Procs: 1
 <May05-2026> <12:10:31>  Hydrogen (TZP)
 <May05-2026> <12:10:31>  RunType   : CREATE
 <May05-2026> <12:10:31>  Net Charge: 0 (Nuclei minus Electrons)
 <May05-2026> <12:10:31>  Symmetry  : ATOM
  Coordinates
    Atom         X           Y           Z   (Angstrom)
    1.H         0.000000    0.000000    0.000000
 <May05-2026> <12:10:31>  >>>> CORORT
 <May05-2026> <12:10:31>  >>>> CLSMAT
 <May05-2026> <12:10:31>  >>>> ORTHON
 <May05-2026> <12:10:31>  >>>> GENPT
 <May05-2026> <12:10:31>  Block Length=  64
 <May05-2026> <12:10:31>  >>>> PTBAS
 <May05-2026> <12:10:31>  >>>> CYCLE
 <May05-2026> <12:10:31>              |Error|         MaxErr       Wt(A-DIIS)
 <May05-2026> <12:10:31>      1      0.00000000      0.00000000
 <May05-2026> <12:10:31>      2      0.03153787      0.03011049
 <May05-2026> <12:10:31>      3      0.00861799      0.00834303    100.0
 <May05-2026> <12:10:31>      4      0.00173235      0.00171862      0.7
 <May05-2026> <12:10:31>      5      0.00004367      0.00003977      0.0
 <May05-2026> <12:10:31>      6      0.00000238      0.00000216      0.0
 <May05-2026> <12:10:31>      7      0.00000001      0.00000001      0.0
 <May05-2026> <12:10:31>  SCF converged
 <May05-2026> <12:10:31>      8      0.00000000      0.00000000      0.0
 <May05-2026> <12:10:31>  >>>> POPAN
 <May05-2026> <12:10:31>  >>>> DEBYE
 <May05-2026> <12:10:31>  NORMAL TERMINATION
 <May05-2026> <12:10:31>  END

 *******************************************************************************
 *                                                                             *
 *  -------------------------------------                                      *
 *   Amsterdam Density Functional  (ADF)         2019                          *
 *  -------------------------------------                                      *
 *                                               r74351 2019-04-25             *
 *                                                                             *
 *                                                                             *
 *                            =====================                            *
 *                            |                   |                            *
 *                            |     D I R A C     |                            *
 *                            |                   |                            *
 *                            =====================                            *
 *                                                                             *
 *                                                                             *
 *   Online information and documentation:  https://www.scm.com/support/       *
 *   E-mail:  support@scm.com   info@scm.com                                   *
 *                                                                             *
 *   Scientific publications using ADF results must be properly referenced     *
 *   See the User Manuals (or the web site) for recommended citations          *
 *   The terms and conditions of the End User License Agreement apply to       *
 *   the use of ADF, https://www.scm.com/license-terms/                        *
 *                                                                             *
 **********************  x86_64_linux_intel / intelmpi  ************************
 

  
 DIRAC 2019  RunTime: May05-2026 12:10:32  Nodes: 1  Procs: 1

 Temporary files are created in /scratch/kid_0.1482518635

1
 PHOSPHORUS ATOM 1s CORE RELATIVISTIC, Point Nuc, A and c fro
 N J RN H ZN XION ANUC CLIGHT
 5000    7100.00000000197.36710137 15.00000000  0.00000000   30.973761  0.1370360E+03
  PH   PHI     EPS        DEL        DELRVR
  0.30  0.30     2500.00  0.00001000  0.00001000
 IDIRC  NC1  NDEBU NPRIN  IPUN IRCOR IWCOR
   1   300     0     0     0     0     1
   XALPHA      XLATTER      RNUC
  0.70000000  0.00000000  0.00000000 Point Charge
   XN   XL   XJ      XE          XZ      XDELL
  1.0  0.0  0.5    -600.000       2.000     0.00000
  2.0  0.0  0.5     -75.000       2.000     0.00000
  2.0  1.0  0.5     -70.000       2.000     0.00000
  2.0  1.0  1.5     -70.000       4.000     0.00000
  3.0  0.0  0.5     -25.000       2.000     0.00000
  3.0  1.0  0.5      -0.250       2.000     0.00000
  3.0  1.0  1.5      -0.250       1.000     0.00000
 ICORP=  0  NPCL=  0  DEMP=0.00  PEPS=0.000000
 R(1)=  0.1000000E-08 D=  0.1005080E+01 RNUC=  0.0000000E+00
 converged at cycle   47  DENSITY AVERAGING    0.3000
  MAXIMUM ERROR IN R.V(R) IS   0.93255186E-05
 Q,EY,EV,EZ,ESUM,ETOT,RHO  0.150000E+02 -0.290161E+02 -0.536820E+03 -0.814855E+03 -0.194417E+03 -0.340688E+03  0.340722E-13


 DIRAC CALCULATION
1                    PHOSPHORUS ATOM 1s CORE RELATIVISTIC, Point Nuc, A and c from libtc


 EXCHANGE COEFFICIENT=  0.7000000           TAIL CORRECTION=  0.           NUCLEAR RADIUS=  0.000E+00
0                       ORBITAL    N    L    J     ELECTRONS     EIGENVALUE                DELTA OF EIGENV.

                          1S1/2  1.0  0.0  0.5     2.000       -0.7640874E+02                 0.2597240E-06
                          2S1/2  2.0  0.0  0.5     2.000       -0.6353640E+01                 0.3482713E-07
                          2P1/2  2.0  1.0  0.5     2.000       -0.4588256E+01                 0.3010938E-07
                          2P3/2  2.0  1.0  1.5     4.000       -0.4554413E+01                 0.2993762E-07
                          3S1/2  3.0  0.0  0.5     2.000       -0.4844206E+00                 0.1693624E-07
                          3P1/2  3.0  1.0  0.5     2.000       -0.1770291E+00                 0.1234259E-07
                          3P3/2  3.0  1.0  1.5     1.000       -0.1750217E+00                 0.1224459E-07


                                        NUCLEAR CHARGE=   15.000000
                            INTEGRAL OF CHARGE DENSITY=   15.000000
                           SUM OF THE ORBITAL ENERGIES=   -194.4169
                                          TOTAL ENERGY=   -340.6884
                                        KINETIC ENERGY=    342.4034
                             NUCLEAR ATTRACTION ENERGY=   -814.8554
                             ELECTRON REPULSION ENERGY=    153.5256
                                       EXCHANGE ENERGY=    -21.7621

 *******************************************************************************

                             D I R A C   E X I T
 NORMAL TERMINATION



 =================
 Timing Statistics
 =================
  
 Total Used :                     CPU=        0.31      System=        0.00     Elapsed=        0.35

 Calls  Section                     ( Mean, Percentage )
 ---------------------------------------------------------------------------------------------------
     2  ><      ................      0.00    0.00             0.00    0.00             0.00    0.01
     1  EXIT PROCEDURE .........      0.31  100.00             0.00    0.00             0.35   99.99


 Currently Open Files (EXIT00)
 ====================

 Unit    Access Format  Status   Type       Ident (file)
 -------------------------------------------------------
   3      SEQ    FORM   TRANSP  NORMAL      LOGFILE
                                          ( logfile )
 
Create P   file=TZP-P.1s
XC
  GGA PBE
End
relativistic ZORA
Corepotentials t12.rel
End

 *******************************************************************************
 *                                                                             *
 *  -------------------------------------                                      *
 *   Amsterdam Density Functional  (ADF)         2019                          *
 *  -------------------------------------                                      *
 *                                               r74351 2019-04-25             *
 *                                                                             *
 *                                                                             *
 *                              =================                              *
 *                              |               |                              *
 *                              |     A D F     |                              *
 *                              |               |                              *
 *                              =================                              *
 *                                                                             *
 *                                                                             *
 *   Online information and documentation:  https://www.scm.com/support/       *
 *   E-mail:  support@scm.com   info@scm.com                                   *
 *                                                                             *
 *   Scientific publications using ADF results must be properly referenced     *
 *   See the User Manuals (or the web site) for recommended citations          *
 *   The terms and conditions of the End User License Agreement apply to       *
 *   the use of ADF, https://www.scm.com/license-terms/                        *
 *                                                                             *
 **********************  x86_64_linux_intel / intelmpi  ************************
 

  
 ADF 2019  RunTime: May05-2026 12:10:32  Nodes: 1  Procs: 1

 Temporary files are created in /scratch/kid_0.330331837

 Phosphorus (TZP, 1s frozen)



 ===========================
 A T T A C H E D   F I L E S
 ===========================
  
 CREATE - Data File:    TZP-P.1s
                        Phosphorus (TZP, 1s frozen)
 Core Potentials:
         file : t12.rel



 ===============================
 M O D E L   P A R A M E T E R S
 ===============================
  
 DENSITY FUNCTIONAL POTENTIAL (scf)
    LDA:                               PW92                                    == Not Default ==
    Gradient Corrections:              PBEc PBEx                               == Not Default ==

 SPIN  (restricted / unrestr.)
    Molecule:                          Restricted                               

 OTHER ASPECTS
    Relativistic Corrections:          scalar (ZORA,MAPA)                      == Not Default ==

    Nuclear Charge Density Model:      Point Charge Nuclei                      
    Core Treatment:                    Frozen Orbital(s)                        

    Hyperfine or Zeeman Interaction:   ---                                      



 =====================================
 S Y M M E T R Y ,   E L E C T R O N S
 =====================================
  
 Symmetry: ATOM

 Irreducible Representations, including subspecies
 -------------------------------------------------
 S
 P:x  P:y  P:z
 D:z2  D:x2-y2  D:xy  D:xz  D:yz
 F:z3  F:z  F:xyz  F:z2x  F:z2y  F:x  F:y


 Configuration of Valence Electrons
 ==================================

          Occupation Numbers
          -------------------------------------------------
 S        2*2
 P        6 3
 D        0
 F        0
          -------------------------------------------------

 Total:   13

 Net Charge: 0 (Nuclei minus Electrons)

 Preset values for MO occupations will be applied through SCF cycle no. 1000000
 Thereafter, the program will assign electrons to MOs that are spatially
 similar to the occupied MOs in a "reference" cycle ("KeepOrbitals").
 The reference cycle is always the PREVIOUS cycle: it will evolve with
 the SCF procedure.



 ================================
 (Slater-type)  F U N C T I O N S  ***  (Basis and Fit)  ***
 ================================
  

 Atom Type    1  (P)
 ==============

 Valence Basis Sets:  12
 -----------------------
   1 S   12.550000
   2 S    5.600000
   2 S    4.050000
   2 P    7.450000
   2 P    4.100000
   3 S    1.300000
   3 S    1.850000
   3 S    2.650000
   3 P    0.850000
   3 P    1.300000
   3 P    2.050000
   3 D    1.900000

 Frozen Core Shells
 ------------------
    S:  1


 BAS: List of all Elementary Cartesian Basis Functions
 =====================================================

 The numbering in the list below (to the right of the function characteristics) is referred
 to in print-outs of MO eigenvectors and Mulliken populations in the BAS representation
 (as contrasted to the SFO representation).

 Notes:
 1. The functions are characterized by a polynomial prefactor (powers of x,y,z and r) and
    an exponential decay factor alpha.
 2. Since the basis sets are specific for an atom TYPE, the individual functions occur on
    all atoms of that type.
 3. The word 'Core' in the left margin signals that it is a Core Function (CF) : not a
    degree of freedom in the valence set, but only used to ensure orthogonalization of
    the other valence basis functions on the frozen Core Orbitals.


 (power of) X  Y  Z  R     Alpha  on Atom
            ==========     =====     ==========

 P                                    1
                                  ---------------------------------------------------------------------------
    Core    0  0  0  0    12.550      1
            0  0  0  1     5.600      2
            0  0  0  1     4.050      3
            1  0  0  0     7.450      4
            0  1  0  0     7.450      5
            0  0  1  0     7.450      6
            1  0  0  0     4.100      7
            0  1  0  0     4.100      8
            0  0  1  0     4.100      9
            0  0  0  2     1.300     10
            0  0  0  2     1.850     11
            0  0  0  2     2.650     12
            1  0  0  1     0.850     13
            0  1  0  1     0.850     14
            0  0  1  1     0.850     15
            1  0  0  1     1.300     16
            0  1  0  1     1.300     17
            0  0  1  1     1.300     18
            1  0  0  1     2.050     19
            0  1  0  1     2.050     20
            0  0  1  1     2.050     21
            2  0  0  0     1.900     22
            1  1  0  0     1.900     23
            1  0  1  0     1.900     24
            0  2  0  0     1.900     25
            0  1  1  0     1.900     26
            0  0  2  0     1.900     27

 Total number of charge fitting functions (nprimf)       106
 Total number of Cartesian basis functions (naos)         27
 Total number of Cartesian core functions  (ncos)          1



 BAS: List of all Elementary Cartesian Basis Functions
 =====================================================

 The numbering in the list below (to the right of the function characteristics) is referred
 to in print-outs of MO eigenvectors and Mulliken populations in the BAS representation
 (as contrasted to the SFO representation).

 Notes:
 1. The functions are characterized by a polynomial prefactor (powers of x,y,z and r) and
    an exponential decay factor alpha.
 2. Since the basis sets are specific for an atom TYPE, the individual functions occur on
    all atoms of that type.
 3. The word 'Core' in the left margin signals that it is a Core Function (CF) : not a
    degree of freedom in the valence set, but only used to ensure orthogonalization of
    the other valence basis functions on the frozen Core Orbitals.


 (power of) X  Y  Z  R     Alpha  on Atom
            ==========     =====     ==========

 P                                    1
                                  ---------------------------------------------------------------------------
    Core    0  0  0  0    12.550      1
            0  0  0  1     5.600      2
            0  0  0  1     4.050      3
            1  0  0  0     7.450      4
            0  1  0  0     7.450      5
            0  0  1  0     7.450      6
            1  0  0  0     4.100      7
            0  1  0  0     4.100      8
            0  0  1  0     4.100      9
            0  0  0  2     1.300     10
            0  0  0  2     1.850     11
            0  0  0  2     2.650     12
            1  0  0  1     0.850     13
            0  1  0  1     0.850     14
            0  0  1  1     0.850     15
            1  0  0  1     1.300     16
            0  1  0  1     1.300     17
            0  0  1  1     1.300     18
            1  0  0  1     2.050     19
            0  1  0  1     2.050     20
            0  0  1  1     2.050     21
            2  0  0  0     1.900     22
            1  1  0  0     1.900     23
            1  0  1  0     1.900     24
            0  2  0  0     1.900     25
            0  1  1  0     1.900     26
            0  0  2  0     1.900     27
1
 ***************************************************************************************************



                                              ***********************
                                              *  T E C H N I C A L  *
                                              ***********************
  



 =============================================================
 P A R A L L E L I Z A T I O N  and  V E C T O R I Z A T I O N
 =============================================================
  
 Nr of parallel processes:                                1
 Maximum vector length in NumInt loops:                 128



 =====================
 S C F   U P D A T E S
 =====================
  
 Max. nr. of cycles:                               300
 Convergence criterion:                              0.0000000100
   secondary criterion:                              0.0000000100

 Mix parameter (when DIIS does not apply):           0.2000000000
 Special mix parameter for the first cycle:          1.0000000000
 Mixed ADIIS+SDIIS will be used                  
    Max number of expansion vectors:                10
    Pure ADIIS when Max([F,P]) is above              0.1000000000
    Pure SDIIS when Max([F,P]) is below              0.0010000000
 Automatic ElectronSmearing (in case of problematic SCF convergence) disabled



 =================
 P R E C I S I O N  ***  (General: NumInt, NeglectFunctionTails, ...)  ***
 =================
  

 NumInt:           Target precision:                12.0000000000
 -------           Initial precision:               10.0000000000
                   Min. precision (optimization):   10.0000000000

 Neglect Functions:          Basis functions:        0.1000000000E-13
 ------------------          Fit functions:          0.1000000000E-13



 ===========================
 L I N E A R   S C A L I N G
 ===========================
  

 Cut-off radii density fit:                        0.1000000000E-97
 Overlap cut-off criterion AO matrix elements:     0.1000000000E-97
 Cut-offs for Coulomb potential and fitted density:0.1000000000E-97
 Cut-off criterion for Coulomb multipole terms:    0.1000000000E-97
 Progressive Convergence parameter:                 0.000000000    
1
 ***************************************************************************************************



                                            ***************************
                                            *  C O M P U T A T I O N  *
                                            ***************************
  

 Number of elements of the density matrix on this node (used, total):       378       378



 ===========================================
 Numerical Integration : Fuzzy Cells (Becke)
 ===========================================
  
 Becke grid quality: VERYGOOD       
  
 Lebedev angular grid order:             min:  13 max:  41
 Nr. of radial points:                   min:  76 max:  76

 Total nr. of points:         76
 Nr. of blocks:                1
 Block length:                76
 Nr. of dummy points:          0


 Test of Precision of the Numerical Integration Grid
 ===================================================

 Integral of the Total Core Density:                   1.99999999908170
 Relative Error:                                      -4.592E-10



 ========================
 Density Fitting (zlmFit)
 ========================
  
 ZlmFit Fit Quality: VERYGOOD       
  
 Max L-expansion:                        min:   0 max:   0
 Nr. of radial interpolation points:     min: 190 max: 190



 =====
 S C F  ***  ScaSCF  ***
 =====
  

 CYCLE    1
 SCF Error: norm([F,P])=      0.000000000000, max([F,P])=      0.000000000000
 orbitals (Q,E):
 ---------------
 S :1...5            ( 2.00   -23.0992)  ( 2.00    -9.8031)  ( 0.00    -5.2886)  ( 0.00    -3.1440)
                     ( 0.00    -1.2993)
 P :1...5            ( 6.00   -22.3278)  ( 3.00    -9.2322)  ( 0.00    -4.8937)  ( 0.00    -3.0142)
                     ( 0.00    -1.9614)
 D :1...1            ( 0.00    -6.4318)

 CYCLE    2
  SDIIS (wt  0.000):  1.0000  0.0000
 A-DIIS (wt  1.000):  0.1145  0.8855
  DIIS coefficients:  0.1145  0.8855
 SCF Error: norm([F,P])=     18.574199763001, max([F,P])=      5.729460424591
 orbitals (Q,E):
 ---------------
 S :1...3            ( 2.00    -4.5689)  ( 2.00    -0.5693)  ( 0.00    -0.0589)
 P :1...3            ( 6.00    -2.5820)  ( 3.00    -0.3376)  ( 0.00    -0.0879)
 D :1...1            ( 0.00     0.3219)

 CYCLE    3
  SDIIS (wt  0.000):  0.2387  0.7613
 A-DIIS (wt  1.000):  0.0000  1.0000
  DIIS coefficients:  0.0000  1.0000
 SCF Error: norm([F,P])=      7.892246338364, max([F,P])=      2.592954182835
 orbitals (Q,E):
 ---------------
 S :1...3            ( 2.00    -8.2146)  ( 2.00    -0.9843)  ( 0.00    -0.0433)
 P :1...3            ( 6.00    -6.5635)  ( 3.00    -0.6019)  ( 0.00    -0.0049)
 D :1...1            ( 0.00    -0.0107)

 CYCLE    4
  SDIIS (wt  0.000): -0.0871  0.2952  0.7919
 A-DIIS (wt  1.000):  0.0000  0.1757  0.8243
  DIIS coefficients:  0.0000  0.1757  0.8243
 SCF Error: norm([F,P])=      4.387176641077, max([F,P])=      1.761626650861
 orbitals (Q,E):
 ---------------
 S :1...3            ( 2.00    -5.8126)  ( 2.00    -0.3504)  ( 0.00     0.1791)
 P :1...3            ( 6.00    -3.9508)  ( 3.00    -0.0835)  ( 0.00     0.1310)
 D :1...1            ( 0.00     0.5508)

 CYCLE    5
  SDIIS (wt  0.000): -0.0109 -0.0602  0.1941  0.8770
 A-DIIS (wt  1.000):  0.0000  0.0000  0.0000  1.0000
  DIIS coefficients:  0.0000  0.0000  0.0000  1.0000
 SCF Error: norm([F,P])=      1.324345584458, max([F,P])=      0.466956153840
 orbitals (Q,E):
 ---------------
 S :1...3            ( 2.00    -6.8907)  ( 2.00    -0.7073)  ( 0.00     0.0342)
 P :1...3            ( 6.00    -5.0922)  ( 3.00    -0.3650)  ( 0.00     0.0330)
 D :1...1            ( 0.00     0.1959)

 CYCLE    6
  SDIIS (wt  0.000):  0.0000 -0.0289 -0.0346  0.4584  0.6050
 A-DIIS (wt  1.000):  0.0000  0.0000  0.0000  0.3111  0.6889
  DIIS coefficients:  0.0000  0.0000  0.0000  0.3111  0.6889
 SCF Error: norm([F,P])=      0.894656609953, max([F,P])=      0.328552344502
 orbitals (Q,E):
 ---------------
 S :1...3            ( 2.00    -6.3109)  ( 2.00    -0.4896)  ( 0.00     0.1210)
 P :1...3            ( 6.00    -4.4823)  ( 3.00    -0.1842)  ( 0.00     0.0870)
 D :1...1            ( 0.00     0.4072)

 CYCLE    7
  SDIIS (wt  0.437):  0.0003 -0.0004 -0.0106 -0.0415  0.1385  0.9137
 A-DIIS (wt  0.563):  0.0000  0.0000  0.0000  0.0000  0.0000  1.0000
  DIIS coefficients:  0.0001 -0.0002 -0.0046 -0.0181  0.0605  0.9623
 SCF Error: norm([F,P])=      0.152753231532, max([F,P])=      0.056768903175
 orbitals (Q,E):
 ---------------
 S :1...3            ( 2.00    -6.4268)  ( 2.00    -0.5264)  ( 0.00     0.1084)
 P :1...3            ( 6.00    -4.6039)  ( 3.00    -0.2126)  ( 0.00     0.0772)
 D :1...1            ( 0.00     0.3702)

 CYCLE    8
  SDIIS (wt  0.777): -0.0000 -0.0007  0.0025  0.0136 -0.0400  0.1180  0.9067
 A-DIIS (wt  0.223):  0.0000  0.0000  0.0000  0.0000  0.0000  0.0410  0.9590
  DIIS coefficients: -0.0000 -0.0005  0.0019  0.0105 -0.0311  0.1008  0.9184
 SCF Error: norm([F,P])=      0.062117061218, max([F,P])=      0.023065151090
 orbitals (Q,E):
 ---------------
 S :1...3            ( 2.00    -6.3871)  ( 2.00    -0.5116)  ( 0.00     0.1144)
 P :1...3            ( 6.00    -4.5623)  ( 3.00    -0.2008)  ( 0.00     0.0809)
 D :1...1            ( 0.00     0.3849)

 CYCLE    9
  SDIIS (wt  0.976):  0.0000  0.0000 -0.0001 -0.0000 -0.0006  0.0067  0.1535  0.8406
 A-DIIS (wt  0.024):  0.0000  0.0000  0.0000  0.0000  0.0000  0.0000  0.0000  1.0000
  DIIS coefficients:  0.0000  0.0000 -0.0001 -0.0000 -0.0006  0.0065  0.1498  0.8445
 SCF Error: norm([F,P])=      0.008957667695, max([F,P])=      0.003406470825
 orbitals (Q,E):
 ---------------
 S :1...3            ( 2.00    -6.3923)  ( 2.00    -0.5136)  ( 0.00     0.1136)
 P :1...3            ( 6.00    -4.5677)  ( 3.00    -0.2024)  ( 0.00     0.0804)
 D :1...1            ( 0.00     0.3830)

 CYCLE   10
  SDIIS (wt  1.000): -0.0000  0.0000 -0.0000 -0.0000  0.0000  0.0002  0.0031  0.0372  0.9595
  DIIS coefficients: -0.0000  0.0000 -0.0000 -0.0000  0.0000  0.0002  0.0031  0.0372  0.9595
 SCF Error: norm([F,P])=      0.000163653333, max([F,P])=      0.000063717608
 orbitals (Q,E):
 ---------------
 S :1...3            ( 2.00    -6.3922)  ( 2.00    -0.5136)  ( 0.00     0.1136)
 P :1...3            ( 6.00    -4.5676)  ( 3.00    -0.2024)  ( 0.00     0.0804)
 D :1...1            ( 0.00     0.3830)

 CYCLE   11
  SDIIS (wt  1.000):  0.0000  0.0000 -0.0000 -0.0002 -0.0016 -0.0226  1.0244
  DIIS coefficients:  0.0000  0.0000 -0.0000 -0.0002 -0.0016 -0.0226  1.0244
 SCF Error: norm([F,P])=      0.000000175567, max([F,P])=      0.000000090743
 orbitals (Q,E):
 ---------------
 S :1...3            ( 2.00    -6.3922)  ( 2.00    -0.5136)  ( 0.00     0.1136)
 P :1...3            ( 6.00    -4.5676)  ( 3.00    -0.2024)  ( 0.00     0.0804)
 D :1...1            ( 0.00     0.3830)

 CYCLE   12
  SDIIS (wt  1.000): -0.0000 -0.0000 -0.0005 -0.0247  1.0252
  DIIS coefficients: -0.0000 -0.0000 -0.0005 -0.0247  1.0252
 SCF Error: norm([F,P])=      0.000000002285, max([F,P])=      0.000000001028
 orbitals (Q,E):
 ---------------
 S :1...3            ( 2.00    -6.3922)  ( 2.00    -0.5136)  ( 0.00     0.1136)
 P :1...3            ( 6.00    -4.5676)  ( 3.00    -0.2024)  ( 0.00     0.0804)
 D :1...1            ( 0.00     0.3830)

 SCF CONVERGED

 CYCLE   13
1
 ***************************************************************************************************



                                                *******************
                                                *  R E S U L T S  *
                                                *******************
  
 *** Using FIT density in Focky
  SDIIS (wt  1.000):  0.0000  0.0017  0.0326  0.9657
  DIIS coefficients:  0.0000  0.0017  0.0326  0.9657
 SCF Error: norm([F,P])=      0.000000000342, max([F,P])=      0.000000000172

 Scaled ZORA Orbital Energies, per Irrep and Spin:
 =================================================
                        Occup              E (au)              E (eV)       Diff (eV) with prev. cycle
                        -----      --------------------        ------       --------------------------
 S
               1        2.000     -0.63922369009056E+01      -173.942               8.75E-09
               2        2.000     -0.51357095789531E+00       -13.975               6.90E-09
               3        0.000      0.11360419341918E+00         3.091
               4        0.000      0.13218598554508E+01        35.970
               5        0.000      0.10430275582036E+02       283.822
 P
               1        6.000     -0.45676340295409E+01      -124.292               8.74E-09
               2        3.000     -0.20235270966723E+00        -5.506               5.88E-09
               3        0.000      0.80400995303665E-01         2.188
               4        0.000      0.71612464912880E+00        19.487
               5        0.000      0.95392466931961E+01       259.576
 D
               1        0.000      0.38299165710671E+00        10.422


 Partially Occupied:
               2 P                -0.20235270966723E+00
  
 HOMO :        2 S                -0.51357095789531E+00
 LUMO :        3 P                 0.80400995303665E-01
  


 Orbital Energies, all Irreps
 ========================================

 Irrep        no.  (spin)   Occup              E (au)                E (eV)
 ---------------------------------------------------------------------------
 S             1             2.00       -0.63922369009056E+01      -173.9416
 P             1             6.00       -0.45676340295409E+01      -124.2916
 S             2             2.00       -0.51357095789531E+00       -13.9750
 P             2             3.00       -0.20235270966723E+00        -5.5063
 P             3             0.00        0.80400995303665E-01         2.1878
 S             3             0.00        0.11360419341918E+00         3.0913
 D             1             0.00        0.38299165710671E+00        10.4217
 P             4             0.00        0.71612464912880E+00        19.4867
 S             4             0.00        0.13218598554508E+01        35.9696
 P             5             0.00        0.95392466931961E+01       259.5761
 S             5             0.00        0.10430275582036E+02       283.8222


 Scaled ZORA Orbital Energies of the Core Orbitals:
 ==================================================

 (Note that the atoms are grouped by atomtype, see the labels, and may hence NOT be in input order)

 AtomType  Orbital  Atom                   E (au)                        E (eV)
 --------  -------  ----           --------------------        ----------------
 P           1S        1          -0.76588588395026E+02               -2084.082



 =======================================
 M U L L I K E N   P O P U L A T I O N S
 =======================================
  
 The survey below gives for each atom:
 a) the total charge (Z minus electrons)
 b) the net spin polarization (nr of electrons spin-A minus spin-B)
 c) for each spin the atomic electron valence density (integrated) per L-value.

 Atom              Charge    Spin density          S         P         D         F
 ----              ------    ------------       ------    ------    ------    ------
 1 P              -0.0000                       4.0000    9.0000    0.0000    0.0000

 Populations of individual BAS functions
 ----------------------------------------
 1 P           -0.0481  1.4990  0.5077  0.7973  0.7973  0.7973  1.2052  1.2052  1.2052  0.3372
                1.0986  0.6057  0.1369  0.1369  0.1369  0.4144  0.4144  0.4144  0.4462  0.4462
                0.4462  0.0000  0.0000  0.0000  0.0000  0.0000  0.0000

 Gross Charges per Atom (Z minus electrons)
 ==========================================
            -0.0000
 Net Total: -0.00000000



 =======================================================================
 Electrostatic potential at the Nuclei due to electrons and other nuclei
 =======================================================================
  
         Atom                  Potential
         ----                  ---------
     1)   P                  54.30955117
 
 
 ========================
 No memory problems found
 ========================
 
 Maximum number of active allocate calls:         389
 
 *******************************************************************************

                             A D F   E X I T
 NORMAL TERMINATION



 =================
 Timing Statistics
 =================
  
 Total Used :                     CPU=        0.72      System=        0.02     Elapsed=        0.83

 Calls  Section                     ( Mean, Percentage )
 ---------------------------------------------------------------------------------------------------
     3  ><      ................      0.00    0.56             0.00    0.00             0.00    0.87
     1  INIT    ................      0.08   11.73             0.00    0.00             0.10   12.20
     1  GEOMET  ................      0.02    2.23             0.01   50.00             0.03    4.05
     1  INPUTA  ................      0.00    0.56             0.00    0.00             0.00    0.55
     1  MAINSY  ................      0.01    1.68             0.00    0.00             0.02    2.57
     1  SYMFIT  ................      0.00    0.56             0.00    0.00             0.00    0.23
     1  CORORT  ................      0.00    0.00             0.00    0.00             0.00    0.32
     1  SYMORB  ................      0.00    0.00             0.00    0.00             0.00    0.13
     1  CLSMAT  ................      0.01    1.12             0.00    0.00             0.01    0.93
     1  ORTHON  ................      0.01    1.12             0.00    0.00             0.01    0.91
     1  GENPT   ................      0.02    2.79             0.00    0.00             0.02    2.93
     1  PTBAS   ................      0.00    0.56             0.00    0.00             0.01    0.87
    13  FOCKY   ................      0.04   64.80             0.00   25.00             0.04   58.35
    13  FOCKTR  ................      0.00    1.12             0.00    0.00             0.00    1.08
    13  SDIIS   ................      0.00    3.91             0.00   25.00             0.00    6.94
     1  COREPS  ................      0.03    3.91             0.00    0.00             0.03    3.53
     1  POPAN   ................      0.00    0.56             0.00    0.00             0.01    0.84
     1  DEBYE   ................      0.00    0.56             0.00    0.00             0.00    0.40
     1  EXIT PROCEDURE .........      0.02    2.23             0.00    0.00             0.02    2.28


 Currently Open Files (EXIT00)
 ====================

 Unit    Access Format  Status   Type       Ident (file)
 -------------------------------------------------------
   3      SEQ    FORM   TRANSP  NORMAL      LOGFILE
                                          ( logfile )

 ***************************************************************************************************
 (LOGFILE)
 <May05-2026> <12:10:31>  DIRAC 2019  RunTime: May05-2026 12:10:31  Nodes: 1  Procs: 1
 <May05-2026> <12:10:31>  NORMAL TERMINATION
 <May05-2026> <12:10:31>  END
 <May05-2026> <12:10:31>  ADF 2019  RunTime: May05-2026 12:10:31  Nodes: 1  Procs: 1
 <May05-2026> <12:10:31>  Hydrogen (TZP)
 <May05-2026> <12:10:31>  RunType   : CREATE
 <May05-2026> <12:10:31>  Net Charge: 0 (Nuclei minus Electrons)
 <May05-2026> <12:10:31>  Symmetry  : ATOM
  Coordinates
    Atom         X           Y           Z   (Angstrom)
    1.H         0.000000    0.000000    0.000000
 <May05-2026> <12:10:31>  >>>> CORORT
 <May05-2026> <12:10:31>  >>>> CLSMAT
 <May05-2026> <12:10:31>  >>>> ORTHON
 <May05-2026> <12:10:31>  >>>> GENPT
 <May05-2026> <12:10:31>  Block Length=  64
 <May05-2026> <12:10:31>  >>>> PTBAS
 <May05-2026> <12:10:31>  >>>> CYCLE
 <May05-2026> <12:10:31>              |Error|         MaxErr       Wt(A-DIIS)
 <May05-2026> <12:10:31>      1      0.00000000      0.00000000
 <May05-2026> <12:10:31>      2      0.03153787      0.03011049
 <May05-2026> <12:10:31>      3      0.00861799      0.00834303    100.0
 <May05-2026> <12:10:31>      4      0.00173235      0.00171862      0.7
 <May05-2026> <12:10:31>      5      0.00004367      0.00003977      0.0
 <May05-2026> <12:10:31>      6      0.00000238      0.00000216      0.0
 <May05-2026> <12:10:31>      7      0.00000001      0.00000001      0.0
 <May05-2026> <12:10:31>  SCF converged
 <May05-2026> <12:10:31>      8      0.00000000      0.00000000      0.0
 <May05-2026> <12:10:31>  >>>> POPAN
 <May05-2026> <12:10:31>  >>>> DEBYE
 <May05-2026> <12:10:31>  NORMAL TERMINATION
 <May05-2026> <12:10:31>  END
 <May05-2026> <12:10:32>  DIRAC 2019  RunTime: May05-2026 12:10:32  Nodes: 1  Procs: 1
 <May05-2026> <12:10:32>  NORMAL TERMINATION
 <May05-2026> <12:10:32>  END
 <May05-2026> <12:10:32>  ADF 2019  RunTime: May05-2026 12:10:32  Nodes: 1  Procs: 1
 <May05-2026> <12:10:32>  Phosphorus (TZP, 1s frozen)
 <May05-2026> <12:10:32>  RunType   : CREATE
 <May05-2026> <12:10:32>  Net Charge: 0 (Nuclei minus Electrons)
 <May05-2026> <12:10:32>  Symmetry  : ATOM
  Coordinates
    Atom         X           Y           Z   (Angstrom)
    1.P         0.000000    0.000000    0.000000
 <May05-2026> <12:10:32>  >>>> CORORT
 <May05-2026> <12:10:32>  >>>> CLSMAT
 <May05-2026> <12:10:32>  >>>> ORTHON
 <May05-2026> <12:10:32>  >>>> GENPT
 <May05-2026> <12:10:32>  Block Length=  76
 <May05-2026> <12:10:32>  >>>> PTBAS
 <May05-2026> <12:10:32>  >>>> CYCLE
 <May05-2026> <12:10:32>              |Error|         MaxErr       Wt(A-DIIS)
 <May05-2026> <12:10:32>      1      0.00000000      0.00000000
 <May05-2026> <12:10:32>      2     18.57419976      5.72946042    100.0
 <May05-2026> <12:10:32>      3      7.89224634      2.59295418    100.0
 <May05-2026> <12:10:32>      4      4.38717664      1.76162665    100.0
 <May05-2026> <12:10:32>      5      1.32434558      0.46695615    100.0
 <May05-2026> <12:10:33>      6      0.89465661      0.32855234    100.0
 <May05-2026> <12:10:33>      7      0.15275323      0.05676890     56.3
 <May05-2026> <12:10:33>      8      0.06211706      0.02306515     22.3
 <May05-2026> <12:10:33>      9      0.00895767      0.00340647      2.4
 <May05-2026> <12:10:33>     10      0.00016365      0.00006372      0.0
 <May05-2026> <12:10:33>     11      0.00000018      0.00000009      0.0
 <May05-2026> <12:10:33>     12      0.00000000      0.00000000      0.0
 <May05-2026> <12:10:33>  SCF converged
 <May05-2026> <12:10:33>     13      0.00000000      0.00000000      0.0
 <May05-2026> <12:10:33>  >>>> POPAN
 <May05-2026> <12:10:33>  >>>> DEBYE
 <May05-2026> <12:10:33>  NORMAL TERMINATION
 <May05-2026> <12:10:33>  END

 *******************************************************************************
 *                                                                             *
 *  -------------------------------------                                      *
 *   Amsterdam Density Functional  (ADF)         2019                          *
 *  -------------------------------------                                      *
 *                                               r74351 2019-04-25             *
 *                                                                             *
 *                                                                             *
 *                            =====================                            *
 *                            |                   |                            *
 *                            |     D I R A C     |                            *
 *                            |                   |                            *
 *                            =====================                            *
 *                                                                             *
 *                                                                             *
 *   Online information and documentation:  https://www.scm.com/support/       *
 *   E-mail:  support@scm.com   info@scm.com                                   *
 *                                                                             *
 *   Scientific publications using ADF results must be properly referenced     *
 *   See the User Manuals (or the web site) for recommended citations          *
 *   The terms and conditions of the End User License Agreement apply to       *
 *   the use of ADF, https://www.scm.com/license-terms/                        *
 *                                                                             *
 **********************  x86_64_linux_intel / intelmpi  ************************
 
 L
 DIRAC 2019  RunTime: May05-2026 12:10:33  Nodes: 1  Procs: 1

 Temporary files are created in /scratch/kid_0.467103177

1
 OXYGEN ATOM 1s CORE RELATIVISTIC, Point Nuc, A and c from li
 N J RN H ZN XION ANUC CLIGHT
 5000    4100.00000000197.36710137  8.00000000  0.00000000   15.994914  0.1370360E+03
  PH   PHI     EPS        DEL        DELRVR
  0.30  0.30     2500.00  0.00001000  0.00001000
 IDIRC  NC1  NDEBU NPRIN  IPUN IRCOR IWCOR
   1   300     0     0     0     0     1
   XALPHA      XLATTER      RNUC
  0.70000000  0.00000000  0.00000000 Point Charge
   XN   XL   XJ      XE          XZ      XDELL
  1.0  0.0  0.5      -5.000       2.000     0.00000
  2.0  0.0  0.5      -1.000       2.000     0.00000
  2.0  1.0  0.5      -1.000       2.000     0.00000
  2.0  1.0  1.5      -1.000       2.000     0.00000
 ICORP=  0  NPCL=  0  DEMP=0.00  PEPS=0.000000
 R(1)=  0.1000000E-08 D=  0.1005080E+01 RNUC=  0.0000000E+00
 converged at cycle   28  DENSITY AVERAGING    0.2400
  MAXIMUM ERROR IN R.V(R) IS   0.81125670E-05
 Q,EY,EV,EZ,ESUM,ETOT,RHO  0.800000E+01 -0.101247E+02 -0.114961E+03 -0.177573E+03 -0.405053E+02 -0.743427E+02  0.414766E-14


 DIRAC CALCULATION
1                    OXYGEN ATOM 1s CORE RELATIVISTIC, Point Nuc, A and c from libtc


 EXCHANGE COEFFICIENT=  0.7000000           TAIL CORRECTION=  0.           NUCLEAR RADIUS=  0.000E+00
0                       ORBITAL    N    L    J     ELECTRONS     EIGENVALUE                DELTA OF EIGENV.

                          1S1/2  1.0  0.0  0.5     2.000       -0.1880014E+02                 0.7264358E-06
                          2S1/2  2.0  0.0  0.5     2.000       -0.8412236E+00                 0.5932752E-05
                          2P1/2  2.0  1.0  0.5     2.000       -0.3063203E+00                 0.5998471E-05
                          2P3/2  2.0  1.0  1.5     2.000       -0.3049609E+00                 0.5986971E-05


                                        NUCLEAR CHARGE=    8.000000
                            INTEGRAL OF CHARGE DENSITY=    8.000000
                           SUM OF THE ORBITAL ENERGIES=    -40.5053
                                          TOTAL ENERGY=    -74.3427
                                        KINETIC ENERGY=     74.4552
                             NUCLEAR ATTRACTION ENERGY=   -177.5730
                             ELECTRON REPULSION ENERGY=     36.3686
                                       EXCHANGE ENERGY=     -7.5935

 *******************************************************************************

                             D I R A C   E X I T
 NORMAL TERMINATION



 =================
 Timing Statistics
 =================
  
 Total Used :                     CPU=        0.14      System=        0.00     Elapsed=        0.17

 Calls  Section                     ( Mean, Percentage )
 ---------------------------------------------------------------------------------------------------
     2  ><      ................      0.00    0.00             0.00    0.00             0.00    0.00
     1  EXIT PROCEDURE .........      0.14  100.00             0.00  100.00             0.17  100.00


 Currently Open Files (EXIT00)
 ====================

 Unit    Access Format  Status   Type       Ident (file)
 -------------------------------------------------------
   3      SEQ    FORM   TRANSP  NORMAL      LOGFILE
                                          ( logfile )
 
Create O   file=TZP-O.1s
XC
  GGA PBE
End
relativistic ZORA
Corepotentials t12.rel
End

 *******************************************************************************
 *                                                                             *
 *  -------------------------------------                                      *
 *   Amsterdam Density Functional  (ADF)         2019                          *
 *  -------------------------------------                                      *
 *                                               r74351 2019-04-25             *
 *                                                                             *
 *                                                                             *
 *                              =================                              *
 *                              |               |                              *
 *                              |     A D F     |                              *
 *                              |               |                              *
 *                              =================                              *
 *                                                                             *
 *                                                                             *
 *   Online information and documentation:  https://www.scm.com/support/       *
 *   E-mail:  support@scm.com   info@scm.com                                   *
 *                                                                             *
 *   Scientific publications using ADF results must be properly referenced     *
 *   See the User Manuals (or the web site) for recommended citations          *
 *   The terms and conditions of the End User License Agreement apply to       *
 *   the use of ADF, https://www.scm.com/license-terms/                        *
 *                                                                             *
 **********************  x86_64_linux_intel / intelmpi  ************************
 

  
 ADF 2019  RunTime: May05-2026 12:10:33  Nodes: 1  Procs: 1

 Temporary files are created in /scratch/kid_0.1669009479

 Oxygen (TZP, 1s frozen)



 ===========================
 A T T A C H E D   F I L E S
 ===========================
  
 CREATE - Data File:    TZP-O.1s
                        Oxygen (TZP, 1s frozen)
 Core Potentials:
         file : t12.rel



 ===============================
 M O D E L   P A R A M E T E R S
 ===============================
  
 DENSITY FUNCTIONAL POTENTIAL (scf)
    LDA:                               PW92                                    == Not Default ==
    Gradient Corrections:              PBEc PBEx                               == Not Default ==

 SPIN  (restricted / unrestr.)
    Molecule:                          Restricted                               

 OTHER ASPECTS
    Relativistic Corrections:          scalar (ZORA,MAPA)                      == Not Default ==

    Nuclear Charge Density Model:      Point Charge Nuclei                      
    Core Treatment:                    Frozen Orbital(s)                        

    Hyperfine or Zeeman Interaction:   ---                                      



 =====================================
 S Y M M E T R Y ,   E L E C T R O N S
 =====================================
  
 Symmetry: ATOM

 Irreducible Representations, including subspecies
 -------------------------------------------------
 S
 P:x  P:y  P:z
 D:z2  D:x2-y2  D:xy  D:xz  D:yz
 F:z3  F:z  F:xyz  F:z2x  F:z2y  F:x  F:y


 Configuration of Valence Electrons
 ==================================

          Occupation Numbers
          -------------------------------------------------
 S        2
 P        4
 D        0
 F        0
          -------------------------------------------------

 Total:   6

 Net Charge: 0 (Nuclei minus Electrons)

 Preset values for MO occupations will be applied through SCF cycle no. 1000000
 Thereafter, the program will assign electrons to MOs that are spatially
 similar to the occupied MOs in a "reference" cycle ("KeepOrbitals").
 The reference cycle is always the PREVIOUS cycle: it will evolve with
 the SCF procedure.



 ================================
 (Slater-type)  F U N C T I O N S  ***  (Basis and Fit)  ***
 ================================
  

 Atom Type    1  (O)
 ==============

 Valence Basis Sets:   8
 -----------------------
   1 S    7.360000
   2 S    1.720000
   2 S    2.880000
   2 S    7.580000
   2 P    1.120000
   2 P    2.080000
   2 P    4.080000
   3 D    2.000000

 Frozen Core Shells
 ------------------
    S:  1


 BAS: List of all Elementary Cartesian Basis Functions
 =====================================================

 The numbering in the list below (to the right of the function characteristics) is referred
 to in print-outs of MO eigenvectors and Mulliken populations in the BAS representation
 (as contrasted to the SFO representation).

 Notes:
 1. The functions are characterized by a polynomial prefactor (powers of x,y,z and r) and
    an exponential decay factor alpha.
 2. Since the basis sets are specific for an atom TYPE, the individual functions occur on
    all atoms of that type.
 3. The word 'Core' in the left margin signals that it is a Core Function (CF) : not a
    degree of freedom in the valence set, but only used to ensure orthogonalization of
    the other valence basis functions on the frozen Core Orbitals.


 (power of) X  Y  Z  R     Alpha  on Atom
            ==========     =====     ==========

 O                                    1
                                  ---------------------------------------------------------------------------
    Core    0  0  0  0     7.360      1
            0  0  0  1     1.720      2
            0  0  0  1     2.880      3
            0  0  0  1     7.580      4
            1  0  0  0     1.120      5
            0  1  0  0     1.120      6
            0  0  1  0     1.120      7
            1  0  0  0     2.080      8
            0  1  0  0     2.080      9
            0  0  1  0     2.080     10
            1  0  0  0     4.080     11
            0  1  0  0     4.080     12
            0  0  1  0     4.080     13
            2  0  0  0     2.000     14
            1  1  0  0     2.000     15
            1  0  1  0     2.000     16
            0  2  0  0     2.000     17
            0  1  1  0     2.000     18
            0  0  2  0     2.000     19

 Total number of charge fitting functions (nprimf)        82
 Total number of Cartesian basis functions (naos)         19
 Total number of Cartesian core functions  (ncos)          1



 BAS: List of all Elementary Cartesian Basis Functions
 =====================================================

 The numbering in the list below (to the right of the function characteristics) is referred
 to in print-outs of MO eigenvectors and Mulliken populations in the BAS representation
 (as contrasted to the SFO representation).

 Notes:
 1. The functions are characterized by a polynomial prefactor (powers of x,y,z and r) and
    an exponential decay factor alpha.
 2. Since the basis sets are specific for an atom TYPE, the individual functions occur on
    all atoms of that type.
 3. The word 'Core' in the left margin signals that it is a Core Function (CF) : not a
    degree of freedom in the valence set, but only used to ensure orthogonalization of
    the other valence basis functions on the frozen Core Orbitals.


 (power of) X  Y  Z  R     Alpha  on Atom
            ==========     =====     ==========

 O                                    1
                                  ---------------------------------------------------------------------------
    Core    0  0  0  0     7.360      1
            0  0  0  1     1.720      2
            0  0  0  1     2.880      3
            0  0  0  1     7.580      4
            1  0  0  0     1.120      5
            0  1  0  0     1.120      6
            0  0  1  0     1.120      7
            1  0  0  0     2.080      8
            0  1  0  0     2.080      9
            0  0  1  0     2.080     10
            1  0  0  0     4.080     11
            0  1  0  0     4.080     12
            0  0  1  0     4.080     13
            2  0  0  0     2.000     14
            1  1  0  0     2.000     15
            1  0  1  0     2.000     16
            0  2  0  0     2.000     17
            0  1  1  0     2.000     18
            0  0  2  0     2.000     19
1
 ***************************************************************************************************



                                              ***********************
                                              *  T E C H N I C A L  *
                                              ***********************
  



 =============================================================
 P A R A L L E L I Z A T I O N  and  V E C T O R I Z A T I O N
 =============================================================
  
 Nr of parallel processes:                                1
 Maximum vector length in NumInt loops:                 128



 =====================
 S C F   U P D A T E S
 =====================
  
 Max. nr. of cycles:                               300
 Convergence criterion:                              0.0000000100
   secondary criterion:                              0.0000000100

 Mix parameter (when DIIS does not apply):           0.2000000000
 Special mix parameter for the first cycle:          1.0000000000
 Mixed ADIIS+SDIIS will be used                  
    Max number of expansion vectors:                10
    Pure ADIIS when Max([F,P]) is above              0.1000000000
    Pure SDIIS when Max([F,P]) is below              0.0010000000
 Automatic ElectronSmearing (in case of problematic SCF convergence) disabled



 =================
 P R E C I S I O N  ***  (General: NumInt, NeglectFunctionTails, ...)  ***
 =================
  

 NumInt:           Target precision:                12.0000000000
 -------           Initial precision:               10.0000000000
                   Min. precision (optimization):   10.0000000000

 Neglect Functions:          Basis functions:        0.1000000000E-13
 ------------------          Fit functions:          0.1000000000E-13



 ===========================
 L I N E A R   S C A L I N G
 ===========================
  

 Cut-off radii density fit:                        0.1000000000E-97
 Overlap cut-off criterion AO matrix elements:     0.1000000000E-97
 Cut-offs for Coulomb potential and fitted density:0.1000000000E-97
 Cut-off criterion for Coulomb multipole terms:    0.1000000000E-97
 Progressive Convergence parameter:                 0.000000000    
1
 ***************************************************************************************************



                                            ***************************
                                            *  C O M P U T A T I O N  *
                                            ***************************
  

 Number of elements of the density matrix on this node (used, total):       190       190



 ===========================================
 Numerical Integration : Fuzzy Cells (Becke)
 ===========================================
  
 Becke grid quality: VERYGOOD       
  
 Lebedev angular grid order:             min:  13 max:  41
 Nr. of radial points:                   min:  68 max:  68

 Total nr. of points:         68
 Nr. of blocks:                1
 Block length:                68
 Nr. of dummy points:          0


 Test of Precision of the Numerical Integration Grid
 ===================================================

 Integral of the Total Core Density:                   1.99999999865610
 Relative Error:                                      -6.720E-10



 ========================
 Density Fitting (zlmFit)
 ========================
  
 ZlmFit Fit Quality: VERYGOOD       
  
 Max L-expansion:                        min:   0 max:   0
 Nr. of radial interpolation points:     min: 140 max: 140



 =====
 S C F  ***  ScaSCF  ***
 =====
  

 CYCLE    1
 SCF Error: norm([F,P])=      0.000000000000, max([F,P])=      0.000000000000
 orbitals (Q,E):
 ---------------
 S :1...3            ( 2.00    -5.3654)  ( 0.00    -2.2073)  ( 0.00    23.6692)
 P :1...3            ( 4.00    -5.0045)  ( 0.00    -2.0150)  ( 0.00    -0.3846)
 D :1...1            ( 0.00    -2.0410)

 CYCLE    2
 SCF Error: norm([F,P])=      4.562993374873, max([F,P])=      2.528971113813
 orbitals (Q,E):
 ---------------
 S :1...2            ( 2.00    -0.1548)  ( 0.00     1.6948)
 P :1...2            ( 4.00     0.1773)  ( 0.00     0.9552)
 D :1...1            ( 0.00     1.4649)

 CYCLE    3
  SDIIS (wt  0.000):  0.3378  0.6622
 A-DIIS (wt  1.000):  0.4814  0.5186
  DIIS coefficients:  0.4814  0.5186
 SCF Error: norm([F,P])=      2.723155250500, max([F,P])=      1.798667049295
 orbitals (Q,E):
 ---------------
 S :1...2            ( 2.00    -1.1093)  ( 0.00     0.7549)
 P :1...2            ( 4.00    -0.5518)  ( 0.00     0.2590)
 D :1...1            ( 0.00     0.8910)

 CYCLE    4
  SDIIS (wt  0.000):  0.0919  0.9081
 A-DIIS (wt  1.000):  0.0000  1.0000
  DIIS coefficients:  0.0000  1.0000
 SCF Error: norm([F,P])=      0.289027138405, max([F,P])=      0.130648623511
 orbitals (Q,E):
 ---------------
 S :1...2            ( 2.00    -0.7707)  ( 0.00     0.9912)
 P :1...2            ( 4.00    -0.2284)  ( 0.00     0.4046)
 D :1...1            ( 0.00     1.1288)

 CYCLE    5
  SDIIS (wt  0.000):  0.0260  0.6740  0.3001
 A-DIIS (wt  1.000):  0.0000  0.5764  0.4236
  DIIS coefficients:  0.0000  0.5764  0.4236
 SCF Error: norm([F,P])=      0.416615089426, max([F,P])=      0.232643669786
 orbitals (Q,E):
 ---------------
 S :1...2            ( 2.00    -0.8764)  ( 0.00     0.9107)
 P :1...2            ( 4.00    -0.3280)  ( 0.00     0.3557)
 D :1...1            ( 0.00     1.0703)

 CYCLE    6
  SDIIS (wt  0.942):  0.0005  0.0237 -0.0203  0.9960
 A-DIIS (wt  0.058):  0.0000  0.0000  0.0000  1.0000
  DIIS coefficients:  0.0005  0.0224 -0.0191  0.9962
 SCF Error: norm([F,P])=      0.013723272809, max([F,P])=      0.006719036732
 orbitals (Q,E):
 ---------------
 S :1...2            ( 2.00    -0.8830)  ( 0.00     0.9058)
 P :1...2            ( 4.00    -0.3343)  ( 0.00     0.3521)
 D :1...1            ( 0.00     1.0657)

 CYCLE    7
  SDIIS (wt  1.000): -0.0000  0.0016  0.0023  0.0424  0.9537
  DIIS coefficients: -0.0000  0.0016  0.0023  0.0424  0.9537
 SCF Error: norm([F,P])=      0.001103645928, max([F,P])=      0.000634039171
 orbitals (Q,E):
 ---------------
 S :1...2            ( 2.00    -0.8827)  ( 0.00     0.9060)
 P :1...2            ( 4.00    -0.3340)  ( 0.00     0.3523)
 D :1...1            ( 0.00     1.0659)

 CYCLE    8
  SDIIS (wt  1.000): -0.0000 -0.0001  0.0000 -0.0032  0.0268  0.9765
  DIIS coefficients: -0.0000 -0.0001  0.0000 -0.0032  0.0268  0.9765
 SCF Error: norm([F,P])=      0.000035919805, max([F,P])=      0.000020263970
 orbitals (Q,E):
 ---------------
 S :1...2            ( 2.00    -0.8827)  ( 0.00     0.9060)
 P :1...2            ( 4.00    -0.3340)  ( 0.00     0.3522)
 D :1...1            ( 0.00     1.0659)

 CYCLE    9
  SDIIS (wt  1.000): -0.0000  0.0008  0.0188  0.9804
  DIIS coefficients: -0.0000  0.0008  0.0188  0.9804
 SCF Error: norm([F,P])=      0.000000326384, max([F,P])=      0.000000183924
 orbitals (Q,E):
 ---------------
 S :1...2            ( 2.00    -0.8827)  ( 0.00     0.9060)
 P :1...2            ( 4.00    -0.3340)  ( 0.00     0.3522)
 D :1...1            ( 0.00     1.0659)

 CYCLE   10
  SDIIS (wt  1.000):  0.0000  0.0003  0.9996
  DIIS coefficients:  0.0000  0.0003  0.9996
 SCF Error: norm([F,P])=      0.000000000559, max([F,P])=      0.000000000306
 orbitals (Q,E):
 ---------------
 S :1...2            ( 2.00    -0.8827)  ( 0.00     0.9060)
 P :1...2            ( 4.00    -0.3340)  ( 0.00     0.3522)
 D :1...1            ( 0.00     1.0659)

 SCF CONVERGED

 CYCLE   11
1
 ***************************************************************************************************



                                                *******************
                                                *  R E S U L T S  *
                                                *******************
  
 *** Using FIT density in Focky
  SDIIS (wt  1.000): -0.0000  0.0143  0.9857
  DIIS coefficients: -0.0000  0.0143  0.9857
 SCF Error: norm([F,P])=      0.000000000010, max([F,P])=      0.000000000006

 Scaled ZORA Orbital Energies, per Irrep and Spin:
 =================================================
                        Occup              E (au)              E (eV)       Diff (eV) with prev. cycle
                        -----      --------------------        ------       --------------------------
 S
               1        2.000     -0.88272313143209E+00       -24.020              -9.28E-11
               2        0.000      0.90601345014671E+00        24.654
               3        0.000      0.29578810816937E+02       804.880
 P
               1        4.000     -0.33400585272070E+00        -9.089              -8.94E-11
               2        0.000      0.35224911365993E+00         9.585
               3        0.000      0.38342927625315E+01       104.336
 D
               1        0.000      0.10658965783141E+01        29.005


 Partially Occupied:
               1 P                -0.33400585272070E+00
  
 HOMO :        1 S                -0.88272313143209E+00
 LUMO :        2 P                 0.35224911365993E+00
  


 Orbital Energies, all Irreps
 ========================================

 Irrep        no.  (spin)   Occup              E (au)                E (eV)
 ---------------------------------------------------------------------------
 S             1             2.00       -0.88272313143209E+00       -24.0201
 P             1             4.00       -0.33400585272070E+00        -9.0888
 P             2             0.00        0.35224911365993E+00         9.5852
 S             2             0.00        0.90601345014671E+00        24.6539
 D             1             0.00        0.10658965783141E+01        29.0045
 P             3             0.00        0.38342927625315E+01       104.3364
 S             3             0.00        0.29578810816937E+02       804.8804


 Scaled ZORA Orbital Energies of the Core Orbitals:
 ==================================================

 (Note that the atoms are grouped by atomtype, see the labels, and may hence NOT be in input order)

 AtomType  Orbital  Atom                   E (au)                        E (eV)
 --------  -------  ----           --------------------        ----------------
 O           1S        1          -0.18925919758629E+02                -515.000



 =======================================
 M U L L I K E N   P O P U L A T I O N S
 =======================================
  
 The survey below gives for each atom:
 a) the total charge (Z minus electrons)
 b) the net spin polarization (nr of electrons spin-A minus spin-B)
 c) for each spin the atomic electron valence density (integrated) per L-value.

 Atom              Charge    Spin density          S         P         D         F
 ----              ------    ------------       ------    ------    ------    ------
 1 O              -0.0000                       2.0000    4.0000    0.0000    0.0000

 Populations of individual BAS functions
 ----------------------------------------
 1 O            0.0005  0.9226  1.0966 -0.0196  0.3346  0.3346  0.3346  0.7512  0.7512  0.7512
                0.2476  0.2476  0.2476  0.0000  0.0000  0.0000  0.0000  0.0000  0.0000

 Gross Charges per Atom (Z minus electrons)
 ==========================================
            -0.0000
 Net Total: -0.00000000



 =======================================================================
 Electrostatic potential at the Nuclei due to electrons and other nuclei
 =======================================================================
  
         Atom                  Potential
         ----                  ---------
     1)   O                  22.20265662
 
 
 ========================
 No memory problems found
 ========================
 
 Maximum number of active allocate calls:         389
 
 *******************************************************************************

                             A D F   E X I T
 NORMAL TERMINATION



 =================
 Timing Statistics
 =================
  
 Total Used :                     CPU=        0.50      System=        0.06     Elapsed=        0.67

 Calls  Section                     ( Mean, Percentage )
 ---------------------------------------------------------------------------------------------------
     3  ><      ................      0.00    0.00             0.00    7.14             0.00    1.07
     1  INIT    ................      0.08   16.00             0.00    7.14             0.10   14.85
     1  GEOMET  ................      0.01    2.40             0.01   14.28             0.03    5.00
     1  INPUTA  ................      0.00    0.80             0.00    0.00             0.00    0.66
     1  MAINSY  ................      0.02    3.20             0.00    0.00             0.02    3.03
     1  SYMFIT  ................      0.00    0.00             0.00    0.00             0.00    0.28
     1  CORORT  ................      0.00    0.00             0.00    0.00             0.00    0.41
     1  SYMORB  ................      0.00    0.80             0.00    0.00             0.00    0.16
     1  CLSMAT  ................      0.00    0.80             0.00    0.00             0.01    1.14
     1  ORTHON  ................      0.00    0.80             0.00    7.14             0.01    1.15
     1  GENPT   ................      0.01    2.40             0.00    7.14             0.02    3.09
     1  PTBAS   ................      0.01    1.60             0.00    0.00             0.03    4.57
    11  FOCKY   ................      0.03   58.40             0.00   35.71             0.03   48.83
    11  FOCKTR  ................      0.00    1.60             0.00    0.00             0.00    1.11
    11  SDIIS   ................      0.00    4.80             0.00    7.14             0.00    7.43
     1  COREPS  ................      0.02    3.20             0.00    7.14             0.02    3.24
     1  POPAN   ................      0.00    0.80             0.00    0.00             0.01    0.99
     1  DEBYE   ................      0.00    0.80             0.00    0.00             0.00    0.46
     1  EXIT PROCEDURE .........      0.01    1.60             0.00    7.14             0.02    2.54


 Currently Open Files (EXIT00)
 ====================

 Unit    Access Format  Status   Type       Ident (file)
 -------------------------------------------------------
   3      SEQ    FORM   TRANSP  NORMAL      LOGFILE
                                          ( logfile )

 ***************************************************************************************************
 (LOGFILE)
 <May05-2026> <12:10:31>  DIRAC 2019  RunTime: May05-2026 12:10:31  Nodes: 1  Procs: 1
 <May05-2026> <12:10:31>  NORMAL TERMINATION
 <May05-2026> <12:10:31>  END
 <May05-2026> <12:10:31>  ADF 2019  RunTime: May05-2026 12:10:31  Nodes: 1  Procs: 1
 <May05-2026> <12:10:31>  Hydrogen (TZP)
 <May05-2026> <12:10:31>  RunType   : CREATE
 <May05-2026> <12:10:31>  Net Charge: 0 (Nuclei minus Electrons)
 <May05-2026> <12:10:31>  Symmetry  : ATOM
  Coordinates
    Atom         X           Y           Z   (Angstrom)
    1.H         0.000000    0.000000    0.000000
 <May05-2026> <12:10:31>  >>>> CORORT
 <May05-2026> <12:10:31>  >>>> CLSMAT
 <May05-2026> <12:10:31>  >>>> ORTHON
 <May05-2026> <12:10:31>  >>>> GENPT
 <May05-2026> <12:10:31>  Block Length=  64
 <May05-2026> <12:10:31>  >>>> PTBAS
 <May05-2026> <12:10:31>  >>>> CYCLE
 <May05-2026> <12:10:31>              |Error|         MaxErr       Wt(A-DIIS)
 <May05-2026> <12:10:31>      1      0.00000000      0.00000000
 <May05-2026> <12:10:31>      2      0.03153787      0.03011049
 <May05-2026> <12:10:31>      3      0.00861799      0.00834303    100.0
 <May05-2026> <12:10:31>      4      0.00173235      0.00171862      0.7
 <May05-2026> <12:10:31>      5      0.00004367      0.00003977      0.0
 <May05-2026> <12:10:31>      6      0.00000238      0.00000216      0.0
 <May05-2026> <12:10:31>      7      0.00000001      0.00000001      0.0
 <May05-2026> <12:10:31>  SCF converged
 <May05-2026> <12:10:31>      8      0.00000000      0.00000000      0.0
 <May05-2026> <12:10:31>  >>>> POPAN
 <May05-2026> <12:10:31>  >>>> DEBYE
 <May05-2026> <12:10:31>  NORMAL TERMINATION
 <May05-2026> <12:10:31>  END
 <May05-2026> <12:10:32>  DIRAC 2019  RunTime: May05-2026 12:10:32  Nodes: 1  Procs: 1
 <May05-2026> <12:10:32>  NORMAL TERMINATION
 <May05-2026> <12:10:32>  END
 <May05-2026> <12:10:32>  ADF 2019  RunTime: May05-2026 12:10:32  Nodes: 1  Procs: 1
 <May05-2026> <12:10:32>  Phosphorus (TZP, 1s frozen)
 <May05-2026> <12:10:32>  RunType   : CREATE
 <May05-2026> <12:10:32>  Net Charge: 0 (Nuclei minus Electrons)
 <May05-2026> <12:10:32>  Symmetry  : ATOM
  Coordinates
    Atom         X           Y           Z   (Angstrom)
    1.P         0.000000    0.000000    0.000000
 <May05-2026> <12:10:32>  >>>> CORORT
 <May05-2026> <12:10:32>  >>>> CLSMAT
 <May05-2026> <12:10:32>  >>>> ORTHON
 <May05-2026> <12:10:32>  >>>> GENPT
 <May05-2026> <12:10:32>  Block Length=  76
 <May05-2026> <12:10:32>  >>>> PTBAS
 <May05-2026> <12:10:32>  >>>> CYCLE
 <May05-2026> <12:10:32>              |Error|         MaxErr       Wt(A-DIIS)
 <May05-2026> <12:10:32>      1      0.00000000      0.00000000
 <May05-2026> <12:10:32>      2     18.57419976      5.72946042    100.0
 <May05-2026> <12:10:32>      3      7.89224634      2.59295418    100.0
 <May05-2026> <12:10:32>      4      4.38717664      1.76162665    100.0
 <May05-2026> <12:10:32>      5      1.32434558      0.46695615    100.0
 <May05-2026> <12:10:33>      6      0.89465661      0.32855234    100.0
 <May05-2026> <12:10:33>      7      0.15275323      0.05676890     56.3
 <May05-2026> <12:10:33>      8      0.06211706      0.02306515     22.3
 <May05-2026> <12:10:33>      9      0.00895767      0.00340647      2.4
 <May05-2026> <12:10:33>     10      0.00016365      0.00006372      0.0
 <May05-2026> <12:10:33>     11      0.00000018      0.00000009      0.0
 <May05-2026> <12:10:33>     12      0.00000000      0.00000000      0.0
 <May05-2026> <12:10:33>  SCF converged
 <May05-2026> <12:10:33>     13      0.00000000      0.00000000      0.0
 <May05-2026> <12:10:33>  >>>> POPAN
 <May05-2026> <12:10:33>  >>>> DEBYE
 <May05-2026> <12:10:33>  NORMAL TERMINATION
 <May05-2026> <12:10:33>  END
 <May05-2026> <12:10:33>  DIRAC 2019  RunTime: May05-2026 12:10:33  Nodes: 1  Procs: 1
 <May05-2026> <12:10:33>  NORMAL TERMINATION
 <May05-2026> <12:10:33>  END
 <May05-2026> <12:10:33>  ADF 2019  RunTime: May05-2026 12:10:33  Nodes: 1  Procs: 1
 <May05-2026> <12:10:33>  Oxygen (TZP, 1s frozen)
 <May05-2026> <12:10:33>  RunType   : CREATE
 <May05-2026> <12:10:33>  Net Charge: 0 (Nuclei minus Electrons)
 <May05-2026> <12:10:33>  Symmetry  : ATOM
  Coordinates
    Atom         X           Y           Z   (Angstrom)
    1.O         0.000000    0.000000    0.000000
 <May05-2026> <12:10:33>  >>>> CORORT
 <May05-2026> <12:10:33>  >>>> CLSMAT
 <May05-2026> <12:10:33>  >>>> ORTHON
 <May05-2026> <12:10:33>  >>>> GENPT
 <May05-2026> <12:10:33>  Block Length=  68
 <May05-2026> <12:10:33>  >>>> PTBAS
 <May05-2026> <12:10:33>  >>>> CYCLE
 <May05-2026> <12:10:34>              |Error|         MaxErr       Wt(A-DIIS)
 <May05-2026> <12:10:34>      1      0.00000000      0.00000000
 <May05-2026> <12:10:34>      2      4.56299337      2.52897111
 <May05-2026> <12:10:34>      3      2.72315525      1.79866705    100.0
 <May05-2026> <12:10:34>      4      0.28902714      0.13064862    100.0
 <May05-2026> <12:10:34>      5      0.41661509      0.23264367    100.0
 <May05-2026> <12:10:34>      6      0.01372327      0.00671904      5.8
 <May05-2026> <12:10:34>      7      0.00110365      0.00063404      0.0
 <May05-2026> <12:10:34>      8      0.00003592      0.00002026      0.0
 <May05-2026> <12:10:34>      9      0.00000033      0.00000018      0.0
 <May05-2026> <12:10:34>     10      0.00000000      0.00000000      0.0
 <May05-2026> <12:10:34>  SCF converged
 <May05-2026> <12:10:34>     11      0.00000000      0.00000000      0.0
 <May05-2026> <12:10:34>  >>>> POPAN
 <May05-2026> <12:10:34>  >>>> DEBYE
 <May05-2026> <12:10:34>  NORMAL TERMINATION
 <May05-2026> <12:10:34>  END


 Parallel Execution: Process Information
 ==============================================================================
 Rank   Node Name                              NodeID   MyNodeRank  NodeMaster
    0   kimik2200                                 0          0          0
    1   kimik2200                                 0          1         -1
    2   kimik2200                                 0          2         -1
    3   kimik2200                                 0          3         -1
    4   kimik2200                                 0          4         -1
    5   kimik2200                                 0          5         -1
    6   kimik2200                                 0          6         -1
    7   kimik2200                                 0          7         -1
    8   kimik2200                                 0          8         -1
    9   kimik2200                                 0          9         -1
   10   kimik2200                                 0         10         -1
   11   kimik2200                                 0         11         -1
   12   kimik2200                                 0         12         -1
   13   kimik2200                                 0         13         -1
   14   kimik2200                                 0         14         -1
   15   kimik2200                                 0         15         -1
   16   kimik2200                                 0         16         -1
   17   kimik2200                                 0         17         -1
   18   kimik2200                                 0         18         -1
   19   kimik2200                                 0         19         -1
   20   kimik2200                                 0         20         -1
   21   kimik2200                                 0         21         -1
   22   kimik2200                                 0         22         -1
   23   kimik2200                                 0         23         -1
 ==============================================================================


May use up to 61492MB of RAM as shared memory on node 0
 
AnalyticalFreq
end

NumericalQuality Good

QTAIM
    Enabled Yes
End

Relativistic Scalar ZORA

SOLVATION
  Surf Delley
  Solv name=Water cav0=0.0 cav1=0.0067639
  Charged method=CONJ
  C-Mat POT
  SCF VAR ALL
  CSMRSP
  Radii
    H=1.30
    O=1.72
    Mo=1.992
    Ta=2.025
    W=1.992
    V=1.908
    Nb=2.025
  P=2.13
    I=2.32
    Si=2.480
    As=1.967
    C=2.00
    Na=2.250
U=2.100
    SubEnd
end

ScanFreq -1000 0

XC
  GGA PBE
end

atoms
      1         P     -0.852137      0.539107      0.000000
      2         O     -0.852253     -1.220893      0.000000
      3         O     -0.886766      2.298766      0.000000
      4         O     -2.610889      0.605373      0.000000
      5         O      0.907726      0.517141      0.000000
      6         H     -1.032290      3.169675     -0.376751
      7         H      1.846849      0.561724      0.194060
end

charge -1

geometry
end

Fragments
H t21.H
P t21.P
O t21.O
End

 *******************************************************************************
 *                                                                             *
 *  -------------------------------------                                      *
 *   Amsterdam Density Functional  (ADF)         2019                          *
 *  -------------------------------------                                      *
 *                                               r74351 2019-04-25             *
 *                                                                             *
 *                                                                             *
 *                              =================                              *
 *                              |               |                              *
 *                              |     A D F     |                              *
 *                              |               |                              *
 *                              =================                              *
 *                                                                             *
 *                                                                             *
 *   Online information and documentation:  https://www.scm.com/support/       *
 *   E-mail:  support@scm.com   info@scm.com                                   *
 *                                                                             *
 *   Scientific publications using ADF results must be properly referenced     *
 *   See the User Manuals (or the web site) for recommended citations          *
 *   The terms and conditions of the End User License Agreement apply to       *
 *   the use of ADF, https://www.scm.com/license-terms/                        *
 *                                                                             *
 **********************  x86_64_linux_intel / intelmpi  ************************
 

  
 ADF 2019  RunTime: May05-2026 12:10:35  Nodes: 1  Procs: 24

 Temporary files are created in /scratch/kid_0.778944099


Communication costs MPI_COMM_WORLD:      6.517 usec per message,   0.0203 usec per 8-byte item
Communication costs for intra-node:      6.481 usec per message,   0.0203 usec per 8-byte item

 *** (NO TITLE) ***



 ===========================
 A T T A C H E D   F I L E S
 ===========================
  



 ===============================
 M O D E L   P A R A M E T E R S
 ===============================
  
 DENSITY FUNCTIONAL POTENTIAL (scf)
    LDA:                               PW92                                    == Not Default ==
    Gradient Corrections:              PBEc PBEx                               == Not Default ==

 SPIN  (restricted / unrestr.)
    Molecule:                          Restricted                               
    Fragments:                         Restricted                               

 OTHER ASPECTS
    Relativistic Corrections:          scalar (ZORA,MAPA)                      == Not Default ==

    Nuclear Charge Density Model:      Point Charge Nuclei                      
    Core Treatment:                    Frozen Orbital(s)                        

    Hyperfine or Zeeman Interaction:   ---                                      

 SOLVATION
-------------------------------------------

  The Delley construction of COSMO surface surface is calculated

       Division Level for Surface Triangles (NDIV)                  3
       Final Division Level for Triangles (NFDIV)                   1
       Radius of the Solvent (RSOL)                           1.93000 angstr
  Dielectric Constant (EPSL)                                 78.39000

       COSMO equation is solved iteratively-               conjugate-gradient

       Maximun of Iterations for Charges (NCIX)                  1000
       Criterion for Charge convergence (CCNV)                1.0E-08

  COSMO charges included variationally in SCF

       COSMO included at every SCF cycle

  Geometry-dependent empirical factor                         0.00000

  C-Matrix calculated in cspmtx

  In cspmtx, C-Matrix calculated using fitted potential

-------------------------------------------



 Fragment File(s)
 ----------------
 P:
         file : t21.P
         jobid: ADF 2019  RunTime: May05-2026 12:10:32  Nodes: 1  Procs: 1
         title: Phosphorus (TZP, 1s frozen)
 O:
         file : t21.O
         jobid: ADF 2019  RunTime: May05-2026 12:10:33  Nodes: 1  Procs: 1
         title: Oxygen (TZP, 1s frozen)
 H:
         file : t21.H
         jobid: ADF 2019  RunTime: May05-2026 12:10:31  Nodes: 1  Procs: 1
         title: Hydrogen (TZP)



                                   *********************************************
                                   *  R U N   T Y P E : GEOMETRY OPTIMIZATION  *
                                   *********************************************
  



 ===============
 G E O M E T R Y  ***  3D  Molecule  ***
 ===============
  

 ATOMS
 =====                            X Y Z                    CHARGE                     RADIUS
                                (Angstrom)             Nucl     +Core       At.Mass (Angstrom)
                       --------------------------    ----------------       ------- ----------
    1  P              -0.8521    0.5391    0.0000     15.00     13.00       30.9738    2.1300
    2  O              -0.8523   -1.2209    0.0000      8.00      6.00       15.9949    1.7200
    3  O              -0.8868    2.2988    0.0000      8.00      6.00       15.9949    1.7200
    4  O              -2.6109    0.6054    0.0000      8.00      6.00       15.9949    1.7200
    5  O               0.9077    0.5171    0.0000      8.00      6.00       15.9949    1.7200
    6  H              -1.0323    3.1697   -0.3768      1.00      1.00        1.0078    1.3000
    7  H               1.8468    0.5617    0.1941      1.00      1.00        1.0078    1.3000


 FRAGMENTS
 =========                                     Atoms in this Fragment     Cart. coord.s (Angstrom)
                                               -------------------------------------------------------
    1  P                                                 1  P           -0.8521    0.5391    0.0000
    2  O                                                 2  O           -0.8523   -1.2209    0.0000
    3  O                                                 3  O           -0.8868    2.2988    0.0000
    4  O                                                 4  O           -2.6109    0.6054    0.0000
    5  O                                                 5  O            0.9077    0.5171    0.0000
    6  H                                                 6  H           -1.0323    3.1697   -0.3768
    7  H                                                 7  H            1.8468    0.5617    0.1941


 Interatomic Distance Matrix (Angstrom)
 --------------------------------------

   1)     0.000
   2)     1.760   0.000
   3)     1.760   3.520   0.000
   4)     1.760   2.535   2.417   0.000
   5)     1.760   2.474   2.529   3.520   0.000
   6)     2.664   4.410   0.960   3.035   3.308   0.000
   7)     2.706   3.240   3.245   4.462   0.960   3.926   0.000

 Min. Distance =    0.9600
 Max. Distance =    4.4622



 =====================================
 S Y M M E T R Y ,   E L E C T R O N S
 =====================================
  
 Symmetry: NOSYM

 Irreducible Representations, including subspecies
 -------------------------------------------------
 A


 Configuration of Valence Electrons
 ==================================
 ( determined in the SCF procedure )

 Total:   40

 Net Charge: -1 (Nuclei minus Electrons)

 Aufbau principle for MO occupations will be applied through SCF cycle no.     150
 Thereafter, the program will assign electrons to MOs that are spatially
 similar to the occupied MOs in a "reference" cycle ("KeepOrbitals").
 The reference cycle is always the PREVIOUS cycle: it will evolve with
 the SCF procedure.
1
 ***************************************************************************************************



                                      ****************************************
                                      *  B U I L D : (Fragments, Functions)  *
                                      ****************************************
  

 Total nr. of (C)SFOs (summation over all irreps) :   105

 Specify PRINT SFO in the input file to get a full list

 Nr. of SFOs for ir.rep.           A :   105



 ================================
 (Slater-type)  F U N C T I O N S  ***  (Basis and Fit)  ***
 ================================
  

 Atom Type    1  (P)
 ==============

 Valence Basis Sets:  12
 -----------------------
   1 S   12.550000
   2 S    5.600000
   2 S    4.050000
   2 P    7.450000
   2 P    4.100000
   3 S    1.300000
   3 S    1.850000
   3 S    2.650000
   3 P    0.850000
   3 P    1.300000
   3 P    2.050000
   3 D    1.900000

 Frozen Core Shells
 ------------------
    S:  1

 Atom Type    2  (O)
 ==============

 Valence Basis Sets:   8
 -----------------------
   1 S    7.360000
   2 S    1.720000
   2 S    2.880000
   2 S    7.580000
   2 P    1.120000
   2 P    2.080000
   2 P    4.080000
   3 D    2.000000

 Frozen Core Shells
 ------------------
    S:  1

 Atom Type    3  (H)
 ==============

 Valence Basis Sets:   4
 -----------------------
   1 S    0.690000
   1 S    0.920000
   1 S    1.580000
   2 P    1.250000


 BAS: List of all Elementary Cartesian Basis Functions
 =====================================================

 The numbering in the list below (to the right of the function characteristics) is referred
 to in print-outs of MO eigenvectors and Mulliken populations in the BAS representation
 (as contrasted to the SFO representation).

 Notes:
 1. The functions are characterized by a polynomial prefactor (powers of x,y,z and r) and
    an exponential decay factor alpha.
 2. Since the basis sets are specific for an atom TYPE, the individual functions occur on
    all atoms of that type.
 3. The word 'Core' in the left margin signals that it is a Core Function (CF) : not a
    degree of freedom in the valence set, but only used to ensure orthogonalization of
    the other valence basis functions on the frozen Core Orbitals.


 (power of) X  Y  Z  R     Alpha  on Atom
            ==========     =====     ==========

 P                                    1
                                  ---------------------------------------------------------------------------
    Core    0  0  0  0    12.550      1
            0  0  0  1     5.600      2
            0  0  0  1     4.050      3
            1  0  0  0     7.450      4
            0  1  0  0     7.450      5
            0  0  1  0     7.450      6
            1  0  0  0     4.100      7
            0  1  0  0     4.100      8
            0  0  1  0     4.100      9
            0  0  0  2     1.300     10
            0  0  0  2     1.850     11
            0  0  0  2     2.650     12
            1  0  0  1     0.850     13
            0  1  0  1     0.850     14
            0  0  1  1     0.850     15
            1  0  0  1     1.300     16
            0  1  0  1     1.300     17
            0  0  1  1     1.300     18
            1  0  0  1     2.050     19
            0  1  0  1     2.050     20
            0  0  1  1     2.050     21
            2  0  0  0     1.900     22
            1  1  0  0     1.900     23
            1  0  1  0     1.900     24
            0  2  0  0     1.900     25
            0  1  1  0     1.900     26
            0  0  2  0     1.900     27

 O                                    2    3    4    5
                                  ---------------------------------------------------------------------------
    Core    0  0  0  0     7.360     28   47   66   85
            0  0  0  1     1.720     29   48   67   86
            0  0  0  1     2.880     30   49   68   87
            0  0  0  1     7.580     31   50   69   88
            1  0  0  0     1.120     32   51   70   89
            0  1  0  0     1.120     33   52   71   90
            0  0  1  0     1.120     34   53   72   91
            1  0  0  0     2.080     35   54   73   92
            0  1  0  0     2.080     36   55   74   93
            0  0  1  0     2.080     37   56   75   94
            1  0  0  0     4.080     38   57   76   95
            0  1  0  0     4.080     39   58   77   96
            0  0  1  0     4.080     40   59   78   97
            2  0  0  0     2.000     41   60   79   98
            1  1  0  0     2.000     42   61   80   99
            1  0  1  0     2.000     43   62   81  100
            0  2  0  0     2.000     44   63   82  101
            0  1  1  0     2.000     45   64   83  102
            0  0  2  0     2.000     46   65   84  103

 H                                    6    7
                                  ---------------------------------------------------------------------------
            0  0  0  0     0.690    104  110
            0  0  0  0     0.920    105  111
            0  0  0  0     1.580    106  112
            1  0  0  0     1.250    107  113
            0  1  0  0     1.250    108  114
            0  0  1  0     1.250    109  115

 Total number of charge fitting functions (nprimf)       534
 Total number of Cartesian basis functions (naos)        115
 Total number of Cartesian core functions  (ncos)          5



 Coordinates (Cartesian)
 =======================

     Atom                    bohr                                 angstrom                 Geometric Variables
                   X           Y           Z              X           Y           Z       (0:frozen, *:LT par.)
 --------------------------------------------------------------------------------------------------------------
     1 P      -1.610306    1.018765    0.000000      -0.852137    0.539107    0.000000      1       2       3
     2 O      -1.610525   -2.307153    0.000000      -0.852253   -1.220893    0.000000      4       5       6
     3 O      -1.675745    4.344038    0.000000      -0.886766    2.298766    0.000000      7       8       9
     4 O      -4.933865    1.143989    0.000000      -2.610889    0.605373    0.000000     10      11      12
     5 O       1.715354    0.977255    0.000000       0.907726    0.517141    0.000000     13      14      15
     6 H      -1.950745    5.989818   -0.711956      -1.032290    3.169675   -0.376751     16      17      18
     7 H       3.490039    1.061505    0.366720       1.846849    0.561724    0.194060     19      20      21
 --------------------------------------------------------------------------------------------------------------
1
 ***************************************************************************************************



                                              ***********************
                                              *  T E C H N I C A L  *
                                              ***********************
  



 =============================================================
 P A R A L L E L I Z A T I O N  and  V E C T O R I Z A T I O N
 =============================================================
  
 Nr of parallel processes:                               24
 Maximum vector length in NumInt loops:                 128



 ===============================
 G E O M E T R Y   U P D A T E S
 ===============================
  
 Optimization coordinates:                       Delocalized
 Optimization code branch:                       NEW
 Hessian update method:                          BFGS (Broyden-Fletcher-Goldfarb-Shanno)

 Iterative Geometry Improvements:
    Max. nr. of iterations:                         42
    Convergence criteria:
         Change in energy (hartree):                 0.0010000000
         Gradients (au/Angstrom):                    0.0010000000
         Cart/bondlength changes (Angstrom):         0.0100000000
    Max. step to take:
         Trust Radius:                               0.2000000000

 GDIIS (Geometry Direct Inversion in Iteration Space):
    First geometry cycle:                            0
    Max. number expansion vectors:                   5



 =====================
 S C F   U P D A T E S
 =====================
  
 Max. nr. of cycles:                               300
 Convergence criterion:                              0.0000010000
   secondary criterion:                              0.0010000000

 Mix parameter (when DIIS does not apply):           0.2000000000
 Mixed ADIIS+SDIIS will be used                  
    Max number of expansion vectors:                10
    Pure ADIIS when Max([F,P]) is above              0.1000000000
    Pure SDIIS when Max([F,P]) is below              0.0010000000



 =================
 P R E C I S I O N  ***  (General: NumInt, NeglectFunctionTails, ...)  ***
 =================
  

 NumInt:           Target precision:                 6.0000000000
 -------           Initial precision:                6.0000000000
                   Min. precision (optimization):    6.0000000000

 Neglect Functions:          Basis functions:        0.1000000000E-07
 ------------------          Fit functions:          0.1000000000E-07



 ===========================
 L I N E A R   S C A L I N G
 ===========================
  

 Cut-off radii density fit:                        0.1000000000E-09
 Overlap cut-off criterion AO matrix elements:     0.1000000000E-07
 Cut-offs for Coulomb potential and fitted density:0.1000000000E-09
 Cut-off criterion for Coulomb multipole terms:    0.1000000000E-09
 Progressive Convergence parameter:                 0.000000000    
1
 ***************************************************************************************************



                                            ***************************
                                            *  C O M P U T A T I O N  *
                                            ***************************
  

 Number of elements of the density matrix on this node (used, total):       378      6670



 ===========================================
 Numerical Integration : Fuzzy Cells (Becke)
 ===========================================
  
 Becke grid quality: GOOD           
  
 Lebedev angular grid order:             min:  11 max:  35
 Nr. of radial points:                   min:  54 max:  65

 Total nr. of points:      90379
 Nr. of blocks:              707
 Block length:               128
 Nr. of dummy points:        117


 Test of Precision of the Numerical Integration Grid
 ===================================================

 Integral of the Total Core Density:                  10.00000114993238
 Relative Error:                                       1.150E-07


 -------------------------------------------
  COSMO surface
  Area             =          393.828
  Volume           =          618.852
  Number of Points =          963
 -------------------------------------------



 ========================
 Density Fitting (zlmFit)
 ========================
  
 ZlmFit Fit Quality: GOOD           
  
 Max L-expansion:                        min:   7 max:   9
 Nr. of radial interpolation points:     min:  72 max: 114



 =====
 S C F  ***  ScaSCF  ***
 =====
  
 Initial density matrix is calculated as sum of fragments

 CYCLE    1
 SCF Error: norm([F,P])=      1.799231010276, max([F,P])=      0.425027870268
 orbitals (Q,E):
 ---------------
 A :11...30          ( 2.00    -0.5220)  ( 2.00    -0.4628)  ( 2.00    -0.4578)  ( 2.00    -0.4421)
                     ( 2.00    -0.4329)  ( 2.00    -0.4053)  ( 2.00    -0.3987)  ( 2.00    -0.3827)
                     ( 2.00    -0.3723)  ( 2.00    -0.3491)  ( 0.00    -0.2201)  ( 0.00    -0.1583)
                     ( 0.00    -0.0376)  ( 0.00    -0.0371)  ( 0.00     0.0339)  ( 0.00     0.0578)
                     ( 0.00     0.0756)  ( 0.00     0.0814)  ( 0.00     0.1040)  ( 0.00     0.1257)

 CYCLE    2
  SDIIS (wt  0.000):  0.4906  0.5094
 A-DIIS (wt  1.000):  0.6241  0.3759
  DIIS coefficients:  0.6241  0.3759
 SCF Error: norm([F,P])=      1.762145798600, max([F,P])=      0.363331410044
 orbitals (Q,E):
 ---------------
 A :11...21          ( 2.00    -0.4152)  ( 2.00    -0.3703)  ( 2.00    -0.3313)  ( 2.00    -0.3118)
                     ( 2.00    -0.3028)  ( 2.00    -0.2655)  ( 2.00    -0.2599)  ( 2.00    -0.2238)
                     ( 2.00    -0.2077)  ( 2.00    -0.1701)  ( 0.00    -0.1567)

 CYCLE    3
  SDIIS (wt  0.000):  0.0524  0.2446  0.7029
 A-DIIS (wt  1.000):  0.0000  0.1540  0.8460
  DIIS coefficients:  0.0000  0.1540  0.8460
 SCF Error: norm([F,P])=      0.677349474548, max([F,P])=      0.144833731394
 orbitals (Q,E):
 ---------------
 A :11...21          ( 2.00    -0.3897)  ( 2.00    -0.3141)  ( 2.00    -0.3066)  ( 2.00    -0.2819)
                     ( 2.00    -0.2577)  ( 2.00    -0.2431)  ( 2.00    -0.2261)  ( 2.00    -0.2184)
                     ( 2.00    -0.2081)  ( 2.00    -0.1709)  ( 0.00    -0.1106)

 CYCLE    4
  SDIIS (wt  0.000):  0.1266  0.6360  0.2374
 A-DIIS (wt  1.000):  0.0000  0.6979  0.3021
  DIIS coefficients:  0.0000  0.6979  0.3021
 SCF Error: norm([F,P])=      1.189076897284, max([F,P])=      0.256536954743
 orbitals (Q,E):
 ---------------
 A :11...21          ( 2.00    -0.3887)  ( 2.00    -0.3435)  ( 2.00    -0.3151)  ( 2.00    -0.3028)
                     ( 2.00    -0.2954)  ( 2.00    -0.2566)  ( 2.00    -0.2544)  ( 2.00    -0.2198)
                     ( 2.00    -0.2151)  ( 2.00    -0.1740)  ( 0.00    -0.1308)

 CYCLE    5
  SDIIS (wt  0.237): -0.0788  0.3831  0.1624  0.5333
 A-DIIS (wt  0.763):  0.0000  0.3986  0.0207  0.5807
  DIIS coefficients: -0.0187  0.3949  0.0543  0.5695
 SCF Error: norm([F,P])=      0.507938698800, max([F,P])=      0.076525497851
 orbitals (Q,E):
 ---------------
 A :11...21          ( 2.00    -0.3857)  ( 2.00    -0.3246)  ( 2.00    -0.2868)  ( 2.00    -0.2775)
                     ( 2.00    -0.2521)  ( 2.00    -0.2379)  ( 2.00    -0.2159)  ( 2.00    -0.2072)
                     ( 2.00    -0.2006)  ( 2.00    -0.1599)  ( 0.00    -0.1290)

 CYCLE    6
  SDIIS (wt  0.237): -0.0407  0.1860 -0.0500  0.5054  0.3992
 A-DIIS (wt  0.763):  0.0000  0.2315  0.0000  0.3602  0.4082
  DIIS coefficients: -0.0096  0.2207 -0.0119  0.3947  0.4061
 SCF Error: norm([F,P])=      0.417291115440, max([F,P])=      0.096832131835
 orbitals (Q,E):
 ---------------
 A :11...21          ( 2.00    -0.3835)  ( 2.00    -0.3385)  ( 2.00    -0.3003)  ( 2.00    -0.2878)
                     ( 2.00    -0.2792)  ( 2.00    -0.2430)  ( 2.00    -0.2371)  ( 2.00    -0.2020)
                     ( 2.00    -0.1952)  ( 2.00    -0.1517)  ( 0.00    -0.1315)

 CYCLE    7
  SDIIS (wt  0.515): -0.0156  0.1023 -0.0549  0.3462  0.3922  0.2298
 A-DIIS (wt  0.485):  0.0000  0.0000  0.0000  0.0000  0.2039  0.7961
  DIIS coefficients: -0.0080  0.0527 -0.0283  0.1784  0.3010  0.5042
 SCF Error: norm([F,P])=      0.167214620364, max([F,P])=      0.048974467078
 orbitals (Q,E):
 ---------------
 A :11...21          ( 2.00    -0.3896)  ( 2.00    -0.3358)  ( 2.00    -0.2980)  ( 2.00    -0.2916)
                     ( 2.00    -0.2774)  ( 2.00    -0.2488)  ( 2.00    -0.2380)  ( 2.00    -0.2110)
                     ( 2.00    -0.2078)  ( 2.00    -0.1656)  ( 0.00    -0.1337)

 CYCLE    8
  SDIIS (wt  0.515):  0.0017  0.0210 -0.0200  0.1053  0.2319  0.4706  0.1896
 A-DIIS (wt  0.485):  0.0000  0.0000  0.0000  0.0000  0.0000  0.5180  0.4820
  DIIS coefficients:  0.0009  0.0108 -0.0103  0.0543  0.1195  0.4936  0.3313
 SCF Error: norm([F,P])=      0.177090306908, max([F,P])=      0.060665221014
 orbitals (Q,E):
 ---------------
 A :11...21          ( 2.00    -0.3878)  ( 2.00    -0.3343)  ( 2.00    -0.2943)  ( 2.00    -0.2888)
                     ( 2.00    -0.2729)  ( 2.00    -0.2455)  ( 2.00    -0.2331)  ( 2.00    -0.2083)
                     ( 2.00    -0.2039)  ( 2.00    -0.1603)  ( 0.00    -0.1329)

 CYCLE    9
  SDIIS (wt  0.735): -0.0065  0.0148 -0.0130  0.0373  0.0344  0.2539  0.3181  0.3610
 A-DIIS (wt  0.265):  0.0000  0.0000  0.0000  0.0000  0.0000  0.2600  0.2831  0.4570
  DIIS coefficients: -0.0048  0.0109 -0.0096  0.0274  0.0253  0.2555  0.3089  0.3864
 SCF Error: norm([F,P])=      0.098963093877, max([F,P])=      0.027187437602
 orbitals (Q,E):
 ---------------
 A :11...21          ( 2.00    -0.3868)  ( 2.00    -0.3362)  ( 2.00    -0.2971)  ( 2.00    -0.2884)
                     ( 2.00    -0.2766)  ( 2.00    -0.2451)  ( 2.00    -0.2359)  ( 2.00    -0.2062)
                     ( 2.00    -0.2019)  ( 2.00    -0.1589)  ( 0.00    -0.1328)

 CYCLE   10
  SDIIS (wt  0.934): -0.0041  0.0071 -0.0061  0.0224  0.0004  0.1116  0.1631  0.3015  0.4040
 A-DIIS (wt  0.066):  0.0000  0.0000  0.0000  0.0000  0.0000  0.0000  0.0000  0.1129  0.8871
  DIIS coefficients: -0.0038  0.0066 -0.0057  0.0209  0.0004  0.1042  0.1524  0.2891  0.4358
 SCF Error: norm([F,P])=      0.023729808987, max([F,P])=      0.007520301279
 orbitals (Q,E):
 ---------------
 A :11...21          ( 2.00    -0.3870)  ( 2.00    -0.3360)  ( 2.00    -0.2969)  ( 2.00    -0.2887)
                     ( 2.00    -0.2763)  ( 2.00    -0.2454)  ( 2.00    -0.2358)  ( 2.00    -0.2068)
                     ( 2.00    -0.2025)  ( 2.00    -0.1595)  ( 0.00    -0.1329)

 CYCLE   11
  SDIIS (wt  0.998): -0.0007  0.0009 -0.0008  0.0063 -0.0019  0.0142  0.0208  0.0893  0.3392  0.5327
 A-DIIS (wt  0.002):  0.0000  0.0000  0.0000  0.0000  0.0000  0.0000  0.0000  0.0000  0.0778  0.9222
  DIIS coefficients: -0.0007  0.0009 -0.0008  0.0063 -0.0019  0.0141  0.0207  0.0891  0.3385  0.5336
 SCF Error: norm([F,P])=      0.004511546259, max([F,P])=      0.001231844732
 orbitals (Q,E):
 ---------------
 A :11...21          ( 2.00    -0.3870)  ( 2.00    -0.3360)  ( 2.00    -0.2969)  ( 2.00    -0.2886)
                     ( 2.00    -0.2763)  ( 2.00    -0.2454)  ( 2.00    -0.2358)  ( 2.00    -0.2067)
                     ( 2.00    -0.2025)  ( 2.00    -0.1594)  ( 0.00    -0.1329)

 CYCLE   12
  SDIIS (wt  1.000): -0.0001  0.0000  0.0003 -0.0001 -0.0011 -0.0010  0.0053  0.0660  0.1669  0.7637
  DIIS coefficients: -0.0001  0.0000  0.0003 -0.0001 -0.0011 -0.0010  0.0053  0.0660  0.1669  0.7637
 SCF Error: norm([F,P])=      0.000416485572, max([F,P])=      0.000121690355
 orbitals (Q,E):
 ---------------
 A :11...21          ( 2.00    -0.3870)  ( 2.00    -0.3360)  ( 2.00    -0.2969)  ( 2.00    -0.2886)
                     ( 2.00    -0.2763)  ( 2.00    -0.2454)  ( 2.00    -0.2358)  ( 2.00    -0.2067)
                     ( 2.00    -0.2024)  ( 2.00    -0.1594)  ( 0.00    -0.1329)

 CYCLE   13
  SDIIS (wt  1.000): -0.0000  0.0001  0.0000 -0.0001  0.0000  0.0015  0.0178  0.0470  0.2696  0.6640
  DIIS coefficients: -0.0000  0.0001  0.0000 -0.0001  0.0000  0.0015  0.0178  0.0470  0.2696  0.6640
 SCF Error: norm([F,P])=      0.000031774096, max([F,P])=      0.000005503014
 orbitals (Q,E):
 ---------------
 A :11...21          ( 2.00    -0.3870)  ( 2.00    -0.3360)  ( 2.00    -0.2969)  ( 2.00    -0.2886)
                     ( 2.00    -0.2763)  ( 2.00    -0.2454)  ( 2.00    -0.2358)  ( 2.00    -0.2067)
                     ( 2.00    -0.2024)  ( 2.00    -0.1594)  ( 0.00    -0.1329)

 CYCLE   14
  SDIIS (wt  1.000): -0.0000  0.0000 -0.0000 -0.0000  0.0002  0.0029  0.0081  0.0575  0.1778  0.7534
  DIIS coefficients: -0.0000  0.0000 -0.0000 -0.0000  0.0002  0.0029  0.0081  0.0575  0.1778  0.7534
 SCF Error: norm([F,P])=      0.000008396345, max([F,P])=      0.000002055679
 orbitals (Q,E):
 ---------------
 A :11...21          ( 2.00    -0.3870)  ( 2.00    -0.3360)  ( 2.00    -0.2969)  ( 2.00    -0.2886)
                     ( 2.00    -0.2763)  ( 2.00    -0.2454)  ( 2.00    -0.2358)  ( 2.00    -0.2067)
                     ( 2.00    -0.2024)  ( 2.00    -0.1594)  ( 0.00    -0.1329)

 CYCLE   15
  SDIIS (wt  1.000):  0.0000  0.0000 -0.0000  0.0000  0.0001  0.0003  0.0057  0.0246  0.1989  0.7703
  DIIS coefficients:  0.0000  0.0000 -0.0000  0.0000  0.0001  0.0003  0.0057  0.0246  0.1989  0.7703
 SCF Error: norm([F,P])=      0.000001805896, max([F,P])=      0.000000436811
 orbitals (Q,E):
 ---------------
 A :11...21          ( 2.00    -0.3870)  ( 2.00    -0.3360)  ( 2.00    -0.2969)  ( 2.00    -0.2886)
                     ( 2.00    -0.2763)  ( 2.00    -0.2454)  ( 2.00    -0.2358)  ( 2.00    -0.2067)
                     ( 2.00    -0.2024)  ( 2.00    -0.1594)  ( 0.00    -0.1329)

 SCF CONVERGED
 cosmo_calcen: 0.5 (esolb+esolc) (Hartrees) =   -0.132704

 Solvation energy (screening term,uncorrected) =    -83.273237 kcal/mol

 Solvation energy (dispersion and cavitation terms) =      0.736428 kcal/mol
 Solvation Energy Contributions (Hartrees)
          esola   esolb+esolc
     0.13270434   -0.26540867
 esol last cycle   -0.13270434

 CYCLE   16
 *** Using FIT density in Focky
  SDIIS (wt  1.000):  0.0000 -0.0000 -0.0000 -0.0000 -0.0000  0.0006  0.0036  0.0361  0.1971  0.7626
  DIIS coefficients:  0.0000 -0.0000 -0.0000 -0.0000 -0.0000  0.0006  0.0036  0.0361  0.1971  0.7626
 SCF Error: norm([F,P])=      0.000000113775, max([F,P])=      0.000000021352
 orbitals (Q,E):
 ---------------
 A :11...30          ( 2.00    -0.3870)  ( 2.00    -0.3360)  ( 2.00    -0.2969)  ( 2.00    -0.2886)
                     ( 2.00    -0.2763)  ( 2.00    -0.2454)  ( 2.00    -0.2358)  ( 2.00    -0.2067)
                     ( 2.00    -0.2024)  ( 2.00    -0.1594)  ( 0.00    -0.1329)  ( 0.00    -0.0896)
                     ( 0.00     0.0181)  ( 0.00     0.0227)  ( 0.00     0.0755)  ( 0.00     0.0785)
                     ( 0.00     0.1125)  ( 0.00     0.1197)  ( 0.00     0.1702)  ( 0.00     0.2003)
 cosmo_calcen: 0.5 (esolb+esolc) (Hartrees) =   -0.132704

 Solvation energy (screening term,uncorrected) =    -83.273238 kcal/mol

 Solvation energy (dispersion and cavitation terms) =      0.736428 kcal/mol
 Solvation Energy Contributions (Hartrees)
          esola   esolb+esolc
     0.13270434   -0.26540868
 esol last cycle   -0.13270434


 Fit test: (difference of exact and fit density, squared integrated, result summed over spins)
         SCF:                                          0.00002945992819

 Gross Charges per Atom (Z minus electrons)
 ==========================================
             1.3058   -0.8378   -0.6411   -0.8501   -0.6089    0.3231    0.3090
 Net Total: -1.00000000



 =================================================================
 M U L T I P O L E   D E R I V E D   C H A R G E   A N A L Y S I S
 =================================================================

 See: M. Swart, P.Th. van Duijnen, J.G. Snijders, J.Comput.Chem., (2001), p. 79-88.

 --------------------------------------- 
 Multipole derived atomic charges (a.u.)
 --------------------------------------- 

        Atom    Level:     MDC-m        MDC-d        MDC-q
 ---------------------------------------------------------
     1     P            1.843805     1.453161     0.825015
     2     O           -0.933954    -0.856080    -0.754292
     3     O           -0.626349    -0.836873    -0.567882
     4     O           -0.943067    -0.853322    -0.722006
     5     O           -0.626829    -0.841380    -0.335288
     6     H            0.139171     0.459665     0.320664
     7     H            0.147223     0.474829     0.233789
 *** Using NEW gradient routines ***


 Geometry CYCLE 1
 ==============

 Energy gradients wrt nuclear displacements
 ==========================================

     Atom      Cartesian (a.u./angstrom)
                 X         Y         Z
 ----------------------------------------
     1 P     0.126676  0.102571  0.010908
     2 O    -0.023938 -0.150590  0.005022
     3 O    -0.063554  0.079288 -0.052444
     4 O    -0.140818 -0.000741 -0.006999
     5 O     0.112362 -0.002014  0.028994
     6 H     0.006800 -0.006223  0.038311
     7 H    -0.017528 -0.022291 -0.023791
 ----------------------------------------
 Max Cartesian displacement  0.789235756491941     
 Limit Cartesian step to   0.566917837497000     
 
----------------------------------------------------------------------
Geometry Convergence after Step   1       (Hartree/Angstrom,Angstrom)
----------------------------------------------------------------------
current energy                               -1.46331202 Hartree
energy change                      -1.46331202     0.00100000    F
constrained gradient max            0.15058973     0.00100000    F
constrained gradient rms            0.06876819     0.00066667    F
gradient max                        0.15058973
gradient rms                        0.06876819
cart. step max                      0.30991503     0.01000000    F
cart. step rms                      0.12477062     0.00666667    F
 


 Coordinates (Cartesian)
 =======================

     Atom                    bohr                                 angstrom                 Geometric Variables
                   X           Y           Z              X           Y           Z       (0:frozen, *:LT par.)
 --------------------------------------------------------------------------------------------------------------
     1 P      -1.747528    0.935933   -0.062048      -0.924752    0.495274   -0.032834      1       2       3
     2 O      -1.525980   -2.226426   -0.508473      -0.807514   -1.178174   -0.269072      4       5       6
     3 O      -1.465751    4.188029   -0.106780      -0.775642    2.216209   -0.056505      7       8       9
     4 O      -4.885545    1.122226    0.585655      -2.585319    0.593856    0.309915     10      11      12
     5 O       1.492741    1.101432    0.071785       0.789924    0.582853    0.037987     13      14      15
     6 H      -1.670275    5.799436   -0.951877      -0.883872    3.068929   -0.503712     16      17      18
     7 H       3.226546    1.307585    0.626502       1.707415    0.691944    0.331531     19      20      21
 --------------------------------------------------------------------------------------------------------------

 Number of elements of the density matrix on this node (used, total):       378      6670



 ===========================================
 Numerical Integration : Fuzzy Cells (Becke)
 ===========================================
  
 Becke grid quality: GOOD           
  
 Lebedev angular grid order:             min:  11 max:  35
 Nr. of radial points:                   min:  54 max:  65

 Total nr. of points:      90398
 Nr. of blocks:              707
 Block length:               128
 Nr. of dummy points:         98


 Test of Precision of the Numerical Integration Grid
 ===================================================

 Integral of the Total Core Density:                   9.99999773917859
 Relative Error:                                      -2.261E-07


 -------------------------------------------
  COSMO surface
  Area             =          385.180
  Volume           =          602.993
  Number of Points =          967
 -------------------------------------------



 ========================
 Density Fitting (zlmFit)
 ========================
  
 ZlmFit Fit Quality: GOOD           
  
 Max L-expansion:                        min:   7 max:   9
 Nr. of radial interpolation points:     min:  72 max: 114



 =====
 S C F  ***  ScaSCF  ***
 =====
  
 Initial density matrix is taken from previous geometry

 CYCLE    1
 SCF Error: norm([F,P])=      0.472076875362, max([F,P])=      0.185781354240
 orbitals (Q,E):
 ---------------
 A :11...30          ( 2.00    -0.1886)  ( 2.00    -0.1727)  ( 2.00    -0.1349)  ( 2.00    -0.1179)
                     ( 2.00    -0.0921)  ( 2.00    -0.0590)  ( 2.00    -0.0393)  ( 2.00    -0.0011)
                     ( 2.00     0.0151)  ( 2.00     0.0536)  ( 0.00     0.0720)  ( 0.00     0.1262)
                     ( 0.00     0.1282)  ( 0.00     0.1442)  ( 0.00     0.2356)  ( 0.00     0.2650)
                     ( 0.00     0.2769)  ( 0.00     0.2821)  ( 0.00     0.3418)  ( 0.00     0.4044)

 CYCLE    2
  SDIIS (wt  0.000):  0.3746  0.6254
 A-DIIS (wt  1.000):  0.9746  0.0254
  DIIS coefficients:  0.9746  0.0254
 SCF Error: norm([F,P])=      0.349037118118, max([F,P])=      0.067845314686
 orbitals (Q,E):
 ---------------
 A :11...21          ( 2.00    -0.1942)  ( 2.00    -0.1764)  ( 2.00    -0.1387)  ( 2.00    -0.1213)
                     ( 2.00    -0.0969)  ( 2.00    -0.0646)  ( 2.00    -0.0454)  ( 2.00    -0.0083)
                     ( 2.00     0.0075)  ( 2.00     0.0459)  ( 0.00     0.0675)

 CYCLE    3
  SDIIS (wt  0.000):  0.2443 -2.0000  2.7557
 A-DIIS (wt  1.000):  0.9716  0.0000  0.0284
  DIIS coefficients:  0.9716  0.0000  0.0284
 SCF Error: norm([F,P])=      0.306251796917, max([F,P])=      0.056604602802
 orbitals (Q,E):
 ---------------
 A :11...21          ( 2.00    -0.1948)  ( 2.00    -0.1769)  ( 2.00    -0.1392)  ( 2.00    -0.1217)
                     ( 2.00    -0.0974)  ( 2.00    -0.0651)  ( 2.00    -0.0460)  ( 2.00    -0.0089)
                     ( 2.00     0.0069)  ( 2.00     0.0453)  ( 0.00     0.0670)

 CYCLE    4
  SDIIS (wt  0.437): -2.0000  0.0000  3.0000
 A-DIIS (wt  0.563):  0.0000  0.0000  1.0000
  DIIS coefficients: -0.8743  0.0000  1.8743
 SCF Error: norm([F,P])=      0.305855864485, max([F,P])=      0.056724116626
 orbitals (Q,E):
 ---------------
 A :11...21          ( 2.00    -0.4265)  ( 2.00    -0.3532)  ( 2.00    -0.3393)  ( 2.00    -0.3127)
                     ( 2.00    -0.2844)  ( 2.00    -0.2708)  ( 2.00    -0.2511)  ( 2.00    -0.2366)
                     ( 2.00    -0.2351)  ( 2.00    -0.1789)  ( 0.00    -0.1181)

 CYCLE    5
  SDIIS (wt  0.000): -2.0000  2.8360  0.1640
 A-DIIS (wt  1.000):  0.0000  0.7517  0.2483
  DIIS coefficients:  0.0000  0.7517  0.2483
 SCF Error: norm([F,P])=      0.869883193153, max([F,P])=      0.208668446699
 orbitals (Q,E):
 ---------------
 A :11...21          ( 2.00    -0.4010)  ( 2.00    -0.3472)  ( 2.00    -0.3090)  ( 2.00    -0.3026)
                     ( 2.00    -0.2748)  ( 2.00    -0.2594)  ( 2.00    -0.2312)  ( 2.00    -0.2273)
                     ( 2.00    -0.2167)  ( 2.00    -0.1779)  ( 0.00    -0.1103)

 CYCLE    6
  SDIIS (wt  0.727): -0.5674 -2.0000  2.8815  0.0114  0.6745
 A-DIIS (wt  0.273):  0.0000  0.0000  0.0000  0.0000  1.0000
  DIIS coefficients: -0.4126 -1.4546  2.0957  0.0083  0.7632
 SCF Error: norm([F,P])=      0.104536366050, max([F,P])=      0.027998943857
 orbitals (Q,E):
 ---------------
 A :11...21          ( 2.00    -0.3842)  ( 2.00    -0.3375)  ( 2.00    -0.2975)  ( 2.00    -0.2849)
                     ( 2.00    -0.2671)  ( 2.00    -0.2450)  ( 2.00    -0.2181)  ( 2.00    -0.2107)
                     ( 2.00    -0.1977)  ( 2.00    -0.1586)  ( 0.00    -0.0985)

 CYCLE    7
  SDIIS (wt  0.752): -0.8206  2.9649 -2.0000 -0.0086  0.4315  0.4328
 A-DIIS (wt  0.248):  0.0000  0.0000  0.0000  0.0000  0.3239  0.6761
  DIIS coefficients: -0.6171  2.2296 -1.5040 -0.0065  0.4049  0.4931
 SCF Error: norm([F,P])=      0.085158019595, max([F,P])=      0.025551345653
 orbitals (Q,E):
 ---------------
 A :11...21          ( 2.00    -0.3907)  ( 2.00    -0.3426)  ( 2.00    -0.3037)  ( 2.00    -0.2926)
                     ( 2.00    -0.2731)  ( 2.00    -0.2517)  ( 2.00    -0.2245)  ( 2.00    -0.2186)
                     ( 2.00    -0.2057)  ( 2.00    -0.1670)  ( 0.00    -0.1040)

 CYCLE    8
  SDIIS (wt  0.919): -0.2191 -2.0000  2.2756  0.0075  0.1785  0.3129  0.4445
 A-DIIS (wt  0.081):  0.0000  0.0000  0.0000  0.0000  0.0000  0.1343  0.8657
  DIIS coefficients: -0.2014 -1.8383  2.0917  0.0069  0.1641  0.2985  0.4786
 SCF Error: norm([F,P])=      0.031766976302, max([F,P])=      0.009001763684
 orbitals (Q,E):
 ---------------
 A :11...21          ( 2.00    -0.3904)  ( 2.00    -0.3423)  ( 2.00    -0.3028)  ( 2.00    -0.2918)
                     ( 2.00    -0.2723)  ( 2.00    -0.2512)  ( 2.00    -0.2240)  ( 2.00    -0.2175)
                     ( 2.00    -0.2050)  ( 2.00    -0.1661)  ( 0.00    -0.1037)

 CYCLE    9
  SDIIS (wt  0.949):  0.0181 -2.0000  1.9889  0.0092  0.0328  0.1672  0.4742  0.3096
 A-DIIS (wt  0.051):  0.0000  0.0000  0.0000  0.0000  0.0000  0.0000  0.4183  0.5817
  DIIS coefficients:  0.0172 -1.8971  1.8866  0.0087  0.0311  0.1586  0.4714  0.3236
 SCF Error: norm([F,P])=      0.024735214253, max([F,P])=      0.006095414318
 orbitals (Q,E):
 ---------------
 A :11...21          ( 2.00    -0.3902)  ( 2.00    -0.3421)  ( 2.00    -0.3026)  ( 2.00    -0.2917)
                     ( 2.00    -0.2719)  ( 2.00    -0.2508)  ( 2.00    -0.2234)  ( 2.00    -0.2175)
                     ( 2.00    -0.2047)  ( 2.00    -0.1659)  ( 0.00    -0.1036)

 CYCLE   10
  SDIIS (wt  0.993): -0.0199  1.1034 -1.0877  0.0019  0.0039  0.0477  0.1796  0.2359  0.5353
 A-DIIS (wt  0.007):  0.0000  0.0000  0.0000  0.0000  0.0000  0.0000  0.0000  0.0612  0.9388
  DIIS coefficients: -0.0198  1.0955 -1.0800  0.0018  0.0039  0.0474  0.1783  0.2347  0.5381
 SCF Error: norm([F,P])=      0.006207790398, max([F,P])=      0.001702707453
 orbitals (Q,E):
 ---------------
 A :11...21          ( 2.00    -0.3902)  ( 2.00    -0.3420)  ( 2.00    -0.3026)  ( 2.00    -0.2917)
                     ( 2.00    -0.2719)  ( 2.00    -0.2509)  ( 2.00    -0.2235)  ( 2.00    -0.2176)
                     ( 2.00    -0.2048)  ( 2.00    -0.1660)  ( 0.00    -0.1034)

 CYCLE   11
  SDIIS (wt  1.000): -0.0117  0.5050 -0.4951  0.0010  0.0008  0.0200  0.0800  0.1063  0.2702  0.5236
  DIIS coefficients: -0.0117  0.5050 -0.4951  0.0010  0.0008  0.0200  0.0800  0.1063  0.2702  0.5236
 SCF Error: norm([F,P])=      0.000679694919, max([F,P])=      0.000148655651
 orbitals (Q,E):
 ---------------
 A :11...21          ( 2.00    -0.3902)  ( 2.00    -0.3420)  ( 2.00    -0.3026)  ( 2.00    -0.2917)
                     ( 2.00    -0.2719)  ( 2.00    -0.2509)  ( 2.00    -0.2235)  ( 2.00    -0.2176)
                     ( 2.00    -0.2048)  ( 2.00    -0.1660)  ( 0.00    -0.1035)

 CYCLE   12
  SDIIS (wt  1.000):  0.2177 -0.2189  0.0004 -0.0006  0.0050  0.0249  0.0330  0.0972  0.4151  0.4261
  DIIS coefficients:  0.2177 -0.2189  0.0004 -0.0006  0.0050  0.0249  0.0330  0.0972  0.4151  0.4261
 SCF Error: norm([F,P])=      0.000465432848, max([F,P])=      0.000124456961
 orbitals (Q,E):
 ---------------
 A :11...21          ( 2.00    -0.3902)  ( 2.00    -0.3420)  ( 2.00    -0.3026)  ( 2.00    -0.2917)
                     ( 2.00    -0.2719)  ( 2.00    -0.2509)  ( 2.00    -0.2235)  ( 2.00    -0.2176)
                     ( 2.00    -0.2048)  ( 2.00    -0.1660)  ( 0.00    -0.1035)

 CYCLE   13
  SDIIS (wt  1.000): -0.0000  0.0000  0.0000  0.0006  0.0027  0.0022  0.0104  0.0851  0.1371  0.7618
  DIIS coefficients: -0.0000  0.0000  0.0000  0.0006  0.0027  0.0022  0.0104  0.0851  0.1371  0.7618
 SCF Error: norm([F,P])=      0.000065252441, max([F,P])=      0.000012953555
 orbitals (Q,E):
 ---------------
 A :11...21          ( 2.00    -0.3902)  ( 2.00    -0.3420)  ( 2.00    -0.3026)  ( 2.00    -0.2917)
                     ( 2.00    -0.2719)  ( 2.00    -0.2509)  ( 2.00    -0.2235)  ( 2.00    -0.2176)
                     ( 2.00    -0.2048)  ( 2.00    -0.1660)  ( 0.00    -0.1035)

 CYCLE   14
  SDIIS (wt  1.000):  0.0000  0.0000  0.0000  0.0003  0.0003  0.0013  0.0173  0.0318  0.2186  0.7303
  DIIS coefficients:  0.0000  0.0000  0.0000  0.0003  0.0003  0.0013  0.0173  0.0318  0.2186  0.7303
 SCF Error: norm([F,P])=      0.000009511105, max([F,P])=      0.000002662928
 orbitals (Q,E):
 ---------------
 A :11...21          ( 2.00    -0.3902)  ( 2.00    -0.3420)  ( 2.00    -0.3026)  ( 2.00    -0.2917)
                     ( 2.00    -0.2719)  ( 2.00    -0.2509)  ( 2.00    -0.2235)  ( 2.00    -0.2176)
                     ( 2.00    -0.2048)  ( 2.00    -0.1660)  ( 0.00    -0.1035)

 CYCLE   15
  SDIIS (wt  1.000):  0.0000  0.0000  0.0001  0.0001  0.0003  0.0045  0.0084  0.0556  0.2260  0.7050
  DIIS coefficients:  0.0000  0.0000  0.0001  0.0001  0.0003  0.0045  0.0084  0.0556  0.2260  0.7050
 SCF Error: norm([F,P])=      0.000001375472, max([F,P])=      0.000000230857
 orbitals (Q,E):
 ---------------
 A :11...21          ( 2.00    -0.3902)  ( 2.00    -0.3420)  ( 2.00    -0.3026)  ( 2.00    -0.2917)
                     ( 2.00    -0.2719)  ( 2.00    -0.2509)  ( 2.00    -0.2235)  ( 2.00    -0.2176)
                     ( 2.00    -0.2048)  ( 2.00    -0.1660)  ( 0.00    -0.1035)

 SCF CONVERGED
 cosmo_calcen: 0.5 (esolb+esolc) (Hartrees) =   -0.130365

 Solvation energy (screening term,uncorrected) =    -81.805121 kcal/mol

 Solvation energy (dispersion and cavitation terms) =      0.720256 kcal/mol
 Solvation Energy Contributions (Hartrees)
          esola   esolb+esolc
     0.13036474   -0.26072949
 esol last cycle   -0.13036474

 CYCLE   16
 *** Using FIT density in Focky
  SDIIS (wt  1.000): -0.0000  0.0000  0.0000  0.0001  0.0008  0.0014  0.0085  0.0442  0.2159  0.7291
  DIIS coefficients: -0.0000  0.0000  0.0000  0.0001  0.0008  0.0014  0.0085  0.0442  0.2159  0.7291
 SCF Error: norm([F,P])=      0.000000215677, max([F,P])=      0.000000036977
 orbitals (Q,E):
 ---------------
 A :11...30          ( 2.00    -0.3902)  ( 2.00    -0.3420)  ( 2.00    -0.3026)  ( 2.00    -0.2917)
                     ( 2.00    -0.2719)  ( 2.00    -0.2509)  ( 2.00    -0.2235)  ( 2.00    -0.2176)
                     ( 2.00    -0.2048)  ( 2.00    -0.1660)  ( 0.00    -0.1035)  ( 0.00    -0.0662)
                     ( 0.00     0.0210)  ( 0.00     0.0263)  ( 0.00     0.0772)  ( 0.00     0.0778)
                     ( 0.00     0.1088)  ( 0.00     0.1257)  ( 0.00     0.1869)  ( 0.00     0.2233)
 cosmo_calcen: 0.5 (esolb+esolc) (Hartrees) =   -0.130365

 Solvation energy (screening term,uncorrected) =    -81.805120 kcal/mol

 Solvation energy (dispersion and cavitation terms) =      0.720256 kcal/mol
 Solvation Energy Contributions (Hartrees)
          esola   esolb+esolc
     0.13036474   -0.26072949
 esol last cycle   -0.13036474


 Fit test: (difference of exact and fit density, squared integrated, result summed over spins)
         SCF:                                          0.00003195076116

 Gross Charges per Atom (Z minus electrons)
 ==========================================
             1.3676   -0.8655   -0.6301   -0.8744   -0.5943    0.3111    0.2855
 Net Total: -1.00000000



 =================================================================
 M U L T I P O L E   D E R I V E D   C H A R G E   A N A L Y S I S
 =================================================================

 See: M. Swart, P.Th. van Duijnen, J.G. Snijders, J.Comput.Chem., (2001), p. 79-88.

 --------------------------------------- 
 Multipole derived atomic charges (a.u.)
 --------------------------------------- 

        Atom    Level:     MDC-m        MDC-d        MDC-q
 ---------------------------------------------------------
     1     P            1.880656     1.423910     1.349242
     2     O           -0.957411    -0.901709    -0.816509
     3     O           -0.607922    -0.769648    -0.764319
     4     O           -0.967117    -0.849699    -0.833488
     5     O           -0.624331    -0.745362    -0.831580
     6     H            0.133712     0.407490     0.424494
     7     H            0.142413     0.435017     0.472159
 *** Using NEW gradient routines ***


 Geometry CYCLE 2
 ==============

 Energy gradients wrt nuclear displacements
 ==========================================

     Atom      Cartesian (a.u./angstrom)
                 X         Y         Z
 ----------------------------------------
     1 P     0.081532  0.084969 -0.019883
     2 O     0.014784 -0.138378  0.009845
     3 O    -0.012189  0.017591 -0.021337
     4 O    -0.142783  0.004921  0.009287
     5 O     0.028163  0.031257  0.016469
     6 H     0.020279  0.013123  0.031474
     7 H     0.010213 -0.013482 -0.025854
 ----------------------------------------
 Max Cartesian displacement  0.670138548917577     
 Limit Cartesian step to   0.566917837497000     

 dE(predicted):    -0.43035E-01, dE(actual):    -0.45617E-01, Trust radius:    0.529150, all in a.u.
 
----------------------------------------------------------------------
Geometry Convergence after Step   2       (Hartree/Angstrom,Angstrom)
----------------------------------------------------------------------
current energy                               -1.50892880 Hartree
energy change                      -0.04561677     0.00100000    F
constrained gradient max            0.14278252     0.00100000    F
constrained gradient rms            0.05332160     0.00066667    F
gradient max                        0.14278252
gradient rms                        0.05332160
cart. step max                      0.30872246     0.01000000    F
cart. step rms                      0.12921936     0.00666667    F
 


 Coordinates (Cartesian)
 =======================

     Atom                    bohr                                 angstrom                 Geometric Variables
                   X           Y           Z              X           Y           Z       (0:frozen, *:LT par.)
 --------------------------------------------------------------------------------------------------------------
     1 P      -1.786623    0.914406   -0.013050      -0.945440    0.483883   -0.006906      1       2       3
     2 O      -1.578160   -1.887851   -1.091874      -0.835126   -0.999008   -0.577795      4       5       6
     3 O      -1.358006    4.069512   -0.223538      -0.718626    2.153493   -0.118291      7       8       9
     4 O      -4.577503    1.075397    1.136032      -2.422310    0.569076    0.601162     10      11      12
     5 O       1.352632    1.138075    0.187123       0.715782    0.602243    0.099021     13      14      15
     6 H      -1.651587    5.555508   -1.284912      -0.873982    2.939848   -0.679946     16      17      18
     7 H       3.023453    1.363169    0.944982       1.599942    0.721358    0.500063     19      20      21
 --------------------------------------------------------------------------------------------------------------

 Number of elements of the density matrix on this node (used, total):       378      6670



 ===========================================
 Numerical Integration : Fuzzy Cells (Becke)
 ===========================================
  
 Becke grid quality: GOOD           
  
 Lebedev angular grid order:             min:  11 max:  35
 Nr. of radial points:                   min:  54 max:  65

 Total nr. of points:      90413
 Nr. of blocks:              707
 Block length:               128
 Nr. of dummy points:         83


 Test of Precision of the Numerical Integration Grid
 ===================================================

 Integral of the Total Core Density:                  10.00000177507192
 Relative Error:                                       1.775E-07


 -------------------------------------------
  COSMO surface
  Area             =          376.646
  Volume           =          585.262
  Number of Points =          944
 -------------------------------------------



 ========================
 Density Fitting (zlmFit)
 ========================
  
 ZlmFit Fit Quality: GOOD           
  
 Max L-expansion:                        min:   7 max:   9
 Nr. of radial interpolation points:     min:  72 max: 114



 =====
 S C F  ***  ScaSCF  ***
 =====
  
 Initial density matrix is taken from previous geometry

 CYCLE    1
 SCF Error: norm([F,P])=      0.597699706927, max([F,P])=      0.256333303351
 orbitals (Q,E):
 ---------------
 A :11...30          ( 2.00    -0.1848)  ( 2.00    -0.1703)  ( 2.00    -0.1317)  ( 2.00    -0.1092)
                     ( 2.00    -0.0877)  ( 2.00    -0.0646)  ( 2.00    -0.0335)  ( 2.00    -0.0200)
                     ( 2.00     0.0069)  ( 2.00     0.0431)  ( 0.00     0.0967)  ( 0.00     0.1341)
                     ( 0.00     0.1747)  ( 0.00     0.1827)  ( 0.00     0.2436)  ( 0.00     0.2705)
                     ( 0.00     0.2754)  ( 0.00     0.2872)  ( 0.00     0.3536)  ( 0.00     0.4237)

 CYCLE    2
   MIX coefficients:  0.8000  0.2000
 SCF Error: norm([F,P])=      0.212458913853, max([F,P])=      0.038312399801
 orbitals (Q,E):
 ---------------
 A :11...21          ( 2.00    -0.2288)  ( 2.00    -0.2063)  ( 2.00    -0.1680)  ( 2.00    -0.1425)
                     ( 2.00    -0.1326)  ( 2.00    -0.1056)  ( 2.00    -0.0733)  ( 2.00    -0.0687)
                     ( 2.00    -0.0434)  ( 2.00    -0.0071)  ( 0.00     0.0682)

 CYCLE    3
  SDIIS (wt  0.000): -0.4301  1.4301
 A-DIIS (wt  1.000):  0.0000  1.0000
  DIIS coefficients:  0.0000  1.0000
 SCF Error: norm([F,P])=      0.126726434845, max([F,P])=      0.023788788718
 orbitals (Q,E):
 ---------------
 A :11...21          ( 2.00    -0.3981)  ( 2.00    -0.3567)  ( 2.00    -0.3149)  ( 2.00    -0.3043)
                     ( 2.00    -0.2729)  ( 2.00    -0.2667)  ( 2.00    -0.2437)  ( 2.00    -0.2179)
                     ( 2.00    -0.2156)  ( 2.00    -0.1760)  ( 0.00    -0.0652)

 CYCLE    4
  SDIIS (wt  0.775):  0.3414  0.0211  0.6375
 A-DIIS (wt  0.225):  0.0000  0.1451  0.8549
  DIIS coefficients:  0.2646  0.0490  0.6864
 SCF Error: norm([F,P])=      0.123572996401, max([F,P])=      0.023275739356
 orbitals (Q,E):
 ---------------
 A :11...21          ( 2.00    -0.3859)  ( 2.00    -0.3489)  ( 2.00    -0.3113)  ( 2.00    -0.2947)
                     ( 2.00    -0.2740)  ( 2.00    -0.2594)  ( 2.00    -0.2333)  ( 2.00    -0.2145)
                     ( 2.00    -0.2069)  ( 2.00    -0.1693)  ( 0.00    -0.0560)

 CYCLE    5
  SDIIS (wt  0.899):  0.2082 -0.0899  0.4364  0.4452
 A-DIIS (wt  0.101):  0.0000  0.0000  0.1585  0.8415
  DIIS coefficients:  0.1871 -0.0808  0.4083  0.4854
 SCF Error: norm([F,P])=      0.068292666039, max([F,P])=      0.011024169830
 orbitals (Q,E):
 ---------------
 A :11...21          ( 2.00    -0.3871)  ( 2.00    -0.3491)  ( 2.00    -0.3094)  ( 2.00    -0.2949)
                     ( 2.00    -0.2707)  ( 2.00    -0.2590)  ( 2.00    -0.2335)  ( 2.00    -0.2121)
                     ( 2.00    -0.2069)  ( 2.00    -0.1684)  ( 0.00    -0.0575)

 CYCLE    6
  SDIIS (wt  0.948):  0.0833 -0.0577  0.1727  0.3032  0.4985
 A-DIIS (wt  0.052):  0.0000  0.0000  0.0000  0.0899  0.9101
  DIIS coefficients:  0.0790 -0.0547  0.1638  0.2922  0.5197
 SCF Error: norm([F,P])=      0.025920203887, max([F,P])=      0.006107223879
 orbitals (Q,E):
 ---------------
 A :11...21          ( 2.00    -0.3881)  ( 2.00    -0.3510)  ( 2.00    -0.3116)  ( 2.00    -0.2960)
                     ( 2.00    -0.2735)  ( 2.00    -0.2605)  ( 2.00    -0.2345)  ( 2.00    -0.2142)
                     ( 2.00    -0.2079)  ( 2.00    -0.1697)  ( 0.00    -0.0586)

 CYCLE    7
  SDIIS (wt  0.983):  0.0059  0.0075  0.0437  0.1208  0.3575  0.4647
 A-DIIS (wt  0.017):  0.0000  0.0000  0.0000  0.0000  0.2339  0.7661
  DIIS coefficients:  0.0058  0.0074  0.0429  0.1188  0.3555  0.4696
 SCF Error: norm([F,P])=      0.012487666765, max([F,P])=      0.002634639052
 orbitals (Q,E):
 ---------------
 A :11...21          ( 2.00    -0.3879)  ( 2.00    -0.3505)  ( 2.00    -0.3111)  ( 2.00    -0.2959)
                     ( 2.00    -0.2728)  ( 2.00    -0.2602)  ( 2.00    -0.2343)  ( 2.00    -0.2139)
                     ( 2.00    -0.2078)  ( 2.00    -0.1696)  ( 0.00    -0.0583)

 CYCLE    8
  SDIIS (wt  0.990): -0.0202  0.0268 -0.0023  0.0416  0.2074  0.3929  0.3538
 A-DIIS (wt  0.010):  0.0000  0.0000  0.0000  0.0000  0.0000  0.2627  0.7373
  DIIS coefficients: -0.0200  0.0265 -0.0023  0.0411  0.2053  0.3915  0.3578
 SCF Error: norm([F,P])=      0.007398732057, max([F,P])=      0.002025707138
 orbitals (Q,E):
 ---------------
 A :11...21          ( 2.00    -0.3877)  ( 2.00    -0.3502)  ( 2.00    -0.3108)  ( 2.00    -0.2956)
                     ( 2.00    -0.2726)  ( 2.00    -0.2599)  ( 2.00    -0.2341)  ( 2.00    -0.2135)
                     ( 2.00    -0.2076)  ( 2.00    -0.1693)  ( 0.00    -0.0581)

 CYCLE    9
  SDIIS (wt  1.000): -0.0105  0.0137 -0.0040  0.0071  0.0440  0.1044  0.1744  0.6709
  DIIS coefficients: -0.0105  0.0137 -0.0040  0.0071  0.0440  0.1044  0.1744  0.6709
 SCF Error: norm([F,P])=      0.001119390172, max([F,P])=      0.000354507726
 orbitals (Q,E):
 ---------------
 A :11...21          ( 2.00    -0.3878)  ( 2.00    -0.3503)  ( 2.00    -0.3109)  ( 2.00    -0.2957)
                     ( 2.00    -0.2726)  ( 2.00    -0.2600)  ( 2.00    -0.2342)  ( 2.00    -0.2136)
                     ( 2.00    -0.2077)  ( 2.00    -0.1694)  ( 0.00    -0.0581)

 CYCLE   10
  SDIIS (wt  1.000): -0.0050  0.0065 -0.0019  0.0032  0.0181  0.0479  0.0903  0.3785  0.4624
  DIIS coefficients: -0.0050  0.0065 -0.0019  0.0032  0.0181  0.0479  0.0903  0.3785  0.4624
 SCF Error: norm([F,P])=      0.000341889262, max([F,P])=      0.000102716722
 orbitals (Q,E):
 ---------------
 A :11...21          ( 2.00    -0.3878)  ( 2.00    -0.3503)  ( 2.00    -0.3109)  ( 2.00    -0.2957)
                     ( 2.00    -0.2726)  ( 2.00    -0.2600)  ( 2.00    -0.2342)  ( 2.00    -0.2136)
                     ( 2.00    -0.2077)  ( 2.00    -0.1694)  ( 0.00    -0.0581)

 CYCLE   11
  SDIIS (wt  1.000): -0.0003  0.0004 -0.0001  0.0004  0.0007  0.0061  0.0151  0.0629  0.3510  0.5639
  DIIS coefficients: -0.0003  0.0004 -0.0001  0.0004  0.0007  0.0061  0.0151  0.0629  0.3510  0.5639
 SCF Error: norm([F,P])=      0.000188657858, max([F,P])=      0.000046064167
 orbitals (Q,E):
 ---------------
 A :11...21          ( 2.00    -0.3878)  ( 2.00    -0.3503)  ( 2.00    -0.3109)  ( 2.00    -0.2957)
                     ( 2.00    -0.2726)  ( 2.00    -0.2600)  ( 2.00    -0.2342)  ( 2.00    -0.2136)
                     ( 2.00    -0.2077)  ( 2.00    -0.1694)  ( 0.00    -0.0581)

 CYCLE   12
  SDIIS (wt  1.000): -0.0000 -0.0000  0.0000  0.0002  0.0013  0.0031  0.0123  0.0891  0.1565  0.7376
  DIIS coefficients: -0.0000 -0.0000  0.0000  0.0002  0.0013  0.0031  0.0123  0.0891  0.1565  0.7376
 SCF Error: norm([F,P])=      0.000012906769, max([F,P])=      0.000002542288
 orbitals (Q,E):
 ---------------
 A :11...21          ( 2.00    -0.3878)  ( 2.00    -0.3503)  ( 2.00    -0.3109)  ( 2.00    -0.2957)
                     ( 2.00    -0.2726)  ( 2.00    -0.2600)  ( 2.00    -0.2342)  ( 2.00    -0.2136)
                     ( 2.00    -0.2077)  ( 2.00    -0.1694)  ( 0.00    -0.0581)

 CYCLE   13
  SDIIS (wt  1.000):  0.0000  0.0000  0.0001  0.0001  0.0003  0.0014  0.0084  0.0153  0.1524  0.8219
  DIIS coefficients:  0.0000  0.0000  0.0001  0.0001  0.0003  0.0014  0.0084  0.0153  0.1524  0.8219
 SCF Error: norm([F,P])=      0.000001968807, max([F,P])=      0.000000458193
 orbitals (Q,E):
 ---------------
 A :11...21          ( 2.00    -0.3878)  ( 2.00    -0.3503)  ( 2.00    -0.3109)  ( 2.00    -0.2957)
                     ( 2.00    -0.2726)  ( 2.00    -0.2600)  ( 2.00    -0.2342)  ( 2.00    -0.2136)
                     ( 2.00    -0.2077)  ( 2.00    -0.1694)  ( 0.00    -0.0581)

 SCF CONVERGED
 cosmo_calcen: 0.5 (esolb+esolc) (Hartrees) =   -0.128211

 Solvation energy (screening term,uncorrected) =    -80.453717 kcal/mol

 Solvation energy (dispersion and cavitation terms) =      0.704298 kcal/mol
 Solvation Energy Contributions (Hartrees)
          esola   esolb+esolc
     0.12821115   -0.25642229
 esol last cycle   -0.12821115

 CYCLE   14
 *** Using FIT density in Focky
  SDIIS (wt  1.000):  0.0000  0.0000  0.0000  0.0000  0.0002  0.0013  0.0022  0.0257  0.1805  0.7900
  DIIS coefficients:  0.0000  0.0000  0.0000  0.0000  0.0002  0.0013  0.0022  0.0257  0.1805  0.7900
 SCF Error: norm([F,P])=      0.000000224377, max([F,P])=      0.000000046989
 orbitals (Q,E):
 ---------------
 A :11...30          ( 2.00    -0.3878)  ( 2.00    -0.3503)  ( 2.00    -0.3109)  ( 2.00    -0.2957)
                     ( 2.00    -0.2726)  ( 2.00    -0.2600)  ( 2.00    -0.2342)  ( 2.00    -0.2136)
                     ( 2.00    -0.2077)  ( 2.00    -0.1694)  ( 0.00    -0.0581)  ( 0.00    -0.0212)
                     ( 0.00     0.0285)  ( 0.00     0.0314)  ( 0.00     0.0766)  ( 0.00     0.0805)
                     ( 0.00     0.1054)  ( 0.00     0.1331)  ( 0.00     0.1993)  ( 0.00     0.2470)
 cosmo_calcen: 0.5 (esolb+esolc) (Hartrees) =   -0.128211

 Solvation energy (screening term,uncorrected) =    -80.453714 kcal/mol

 Solvation energy (dispersion and cavitation terms) =      0.704298 kcal/mol
 Solvation Energy Contributions (Hartrees)
          esola   esolb+esolc
     0.12821114   -0.25642228
 esol last cycle   -0.12821114


 Fit test: (difference of exact and fit density, squared integrated, result summed over spins)
         SCF:                                          0.00003638136468

 Gross Charges per Atom (Z minus electrons)
 ==========================================
             1.4670   -0.8995   -0.6379   -0.9022   -0.5866    0.2946    0.2646
 Net Total: -1.00000000



 =================================================================
 M U L T I P O L E   D E R I V E D   C H A R G E   A N A L Y S I S
 =================================================================

 See: M. Swart, P.Th. van Duijnen, J.G. Snijders, J.Comput.Chem., (2001), p. 79-88.

 --------------------------------------- 
 Multipole derived atomic charges (a.u.)
 --------------------------------------- 

        Atom    Level:     MDC-m        MDC-d        MDC-q
 ---------------------------------------------------------
     1     P            1.933456     1.496717     1.591719
     2     O           -0.989083    -0.934948    -0.891365
     3     O           -0.598091    -0.724987    -0.828686
     4     O           -0.992744    -0.914603    -0.900903
     5     O           -0.615871    -0.653704    -0.861907
     6     H            0.124164     0.379509     0.428833
     7     H            0.138168     0.352015     0.462309
 *** Using NEW gradient routines ***


 Geometry CYCLE 3
 ==============

 Energy gradients wrt nuclear displacements
 ==========================================

     Atom      Cartesian (a.u./angstrom)
                 X         Y         Z
 ----------------------------------------
     1 P     0.042466  0.045965 -0.005321
     2 O     0.026266 -0.077788  0.016882
     3 O     0.024455 -0.056534  0.019702
     4 O    -0.090769  0.005521 -0.003504
     5 O    -0.059211  0.058986 -0.019725
     6 H     0.025597  0.028993  0.015718
     7 H     0.031196 -0.005143 -0.023753
 ----------------------------------------
 Max Cartesian displacement   1.26018254326255     
 Limit Cartesian step to   0.566917837497000     

 dE(predicted):    -0.65841E-01, dE(actual):    -0.54370E-01, Trust radius:    1.058301, all in a.u.
 
----------------------------------------------------------------------
Geometry Convergence after Step   3       (Hartree/Angstrom,Angstrom)
----------------------------------------------------------------------
current energy                               -1.56329909 Hartree
energy change                      -0.05437030     0.00100000    F
constrained gradient max            0.09076854     0.00100000    F
constrained gradient rms            0.04030557     0.00066667    F
gradient max                        0.09076854
gradient rms                        0.04030557
cart. step max                      0.26466104     0.01000000    F
cart. step rms                      0.12640718     0.00666667    F
 


 Coordinates (Cartesian)
 =======================

     Atom                    bohr                                 angstrom                 Geometric Variables
                   X           Y           Z              X           Y           Z       (0:frozen, *:LT par.)
 --------------------------------------------------------------------------------------------------------------
     1 P      -1.816054    0.940538   -0.090035      -0.961014    0.497711   -0.047644      1       2       3
     2 O      -1.654319   -1.485896   -1.501687      -0.875428   -0.786302   -0.794659      4       5       6
     3 O      -1.280538    4.001058   -0.372488      -0.677632    2.117269   -0.197112      7       8       9
     4 O      -4.077366    0.970071    1.608526      -2.157649    0.513340    0.851195     10      11      12
     5 O       1.217668    1.125083    0.275438       0.644362    0.595368    0.145755     13      14      15
     6 H      -1.731676    5.368484   -1.562705      -0.916363    2.840880   -0.826948     16      17      18
     7 H       2.766491    1.308877    1.297714       1.463964    0.692628    0.686721     19      20      21
 --------------------------------------------------------------------------------------------------------------

 Number of elements of the density matrix on this node (used, total):       378      6670



 ===========================================
 Numerical Integration : Fuzzy Cells (Becke)
 ===========================================
  
 Becke grid quality: GOOD           
  
 Lebedev angular grid order:             min:  11 max:  35
 Nr. of radial points:                   min:  54 max:  65

 Total nr. of points:      90413
 Nr. of blocks:              707
 Block length:               128
 Nr. of dummy points:         83


 Test of Precision of the Numerical Integration Grid
 ===================================================

 Integral of the Total Core Density:                  10.00000091853032
 Relative Error:                                       9.185E-08


 -------------------------------------------
  COSMO surface
  Area             =          366.626
  Volume           =          565.016
  Number of Points =          935
 -------------------------------------------



 ========================
 Density Fitting (zlmFit)
 ========================
  
 ZlmFit Fit Quality: GOOD           
  
 Max L-expansion:                        min:   7 max:   9
 Nr. of radial interpolation points:     min:  72 max: 114



 =====
 S C F  ***  ScaSCF  ***
 =====
  
 Initial density matrix is taken from previous geometry

 CYCLE    1
 SCF Error: norm([F,P])=      0.706620142852, max([F,P])=      0.302607308278
 orbitals (Q,E):
 ---------------
 A :11...30          ( 2.00    -0.1856)  ( 2.00    -0.1699)  ( 2.00    -0.1324)  ( 2.00    -0.1020)
                     ( 2.00    -0.0941)  ( 2.00    -0.0738)  ( 2.00    -0.0478)  ( 2.00    -0.0289)
                     ( 2.00    -0.0042)  ( 2.00     0.0289)  ( 0.00     0.1092)  ( 0.00     0.1393)
                     ( 0.00     0.2108)  ( 0.00     0.2436)  ( 0.00     0.2630)  ( 0.00     0.2666)
                     ( 0.00     0.2863)  ( 0.00     0.3024)  ( 0.00     0.3618)  ( 0.00     0.4350)

 CYCLE    2
   MIX coefficients:  0.8000  0.2000
 SCF Error: norm([F,P])=      0.218071905409, max([F,P])=      0.043060017253
 orbitals (Q,E):
 ---------------
 A :11...21          ( 2.00    -0.2269)  ( 2.00    -0.2084)  ( 2.00    -0.1719)  ( 2.00    -0.1423)
                     ( 2.00    -0.1339)  ( 2.00    -0.1149)  ( 2.00    -0.0918)  ( 2.00    -0.0668)
                     ( 2.00    -0.0499)  ( 2.00    -0.0177)  ( 0.00     0.0839)

 CYCLE    3
  SDIIS (wt  0.000): -0.6262  1.6262
 A-DIIS (wt  1.000):  0.0000  1.0000
  DIIS coefficients:  0.0000  1.0000
 SCF Error: norm([F,P])=      0.126937909982, max([F,P])=      0.025508453189
 orbitals (Q,E):
 ---------------
 A :11...21          ( 2.00    -0.3921)  ( 2.00    -0.3620)  ( 2.00    -0.3232)  ( 2.00    -0.3051)
                     ( 2.00    -0.2795)  ( 2.00    -0.2732)  ( 2.00    -0.2605)  ( 2.00    -0.2193)
                     ( 2.00    -0.2135)  ( 2.00    -0.1810)  ( 0.00    -0.0292)

 CYCLE    4
  SDIIS (wt  0.758):  0.4166 -0.1257  0.7091
 A-DIIS (wt  0.242):  0.0000  0.0824  0.9176
  DIIS coefficients:  0.3158 -0.0753  0.7596
 SCF Error: norm([F,P])=      0.114291429892, max([F,P])=      0.024957652044
 orbitals (Q,E):
 ---------------
 A :11...21          ( 2.00    -0.3828)  ( 2.00    -0.3537)  ( 2.00    -0.3170)  ( 2.00    -0.2968)
                     ( 2.00    -0.2753)  ( 2.00    -0.2667)  ( 2.00    -0.2530)  ( 2.00    -0.2130)
                     ( 2.00    -0.2080)  ( 2.00    -0.1759)  ( 0.00    -0.0243)

 CYCLE    5
  SDIIS (wt  0.936):  0.1140 -0.0123  0.3910  0.5073
 A-DIIS (wt  0.064):  0.0000  0.0000  0.1297  0.8703
  DIIS coefficients:  0.1068 -0.0116  0.3743  0.5305
 SCF Error: norm([F,P])=      0.053799943350, max([F,P])=      0.007324122480
 orbitals (Q,E):
 ---------------
 A :11...21          ( 2.00    -0.3841)  ( 2.00    -0.3554)  ( 2.00    -0.3180)  ( 2.00    -0.2978)
                     ( 2.00    -0.2754)  ( 2.00    -0.2673)  ( 2.00    -0.2536)  ( 2.00    -0.2134)
                     ( 2.00    -0.2080)  ( 2.00    -0.1758)  ( 0.00    -0.0254)

 CYCLE    6
  SDIIS (wt  0.955):  0.0440 -0.0050  0.1660  0.3228  0.4722
 A-DIIS (wt  0.045):  0.0000  0.0000  0.0000  0.0597  0.9403
  DIIS coefficients:  0.0420 -0.0048  0.1586  0.3111  0.4932
 SCF Error: norm([F,P])=      0.020482675500, max([F,P])=      0.005428775956
 orbitals (Q,E):
 ---------------
 A :11...21          ( 2.00    -0.3854)  ( 2.00    -0.3565)  ( 2.00    -0.3190)  ( 2.00    -0.2992)
                     ( 2.00    -0.2767)  ( 2.00    -0.2686)  ( 2.00    -0.2552)  ( 2.00    -0.2148)
                     ( 2.00    -0.2096)  ( 2.00    -0.1773)  ( 0.00    -0.0257)

 CYCLE    7
  SDIIS (wt  0.985): -0.0087  0.0132  0.0176  0.0984  0.3073  0.5722
 A-DIIS (wt  0.015):  0.0000  0.0000  0.0000  0.0000  0.1488  0.8512
  DIIS coefficients: -0.0086  0.0130  0.0174  0.0969  0.3048  0.5765
 SCF Error: norm([F,P])=      0.007634099618, max([F,P])=      0.002521637087
 orbitals (Q,E):
 ---------------
 A :11...21          ( 2.00    -0.3847)  ( 2.00    -0.3559)  ( 2.00    -0.3186)  ( 2.00    -0.2985)
                     ( 2.00    -0.2762)  ( 2.00    -0.2680)  ( 2.00    -0.2544)  ( 2.00    -0.2141)
                     ( 2.00    -0.2089)  ( 2.00    -0.1767)  ( 0.00    -0.0253)

 CYCLE    8
  SDIIS (wt  1.000): -0.0104  0.0131  0.0005  0.0408  0.1598  0.3832  0.4131
  DIIS coefficients: -0.0104  0.0131  0.0005  0.0408  0.1598  0.3832  0.4131
 SCF Error: norm([F,P])=      0.002516148132, max([F,P])=      0.000480295270
 orbitals (Q,E):
 ---------------
 A :11...21          ( 2.00    -0.3847)  ( 2.00    -0.3559)  ( 2.00    -0.3185)  ( 2.00    -0.2985)
                     ( 2.00    -0.2761)  ( 2.00    -0.2680)  ( 2.00    -0.2544)  ( 2.00    -0.2141)
                     ( 2.00    -0.2089)  ( 2.00    -0.1767)  ( 0.00    -0.0253)

 CYCLE    9
  SDIIS (wt  1.000): -0.0056  0.0068 -0.0030  0.0063  0.0342  0.1339  0.2831  0.5444
  DIIS coefficients: -0.0056  0.0068 -0.0030  0.0063  0.0342  0.1339  0.2831  0.5444
 SCF Error: norm([F,P])=      0.000914501697, max([F,P])=      0.000208645251
 orbitals (Q,E):
 ---------------
 A :11...21          ( 2.00    -0.3848)  ( 2.00    -0.3559)  ( 2.00    -0.3185)  ( 2.00    -0.2986)
                     ( 2.00    -0.2762)  ( 2.00    -0.2681)  ( 2.00    -0.2545)  ( 2.00    -0.2142)
                     ( 2.00    -0.2089)  ( 2.00    -0.1767)  ( 0.00    -0.0253)

 CYCLE   10
  SDIIS (wt  1.000): -0.0011  0.0013 -0.0005  0.0009  0.0040  0.0230  0.0585  0.1019  0.8119
  DIIS coefficients: -0.0011  0.0013 -0.0005  0.0009  0.0040  0.0230  0.0585  0.1019  0.8119
 SCF Error: norm([F,P])=      0.000052156586, max([F,P])=      0.000009772470
 orbitals (Q,E):
 ---------------
 A :11...21          ( 2.00    -0.3848)  ( 2.00    -0.3559)  ( 2.00    -0.3185)  ( 2.00    -0.2986)
                     ( 2.00    -0.2762)  ( 2.00    -0.2681)  ( 2.00    -0.2545)  ( 2.00    -0.2142)
                     ( 2.00    -0.2089)  ( 2.00    -0.1767)  ( 0.00    -0.0253)

 CYCLE   11
  SDIIS (wt  1.000): -0.0003  0.0004 -0.0002  0.0003  0.0013  0.0085  0.0226  0.0353  0.4307  0.5013
  DIIS coefficients: -0.0003  0.0004 -0.0002  0.0003  0.0013  0.0085  0.0226  0.0353  0.4307  0.5013
 SCF Error: norm([F,P])=      0.000028690379, max([F,P])=      0.000005888576
 orbitals (Q,E):
 ---------------
 A :11...21          ( 2.00    -0.3848)  ( 2.00    -0.3559)  ( 2.00    -0.3185)  ( 2.00    -0.2986)
                     ( 2.00    -0.2762)  ( 2.00    -0.2681)  ( 2.00    -0.2545)  ( 2.00    -0.2142)
                     ( 2.00    -0.2089)  ( 2.00    -0.1767)  ( 0.00    -0.0253)

 CYCLE   12
  SDIIS (wt  1.000): -0.0000 -0.0000 -0.0000  0.0001  0.0013  0.0040  0.0038  0.1457  0.3629  0.4823
  DIIS coefficients: -0.0000 -0.0000 -0.0000  0.0001  0.0013  0.0040  0.0038  0.1457  0.3629  0.4823
 SCF Error: norm([F,P])=      0.000016220187, max([F,P])=      0.000003648933
 orbitals (Q,E):
 ---------------
 A :11...21          ( 2.00    -0.3848)  ( 2.00    -0.3559)  ( 2.00    -0.3185)  ( 2.00    -0.2986)
                     ( 2.00    -0.2762)  ( 2.00    -0.2681)  ( 2.00    -0.2545)  ( 2.00    -0.2142)
                     ( 2.00    -0.2089)  ( 2.00    -0.1767)  ( 0.00    -0.0253)

 CYCLE   13
  SDIIS (wt  1.000): -0.0000  0.0000  0.0001  0.0004  0.0010  0.0019  0.0184  0.0424  0.0809  0.8548
  DIIS coefficients: -0.0000  0.0000  0.0001  0.0004  0.0010  0.0019  0.0184  0.0424  0.0809  0.8548
 SCF Error: norm([F,P])=      0.000001332081, max([F,P])=      0.000000350743
 orbitals (Q,E):
 ---------------
 A :11...21          ( 2.00    -0.3848)  ( 2.00    -0.3559)  ( 2.00    -0.3185)  ( 2.00    -0.2986)
                     ( 2.00    -0.2762)  ( 2.00    -0.2681)  ( 2.00    -0.2545)  ( 2.00    -0.2142)
                     ( 2.00    -0.2089)  ( 2.00    -0.1767)  ( 0.00    -0.0253)

 SCF CONVERGED
 cosmo_calcen: 0.5 (esolb+esolc) (Hartrees) =   -0.125067

 Solvation energy (screening term,uncorrected) =    -78.480729 kcal/mol

 Solvation energy (dispersion and cavitation terms) =      0.685561 kcal/mol
 Solvation Energy Contributions (Hartrees)
          esola   esolb+esolc
     0.12506699   -0.25013398
 esol last cycle   -0.12506699

 CYCLE   14
 *** Using FIT density in Focky
  SDIIS (wt  1.000):  0.0000  0.0000  0.0000  0.0001  0.0002  0.0019  0.0037  0.0103  0.1927  0.7910
  DIIS coefficients:  0.0000  0.0000  0.0000  0.0001  0.0002  0.0019  0.0037  0.0103  0.1927  0.7910
 SCF Error: norm([F,P])=      0.000000218423, max([F,P])=      0.000000053471
 orbitals (Q,E):
 ---------------
 A :11...30          ( 2.00    -0.3848)  ( 2.00    -0.3559)  ( 2.00    -0.3185)  ( 2.00    -0.2986)
                     ( 2.00    -0.2762)  ( 2.00    -0.2681)  ( 2.00    -0.2545)  ( 2.00    -0.2142)
                     ( 2.00    -0.2089)  ( 2.00    -0.1767)  ( 0.00    -0.0253)  ( 0.00     0.0230)
                     ( 0.00     0.0368)  ( 0.00     0.0644)  ( 0.00     0.0783)  ( 0.00     0.0997)
                     ( 0.00     0.1085)  ( 0.00     0.1449)  ( 0.00     0.2093)  ( 0.00     0.2663)
 cosmo_calcen: 0.5 (esolb+esolc) (Hartrees) =   -0.125067

 Solvation energy (screening term,uncorrected) =    -78.480725 kcal/mol

 Solvation energy (dispersion and cavitation terms) =      0.685561 kcal/mol
 Solvation Energy Contributions (Hartrees)
          esola   esolb+esolc
     0.12506698   -0.25013397
 esol last cycle   -0.12506698


 Fit test: (difference of exact and fit density, squared integrated, result summed over spins)
         SCF:                                          0.00004126897134

 Gross Charges per Atom (Z minus electrons)
 ==========================================
             1.5814   -0.9094   -0.6546   -0.9247   -0.6115    0.2752    0.2435
 Net Total: -1.00000000



 =================================================================
 M U L T I P O L E   D E R I V E D   C H A R G E   A N A L Y S I S
 =================================================================

 See: M. Swart, P.Th. van Duijnen, J.G. Snijders, J.Comput.Chem., (2001), p. 79-88.

 --------------------------------------- 
 Multipole derived atomic charges (a.u.)
 --------------------------------------- 

        Atom    Level:     MDC-m        MDC-d        MDC-q
 ---------------------------------------------------------
     1     P            1.977972     1.590636     1.882964
     2     O           -1.000884    -0.972611    -0.985682
     3     O           -0.586707    -0.683931    -0.832679
     4     O           -1.014761    -0.950262    -0.999441
     5     O           -0.619246    -0.658933    -0.865172
     6     H            0.113022     0.330074     0.384622
     7     H            0.130605     0.345026     0.415388
 *** Using NEW gradient routines ***


 Geometry CYCLE 4
 ==============

 Energy gradients wrt nuclear displacements
 ==========================================

     Atom      Cartesian (a.u./angstrom)
                 X         Y         Z
 ----------------------------------------
     1 P    -0.050050 -0.038109 -0.040610
     2 O     0.040039  0.044973  0.100812
     3 O     0.058949 -0.120044  0.069671
     4 O     0.026710 -0.000222 -0.056704
     5 O    -0.147771  0.079193 -0.061918
     6 H     0.023909  0.035592 -0.001655
     7 H     0.048213 -0.001383 -0.009596
 ----------------------------------------
 Max Cartesian displacement   1.86007641620975     
 Limit Cartesian step to   0.566917837497000     

 dE(predicted):    -0.13321E+00, dE(actual):    -0.38178E-01, Trust radius:    1.058301, all in a.u.
 
----------------------------------------------------------------------
Geometry Convergence after Step   4       (Hartree/Angstrom,Angstrom)
----------------------------------------------------------------------
current energy                               -1.60147708 Hartree
energy change                      -0.03817799     0.00100000    F
constrained gradient max            0.14777085     0.00100000    F
constrained gradient rms            0.06258889     0.00066667    F
gradient max                        0.14777085
gradient rms                        0.06258889
cart. step max                      0.32674166     0.01000000    F
cart. step rms                      0.13960236     0.00666667    F
 


 Coordinates (Cartesian)
 =======================

     Atom                    bohr                                 angstrom                 Geometric Variables
                   X           Y           Z              X           Y           Z       (0:frozen, *:LT par.)
 --------------------------------------------------------------------------------------------------------------
     1 P      -1.847133    0.859900    0.099001      -0.977461    0.455040    0.052389      1       2       3
     2 O      -1.837138   -0.868444   -2.034585      -0.972171   -0.459561   -1.076656      4       5       6
     3 O      -1.133010    3.781842   -0.491459      -0.599563    2.001264   -0.260069      7       8       9
     4 O      -3.834761    0.815455    2.024637      -2.029268    0.431520    1.071392     10      11      12
     5 O       1.108522    1.238442    0.403769       0.586605    0.655355    0.213665     13      14      15
     6 H      -1.648894    4.970622   -1.861226      -0.872557    2.630340   -0.984918     16      17      18
     7 H       2.616620    1.430398    1.514627       1.384656    0.756934    0.801506     19      20      21
 --------------------------------------------------------------------------------------------------------------

 Number of elements of the density matrix on this node (used, total):       378      6670



 ===========================================
 Numerical Integration : Fuzzy Cells (Becke)
 ===========================================
  
 Becke grid quality: GOOD           
  
 Lebedev angular grid order:             min:  11 max:  35
 Nr. of radial points:                   min:  54 max:  65

 Total nr. of points:      90412
 Nr. of blocks:              707
 Block length:               128
 Nr. of dummy points:         84


 Test of Precision of the Numerical Integration Grid
 ===================================================

 Integral of the Total Core Density:                   9.99999993460964
 Relative Error:                                      -6.539E-09


 -------------------------------------------
  COSMO surface
  Area             =          361.810
  Volume           =          555.776
  Number of Points =          927
 -------------------------------------------



 ========================
 Density Fitting (zlmFit)
 ========================
  
 ZlmFit Fit Quality: GOOD           
  
 Max L-expansion:                        min:   7 max:   9
 Nr. of radial interpolation points:     min:  72 max: 114



 =====
 S C F  ***  ScaSCF  ***
 =====
  
 Initial density matrix is taken from previous geometry

 CYCLE    1
 SCF Error: norm([F,P])=      0.829477494113, max([F,P])=      0.334782857346
 orbitals (Q,E):
 ---------------
 A :11...30          ( 2.00    -0.2581)  ( 2.00    -0.2342)  ( 2.00    -0.2021)  ( 2.00    -0.1656)
                     ( 2.00    -0.1536)  ( 2.00    -0.1385)  ( 2.00    -0.1303)  ( 2.00    -0.0853)
                     ( 2.00    -0.0727)  ( 2.00    -0.0515)  ( 0.00     0.0813)  ( 0.00     0.1129)
                     ( 0.00     0.1837)  ( 0.00     0.2107)  ( 0.00     0.2140)  ( 0.00     0.2347)
                     ( 0.00     0.2499)  ( 0.00     0.2767)  ( 0.00     0.3151)  ( 0.00     0.3855)

 CYCLE    2
  SDIIS (wt  0.000):  0.1806  0.8194
 A-DIIS (wt  1.000):  0.1025  0.8975
  DIIS coefficients:  0.1025  0.8975
 SCF Error: norm([F,P])=      0.338268040448, max([F,P])=      0.078277795328
 orbitals (Q,E):
 ---------------
 A :11...21          ( 2.00    -0.3925)  ( 2.00    -0.3300)  ( 2.00    -0.3073)  ( 2.00    -0.2842)
                     ( 2.00    -0.2740)  ( 2.00    -0.2417)  ( 2.00    -0.2345)  ( 2.00    -0.1745)
                     ( 2.00    -0.1637)  ( 2.00    -0.1362)  ( 0.00     0.0006)

 CYCLE    3
  SDIIS (wt  0.000):  0.0407  0.6496  0.3097
 A-DIIS (wt  1.000):  0.0000  0.7095  0.2905
  DIIS coefficients:  0.0000  0.7095  0.2905
 SCF Error: norm([F,P])=      0.667879846065, max([F,P])=      0.154322063226
 orbitals (Q,E):
 ---------------
 A :11...21          ( 2.00    -0.3905)  ( 2.00    -0.3523)  ( 2.00    -0.3185)  ( 2.00    -0.2998)
                     ( 2.00    -0.2724)  ( 2.00    -0.2689)  ( 2.00    -0.2595)  ( 2.00    -0.2146)
                     ( 2.00    -0.2061)  ( 2.00    -0.1649)  ( 0.00    -0.0122)

 CYCLE    4
  SDIIS (wt  0.811):  0.2544  0.0565  0.6892
 A-DIIS (wt  0.189):  0.0000  0.0000  1.0000
  DIIS coefficients:  0.2062  0.0458  0.7480
 SCF Error: norm([F,P])=      0.084782842101, max([F,P])=      0.019752204122
 orbitals (Q,E):
 ---------------
 A :11...21          ( 2.00    -0.3954)  ( 2.00    -0.3601)  ( 2.00    -0.3268)  ( 2.00    -0.3053)
                     ( 2.00    -0.2786)  ( 2.00    -0.2754)  ( 2.00    -0.2666)  ( 2.00    -0.2225)
                     ( 2.00    -0.2130)  ( 2.00    -0.1733)  ( 0.00    -0.0147)

 CYCLE    5
  SDIIS (wt  0.925):  0.1136  0.0287  0.4198  0.4379
 A-DIIS (wt  0.075):  0.0000  0.0000  0.1368  0.8632
  DIIS coefficients:  0.1051  0.0265  0.3986  0.4697
 SCF Error: norm([F,P])=      0.042334352056, max([F,P])=      0.008421780898
 orbitals (Q,E):
 ---------------
 A :11...21          ( 2.00    -0.3945)  ( 2.00    -0.3580)  ( 2.00    -0.3241)  ( 2.00    -0.3045)
                     ( 2.00    -0.2776)  ( 2.00    -0.2738)  ( 2.00    -0.2650)  ( 2.00    -0.2210)
                     ( 2.00    -0.2127)  ( 2.00    -0.1705)  ( 0.00    -0.0137)

 CYCLE    6
  SDIIS (wt  0.972):  0.0226  0.0051  0.1430  0.3270  0.5022
 A-DIIS (wt  0.028):  0.0000  0.0000  0.0000  0.1576  0.8424
  DIIS coefficients:  0.0220  0.0050  0.1389  0.3222  0.5119
 SCF Error: norm([F,P])=      0.018141201313, max([F,P])=      0.003817337516
 orbitals (Q,E):
 ---------------
 A :11...21          ( 2.00    -0.3937)  ( 2.00    -0.3578)  ( 2.00    -0.3243)  ( 2.00    -0.3038)
                     ( 2.00    -0.2769)  ( 2.00    -0.2735)  ( 2.00    -0.2644)  ( 2.00    -0.2205)
                     ( 2.00    -0.2115)  ( 2.00    -0.1713)  ( 0.00    -0.0136)

 CYCLE    7
  SDIIS (wt  0.999):  0.0027  0.0011  0.0328  0.1318  0.3323  0.4993
 A-DIIS (wt  0.001):  0.0000  0.0000  0.0000  0.0000  0.1215  0.8785
  DIIS coefficients:  0.0027  0.0011  0.0327  0.1317  0.3320  0.4998
 SCF Error: norm([F,P])=      0.006254173737, max([F,P])=      0.001139482760
 orbitals (Q,E):
 ---------------
 A :11...21          ( 2.00    -0.3940)  ( 2.00    -0.3580)  ( 2.00    -0.3244)  ( 2.00    -0.3041)
                     ( 2.00    -0.2771)  ( 2.00    -0.2737)  ( 2.00    -0.2647)  ( 2.00    -0.2207)
                     ( 2.00    -0.2119)  ( 2.00    -0.1711)  ( 0.00    -0.0135)

 CYCLE    8
  SDIIS (wt  1.000):  0.0003  0.0006  0.0088  0.0513  0.1618  0.2774  0.4997
  DIIS coefficients:  0.0003  0.0006  0.0088  0.0513  0.1618  0.2774  0.4997
 SCF Error: norm([F,P])=      0.001577769328, max([F,P])=      0.000408696001
 orbitals (Q,E):
 ---------------
 A :11...21          ( 2.00    -0.3941)  ( 2.00    -0.3580)  ( 2.00    -0.3244)  ( 2.00    -0.3041)
                     ( 2.00    -0.2772)  ( 2.00    -0.2737)  ( 2.00    -0.2647)  ( 2.00    -0.2208)
                     ( 2.00    -0.2119)  ( 2.00    -0.1711)  ( 0.00    -0.0135)

 CYCLE    9
  SDIIS (wt  1.000): -0.0006  0.0003 -0.0016  0.0080  0.0467  0.0864  0.3400  0.5210
  DIIS coefficients: -0.0006  0.0003 -0.0016  0.0080  0.0467  0.0864  0.3400  0.5210
 SCF Error: norm([F,P])=      0.000739791930, max([F,P])=      0.000204990888
 orbitals (Q,E):
 ---------------
 A :11...21          ( 2.00    -0.3941)  ( 2.00    -0.3580)  ( 2.00    -0.3244)  ( 2.00    -0.3041)
                     ( 2.00    -0.2772)  ( 2.00    -0.2737)  ( 2.00    -0.2647)  ( 2.00    -0.2208)
                     ( 2.00    -0.2119)  ( 2.00    -0.1711)  ( 0.00    -0.0135)

 CYCLE   10
  SDIIS (wt  1.000): -0.0002  0.0001 -0.0007  0.0024  0.0144  0.0274  0.1095  0.1951  0.6520
  DIIS coefficients: -0.0002  0.0001 -0.0007  0.0024  0.0144  0.0274  0.1095  0.1951  0.6520
 SCF Error: norm([F,P])=      0.000058039725, max([F,P])=      0.000009767269
 orbitals (Q,E):
 ---------------
 A :11...21          ( 2.00    -0.3941)  ( 2.00    -0.3580)  ( 2.00    -0.3244)  ( 2.00    -0.3041)
                     ( 2.00    -0.2772)  ( 2.00    -0.2737)  ( 2.00    -0.2647)  ( 2.00    -0.2208)
                     ( 2.00    -0.2119)  ( 2.00    -0.1711)  ( 0.00    -0.0135)

 CYCLE   11
  SDIIS (wt  1.000): -0.0001  0.0000 -0.0003  0.0007  0.0045  0.0092  0.0375  0.0778  0.4210  0.4496
  DIIS coefficients: -0.0001  0.0000 -0.0003  0.0007  0.0045  0.0092  0.0375  0.0778  0.4210  0.4496
 SCF Error: norm([F,P])=      0.000034096543, max([F,P])=      0.000007558115
 orbitals (Q,E):
 ---------------
 A :11...21          ( 2.00    -0.3941)  ( 2.00    -0.3580)  ( 2.00    -0.3244)  ( 2.00    -0.3041)
                     ( 2.00    -0.2772)  ( 2.00    -0.2737)  ( 2.00    -0.2647)  ( 2.00    -0.2208)
                     ( 2.00    -0.2119)  ( 2.00    -0.1711)  ( 0.00    -0.0135)

 CYCLE   12
  SDIIS (wt  1.000):  0.0000 -0.0000  0.0000 -0.0000  0.0003  0.0004  0.0052  0.0811  0.1974  0.7156
  DIIS coefficients:  0.0000 -0.0000  0.0000 -0.0000  0.0003  0.0004  0.0052  0.0811  0.1974  0.7156
 SCF Error: norm([F,P])=      0.000006443592, max([F,P])=      0.000001653618
 orbitals (Q,E):
 ---------------
 A :11...21          ( 2.00    -0.3941)  ( 2.00    -0.3580)  ( 2.00    -0.3244)  ( 2.00    -0.3041)
                     ( 2.00    -0.2772)  ( 2.00    -0.2737)  ( 2.00    -0.2647)  ( 2.00    -0.2208)
                     ( 2.00    -0.2119)  ( 2.00    -0.1711)  ( 0.00    -0.0135)

 CYCLE   13
  SDIIS (wt  1.000): -0.0000 -0.0000 -0.0000  0.0000  0.0000  0.0007  0.0160  0.0461  0.1612  0.7760
  DIIS coefficients: -0.0000 -0.0000 -0.0000  0.0000  0.0000  0.0007  0.0160  0.0461  0.1612  0.7760
 SCF Error: norm([F,P])=      0.000000600551, max([F,P])=      0.000000118016
 orbitals (Q,E):
 ---------------
 A :11...21          ( 2.00    -0.3941)  ( 2.00    -0.3580)  ( 2.00    -0.3244)  ( 2.00    -0.3041)
                     ( 2.00    -0.2772)  ( 2.00    -0.2737)  ( 2.00    -0.2647)  ( 2.00    -0.2208)
                     ( 2.00    -0.2119)  ( 2.00    -0.1711)  ( 0.00    -0.0135)

 SCF CONVERGED
 cosmo_calcen: 0.5 (esolb+esolc) (Hartrees) =   -0.117742

 Solvation energy (screening term,uncorrected) =    -73.884379 kcal/mol

 Solvation energy (dispersion and cavitation terms) =      0.676557 kcal/mol
 Solvation Energy Contributions (Hartrees)
          esola   esolb+esolc
     0.11774224   -0.23548448
 esol last cycle   -0.11774224

 CYCLE   14
 *** Using FIT density in Focky
  SDIIS (wt  1.000):  0.0000  0.0000  0.0000  0.0001  0.0001  0.0024  0.0073  0.0216  0.1906  0.7779
  DIIS coefficients:  0.0000  0.0000  0.0000  0.0001  0.0001  0.0024  0.0073  0.0216  0.1906  0.7779
 SCF Error: norm([F,P])=      0.000000076506, max([F,P])=      0.000000017800
 orbitals (Q,E):
 ---------------
 A :11...30          ( 2.00    -0.3941)  ( 2.00    -0.3580)  ( 2.00    -0.3244)  ( 2.00    -0.3041)
                     ( 2.00    -0.2772)  ( 2.00    -0.2737)  ( 2.00    -0.2647)  ( 2.00    -0.2208)
                     ( 2.00    -0.2119)  ( 2.00    -0.1711)  ( 0.00    -0.0135)  ( 0.00     0.0282)
                     ( 0.00     0.0523)  ( 0.00     0.0733)  ( 0.00     0.0857)  ( 0.00     0.1082)
                     ( 0.00     0.1235)  ( 0.00     0.1727)  ( 0.00     0.2039)  ( 0.00     0.2752)
 cosmo_calcen: 0.5 (esolb+esolc) (Hartrees) =   -0.117742

 Solvation energy (screening term,uncorrected) =    -73.884379 kcal/mol

 Solvation energy (dispersion and cavitation terms) =      0.676557 kcal/mol
 Solvation Energy Contributions (Hartrees)
          esola   esolb+esolc
     0.11774224   -0.23548448
 esol last cycle   -0.11774224


 Fit test: (difference of exact and fit density, squared integrated, result summed over spins)
         SCF:                                          0.00004272956601

 Gross Charges per Atom (Z minus electrons)
 ==========================================
             1.6479   -0.9258   -0.6706   -0.9068   -0.5950    0.2290    0.2211
 Net Total: -1.00000000



 =================================================================
 M U L T I P O L E   D E R I V E D   C H A R G E   A N A L Y S I S
 =================================================================

 See: M. Swart, P.Th. van Duijnen, J.G. Snijders, J.Comput.Chem., (2001), p. 79-88.

 --------------------------------------- 
 Multipole derived atomic charges (a.u.)
 --------------------------------------- 

        Atom    Level:     MDC-m        MDC-d        MDC-q
 ---------------------------------------------------------
     1     P            1.984842     1.584971     1.095879
     2     O           -1.011828    -0.970241    -0.744774
     3     O           -0.591842    -0.715174    -0.871962
     4     O           -0.995983    -0.957016    -0.696524
     5     O           -0.595178    -0.620462    -0.662516
     6     H            0.084316     0.354475     0.456937
     7     H            0.125673     0.323447     0.422960
 *** Using NEW gradient routines ***


 Geometry CYCLE 5
 ==============

 Energy gradients wrt nuclear displacements
 ==========================================

     Atom      Cartesian (a.u./angstrom)
                 X         Y         Z
 ----------------------------------------
     1 P    -0.071046 -0.099536  0.013059
     2 O     0.048781  0.094399  0.113679
     3 O     0.151628 -0.248357  0.109261
     4 O     0.050494  0.019096 -0.084006
     5 O    -0.267828  0.183779 -0.129450
     6 H     0.031488  0.032350 -0.018129
     7 H     0.056483  0.018268 -0.004413
 ----------------------------------------
 Interpolation step length   0.115213374759551     

 dE(predicted):    -0.10561E+00, dE(actual):     0.77627E-02, Trust radius:    0.115213, all in a.u.
 
----------------------------------------------------------------------
Geometry Convergence after Step   5       (Hartree/Angstrom,Angstrom)
----------------------------------------------------------------------
current energy                               -1.59371438 Hartree
energy change                       0.00776270     0.00100000    F
constrained gradient max            0.26782794     0.00100000    F
constrained gradient rms            0.11424596     0.00066667    F
gradient max                        0.26782794
gradient rms                        0.11424596
cart. step max                      0.09319776     0.01000000    F
cart. step rms                      0.04630866     0.00666667    F
 


 Coordinates (Cartesian)
 =======================

     Atom                    bohr                                 angstrom                 Geometric Variables
                   X           Y           Z              X           Y           Z       (0:frozen, *:LT par.)
 --------------------------------------------------------------------------------------------------------------
     1 P      -1.800463    0.933739    0.051374      -0.952764    0.494113    0.027186      1       2       3
     2 O      -1.804270   -0.920190   -2.008591      -0.954778   -0.486944   -1.062901      4       5       6
     3 O      -1.241818    3.914255   -0.561118      -0.657142    2.071335   -0.296931      7       8       9
     4 O      -3.770325    0.834748    2.021223      -1.995170    0.441730    1.069585     10      11      12
     5 O       1.191649    1.135038    0.461719       0.630593    0.600636    0.244331     13      14      15
     6 H      -1.818799    5.076346   -1.921475      -0.962467    2.686287   -1.016801     16      17      18
     7 H       2.668232    1.254280    1.611633       1.411968    0.663736    0.852840     19      20      21
 --------------------------------------------------------------------------------------------------------------

 Number of elements of the density matrix on this node (used, total):       378      6670



 ===========================================
 Numerical Integration : Fuzzy Cells (Becke)
 ===========================================
  
 Becke grid quality: GOOD           
  
 Lebedev angular grid order:             min:  11 max:  35
 Nr. of radial points:                   min:  54 max:  65

 Total nr. of points:      90405
 Nr. of blocks:              707
 Block length:               128
 Nr. of dummy points:         91


 Test of Precision of the Numerical Integration Grid
 ===================================================

 Integral of the Total Core Density:                   9.99999983375411
 Relative Error:                                      -1.662E-08


 -------------------------------------------
  COSMO surface
  Area             =          365.533
  Volume           =          561.713
  Number of Points =          936
 -------------------------------------------



 ========================
 Density Fitting (zlmFit)
 ========================
  
 ZlmFit Fit Quality: GOOD           
  
 Max L-expansion:                        min:   7 max:   9
 Nr. of radial interpolation points:     min:  72 max: 114



 =====
 S C F  ***  ScaSCF  ***
 =====
  
 Initial density matrix is taken from previous geometry

 CYCLE    1
 SCF Error: norm([F,P])=      0.224870485717, max([F,P])=      0.044816663524
 orbitals (Q,E):
 ---------------
 A :11...30          ( 2.00    -0.1691)  ( 2.00    -0.1407)  ( 2.00    -0.1035)  ( 2.00    -0.0824)
                     ( 2.00    -0.0724)  ( 2.00    -0.0565)  ( 2.00    -0.0438)  ( 2.00    -0.0018)
                     ( 2.00    -0.0006)  ( 2.00     0.0229)  ( 0.00     0.1305)  ( 0.00     0.1591)
                     ( 0.00     0.2533)  ( 0.00     0.2582)  ( 0.00     0.2700)  ( 0.00     0.3113)
                     ( 0.00     0.3164)  ( 0.00     0.3366)  ( 0.00     0.3781)  ( 0.00     0.4571)

 CYCLE    2
  SDIIS (wt  0.000):  0.5264  0.4736
 A-DIIS (wt  1.000):  0.5957  0.4043
  DIIS coefficients:  0.5957  0.4043
 SCF Error: norm([F,P])=      0.241362147705, max([F,P])=      0.049521995555
 orbitals (Q,E):
 ---------------
 A :11...21          ( 2.00    -0.2688)  ( 2.00    -0.2408)  ( 2.00    -0.2044)  ( 2.00    -0.1827)
                     ( 2.00    -0.1723)  ( 2.00    -0.1553)  ( 2.00    -0.1440)  ( 2.00    -0.1031)
                     ( 2.00    -0.1014)  ( 2.00    -0.0791)  ( 0.00     0.0708)

 CYCLE    3
  SDIIS (wt  0.000):  0.1348  0.2011  0.6641
 A-DIIS (wt  1.000):  0.1461  0.0000  0.8539
  DIIS coefficients:  0.1461  0.0000  0.8539
 SCF Error: norm([F,P])=      0.085851849527, max([F,P])=      0.016357589774
 orbitals (Q,E):
 ---------------
 A :11...21          ( 2.00    -0.3559)  ( 2.00    -0.3198)  ( 2.00    -0.2795)  ( 2.00    -0.2655)
                     ( 2.00    -0.2434)  ( 2.00    -0.2398)  ( 2.00    -0.2312)  ( 2.00    -0.1849)
                     ( 2.00    -0.1786)  ( 2.00    -0.1559)  ( 0.00     0.0106)

 CYCLE    4
  SDIIS (wt  0.000): -0.1471  0.6166  0.5305
 A-DIIS (wt  1.000):  0.0000  0.6328  0.3672
  DIIS coefficients:  0.0000  0.6328  0.3672
 SCF Error: norm([F,P])=      0.143789317934, max([F,P])=      0.031875892056
 orbitals (Q,E):
 ---------------
 A :11...21          ( 2.00    -0.3900)  ( 2.00    -0.3569)  ( 2.00    -0.3184)  ( 2.00    -0.3017)
                     ( 2.00    -0.2833)  ( 2.00    -0.2741)  ( 2.00    -0.2669)  ( 2.00    -0.2222)
                     ( 2.00    -0.2166)  ( 2.00    -0.1962)  ( 0.00    -0.0136)

 CYCLE    5
  SDIIS (wt  0.940): -0.0132  0.1337  0.2238  0.6556
 A-DIIS (wt  0.060):  0.0000  0.0000  0.0276  0.9724
  DIIS coefficients: -0.0124  0.1257  0.2120  0.6746
 SCF Error: norm([F,P])=      0.034323681423, max([F,P])=      0.006937590815
 orbitals (Q,E):
 ---------------
 A :11...21          ( 2.00    -0.3891)  ( 2.00    -0.3551)  ( 2.00    -0.3164)  ( 2.00    -0.3006)
                     ( 2.00    -0.2812)  ( 2.00    -0.2735)  ( 2.00    -0.2660)  ( 2.00    -0.2210)
                     ( 2.00    -0.2151)  ( 2.00    -0.1944)  ( 0.00    -0.0127)

 CYCLE    6
  SDIIS (wt  0.979):  0.0169 -0.0100  0.0455  0.3880  0.5597
 A-DIIS (wt  0.021):  0.0000  0.0000  0.0000  0.0439  0.9561
  DIIS coefficients:  0.0165 -0.0098  0.0446  0.3807  0.5681
 SCF Error: norm([F,P])=      0.011700821276, max([F,P])=      0.003099132667
 orbitals (Q,E):
 ---------------
 A :11...21          ( 2.00    -0.3891)  ( 2.00    -0.3554)  ( 2.00    -0.3167)  ( 2.00    -0.3006)
                     ( 2.00    -0.2815)  ( 2.00    -0.2733)  ( 2.00    -0.2660)  ( 2.00    -0.2211)
                     ( 2.00    -0.2152)  ( 2.00    -0.1945)  ( 0.00    -0.0126)

 CYCLE    7
  SDIIS (wt  1.000):  0.0053 -0.0122  0.0052  0.0972  0.3210  0.5835
  DIIS coefficients:  0.0053 -0.0122  0.0052  0.0972  0.3210  0.5835
 SCF Error: norm([F,P])=      0.004381075605, max([F,P])=      0.000881341163
 orbitals (Q,E):
 ---------------
 A :11...21          ( 2.00    -0.3889)  ( 2.00    -0.3552)  ( 2.00    -0.3164)  ( 2.00    -0.3004)
                     ( 2.00    -0.2813)  ( 2.00    -0.2732)  ( 2.00    -0.2658)  ( 2.00    -0.2208)
                     ( 2.00    -0.2150)  ( 2.00    -0.1943)  ( 0.00    -0.0124)

 CYCLE    8
  SDIIS (wt  1.000):  0.0017 -0.0048  0.0018  0.0350  0.1770  0.3822  0.4070
  DIIS coefficients:  0.0017 -0.0048  0.0018  0.0350  0.1770  0.3822  0.4070
 SCF Error: norm([F,P])=      0.001473938966, max([F,P])=      0.000468495123
 orbitals (Q,E):
 ---------------
 A :11...21          ( 2.00    -0.3890)  ( 2.00    -0.3552)  ( 2.00    -0.3164)  ( 2.00    -0.3004)
                     ( 2.00    -0.2813)  ( 2.00    -0.2732)  ( 2.00    -0.2659)  ( 2.00    -0.2209)
                     ( 2.00    -0.2150)  ( 2.00    -0.1943)  ( 0.00    -0.0124)

 CYCLE    9
  SDIIS (wt  1.000): -0.0004 -0.0001  0.0006  0.0016  0.0493  0.1255  0.2740  0.5495
  DIIS coefficients: -0.0004 -0.0001  0.0006  0.0016  0.0493  0.1255  0.2740  0.5495
 SCF Error: norm([F,P])=      0.000514360211, max([F,P])=      0.000113998908
 orbitals (Q,E):
 ---------------
 A :11...21          ( 2.00    -0.3890)  ( 2.00    -0.3552)  ( 2.00    -0.3165)  ( 2.00    -0.3005)
                     ( 2.00    -0.2813)  ( 2.00    -0.2733)  ( 2.00    -0.2659)  ( 2.00    -0.2209)
                     ( 2.00    -0.2150)  ( 2.00    -0.1943)  ( 0.00    -0.0124)

 CYCLE   10
  SDIIS (wt  1.000): -0.0001  0.0000  0.0000  0.0002  0.0140  0.0362  0.0883  0.1763  0.6851
  DIIS coefficients: -0.0001  0.0000  0.0000  0.0002  0.0140  0.0362  0.0883  0.1763  0.6851
 SCF Error: norm([F,P])=      0.000045448502, max([F,P])=      0.000012807275
 orbitals (Q,E):
 ---------------
 A :11...21          ( 2.00    -0.3890)  ( 2.00    -0.3552)  ( 2.00    -0.3165)  ( 2.00    -0.3005)
                     ( 2.00    -0.2813)  ( 2.00    -0.2733)  ( 2.00    -0.2659)  ( 2.00    -0.2209)
                     ( 2.00    -0.2150)  ( 2.00    -0.1943)  ( 0.00    -0.0124)

 CYCLE   11
  SDIIS (wt  1.000): -0.0000  0.0000 -0.0001 -0.0000  0.0046  0.0121  0.0335  0.0638  0.4887  0.3974
  DIIS coefficients: -0.0000  0.0000 -0.0001 -0.0000  0.0046  0.0121  0.0335  0.0638  0.4887  0.3974
 SCF Error: norm([F,P])=      0.000034995654, max([F,P])=      0.000008485666
 orbitals (Q,E):
 ---------------
 A :11...21          ( 2.00    -0.3890)  ( 2.00    -0.3552)  ( 2.00    -0.3165)  ( 2.00    -0.3005)
                     ( 2.00    -0.2813)  ( 2.00    -0.2733)  ( 2.00    -0.2659)  ( 2.00    -0.2209)
                     ( 2.00    -0.2150)  ( 2.00    -0.1943)  ( 0.00    -0.0124)

 CYCLE   12
  SDIIS (wt  1.000): -0.0000 -0.0000 -0.0000  0.0005  0.0014  0.0050  0.0073  0.1228  0.1440  0.7192
  DIIS coefficients: -0.0000 -0.0000 -0.0000  0.0005  0.0014  0.0050  0.0073  0.1228  0.1440  0.7192
 SCF Error: norm([F,P])=      0.000003599551, max([F,P])=      0.000000691203
 orbitals (Q,E):
 ---------------
 A :11...21          ( 2.00    -0.3890)  ( 2.00    -0.3552)  ( 2.00    -0.3165)  ( 2.00    -0.3005)
                     ( 2.00    -0.2813)  ( 2.00    -0.2733)  ( 2.00    -0.2659)  ( 2.00    -0.2209)
                     ( 2.00    -0.2150)  ( 2.00    -0.1943)  ( 0.00    -0.0124)

 SCF CONVERGED
 cosmo_calcen: 0.5 (esolb+esolc) (Hartrees) =   -0.121282

 Solvation energy (screening term,uncorrected) =    -76.105750 kcal/mol

 Solvation energy (dispersion and cavitation terms) =      0.683518 kcal/mol
 Solvation Energy Contributions (Hartrees)
          esola   esolb+esolc
     0.12128222   -0.24256444
 esol last cycle   -0.12128222

 CYCLE   13
 *** Using FIT density in Focky
  SDIIS (wt  1.000): -0.0000 -0.0000  0.0000  0.0001  0.0005  0.0008  0.0131  0.0158  0.1010  0.8686
  DIIS coefficients: -0.0000 -0.0000  0.0000  0.0001  0.0005  0.0008  0.0131  0.0158  0.1010  0.8686
 SCF Error: norm([F,P])=      0.000000400888, max([F,P])=      0.000000095011
 orbitals (Q,E):
 ---------------
 A :11...30          ( 2.00    -0.3890)  ( 2.00    -0.3552)  ( 2.00    -0.3165)  ( 2.00    -0.3005)
                     ( 2.00    -0.2813)  ( 2.00    -0.2733)  ( 2.00    -0.2659)  ( 2.00    -0.2209)
                     ( 2.00    -0.2150)  ( 2.00    -0.1943)  ( 0.00    -0.0124)  ( 0.00     0.0263)
                     ( 0.00     0.0586)  ( 0.00     0.0736)  ( 0.00     0.0893)  ( 0.00     0.1156)
                     ( 0.00     0.1190)  ( 0.00     0.1582)  ( 0.00     0.2000)  ( 0.00     0.2765)
 cosmo_calcen: 0.5 (esolb+esolc) (Hartrees) =   -0.121282

 Solvation energy (screening term,uncorrected) =    -76.105748 kcal/mol

 Solvation energy (dispersion and cavitation terms) =      0.683518 kcal/mol
 Solvation Energy Contributions (Hartrees)
          esola   esolb+esolc
     0.12128222   -0.24256443
 esol last cycle   -0.12128222


 Fit test: (difference of exact and fit density, squared integrated, result summed over spins)
         SCF:                                          0.00003985242757

 Gross Charges per Atom (Z minus electrons)
 ==========================================
             1.6546   -0.9294   -0.6917   -0.9151   -0.6242    0.2648    0.2409
 Net Total: -1.00000000



 =================================================================
 M U L T I P O L E   D E R I V E D   C H A R G E   A N A L Y S I S
 =================================================================

 See: M. Swart, P.Th. van Duijnen, J.G. Snijders, J.Comput.Chem., (2001), p. 79-88.

 --------------------------------------- 
 Multipole derived atomic charges (a.u.)
 --------------------------------------- 

        Atom    Level:     MDC-m        MDC-d        MDC-q
 ---------------------------------------------------------
     1     P            1.989906     1.608334     0.514447
     2     O           -1.015235    -0.976241    -0.549952
     3     O           -0.600471    -0.723802    -0.851166
     4     O           -1.005337    -0.962846    -0.517058
     5     O           -0.610420    -0.651647    -0.742447
     6     H            0.107776     0.364858     0.581797
     7     H            0.133782     0.341343     0.564379
 *** Using NEW gradient routines ***


 Geometry CYCLE 6
 ==============

 Energy gradients wrt nuclear displacements
 ==========================================

     Atom      Cartesian (a.u./angstrom)
                 X         Y         Z
 ----------------------------------------
     1 P    -0.072410 -0.080068  0.007114
     2 O     0.043857  0.062744  0.094145
     3 O     0.079718 -0.137866  0.070499
     4 O     0.035672  0.011847 -0.068496
     5 O    -0.162213  0.096397 -0.081520
     6 H     0.019879  0.039530 -0.017613
     7 H     0.055498  0.007416 -0.004130
 ----------------------------------------

 dE(predicted):    -0.54330E-01, dE(actual):    -0.46451E-01, Trust radius:    0.230427, all in a.u.
 
----------------------------------------------------------------------
Geometry Convergence after Step   6       (Hartree/Angstrom,Angstrom)
----------------------------------------------------------------------
current energy                               -1.64016503 Hartree
energy change                      -0.04645065     0.00100000    F
constrained gradient max            0.16221302     0.00100000    F
constrained gradient rms            0.07255079     0.00066667    F
gradient max                        0.16221302
gradient rms                        0.07255079
cart. step max                      0.12055483     0.01000000    F
cart. step rms                      0.06053521     0.00666667    F
 


 Coordinates (Cartesian)
 =======================

     Atom                    bohr                                 angstrom                 Geometric Variables
                   X           Y           Z              X           Y           Z       (0:frozen, *:LT par.)
 --------------------------------------------------------------------------------------------------------------
     1 P      -1.751823    0.989169    0.015366      -0.927025    0.523445    0.008131      1       2       3
     2 O      -1.898016   -0.768212   -2.173934      -1.004387   -0.406520   -1.150397      4       5       6
     3 O      -1.275389    3.967586   -0.684248      -0.674907    2.099556   -0.362089      7       8       9
     4 O      -3.542509    0.779034    2.178844      -1.874615    0.412247    1.152995     10      11      12
     5 O       1.237165    1.088515    0.559136       0.654680    0.576017    0.295882     13      14      15
     6 H      -1.947738    5.028726   -2.057381      -1.030699    2.661087   -1.088719     16      17      18
     7 H       2.602518    1.143398    1.816981       1.377193    0.605060    0.961505     19      20      21
 --------------------------------------------------------------------------------------------------------------

 Number of elements of the density matrix on this node (used, total):       378      6670



 ===========================================
 Numerical Integration : Fuzzy Cells (Becke)
 ===========================================
  
 Becke grid quality: GOOD           
  
 Lebedev angular grid order:             min:  11 max:  35
 Nr. of radial points:                   min:  54 max:  65

 Total nr. of points:      90408
 Nr. of blocks:              707
 Block length:               128
 Nr. of dummy points:         88


 Test of Precision of the Numerical Integration Grid
 ===================================================

 Integral of the Total Core Density:                   9.99999978816643
 Relative Error:                                      -2.118E-08


 -------------------------------------------
  COSMO surface
  Area             =          367.891
  Volume           =          566.781
  Number of Points =          934
 -------------------------------------------



 ========================
 Density Fitting (zlmFit)
 ========================
  
 ZlmFit Fit Quality: GOOD           
  
 Max L-expansion:                        min:   7 max:   9
 Nr. of radial interpolation points:     min:  72 max: 114



 =====
 S C F  ***  ScaSCF  ***
 =====
  
 Initial density matrix is taken from previous geometry

 CYCLE    1
 SCF Error: norm([F,P])=      0.302169340340, max([F,P])=      0.093507181107
 orbitals (Q,E):
 ---------------
 A :11...30          ( 2.00    -0.1846)  ( 2.00    -0.1573)  ( 2.00    -0.1186)  ( 2.00    -0.0980)
                     ( 2.00    -0.0959)  ( 2.00    -0.0740)  ( 2.00    -0.0554)  ( 2.00    -0.0283)
                     ( 2.00    -0.0142)  ( 2.00     0.0048)  ( 0.00     0.1224)  ( 0.00     0.1487)
                     ( 0.00     0.2451)  ( 0.00     0.2511)  ( 0.00     0.2640)  ( 0.00     0.2962)
                     ( 0.00     0.3151)  ( 0.00     0.3254)  ( 0.00     0.3629)  ( 0.00     0.4400)

 CYCLE    2
  SDIIS (wt  0.000):  0.3007  0.6993
 A-DIIS (wt  1.000):  0.1652  0.8348
  DIIS coefficients:  0.1652  0.8348
 SCF Error: norm([F,P])=      0.179321032749, max([F,P])=      0.028103243674
 orbitals (Q,E):
 ---------------
 A :11...21          ( 2.00    -0.3732)  ( 2.00    -0.3396)  ( 2.00    -0.3018)  ( 2.00    -0.2834)
                     ( 2.00    -0.2746)  ( 2.00    -0.2574)  ( 2.00    -0.2482)  ( 2.00    -0.2131)
                     ( 2.00    -0.2055)  ( 2.00    -0.1906)  ( 0.00     0.0071)

 CYCLE    3
  SDIIS (wt  0.000):  0.0842  0.5505  0.3653
 A-DIIS (wt  1.000):  0.0000  0.4699  0.5301
  DIIS coefficients:  0.0000  0.4699  0.5301
 SCF Error: norm([F,P])=      0.248640679368, max([F,P])=      0.062144047395
 orbitals (Q,E):
 ---------------
 A :11...21          ( 2.00    -0.3868)  ( 2.00    -0.3506)  ( 2.00    -0.3096)  ( 2.00    -0.2949)
                     ( 2.00    -0.2824)  ( 2.00    -0.2692)  ( 2.00    -0.2611)  ( 2.00    -0.2174)
                     ( 2.00    -0.2150)  ( 2.00    -0.1987)  ( 0.00    -0.0106)

 CYCLE    4
  SDIIS (wt  0.660):  0.1892  0.3294  0.4814
 A-DIIS (wt  0.340):  0.0000  0.2200  0.7800
  DIIS coefficients:  0.1250  0.2923  0.5828
 SCF Error: norm([F,P])=      0.121149437697, max([F,P])=      0.034611394384
 orbitals (Q,E):
 ---------------
 A :11...21          ( 2.00    -0.3894)  ( 2.00    -0.3544)  ( 2.00    -0.3157)  ( 2.00    -0.2980)
                     ( 2.00    -0.2876)  ( 2.00    -0.2729)  ( 2.00    -0.2648)  ( 2.00    -0.2254)
                     ( 2.00    -0.2204)  ( 2.00    -0.2052)  ( 0.00    -0.0112)

 CYCLE    5
  SDIIS (wt  0.838):  0.0583  0.1708  0.4150  0.3560
 A-DIIS (wt  0.162):  0.0000  0.0000  0.2715  0.7285
  DIIS coefficients:  0.0488  0.1431  0.3917  0.4164
 SCF Error: norm([F,P])=      0.064482952020, max([F,P])=      0.017067055084
 orbitals (Q,E):
 ---------------
 A :11...21          ( 2.00    -0.3903)  ( 2.00    -0.3553)  ( 2.00    -0.3156)  ( 2.00    -0.2997)
                     ( 2.00    -0.2885)  ( 2.00    -0.2742)  ( 2.00    -0.2655)  ( 2.00    -0.2235)
                     ( 2.00    -0.2226)  ( 2.00    -0.2054)  ( 0.00    -0.0113)

 CYCLE    6
  SDIIS (wt  0.956):  0.0092  0.0394  0.1735  0.2974  0.4806
 A-DIIS (wt  0.044):  0.0000  0.0000  0.0000  0.0971  0.9029
  DIIS coefficients:  0.0088  0.0377  0.1659  0.2887  0.4990
 SCF Error: norm([F,P])=      0.020641730965, max([F,P])=      0.005311243606
 orbitals (Q,E):
 ---------------
 A :11...21          ( 2.00    -0.3899)  ( 2.00    -0.3550)  ( 2.00    -0.3153)  ( 2.00    -0.2990)
                     ( 2.00    -0.2879)  ( 2.00    -0.2736)  ( 2.00    -0.2651)  ( 2.00    -0.2234)
                     ( 2.00    -0.2217)  ( 2.00    -0.2050)  ( 0.00    -0.0111)

 CYCLE    7
  SDIIS (wt  1.000):  0.0001  0.0035  0.0406  0.1071  0.2668  0.5820
  DIIS coefficients:  0.0001  0.0035  0.0406  0.1071  0.2668  0.5820
 SCF Error: norm([F,P])=      0.003729364064, max([F,P])=      0.000589946686
 orbitals (Q,E):
 ---------------
 A :11...21          ( 2.00    -0.3898)  ( 2.00    -0.3549)  ( 2.00    -0.3151)  ( 2.00    -0.2988)
                     ( 2.00    -0.2877)  ( 2.00    -0.2735)  ( 2.00    -0.2650)  ( 2.00    -0.2232)
                     ( 2.00    -0.2217)  ( 2.00    -0.2049)  ( 0.00    -0.0109)

 CYCLE    8
  SDIIS (wt  1.000): -0.0007  0.0002  0.0149  0.0478  0.1307  0.3392  0.4679
  DIIS coefficients: -0.0007  0.0002  0.0149  0.0478  0.1307  0.3392  0.4679
 SCF Error: norm([F,P])=      0.001145815106, max([F,P])=      0.000206893356
 orbitals (Q,E):
 ---------------
 A :11...21          ( 2.00    -0.3897)  ( 2.00    -0.3549)  ( 2.00    -0.3152)  ( 2.00    -0.2989)
                     ( 2.00    -0.2878)  ( 2.00    -0.2735)  ( 2.00    -0.2649)  ( 2.00    -0.2232)
                     ( 2.00    -0.2217)  ( 2.00    -0.2049)  ( 0.00    -0.0110)

 CYCLE    9
  SDIIS (wt  1.000): -0.0003 -0.0006  0.0013  0.0115  0.0399  0.1338  0.3477  0.4667
  DIIS coefficients: -0.0003 -0.0006  0.0013  0.0115  0.0399  0.1338  0.3477  0.4667
 SCF Error: norm([F,P])=      0.000584790880, max([F,P])=      0.000130446751
 orbitals (Q,E):
 ---------------
 A :11...21          ( 2.00    -0.3898)  ( 2.00    -0.3549)  ( 2.00    -0.3152)  ( 2.00    -0.2989)
                     ( 2.00    -0.2878)  ( 2.00    -0.2735)  ( 2.00    -0.2650)  ( 2.00    -0.2233)
                     ( 2.00    -0.2217)  ( 2.00    -0.2049)  ( 0.00    -0.0110)

 CYCLE   10
  SDIIS (wt  1.000): -0.0001 -0.0001  0.0001  0.0024  0.0088  0.0305  0.0810  0.1377  0.7398
  DIIS coefficients: -0.0001 -0.0001  0.0001  0.0024  0.0088  0.0305  0.0810  0.1377  0.7398
 SCF Error: norm([F,P])=      0.000034659349, max([F,P])=      0.000008923634
 orbitals (Q,E):
 ---------------
 A :11...21          ( 2.00    -0.3898)  ( 2.00    -0.3549)  ( 2.00    -0.3152)  ( 2.00    -0.2989)
                     ( 2.00    -0.2878)  ( 2.00    -0.2735)  ( 2.00    -0.2650)  ( 2.00    -0.2233)
                     ( 2.00    -0.2217)  ( 2.00    -0.2049)  ( 0.00    -0.0110)

 CYCLE   11
  SDIIS (wt  1.000): -0.0000 -0.0000 -0.0000  0.0009  0.0036  0.0127  0.0336  0.0655  0.4759  0.4079
  DIIS coefficients: -0.0000 -0.0000 -0.0000  0.0009  0.0036  0.0127  0.0336  0.0655  0.4759  0.4079
 SCF Error: norm([F,P])=      0.000019616039, max([F,P])=      0.000004600614
 orbitals (Q,E):
 ---------------
 A :11...21          ( 2.00    -0.3898)  ( 2.00    -0.3549)  ( 2.00    -0.3152)  ( 2.00    -0.2989)
                     ( 2.00    -0.2878)  ( 2.00    -0.2735)  ( 2.00    -0.2650)  ( 2.00    -0.2233)
                     ( 2.00    -0.2217)  ( 2.00    -0.2049)  ( 0.00    -0.0110)

 CYCLE   12
  SDIIS (wt  1.000): -0.0000 -0.0000  0.0000  0.0002  0.0009  0.0020  0.0091  0.1167  0.2169  0.6542
  DIIS coefficients: -0.0000 -0.0000  0.0000  0.0002  0.0009  0.0020  0.0091  0.1167  0.2169  0.6542
 SCF Error: norm([F,P])=      0.000004520885, max([F,P])=      0.000000979236
 orbitals (Q,E):
 ---------------
 A :11...21          ( 2.00    -0.3898)  ( 2.00    -0.3549)  ( 2.00    -0.3152)  ( 2.00    -0.2989)
                     ( 2.00    -0.2878)  ( 2.00    -0.2735)  ( 2.00    -0.2650)  ( 2.00    -0.2233)
                     ( 2.00    -0.2217)  ( 2.00    -0.2049)  ( 0.00    -0.0110)

 SCF CONVERGED
 cosmo_calcen: 0.5 (esolb+esolc) (Hartrees) =   -0.121997

 Solvation energy (screening term,uncorrected) =    -76.554486 kcal/mol

 Solvation energy (dispersion and cavitation terms) =      0.687927 kcal/mol
 Solvation Energy Contributions (Hartrees)
          esola   esolb+esolc
     0.12199733   -0.24399465
 esol last cycle   -0.12199733

 CYCLE   13
 *** Using FIT density in Focky
  SDIIS (wt  1.000):  0.0000 -0.0000 -0.0000 -0.0000 -0.0002  0.0003  0.0110  0.0280  0.1081  0.8528
  DIIS coefficients:  0.0000 -0.0000 -0.0000 -0.0000 -0.0002  0.0003  0.0110  0.0280  0.1081  0.8528
 SCF Error: norm([F,P])=      0.000000472076, max([F,P])=      0.000000098566
 orbitals (Q,E):
 ---------------
 A :11...30          ( 2.00    -0.3898)  ( 2.00    -0.3549)  ( 2.00    -0.3152)  ( 2.00    -0.2989)
                     ( 2.00    -0.2878)  ( 2.00    -0.2735)  ( 2.00    -0.2650)  ( 2.00    -0.2233)
                     ( 2.00    -0.2217)  ( 2.00    -0.2049)  ( 0.00    -0.0110)  ( 0.00     0.0261)
                     ( 0.00     0.0598)  ( 0.00     0.0741)  ( 0.00     0.0939)  ( 0.00     0.1146)
                     ( 0.00     0.1314)  ( 0.00     0.1555)  ( 0.00     0.1945)  ( 0.00     0.2684)
 cosmo_calcen: 0.5 (esolb+esolc) (Hartrees) =   -0.121997

 Solvation energy (screening term,uncorrected) =    -76.554480 kcal/mol

 Solvation energy (dispersion and cavitation terms) =      0.687927 kcal/mol
 Solvation Energy Contributions (Hartrees)
          esola   esolb+esolc
     0.12199732   -0.24399463
 esol last cycle   -0.12199732


 Fit test: (difference of exact and fit density, squared integrated, result summed over spins)
         SCF:                                          0.00003726697394

 Gross Charges per Atom (Z minus electrons)
 ==========================================
             1.6685   -0.9332   -0.7038   -0.9206   -0.6496    0.2819    0.2568
 Net Total: -1.00000000



 =================================================================
 M U L T I P O L E   D E R I V E D   C H A R G E   A N A L Y S I S
 =================================================================

 See: M. Swart, P.Th. van Duijnen, J.G. Snijders, J.Comput.Chem., (2001), p. 79-88.

 --------------------------------------- 
 Multipole derived atomic charges (a.u.)
 --------------------------------------- 

        Atom    Level:     MDC-m        MDC-d        MDC-q
 ---------------------------------------------------------
     1     P            1.990511     1.609031     1.257491
     2     O           -1.016786    -0.969145    -0.791095
     3     O           -0.597637    -0.728736    -0.733812
     4     O           -1.011943    -0.965322    -0.739663
     5     O           -0.613668    -0.715765    -0.957286
     6     H            0.113293     0.379899     0.406203
     7     H            0.136229     0.390037     0.558162
 *** Using NEW gradient routines ***


 Geometry CYCLE 7
 ==============

 Energy gradients wrt nuclear displacements
 ==========================================

     Atom      Cartesian (a.u./angstrom)
                 X         Y         Z
 ----------------------------------------
     1 P    -0.058312 -0.048594  0.005395
     2 O     0.031850  0.026561  0.047020
     3 O     0.050639 -0.090283  0.038249
     4 O     0.018857  0.006540 -0.034471
     5 O    -0.106485  0.068318 -0.038945
     6 H     0.018417  0.032316 -0.008599
     7 H     0.045034  0.005142 -0.008648
 ----------------------------------------

 dE(predicted):    -0.45990E-01, dE(actual):    -0.30151E-01, Trust radius:    0.230427, all in a.u.
 
----------------------------------------------------------------------
Geometry Convergence after Step   7       (Hartree/Angstrom,Angstrom)
----------------------------------------------------------------------
current energy                               -1.67031578 Hartree
energy change                      -0.03015075     0.00100000    F
constrained gradient max            0.10648528     0.00100000    F
constrained gradient rms            0.04608295     0.00066667    F
gradient max                        0.10648528
gradient rms                        0.04608295
cart. step max                      0.13881446     0.01000000    F
cart. step rms                      0.06630460     0.00666667    F
 


 Coordinates (Cartesian)
 =======================

     Atom                    bohr                                 angstrom                 Geometric Variables
                   X           Y           Z              X           Y           Z       (0:frozen, *:LT par.)
 --------------------------------------------------------------------------------------------------------------
     1 P      -1.607197    1.050693    0.058212      -0.850492    0.556003    0.030805      1       2       3
     2 O      -1.954006   -0.505890   -2.257099      -1.034016   -0.267706   -1.194405      4       5       6
     3 O      -1.369366    4.026533   -0.743296      -0.724637    2.130749   -0.393335      7       8       9
     4 O      -3.455924    0.840740    2.169009      -1.828796    0.444901    1.147790     10      11      12
     5 O       1.386040    1.007277    0.618671       0.733461    0.533028    0.327386     13      14      15
     6 H      -2.181713    4.849423   -2.178840      -1.154513    2.566204   -1.152993     16      17      18
     7 H       2.606373    0.959440    1.988107       1.379233    0.507714    1.052061     19      20      21
 --------------------------------------------------------------------------------------------------------------

 Number of elements of the density matrix on this node (used, total):       378      6670



 ===========================================
 Numerical Integration : Fuzzy Cells (Becke)
 ===========================================
  
 Becke grid quality: GOOD           
  
 Lebedev angular grid order:             min:  11 max:  35
 Nr. of radial points:                   min:  54 max:  65

 Total nr. of points:      90406
 Nr. of blocks:              707
 Block length:               128
 Nr. of dummy points:         90


 Test of Precision of the Numerical Integration Grid
 ===================================================

 Integral of the Total Core Density:                   9.99999961768613
 Relative Error:                                      -3.823E-08


 -------------------------------------------
  COSMO surface
  Area             =          367.887
  Volume           =          568.343
  Number of Points =          937
 -------------------------------------------



 ========================
 Density Fitting (zlmFit)
 ========================
  
 ZlmFit Fit Quality: GOOD           
  
 Max L-expansion:                        min:   7 max:   9
 Nr. of radial interpolation points:     min:  72 max: 114



 =====
 S C F  ***  ScaSCF  ***
 =====
  
 Initial density matrix is taken from previous geometry

 CYCLE    1
 SCF Error: norm([F,P])=      0.293084975050, max([F,P])=      0.080491436286
 orbitals (Q,E):
 ---------------
 A :11...30          ( 2.00    -0.1795)  ( 2.00    -0.1580)  ( 2.00    -0.1174)  ( 2.00    -0.1086)
                     ( 2.00    -0.1004)  ( 2.00    -0.0747)  ( 2.00    -0.0500)  ( 2.00    -0.0308)
                     ( 2.00    -0.0099)  ( 2.00     0.0083)  ( 0.00     0.1236)  ( 0.00     0.1514)
                     ( 0.00     0.2485)  ( 0.00     0.2518)  ( 0.00     0.2740)  ( 0.00     0.3081)
                     ( 0.00     0.3170)  ( 0.00     0.3516)  ( 0.00     0.3580)  ( 0.00     0.4354)

 CYCLE    2
  SDIIS (wt  0.000):  0.2770  0.7230
 A-DIIS (wt  1.000):  0.7465  0.2535
  DIIS coefficients:  0.7465  0.2535
 SCF Error: norm([F,P])=      0.161275073718, max([F,P])=      0.031107412974
 orbitals (Q,E):
 ---------------
 A :11...21          ( 2.00    -0.2364)  ( 2.00    -0.2121)  ( 2.00    -0.1713)  ( 2.00    -0.1613)
                     ( 2.00    -0.1573)  ( 2.00    -0.1304)  ( 2.00    -0.1093)  ( 2.00    -0.0868)
                     ( 2.00    -0.0685)  ( 2.00    -0.0510)  ( 0.00     0.0901)

 CYCLE    3
  SDIIS (wt  0.000):  0.0840 -0.3532  1.2692
 A-DIIS (wt  1.000):  0.6224  0.0000  0.3776
  DIIS coefficients:  0.6224  0.0000  0.3776
 SCF Error: norm([F,P])=      0.077106854547, max([F,P])=      0.015107405064
 orbitals (Q,E):
 ---------------
 A :11...21          ( 2.00    -0.2594)  ( 2.00    -0.2340)  ( 2.00    -0.1937)  ( 2.00    -0.1820)
                     ( 2.00    -0.1789)  ( 2.00    -0.1527)  ( 2.00    -0.1330)  ( 2.00    -0.1089)
                     ( 2.00    -0.0919)  ( 2.00    -0.0746)  ( 0.00     0.0746)

 CYCLE    4
  SDIIS (wt  0.854): -0.8875 -0.4664  2.3539
 A-DIIS (wt  0.146):  0.0000  0.0000  1.0000
  DIIS coefficients: -0.7578 -0.3983  2.1561
 SCF Error: norm([F,P])=      0.076203425223, max([F,P])=      0.015468388050
 orbitals (Q,E):
 ---------------
 A :11...21          ( 2.00    -0.3875)  ( 2.00    -0.3558)  ( 2.00    -0.3147)  ( 2.00    -0.3037)
                     ( 2.00    -0.2982)  ( 2.00    -0.2769)  ( 2.00    -0.2639)  ( 2.00    -0.2315)
                     ( 2.00    -0.2213)  ( 2.00    -0.2053)  ( 0.00    -0.0099)

 CYCLE    5
  SDIIS (wt  0.919): -0.4278 -0.5449  1.4875  0.4851
 A-DIIS (wt  0.081):  0.0000  0.0000  0.0000  1.0000
  DIIS coefficients: -0.3933 -0.5010  1.3676  0.5266
 SCF Error: norm([F,P])=      0.031781311496, max([F,P])=      0.008976167317
 orbitals (Q,E):
 ---------------
 A :11...21          ( 2.00    -0.3866)  ( 2.00    -0.3559)  ( 2.00    -0.3157)  ( 2.00    -0.3024)
                     ( 2.00    -0.2985)  ( 2.00    -0.2764)  ( 2.00    -0.2629)  ( 2.00    -0.2315)
                     ( 2.00    -0.2208)  ( 2.00    -0.2048)  ( 0.00    -0.0097)

 CYCLE    6
  SDIIS (wt  0.967): -0.1143 -0.2396  0.5088  0.3797  0.4655
 A-DIIS (wt  0.033):  0.0000  0.0000  0.0000  0.2226  0.7774
  DIIS coefficients: -0.1106 -0.2318  0.4921  0.3745  0.4757
 SCF Error: norm([F,P])=      0.015326664620, max([F,P])=      0.004257069150
 orbitals (Q,E):
 ---------------
 A :11...21          ( 2.00    -0.3871)  ( 2.00    -0.3560)  ( 2.00    -0.3155)  ( 2.00    -0.3028)
                     ( 2.00    -0.2983)  ( 2.00    -0.2767)  ( 2.00    -0.2634)  ( 2.00    -0.2314)
                     ( 2.00    -0.2210)  ( 2.00    -0.2050)  ( 0.00    -0.0096)

 CYCLE    7
  SDIIS (wt  1.000): -0.0035 -0.0499  0.0670  0.1514  0.2879  0.5471
  DIIS coefficients: -0.0035 -0.0499  0.0670  0.1514  0.2879  0.5471
 SCF Error: norm([F,P])=      0.003987636196, max([F,P])=      0.000694139139
 orbitals (Q,E):
 ---------------
 A :11...21          ( 2.00    -0.3869)  ( 2.00    -0.3559)  ( 2.00    -0.3154)  ( 2.00    -0.3027)
                     ( 2.00    -0.2982)  ( 2.00    -0.2765)  ( 2.00    -0.2632)  ( 2.00    -0.2313)
                     ( 2.00    -0.2209)  ( 2.00    -0.2049)  ( 0.00    -0.0095)

 CYCLE    8
  SDIIS (wt  1.000):  0.0043 -0.0173  0.0127  0.0742  0.1499  0.3396  0.4366
  DIIS coefficients:  0.0043 -0.0173  0.0127  0.0742  0.1499  0.3396  0.4366
 SCF Error: norm([F,P])=      0.001270295168, max([F,P])=      0.000296346897
 orbitals (Q,E):
 ---------------
 A :11...21          ( 2.00    -0.3869)  ( 2.00    -0.3559)  ( 2.00    -0.3154)  ( 2.00    -0.3027)
                     ( 2.00    -0.2982)  ( 2.00    -0.2765)  ( 2.00    -0.2632)  ( 2.00    -0.2313)
                     ( 2.00    -0.2209)  ( 2.00    -0.2048)  ( 0.00    -0.0095)

 CYCLE    9
  SDIIS (wt  1.000):  0.0039  0.0003 -0.0073  0.0163  0.0348  0.1052  0.2743  0.5725
  DIIS coefficients:  0.0039  0.0003 -0.0073  0.0163  0.0348  0.1052  0.2743  0.5725
 SCF Error: norm([F,P])=      0.000413634913, max([F,P])=      0.000102291066
 orbitals (Q,E):
 ---------------
 A :11...21          ( 2.00    -0.3869)  ( 2.00    -0.3559)  ( 2.00    -0.3154)  ( 2.00    -0.3027)
                     ( 2.00    -0.2982)  ( 2.00    -0.2765)  ( 2.00    -0.2632)  ( 2.00    -0.2313)
                     ( 2.00    -0.2209)  ( 2.00    -0.2049)  ( 0.00    -0.0095)

 CYCLE   10
  SDIIS (wt  1.000):  0.0022 -0.0002 -0.0038  0.0102  0.0211  0.0636  0.1669  0.3634  0.3765
  DIIS coefficients:  0.0022 -0.0002 -0.0038  0.0102  0.0211  0.0636  0.1669  0.3634  0.3765
 SCF Error: norm([F,P])=      0.000089697518, max([F,P])=      0.000023746633
 orbitals (Q,E):
 ---------------
 A :11...21          ( 2.00    -0.3869)  ( 2.00    -0.3559)  ( 2.00    -0.3154)  ( 2.00    -0.3027)
                     ( 2.00    -0.2982)  ( 2.00    -0.2765)  ( 2.00    -0.2632)  ( 2.00    -0.2313)
                     ( 2.00    -0.2209)  ( 2.00    -0.2049)  ( 0.00    -0.0095)

 CYCLE   11
  SDIIS (wt  1.000):  0.0003 -0.0000 -0.0006  0.0012  0.0024  0.0088  0.0260  0.0701  0.2126  0.6791
  DIIS coefficients:  0.0003 -0.0000 -0.0006  0.0012  0.0024  0.0088  0.0260  0.0701  0.2126  0.6791
 SCF Error: norm([F,P])=      0.000023921115, max([F,P])=      0.000005768847
 orbitals (Q,E):
 ---------------
 A :11...21          ( 2.00    -0.3869)  ( 2.00    -0.3559)  ( 2.00    -0.3154)  ( 2.00    -0.3027)
                     ( 2.00    -0.2982)  ( 2.00    -0.2765)  ( 2.00    -0.2632)  ( 2.00    -0.2313)
                     ( 2.00    -0.2209)  ( 2.00    -0.2049)  ( 0.00    -0.0095)

 CYCLE   12
  SDIIS (wt  1.000): -0.0000  0.0000 -0.0001 -0.0001  0.0000  0.0005  0.0057  0.0410  0.2043  0.7487
  DIIS coefficients: -0.0000  0.0000 -0.0001 -0.0001  0.0000  0.0005  0.0057  0.0410  0.2043  0.7487
 SCF Error: norm([F,P])=      0.000003086857, max([F,P])=      0.000000532597
 orbitals (Q,E):
 ---------------
 A :11...21          ( 2.00    -0.3869)  ( 2.00    -0.3559)  ( 2.00    -0.3154)  ( 2.00    -0.3027)
                     ( 2.00    -0.2982)  ( 2.00    -0.2765)  ( 2.00    -0.2632)  ( 2.00    -0.2313)
                     ( 2.00    -0.2209)  ( 2.00    -0.2049)  ( 0.00    -0.0095)

 SCF CONVERGED
 cosmo_calcen: 0.5 (esolb+esolc) (Hartrees) =   -0.123089

 Solvation energy (screening term,uncorrected) =    -77.239499 kcal/mol

 Solvation energy (dispersion and cavitation terms) =      0.687920 kcal/mol
 Solvation Energy Contributions (Hartrees)
          esola   esolb+esolc
     0.12308896   -0.24617793
 esol last cycle   -0.12308896

 CYCLE   13
 *** Using FIT density in Focky
  SDIIS (wt  1.000): -0.0000 -0.0000  0.0000  0.0001  0.0002  0.0011  0.0064  0.0267  0.1293  0.8362
  DIIS coefficients: -0.0000 -0.0000  0.0000  0.0001  0.0002  0.0011  0.0064  0.0267  0.1293  0.8362
 SCF Error: norm([F,P])=      0.000000356229, max([F,P])=      0.000000092027
 orbitals (Q,E):
 ---------------
 A :11...30          ( 2.00    -0.3869)  ( 2.00    -0.3559)  ( 2.00    -0.3154)  ( 2.00    -0.3027)
                     ( 2.00    -0.2982)  ( 2.00    -0.2765)  ( 2.00    -0.2632)  ( 2.00    -0.2313)
                     ( 2.00    -0.2209)  ( 2.00    -0.2049)  ( 0.00    -0.0095)  ( 0.00     0.0266)
                     ( 0.00     0.0629)  ( 0.00     0.0737)  ( 0.00     0.1016)  ( 0.00     0.1218)
                     ( 0.00     0.1425)  ( 0.00     0.1617)  ( 0.00     0.1857)  ( 0.00     0.2659)
 cosmo_calcen: 0.5 (esolb+esolc) (Hartrees) =   -0.123089

 Solvation energy (screening term,uncorrected) =    -77.239502 kcal/mol

 Solvation energy (dispersion and cavitation terms) =      0.687920 kcal/mol
 Solvation Energy Contributions (Hartrees)
          esola   esolb+esolc
     0.12308897   -0.24617794
 esol last cycle   -0.12308897


 Fit test: (difference of exact and fit density, squared integrated, result summed over spins)
         SCF:                                          0.00003649292564

 Gross Charges per Atom (Z minus electrons)
 ==========================================
             1.6956   -0.9479   -0.7397   -0.9247   -0.6670    0.3055    0.2782
 Net Total: -1.00000000



 =================================================================
 M U L T I P O L E   D E R I V E D   C H A R G E   A N A L Y S I S
 =================================================================

 See: M. Swart, P.Th. van Duijnen, J.G. Snijders, J.Comput.Chem., (2001), p. 79-88.

 --------------------------------------- 
 Multipole derived atomic charges (a.u.)
 --------------------------------------- 

        Atom    Level:     MDC-m        MDC-d        MDC-q
 ---------------------------------------------------------
     1     P            1.996676     1.635104     1.773077
     2     O           -1.027556    -0.980364    -1.026872
     3     O           -0.606818    -0.762534    -0.784249
     4     O           -1.016622    -0.970576    -0.931573
     5     O           -0.598259    -0.741133    -0.843267
     6     H            0.114114     0.409975     0.371055
     7     H            0.138465     0.409529     0.441829
 *** Using NEW gradient routines ***


 Geometry CYCLE 8
 ==============

 Energy gradients wrt nuclear displacements
 ==========================================

     Atom      Cartesian (a.u./angstrom)
                 X         Y         Z
 ----------------------------------------
     1 P    -0.020903 -0.051097  0.028280
     2 O     0.013068  0.041082  0.042430
     3 O     0.006609 -0.065206  0.002075
     4 O     0.010165  0.012670 -0.049793
     5 O    -0.050587  0.034922 -0.000572
     6 H     0.012407  0.025881 -0.000956
     7 H     0.029241  0.001748 -0.021464
 ----------------------------------------

 dE(predicted):    -0.34169E-01, dE(actual):    -0.20225E-01, Trust radius:    0.230427, all in a.u.
 
----------------------------------------------------------------------
Geometry Convergence after Step   8       (Hartree/Angstrom,Angstrom)
----------------------------------------------------------------------
current energy                               -1.69054108 Hartree
energy change                      -0.02022530     0.00100000    F
constrained gradient max            0.06520618     0.00100000    F
constrained gradient rms            0.03122250     0.00066667    F
gradient max                        0.06520618
gradient rms                        0.03122250
cart. step max                      0.14669642     0.01000000    F
cart. step rms                      0.05399538     0.00666667    F
 


 Coordinates (Cartesian)
 =======================

     Atom                    bohr                                 angstrom                 Geometric Variables
                   X           Y           Z              X           Y           Z       (0:frozen, *:LT par.)
 --------------------------------------------------------------------------------------------------------------
     1 P      -1.583846    1.111466   -0.052776      -0.838135    0.588162   -0.027928      1       2       3
     2 O      -2.017587   -0.534772   -2.364254      -1.067661   -0.282989   -1.251109      4       5       6
     3 O      -1.341986    4.109750   -0.814720      -0.710148    2.174786   -0.431131      7       8       9
     4 O      -3.178708    0.789325    2.313186      -1.682100    0.417693    1.224085     10      11      12
     5 O       1.389318    0.980244    0.639656       0.735195    0.518723    0.338492     13      14      15
     6 H      -2.257413    4.857239   -2.214454      -1.194571    2.570340   -1.171839     16      17      18
     7 H       2.414428    0.914964    2.148126       1.277660    0.484178    1.136739     19      20      21
 --------------------------------------------------------------------------------------------------------------

 Number of elements of the density matrix on this node (used, total):       378      6670



 ===========================================
 Numerical Integration : Fuzzy Cells (Becke)
 ===========================================
  
 Becke grid quality: GOOD           
  
 Lebedev angular grid order:             min:  11 max:  35
 Nr. of radial points:                   min:  54 max:  65

 Total nr. of points:      90413
 Nr. of blocks:              707
 Block length:               128
 Nr. of dummy points:         83


 Test of Precision of the Numerical Integration Grid
 ===================================================

 Integral of the Total Core Density:                  10.00000133432219
 Relative Error:                                       1.334E-07


 -------------------------------------------
  COSMO surface
  Area             =          371.850
  Volume           =          576.245
  Number of Points =          945
 -------------------------------------------



 ========================
 Density Fitting (zlmFit)
 ========================
  
 ZlmFit Fit Quality: GOOD           
  
 Max L-expansion:                        min:   7 max:   9
 Nr. of radial interpolation points:     min:  72 max: 114



 =====
 S C F  ***  ScaSCF  ***
 =====
  
 Initial density matrix is taken from previous geometry

 CYCLE    1
 SCF Error: norm([F,P])=      0.306353715798, max([F,P])=      0.129699897426
 orbitals (Q,E):
 ---------------
 A :11...30          ( 2.00    -0.2080)  ( 2.00    -0.1851)  ( 2.00    -0.1438)  ( 2.00    -0.1351)
                     ( 2.00    -0.1277)  ( 2.00    -0.0980)  ( 2.00    -0.0673)  ( 2.00    -0.0529)
                     ( 2.00    -0.0295)  ( 2.00    -0.0132)  ( 0.00     0.1113)  ( 0.00     0.1357)
                     ( 0.00     0.2342)  ( 0.00     0.2383)  ( 0.00     0.2612)  ( 0.00     0.2810)
                     ( 0.00     0.2985)  ( 0.00     0.3153)  ( 0.00     0.3355)  ( 0.00     0.4070)

 CYCLE    2
  SDIIS (wt  0.000):  0.3186  0.6814
 A-DIIS (wt  1.000):  0.0000  1.0000
  DIIS coefficients:  0.0000  1.0000
 SCF Error: norm([F,P])=      0.189747158180, max([F,P])=      0.040430858766
 orbitals (Q,E):
 ---------------
 A :11...21          ( 2.00    -0.4108)  ( 2.00    -0.3673)  ( 2.00    -0.3410)  ( 2.00    -0.3095)
                     ( 2.00    -0.3054)  ( 2.00    -0.2893)  ( 2.00    -0.2818)  ( 2.00    -0.2582)
                     ( 2.00    -0.2275)  ( 2.00    -0.2236)  ( 0.00    -0.0122)

 CYCLE    3
  SDIIS (wt  0.000):  0.1064  0.6273  0.2663
 A-DIIS (wt  1.000):  0.0000  0.6837  0.3163
  DIIS coefficients:  0.0000  0.6837  0.3163
 SCF Error: norm([F,P])=      0.395455398775, max([F,P])=      0.126999722686
 orbitals (Q,E):
 ---------------
 A :11...21          ( 2.00    -0.3920)  ( 2.00    -0.3591)  ( 2.00    -0.3219)  ( 2.00    -0.3068)
                     ( 2.00    -0.2981)  ( 2.00    -0.2773)  ( 2.00    -0.2600)  ( 2.00    -0.2341)
                     ( 2.00    -0.2216)  ( 2.00    -0.2078)  ( 0.00    -0.0104)

 CYCLE    4
  SDIIS (wt  0.895):  0.2445  0.1331  0.6225
 A-DIIS (wt  0.105):  0.0000  0.0000  1.0000
  DIIS coefficients:  0.2189  0.1191  0.6620
 SCF Error: norm([F,P])=      0.053382345017, max([F,P])=      0.011373818836
 orbitals (Q,E):
 ---------------
 A :11...21          ( 2.00    -0.3904)  ( 2.00    -0.3563)  ( 2.00    -0.3209)  ( 2.00    -0.3037)
                     ( 2.00    -0.2948)  ( 2.00    -0.2750)  ( 2.00    -0.2598)  ( 2.00    -0.2343)
                     ( 2.00    -0.2192)  ( 2.00    -0.2070)  ( 0.00    -0.0096)

 CYCLE    5
  SDIIS (wt  0.919):  0.0947  0.0447  0.4445  0.4161
 A-DIIS (wt  0.081):  0.0000  0.0000  0.4221  0.5779
  DIIS coefficients:  0.0870  0.0411  0.4427  0.4292
 SCF Error: norm([F,P])=      0.045312701370, max([F,P])=      0.009004974164
 orbitals (Q,E):
 ---------------
 A :11...21          ( 2.00    -0.3916)  ( 2.00    -0.3584)  ( 2.00    -0.3222)  ( 2.00    -0.3062)
                     ( 2.00    -0.2974)  ( 2.00    -0.2771)  ( 2.00    -0.2604)  ( 2.00    -0.2346)
                     ( 2.00    -0.2216)  ( 2.00    -0.2083)  ( 0.00    -0.0099)

 CYCLE    6
  SDIIS (wt  0.980):  0.0131  0.0022  0.1250  0.2443  0.6154
 A-DIIS (wt  0.020):  0.0000  0.0000  0.0000  0.0342  0.9658
  DIIS coefficients:  0.0129  0.0022  0.1225  0.2400  0.6225
 SCF Error: norm([F,P])=      0.011180612393, max([F,P])=      0.002999664715
 orbitals (Q,E):
 ---------------
 A :11...21          ( 2.00    -0.3913)  ( 2.00    -0.3582)  ( 2.00    -0.3220)  ( 2.00    -0.3061)
                     ( 2.00    -0.2973)  ( 2.00    -0.2769)  ( 2.00    -0.2600)  ( 2.00    -0.2346)
                     ( 2.00    -0.2209)  ( 2.00    -0.2077)  ( 0.00    -0.0097)

 CYCLE    7
  SDIIS (wt  0.998):  0.0033 -0.0005  0.0487  0.1351  0.4355  0.3778
 A-DIIS (wt  0.002):  0.0000  0.0000  0.0000  0.0000  0.1740  0.8260
  DIIS coefficients:  0.0033 -0.0005  0.0486  0.1348  0.4350  0.3788
 SCF Error: norm([F,P])=      0.005452438304, max([F,P])=      0.001214092092
 orbitals (Q,E):
 ---------------
 A :11...21          ( 2.00    -0.3913)  ( 2.00    -0.3581)  ( 2.00    -0.3218)  ( 2.00    -0.3059)
                     ( 2.00    -0.2970)  ( 2.00    -0.2767)  ( 2.00    -0.2601)  ( 2.00    -0.2344)
                     ( 2.00    -0.2210)  ( 2.00    -0.2078)  ( 0.00    -0.0096)

 CYCLE    8
  SDIIS (wt  1.000): -0.0008 -0.0000  0.0029  0.0326  0.1372  0.2089  0.6192
  DIIS coefficients: -0.0008 -0.0000  0.0029  0.0326  0.1372  0.2089  0.6192
 SCF Error: norm([F,P])=      0.001317513197, max([F,P])=      0.000263332187
 orbitals (Q,E):
 ---------------
 A :11...21          ( 2.00    -0.3913)  ( 2.00    -0.3581)  ( 2.00    -0.3219)  ( 2.00    -0.3059)
                     ( 2.00    -0.2970)  ( 2.00    -0.2767)  ( 2.00    -0.2600)  ( 2.00    -0.2344)
                     ( 2.00    -0.2210)  ( 2.00    -0.2078)  ( 0.00    -0.0096)

 CYCLE    9
  SDIIS (wt  1.000): -0.0005  0.0002 -0.0009  0.0126  0.0614  0.1087  0.3826  0.4359
  DIIS coefficients: -0.0005  0.0002 -0.0009  0.0126  0.0614  0.1087  0.3826  0.4359
 SCF Error: norm([F,P])=      0.000424219692, max([F,P])=      0.000084726724
 orbitals (Q,E):
 ---------------
 A :11...21          ( 2.00    -0.3913)  ( 2.00    -0.3581)  ( 2.00    -0.3219)  ( 2.00    -0.3059)
                     ( 2.00    -0.2970)  ( 2.00    -0.2767)  ( 2.00    -0.2601)  ( 2.00    -0.2344)
                     ( 2.00    -0.2210)  ( 2.00    -0.2078)  ( 0.00    -0.0096)

 CYCLE   10
  SDIIS (wt  1.000): -0.0002  0.0001 -0.0007  0.0055  0.0287  0.0533  0.1911  0.2707  0.4514
  DIIS coefficients: -0.0002  0.0001 -0.0007  0.0055  0.0287  0.0533  0.1911  0.2707  0.4514
 SCF Error: norm([F,P])=      0.000112527168, max([F,P])=      0.000026505224
 orbitals (Q,E):
 ---------------
 A :11...21          ( 2.00    -0.3913)  ( 2.00    -0.3581)  ( 2.00    -0.3219)  ( 2.00    -0.3059)
                     ( 2.00    -0.2970)  ( 2.00    -0.2767)  ( 2.00    -0.2601)  ( 2.00    -0.2344)
                     ( 2.00    -0.2210)  ( 2.00    -0.2078)  ( 0.00    -0.0096)

 CYCLE   11
  SDIIS (wt  1.000): -0.0000  0.0000 -0.0002  0.0008  0.0050  0.0104  0.0339  0.0629  0.1988  0.6884
  DIIS coefficients: -0.0000  0.0000 -0.0002  0.0008  0.0050  0.0104  0.0339  0.0629  0.1988  0.6884
 SCF Error: norm([F,P])=      0.000023367835, max([F,P])=      0.000004915858
 orbitals (Q,E):
 ---------------
 A :11...21          ( 2.00    -0.3913)  ( 2.00    -0.3581)  ( 2.00    -0.3219)  ( 2.00    -0.3059)
                     ( 2.00    -0.2970)  ( 2.00    -0.2767)  ( 2.00    -0.2601)  ( 2.00    -0.2344)
                     ( 2.00    -0.2210)  ( 2.00    -0.2078)  ( 0.00    -0.0096)

 CYCLE   12
  SDIIS (wt  1.000):  0.0000 -0.0000 -0.0000  0.0003  0.0009  0.0015  0.0074  0.0389  0.2041  0.7470
  DIIS coefficients:  0.0000 -0.0000 -0.0000  0.0003  0.0009  0.0015  0.0074  0.0389  0.2041  0.7470
 SCF Error: norm([F,P])=      0.000003146308, max([F,P])=      0.000000564478
 orbitals (Q,E):
 ---------------
 A :11...21          ( 2.00    -0.3913)  ( 2.00    -0.3581)  ( 2.00    -0.3219)  ( 2.00    -0.3059)
                     ( 2.00    -0.2970)  ( 2.00    -0.2767)  ( 2.00    -0.2601)  ( 2.00    -0.2344)
                     ( 2.00    -0.2210)  ( 2.00    -0.2078)  ( 0.00    -0.0096)

 SCF CONVERGED
 cosmo_calcen: 0.5 (esolb+esolc) (Hartrees) =   -0.122076

 Solvation energy (screening term,uncorrected) =    -76.603578 kcal/mol

 Solvation energy (dispersion and cavitation terms) =      0.695330 kcal/mol
 Solvation Energy Contributions (Hartrees)
          esola   esolb+esolc
     0.12207556   -0.24415112
 esol last cycle   -0.12207556

 CYCLE   13
 *** Using FIT density in Focky
  SDIIS (wt  1.000): -0.0000  0.0000  0.0000  0.0001  0.0003  0.0014  0.0060  0.0302  0.1262  0.8357
  DIIS coefficients: -0.0000  0.0000  0.0000  0.0001  0.0003  0.0014  0.0060  0.0302  0.1262  0.8357
 SCF Error: norm([F,P])=      0.000000338175, max([F,P])=      0.000000075003
 orbitals (Q,E):
 ---------------
 A :11...30          ( 2.00    -0.3913)  ( 2.00    -0.3581)  ( 2.00    -0.3219)  ( 2.00    -0.3059)
                     ( 2.00    -0.2970)  ( 2.00    -0.2767)  ( 2.00    -0.2601)  ( 2.00    -0.2344)
                     ( 2.00    -0.2210)  ( 2.00    -0.2078)  ( 0.00    -0.0096)  ( 0.00     0.0262)
                     ( 0.00     0.0628)  ( 0.00     0.0732)  ( 0.00     0.1024)  ( 0.00     0.1176)
                     ( 0.00     0.1392)  ( 0.00     0.1531)  ( 0.00     0.1834)  ( 0.00     0.2488)
 cosmo_calcen: 0.5 (esolb+esolc) (Hartrees) =   -0.122076

 Solvation energy (screening term,uncorrected) =    -76.603576 kcal/mol

 Solvation energy (dispersion and cavitation terms) =      0.695330 kcal/mol
 Solvation Energy Contributions (Hartrees)
          esola   esolb+esolc
     0.12207556   -0.24415111
 esol last cycle   -0.12207556


 Fit test: (difference of exact and fit density, squared integrated, result summed over spins)
         SCF:                                          0.00003520194668

 Gross Charges per Atom (Z minus electrons)
 ==========================================
             1.6867   -0.9358   -0.7335   -0.9373   -0.6966    0.3186    0.2978
 Net Total: -1.00000000



 =================================================================
 M U L T I P O L E   D E R I V E D   C H A R G E   A N A L Y S I S
 =================================================================

 See: M. Swart, P.Th. van Duijnen, J.G. Snijders, J.Comput.Chem., (2001), p. 79-88.

 --------------------------------------- 
 Multipole derived atomic charges (a.u.)
 --------------------------------------- 

        Atom    Level:     MDC-m        MDC-d        MDC-q
 ---------------------------------------------------------
     1     P            1.987005     1.609784     0.694089
     2     O           -1.017013    -0.958570    -0.624064
     3     O           -0.586207    -0.731034    -0.743733
     4     O           -1.027856    -0.981029    -0.623468
     5     O           -0.603214    -0.786007    -0.735222
     6     H            0.113775     0.398521     0.514429
     7     H            0.133509     0.448335     0.517968
 *** Using NEW gradient routines ***


 Geometry CYCLE 9
 ==============

 Energy gradients wrt nuclear displacements
 ==========================================

     Atom      Cartesian (a.u./angstrom)
                 X         Y         Z
 ----------------------------------------
     1 P    -0.001810  0.000400 -0.015126
     2 O     0.002904 -0.010625 -0.010001
     3 O     0.003432 -0.030503 -0.005631
     4 O     0.001640 -0.001328  0.011871
     5 O    -0.048147  0.025339  0.034235
     6 H     0.016161  0.016002  0.008854
     7 H     0.025818  0.000714 -0.024201
 ----------------------------------------

 dE(predicted):    -0.24911E-01, dE(actual):    -0.11413E-01, Trust radius:    0.230427, all in a.u.
 
----------------------------------------------------------------------
Geometry Convergence after Step   9       (Hartree/Angstrom,Angstrom)
----------------------------------------------------------------------
current energy                               -1.70195413 Hartree
energy change                      -0.01141305     0.00100000    F
constrained gradient max            0.04814664     0.00100000    F
constrained gradient rms            0.01896545     0.00066667    F
gradient max                        0.04814664
gradient rms                        0.01896545
cart. step max                      0.09067449     0.01000000    F
cart. step rms                      0.04521988     0.00666667    F
 


 Coordinates (Cartesian)
 =======================

     Atom                    bohr                                 angstrom                 Geometric Variables
                   X           Y           Z              X           Y           Z       (0:frozen, *:LT par.)
 --------------------------------------------------------------------------------------------------------------
     1 P      -1.494117    1.180593   -0.063271      -0.790652    0.624743   -0.033482      1       2       3
     2 O      -2.021409   -0.419063   -2.365724      -1.069684   -0.221758   -1.251887      4       5       6
     3 O      -1.337179    4.179558   -0.819899      -0.707605    2.211727   -0.433872      7       8       9
     4 O      -3.050420    0.832794    2.302735      -1.614213    0.440695    1.218555     10      11      12
     5 O       1.475024    0.931684    0.588337       0.780549    0.493026    0.311335     13      14      15
     6 H      -2.390771    4.697331   -2.235901      -1.265141    2.485721   -1.183188     16      17      18
     7 H       2.243078    0.825319    2.248488       1.186986    0.436740    1.189849     19      20      21
 --------------------------------------------------------------------------------------------------------------

 Number of elements of the density matrix on this node (used, total):       378      6670



 ===========================================
 Numerical Integration : Fuzzy Cells (Becke)
 ===========================================
  
 Becke grid quality: GOOD           
  
 Lebedev angular grid order:             min:  11 max:  35
 Nr. of radial points:                   min:  54 max:  65

 Total nr. of points:      90412
 Nr. of blocks:              707
 Block length:               128
 Nr. of dummy points:         84


 Test of Precision of the Numerical Integration Grid
 ===================================================

 Integral of the Total Core Density:                  10.00000050908218
 Relative Error:                                       5.091E-08


 -------------------------------------------
  COSMO surface
  Area             =          369.870
  Volume           =          574.762
  Number of Points =          940
 -------------------------------------------



 ========================
 Density Fitting (zlmFit)
 ========================
  
 ZlmFit Fit Quality: GOOD           
  
 Max L-expansion:                        min:   7 max:   9
 Nr. of radial interpolation points:     min:  72 max: 114



 =====
 S C F  ***  ScaSCF  ***
 =====
  
 Initial density matrix is taken from previous geometry

 CYCLE    1
 SCF Error: norm([F,P])=      0.190665281988, max([F,P])=      0.042721888703
 orbitals (Q,E):
 ---------------
 A :11...30          ( 2.00    -0.1969)  ( 2.00    -0.1746)  ( 2.00    -0.1357)  ( 2.00    -0.1258)
                     ( 2.00    -0.1117)  ( 2.00    -0.0824)  ( 2.00    -0.0459)  ( 2.00    -0.0334)
                     ( 2.00    -0.0097)  ( 2.00     0.0064)  ( 0.00     0.1230)  ( 0.00     0.1462)
                     ( 0.00     0.2480)  ( 0.00     0.2489)  ( 0.00     0.2799)  ( 0.00     0.3099)
                     ( 0.00     0.3250)  ( 0.00     0.3455)  ( 0.00     0.3468)  ( 0.00     0.4069)

 CYCLE    2
  SDIIS (wt  0.000):  0.4391  0.5609
 A-DIIS (wt  1.000):  0.6396  0.3604
  DIIS coefficients:  0.6396  0.3604
 SCF Error: norm([F,P])=      0.160467403087, max([F,P])=      0.027869883030
 orbitals (Q,E):
 ---------------
 A :11...21          ( 2.00    -0.2717)  ( 2.00    -0.2462)  ( 2.00    -0.2094)  ( 2.00    -0.1982)
                     ( 2.00    -0.1841)  ( 2.00    -0.1601)  ( 2.00    -0.1325)  ( 2.00    -0.1148)
                     ( 2.00    -0.0958)  ( 2.00    -0.0806)  ( 0.00     0.0760)

 CYCLE    3
  SDIIS (wt  0.000):  0.2188  0.1076  0.6736
 A-DIIS (wt  1.000):  0.4048  0.0000  0.5952
  DIIS coefficients:  0.4048  0.0000  0.5952
 SCF Error: norm([F,P])=      0.074292447366, max([F,P])=      0.014421057132
 orbitals (Q,E):
 ---------------
 A :11...21          ( 2.00    -0.3122)  ( 2.00    -0.2866)  ( 2.00    -0.2493)  ( 2.00    -0.2385)
                     ( 2.00    -0.2235)  ( 2.00    -0.1999)  ( 2.00    -0.1728)  ( 2.00    -0.1541)
                     ( 2.00    -0.1351)  ( 2.00    -0.1198)  ( 0.00     0.0459)

 CYCLE    4
  SDIIS (wt  0.842): -0.4471  0.5543  0.8927
 A-DIIS (wt  0.158):  0.0000  0.3261  0.6739
  DIIS coefficients: -0.3764  0.5183  0.8581
 SCF Error: norm([F,P])=      0.080404949822, max([F,P])=      0.016649315760
 orbitals (Q,E):
 ---------------
 A :11...21          ( 2.00    -0.3925)  ( 2.00    -0.3616)  ( 2.00    -0.3267)  ( 2.00    -0.3146)
                     ( 2.00    -0.2965)  ( 2.00    -0.2770)  ( 2.00    -0.2611)  ( 2.00    -0.2361)
                     ( 2.00    -0.2223)  ( 2.00    -0.2083)  ( 0.00    -0.0087)

 CYCLE    5
  SDIIS (wt  0.932): -0.2222  0.1305  0.5704  0.5213
 A-DIIS (wt  0.068):  0.0000  0.0000  0.0000  1.0000
  DIIS coefficients: -0.2070  0.1216  0.5314  0.5541
 SCF Error: norm([F,P])=      0.037975320307, max([F,P])=      0.007767834875
 orbitals (Q,E):
 ---------------
 A :11...21          ( 2.00    -0.3928)  ( 2.00    -0.3635)  ( 2.00    -0.3279)  ( 2.00    -0.3162)
                     ( 2.00    -0.2991)  ( 2.00    -0.2786)  ( 2.00    -0.2601)  ( 2.00    -0.2363)
                     ( 2.00    -0.2214)  ( 2.00    -0.2072)  ( 0.00    -0.0090)

 CYCLE    6
  SDIIS (wt  0.981): -0.0636  0.0157  0.1895  0.3505  0.5079
 A-DIIS (wt  0.019):  0.0000  0.0000  0.0000  0.1285  0.8715
  DIIS coefficients: -0.0624  0.0154  0.1860  0.3464  0.5146
 SCF Error: norm([F,P])=      0.014085623371, max([F,P])=      0.002836433263
 orbitals (Q,E):
 ---------------
 A :11...21          ( 2.00    -0.3928)  ( 2.00    -0.3631)  ( 2.00    -0.3276)  ( 2.00    -0.3158)
                     ( 2.00    -0.2984)  ( 2.00    -0.2782)  ( 2.00    -0.2604)  ( 2.00    -0.2362)
                     ( 2.00    -0.2216)  ( 2.00    -0.2074)  ( 0.00    -0.0088)

 CYCLE    7
  SDIIS (wt  1.000): -0.0026 -0.0057  0.0170  0.1201  0.2797  0.5916
  DIIS coefficients: -0.0026 -0.0057  0.0170  0.1201  0.2797  0.5916
 SCF Error: norm([F,P])=      0.003478162720, max([F,P])=      0.000471330452
 orbitals (Q,E):
 ---------------
 A :11...21          ( 2.00    -0.3927)  ( 2.00    -0.3630)  ( 2.00    -0.3275)  ( 2.00    -0.3157)
                     ( 2.00    -0.2984)  ( 2.00    -0.2781)  ( 2.00    -0.2603)  ( 2.00    -0.2361)
                     ( 2.00    -0.2215)  ( 2.00    -0.2073)  ( 0.00    -0.0087)

 CYCLE    8
  SDIIS (wt  1.000):  0.0015 -0.0026 -0.0007  0.0484  0.1192  0.3030  0.5313
  DIIS coefficients:  0.0015 -0.0026 -0.0007  0.0484  0.1192  0.3030  0.5313
 SCF Error: norm([F,P])=      0.000863378789, max([F,P])=      0.000267104795
 orbitals (Q,E):
 ---------------
 A :11...21          ( 2.00    -0.3927)  ( 2.00    -0.3630)  ( 2.00    -0.3275)  ( 2.00    -0.3157)
                     ( 2.00    -0.2984)  ( 2.00    -0.2781)  ( 2.00    -0.2603)  ( 2.00    -0.2361)
                     ( 2.00    -0.2215)  ( 2.00    -0.2073)  ( 0.00    -0.0087)

 CYCLE    9
  SDIIS (wt  1.000):  0.0018 -0.0006 -0.0045  0.0134  0.0355  0.1183  0.4305  0.4056
  DIIS coefficients:  0.0018 -0.0006 -0.0045  0.0134  0.0355  0.1183  0.4305  0.4056
 SCF Error: norm([F,P])=      0.000621170375, max([F,P])=      0.000180128676
 orbitals (Q,E):
 ---------------
 A :11...21          ( 2.00    -0.3927)  ( 2.00    -0.3630)  ( 2.00    -0.3275)  ( 2.00    -0.3157)
                     ( 2.00    -0.2984)  ( 2.00    -0.2782)  ( 2.00    -0.2603)  ( 2.00    -0.2361)
                     ( 2.00    -0.2216)  ( 2.00    -0.2074)  ( 0.00    -0.0087)

 CYCLE   10
  SDIIS (wt  1.000):  0.0006 -0.0002 -0.0014  0.0040  0.0107  0.0361  0.1424  0.1437  0.6642
  DIIS coefficients:  0.0006 -0.0002 -0.0014  0.0040  0.0107  0.0361  0.1424  0.1437  0.6642
 SCF Error: norm([F,P])=      0.000032183835, max([F,P])=      0.000006246658
 orbitals (Q,E):
 ---------------
 A :11...21          ( 2.00    -0.3927)  ( 2.00    -0.3630)  ( 2.00    -0.3275)  ( 2.00    -0.3157)
                     ( 2.00    -0.2984)  ( 2.00    -0.2782)  ( 2.00    -0.2603)  ( 2.00    -0.2361)
                     ( 2.00    -0.2216)  ( 2.00    -0.2074)  ( 0.00    -0.0087)

 CYCLE   11
  SDIIS (wt  1.000):  0.0002 -0.0001 -0.0005  0.0011  0.0032  0.0112  0.0485  0.0525  0.4660  0.4177
  DIIS coefficients:  0.0002 -0.0001 -0.0005  0.0011  0.0032  0.0112  0.0485  0.0525  0.4660  0.4177
 SCF Error: norm([F,P])=      0.000027277270, max([F,P])=      0.000006510526
 orbitals (Q,E):
 ---------------
 A :11...21          ( 2.00    -0.3927)  ( 2.00    -0.3630)  ( 2.00    -0.3275)  ( 2.00    -0.3157)
                     ( 2.00    -0.2984)  ( 2.00    -0.2782)  ( 2.00    -0.2603)  ( 2.00    -0.2361)
                     ( 2.00    -0.2216)  ( 2.00    -0.2074)  ( 0.00    -0.0087)

 CYCLE   12
  SDIIS (wt  1.000): -0.0000  0.0000 -0.0001 -0.0001 -0.0001  0.0012  0.0029  0.1083  0.1647  0.7230
  DIIS coefficients: -0.0000  0.0000 -0.0001 -0.0001 -0.0001  0.0012  0.0029  0.1083  0.1647  0.7230
 SCF Error: norm([F,P])=      0.000003901437, max([F,P])=      0.000000629603
 orbitals (Q,E):
 ---------------
 A :11...21          ( 2.00    -0.3927)  ( 2.00    -0.3630)  ( 2.00    -0.3275)  ( 2.00    -0.3157)
                     ( 2.00    -0.2984)  ( 2.00    -0.2782)  ( 2.00    -0.2603)  ( 2.00    -0.2361)
                     ( 2.00    -0.2216)  ( 2.00    -0.2074)  ( 0.00    -0.0087)

 SCF CONVERGED
 cosmo_calcen: 0.5 (esolb+esolc) (Hartrees) =   -0.120619

 Solvation energy (screening term,uncorrected) =    -75.689580 kcal/mol

 Solvation energy (dispersion and cavitation terms) =      0.691628 kcal/mol
 Solvation Energy Contributions (Hartrees)
          esola   esolb+esolc
     0.12061901   -0.24123802
 esol last cycle   -0.12061901

 CYCLE   13
 *** Using FIT density in Focky
  SDIIS (wt  1.000): -0.0000 -0.0000 -0.0000  0.0000  0.0003  0.0006  0.0167  0.0264  0.1395  0.8165
  DIIS coefficients: -0.0000 -0.0000 -0.0000  0.0000  0.0003  0.0006  0.0167  0.0264  0.1395  0.8165
 SCF Error: norm([F,P])=      0.000000246620, max([F,P])=      0.000000049567
 orbitals (Q,E):
 ---------------
 A :11...30          ( 2.00    -0.3927)  ( 2.00    -0.3630)  ( 2.00    -0.3275)  ( 2.00    -0.3157)
                     ( 2.00    -0.2984)  ( 2.00    -0.2782)  ( 2.00    -0.2603)  ( 2.00    -0.2361)
                     ( 2.00    -0.2216)  ( 2.00    -0.2074)  ( 0.00    -0.0087)  ( 0.00     0.0263)
                     ( 0.00     0.0656)  ( 0.00     0.0730)  ( 0.00     0.1086)  ( 0.00     0.1257)
                     ( 0.00     0.1498)  ( 0.00     0.1620)  ( 0.00     0.1811)  ( 0.00     0.2488)
 cosmo_calcen: 0.5 (esolb+esolc) (Hartrees) =   -0.120619

 Solvation energy (screening term,uncorrected) =    -75.689582 kcal/mol

 Solvation energy (dispersion and cavitation terms) =      0.691628 kcal/mol
 Solvation Energy Contributions (Hartrees)
          esola   esolb+esolc
     0.12061901   -0.24123803
 esol last cycle   -0.12061901


 Fit test: (difference of exact and fit density, squared integrated, result summed over spins)
         SCF:                                          0.00003623017781

 Gross Charges per Atom (Z minus electrons)
 ==========================================
             1.7127   -0.9421   -0.7487   -0.9429   -0.7252    0.3283    0.3178
 Net Total: -1.00000000



 =================================================================
 M U L T I P O L E   D E R I V E D   C H A R G E   A N A L Y S I S
 =================================================================

 See: M. Swart, P.Th. van Duijnen, J.G. Snijders, J.Comput.Chem., (2001), p. 79-88.

 --------------------------------------- 
 Multipole derived atomic charges (a.u.)
 --------------------------------------- 

        Atom    Level:     MDC-m        MDC-d        MDC-q
 ---------------------------------------------------------
     1     P            1.987335     1.619941     0.554736
     2     O           -1.019610    -0.964283    -0.602761
     3     O           -0.581485    -0.729378    -0.682161
     4     O           -1.030666    -0.987260    -0.597810
     5     O           -0.591752    -0.772639    -0.647844
     6     H            0.109104     0.394650     0.492224
     7     H            0.127075     0.438970     0.483616
 *** Using NEW gradient routines ***


 Geometry CYCLE 10
 ==============

 Energy gradients wrt nuclear displacements
 ==========================================

     Atom      Cartesian (a.u./angstrom)
                 X         Y         Z
 ----------------------------------------
     1 P     0.008255  0.005665 -0.014469
     2 O     0.002369 -0.000631  0.008905
     3 O     0.002588 -0.027609  0.002714
     4 O     0.009451 -0.000780 -0.008406
     5 O    -0.053007  0.015892  0.022298
     6 H     0.007118  0.008984  0.003261
     7 H     0.023226 -0.001521 -0.014304
 ----------------------------------------

 dE(predicted):    -0.93352E-02, dE(actual):    -0.96070E-02, Trust radius:    0.460853, all in a.u.
 
----------------------------------------------------------------------
Geometry Convergence after Step  10       (Hartree/Angstrom,Angstrom)
----------------------------------------------------------------------
current energy                               -1.71156109 Hartree
energy change                      -0.00960696     0.00100000    F
constrained gradient max            0.05300654     0.00100000    F
constrained gradient rms            0.01658974     0.00066667    F
gradient max                        0.05300654
gradient rms                        0.01658974
cart. step max                      0.19892992     0.01000000    F
cart. step rms                      0.07046162     0.00666667    F
 


 Coordinates (Cartesian)
 =======================

     Atom                    bohr                                 angstrom                 Geometric Variables
                   X           Y           Z              X           Y           Z       (0:frozen, *:LT par.)
 --------------------------------------------------------------------------------------------------------------
     1 P      -1.355243    1.271420   -0.046694      -0.717164    0.672807   -0.024709      1       2       3
     2 O      -1.981956   -0.313708   -2.377386      -1.048806   -0.166007   -1.258059      4       5       6
     3 O      -1.323219    4.320541   -0.812774      -0.700217    2.286332   -0.430101      7       8       9
     4 O      -2.948333    0.898304    2.347749      -1.560190    0.475362    1.242375     10      11      12
     5 O       1.686379    0.826172    0.460836       0.892393    0.437191    0.243864     13      14      15
     6 H      -2.520577    4.454138   -2.207614      -1.333832    2.357028   -1.168219     16      17      18
     7 H       1.867155    0.771349    2.290648       0.988056    0.408180    1.212159     19      20      21
 --------------------------------------------------------------------------------------------------------------

 Number of elements of the density matrix on this node (used, total):       378      6670



 ===========================================
 Numerical Integration : Fuzzy Cells (Becke)
 ===========================================
  
 Becke grid quality: GOOD           
  
 Lebedev angular grid order:             min:  11 max:  35
 Nr. of radial points:                   min:  54 max:  65

 Total nr. of points:      90403
 Nr. of blocks:              707
 Block length:               128
 Nr. of dummy points:         93


 Test of Precision of the Numerical Integration Grid
 ===================================================

 Integral of the Total Core Density:                   9.99999923384711
 Relative Error:                                      -7.662E-08


 -------------------------------------------
  COSMO surface
  Area             =          371.034
  Volume           =          580.487
  Number of Points =          937
 -------------------------------------------



 ========================
 Density Fitting (zlmFit)
 ========================
  
 ZlmFit Fit Quality: GOOD           
  
 Max L-expansion:                        min:   7 max:   9
 Nr. of radial interpolation points:     min:  72 max: 114



 =====
 S C F  ***  ScaSCF  ***
 =====
  
 Initial density matrix is taken from previous geometry

 CYCLE    1
 SCF Error: norm([F,P])=      0.304033448082, max([F,P])=      0.086143874775
 orbitals (Q,E):
 ---------------
 A :11...30          ( 2.00    -0.2428)  ( 2.00    -0.2278)  ( 2.00    -0.1794)  ( 2.00    -0.1564)
                     ( 2.00    -0.1477)  ( 2.00    -0.1149)  ( 2.00    -0.0761)  ( 2.00    -0.0647)
                     ( 2.00    -0.0401)  ( 2.00    -0.0237)  ( 0.00     0.1071)  ( 0.00     0.1341)
                     ( 0.00     0.2263)  ( 0.00     0.2285)  ( 0.00     0.2573)  ( 0.00     0.2694)
                     ( 0.00     0.2924)  ( 0.00     0.3039)  ( 0.00     0.3184)  ( 0.00     0.3466)

 CYCLE    2
  SDIIS (wt  0.000):  0.3761  0.6239
 A-DIIS (wt  1.000):  0.0000  1.0000
  DIIS coefficients:  0.0000  1.0000
 SCF Error: norm([F,P])=      0.217406531733, max([F,P])=      0.037020587458
 orbitals (Q,E):
 ---------------
 A :11...21          ( 2.00    -0.4133)  ( 2.00    -0.3752)  ( 2.00    -0.3438)  ( 2.00    -0.3415)
                     ( 2.00    -0.2960)  ( 2.00    -0.2850)  ( 2.00    -0.2823)  ( 2.00    -0.2533)
                     ( 2.00    -0.2492)  ( 2.00    -0.2332)  ( 0.00    -0.0108)

 CYCLE    3
  SDIIS (wt  0.000):  0.1443  0.6137  0.2420
 A-DIIS (wt  1.000):  0.0000  0.7097  0.2903
  DIIS coefficients:  0.0000  0.7097  0.2903
 SCF Error: norm([F,P])=      0.474992928717, max([F,P])=      0.116958830893
 orbitals (Q,E):
 ---------------
 A :11...21          ( 2.00    -0.4034)  ( 2.00    -0.3763)  ( 2.00    -0.3397)  ( 2.00    -0.3244)
                     ( 2.00    -0.2986)  ( 2.00    -0.2800)  ( 2.00    -0.2593)  ( 2.00    -0.2378)
                     ( 2.00    -0.2239)  ( 2.00    -0.2090)  ( 0.00    -0.0112)

 CYCLE    4
  SDIIS (wt  0.890):  0.2400  0.0798  0.6802
 A-DIIS (wt  0.110):  0.0000  0.0000  1.0000
  DIIS coefficients:  0.2135  0.0710  0.7154
 SCF Error: norm([F,P])=      0.049491662562, max([F,P])=      0.011916483200
 orbitals (Q,E):
 ---------------
 A :11...21          ( 2.00    -0.4032)  ( 2.00    -0.3764)  ( 2.00    -0.3397)  ( 2.00    -0.3247)
                     ( 2.00    -0.2980)  ( 2.00    -0.2797)  ( 2.00    -0.2606)  ( 2.00    -0.2382)
                     ( 2.00    -0.2249)  ( 2.00    -0.2099)  ( 0.00    -0.0115)

 CYCLE    5
  SDIIS (wt  0.935):  0.0987  0.0232  0.4478  0.4303
 A-DIIS (wt  0.065):  0.0000  0.0000  0.2850  0.7150
  DIIS coefficients:  0.0923  0.0217  0.4371  0.4489
 SCF Error: norm([F,P])=      0.037191072053, max([F,P])=      0.007472164280
 orbitals (Q,E):
 ---------------
 A :11...21          ( 2.00    -0.4043)  ( 2.00    -0.3786)  ( 2.00    -0.3412)  ( 2.00    -0.3251)
                     ( 2.00    -0.3005)  ( 2.00    -0.2815)  ( 2.00    -0.2600)  ( 2.00    -0.2389)
                     ( 2.00    -0.2244)  ( 2.00    -0.2095)  ( 0.00    -0.0117)

 CYCLE    6
  SDIIS (wt  0.987):  0.0088  0.0001  0.0885  0.2552  0.6474
 A-DIIS (wt  0.013):  0.0000  0.0000  0.0000  0.0771  0.9229
  DIIS coefficients:  0.0087  0.0001  0.0873  0.2529  0.6509
 SCF Error: norm([F,P])=      0.011013312090, max([F,P])=      0.002264818245
 orbitals (Q,E):
 ---------------
 A :11...21          ( 2.00    -0.4037)  ( 2.00    -0.3778)  ( 2.00    -0.3405)  ( 2.00    -0.3245)
                     ( 2.00    -0.2997)  ( 2.00    -0.2808)  ( 2.00    -0.2596)  ( 2.00    -0.2382)
                     ( 2.00    -0.2238)  ( 2.00    -0.2089)  ( 0.00    -0.0113)

 CYCLE    7
  SDIIS (wt  0.997):  0.0019  0.0005  0.0313  0.1399  0.4056  0.4208
 A-DIIS (wt  0.003):  0.0000  0.0000  0.0000  0.0000  0.0000  1.0000
  DIIS coefficients:  0.0019  0.0005  0.0312  0.1395  0.4044  0.4225
 SCF Error: norm([F,P])=      0.003882552763, max([F,P])=      0.001287289681
 orbitals (Q,E):
 ---------------
 A :11...21          ( 2.00    -0.4038)  ( 2.00    -0.3779)  ( 2.00    -0.3405)  ( 2.00    -0.3247)
                     ( 2.00    -0.2997)  ( 2.00    -0.2808)  ( 2.00    -0.2597)  ( 2.00    -0.2383)
                     ( 2.00    -0.2240)  ( 2.00    -0.2091)  ( 0.00    -0.0113)

 CYCLE    8
  SDIIS (wt  1.000): -0.0004  0.0011  0.0016  0.0450  0.1449  0.3146  0.4931
  DIIS coefficients: -0.0004  0.0011  0.0016  0.0450  0.1449  0.3146  0.4931
 SCF Error: norm([F,P])=      0.001852502937, max([F,P])=      0.000577881338
 orbitals (Q,E):
 ---------------
 A :11...21          ( 2.00    -0.4039)  ( 2.00    -0.3779)  ( 2.00    -0.3406)  ( 2.00    -0.3247)
                     ( 2.00    -0.2998)  ( 2.00    -0.2809)  ( 2.00    -0.2598)  ( 2.00    -0.2384)
                     ( 2.00    -0.2241)  ( 2.00    -0.2092)  ( 0.00    -0.0113)

 CYCLE    9
  SDIIS (wt  1.000): -0.0004  0.0006 -0.0018  0.0137  0.0479  0.1342  0.2632  0.5426
  DIIS coefficients: -0.0004  0.0006 -0.0018  0.0137  0.0479  0.1342  0.2632  0.5426
 SCF Error: norm([F,P])=      0.000353290705, max([F,P])=      0.000044756838
 orbitals (Q,E):
 ---------------
 A :11...21          ( 2.00    -0.4038)  ( 2.00    -0.3779)  ( 2.00    -0.3406)  ( 2.00    -0.3247)
                     ( 2.00    -0.2998)  ( 2.00    -0.2809)  ( 2.00    -0.2598)  ( 2.00    -0.2384)
                     ( 2.00    -0.2241)  ( 2.00    -0.2092)  ( 0.00    -0.0113)

 CYCLE   10
  SDIIS (wt  1.000): -0.0001  0.0001 -0.0004  0.0021  0.0080  0.0225  0.0474  0.1359  0.7844
  DIIS coefficients: -0.0001  0.0001 -0.0004  0.0021  0.0080  0.0225  0.0474  0.1359  0.7844
 SCF Error: norm([F,P])=      0.000026399022, max([F,P])=      0.000005241855
 orbitals (Q,E):
 ---------------
 A :11...21          ( 2.00    -0.4038)  ( 2.00    -0.3779)  ( 2.00    -0.3406)  ( 2.00    -0.3247)
                     ( 2.00    -0.2998)  ( 2.00    -0.2809)  ( 2.00    -0.2598)  ( 2.00    -0.2384)
                     ( 2.00    -0.2241)  ( 2.00    -0.2092)  ( 0.00    -0.0113)

 CYCLE   11
  SDIIS (wt  1.000): -0.0000  0.0000 -0.0001  0.0004  0.0020  0.0053  0.0116  0.0408  0.3450  0.5951
  DIIS coefficients: -0.0000  0.0000 -0.0001  0.0004  0.0020  0.0053  0.0116  0.0408  0.3450  0.5951
 SCF Error: norm([F,P])=      0.000008672986, max([F,P])=      0.000001993003
 orbitals (Q,E):
 ---------------
 A :11...21          ( 2.00    -0.4038)  ( 2.00    -0.3779)  ( 2.00    -0.3406)  ( 2.00    -0.3247)
                     ( 2.00    -0.2998)  ( 2.00    -0.2809)  ( 2.00    -0.2598)  ( 2.00    -0.2384)
                     ( 2.00    -0.2241)  ( 2.00    -0.2092)  ( 0.00    -0.0113)

 CYCLE   12
  SDIIS (wt  1.000):  0.0000 -0.0000  0.0000  0.0003  0.0007  0.0016  0.0105  0.1472  0.4335  0.4063
  DIIS coefficients:  0.0000 -0.0000  0.0000  0.0003  0.0007  0.0016  0.0105  0.1472  0.4335  0.4063
 SCF Error: norm([F,P])=      0.000006126985, max([F,P])=      0.000001417065
 orbitals (Q,E):
 ---------------
 A :11...21          ( 2.00    -0.4038)  ( 2.00    -0.3779)  ( 2.00    -0.3406)  ( 2.00    -0.3247)
                     ( 2.00    -0.2998)  ( 2.00    -0.2809)  ( 2.00    -0.2598)  ( 2.00    -0.2384)
                     ( 2.00    -0.2241)  ( 2.00    -0.2092)  ( 0.00    -0.0113)

 CYCLE   13
  SDIIS (wt  1.000): -0.0000 -0.0000  0.0000  0.0001  0.0001  0.0011  0.0227  0.0783  0.0931  0.8045
  DIIS coefficients: -0.0000 -0.0000  0.0000  0.0001  0.0001  0.0011  0.0227  0.0783  0.0931  0.8045
 SCF Error: norm([F,P])=      0.000000336719, max([F,P])=      0.000000067290
 orbitals (Q,E):
 ---------------
 A :11...21          ( 2.00    -0.4038)  ( 2.00    -0.3779)  ( 2.00    -0.3406)  ( 2.00    -0.3247)
                     ( 2.00    -0.2998)  ( 2.00    -0.2809)  ( 2.00    -0.2598)  ( 2.00    -0.2384)
                     ( 2.00    -0.2241)  ( 2.00    -0.2092)  ( 0.00    -0.0113)

 SCF CONVERGED
 cosmo_calcen: 0.5 (esolb+esolc) (Hartrees) =   -0.115573

 Solvation energy (screening term,uncorrected) =    -72.523122 kcal/mol

 Solvation energy (dispersion and cavitation terms) =      0.693804 kcal/mol
 Solvation Energy Contributions (Hartrees)
          esola   esolb+esolc
     0.11557294   -0.23114588
 esol last cycle   -0.11557294

 CYCLE   14
 *** Using FIT density in Focky
  SDIIS (wt  1.000):  0.0000  0.0000  0.0000  0.0000  0.0001  0.0021  0.0080  0.0109  0.1494  0.8294
  DIIS coefficients:  0.0000  0.0000  0.0000  0.0000  0.0001  0.0021  0.0080  0.0109  0.1494  0.8294
 SCF Error: norm([F,P])=      0.000000033043, max([F,P])=      0.000000006395
 orbitals (Q,E):
 ---------------
 A :11...30          ( 2.00    -0.4038)  ( 2.00    -0.3779)  ( 2.00    -0.3406)  ( 2.00    -0.3247)
                     ( 2.00    -0.2998)  ( 2.00    -0.2809)  ( 2.00    -0.2598)  ( 2.00    -0.2384)
                     ( 2.00    -0.2241)  ( 2.00    -0.2092)  ( 0.00    -0.0113)  ( 0.00     0.0274)
                     ( 0.00     0.0657)  ( 0.00     0.0722)  ( 0.00     0.1078)  ( 0.00     0.1173)
                     ( 0.00     0.1410)  ( 0.00     0.1508)  ( 0.00     0.1783)  ( 0.00     0.2241)
 cosmo_calcen: 0.5 (esolb+esolc) (Hartrees) =   -0.115573

 Solvation energy (screening term,uncorrected) =    -72.523122 kcal/mol

 Solvation energy (dispersion and cavitation terms) =      0.693804 kcal/mol
 Solvation Energy Contributions (Hartrees)
          esola   esolb+esolc
     0.11557294   -0.23114588
 esol last cycle   -0.11557294


 Fit test: (difference of exact and fit density, squared integrated, result summed over spins)
         SCF:                                          0.00003555033864

 Gross Charges per Atom (Z minus electrons)
 ==========================================
             1.6937   -0.9437   -0.7554   -0.9295   -0.7539    0.3406    0.3482
 Net Total: -1.00000000



 =================================================================
 M U L T I P O L E   D E R I V E D   C H A R G E   A N A L Y S I S
 =================================================================

 See: M. Swart, P.Th. van Duijnen, J.G. Snijders, J.Comput.Chem., (2001), p. 79-88.

 --------------------------------------- 
 Multipole derived atomic charges (a.u.)
 --------------------------------------- 

        Atom    Level:     MDC-m        MDC-d        MDC-q
 ---------------------------------------------------------
     1     P            1.969509     1.578020    -0.134767
     2     O           -1.018341    -0.962645    -0.447124
     3     O           -0.571214    -0.719887    -0.478670
     4     O           -1.013527    -0.963966    -0.412320
     5     O           -0.558216    -0.706801    -0.428100
     6     H            0.095585     0.385165     0.451606
     7     H            0.096204     0.390114     0.449375
 *** Using NEW gradient routines ***


 Geometry CYCLE 11
 ==============

 Energy gradients wrt nuclear displacements
 ==========================================

     Atom      Cartesian (a.u./angstrom)
                 X         Y         Z
 ----------------------------------------
     1 P     0.034621  0.031287  0.008691
     2 O    -0.000291 -0.020262 -0.010840
     3 O    -0.001229  0.009390 -0.001575
     4 O    -0.032288 -0.007843  0.020169
     5 O     0.007290 -0.004680 -0.011881
     6 H     0.003268 -0.008154  0.006701
     7 H    -0.011372  0.000262 -0.011265
 ----------------------------------------

 dE(predicted):    -0.93211E-02, dE(actual):    -0.50272E-02, Trust radius:    0.460853, all in a.u.
 
----------------------------------------------------------------------
Geometry Convergence after Step  11       (Hartree/Angstrom,Angstrom)
----------------------------------------------------------------------
current energy                               -1.71658824 Hartree
energy change                      -0.00502715     0.00100000    F
constrained gradient max            0.03462131     0.00100000    F
constrained gradient rms            0.01539752     0.00066667    F
gradient max                        0.03462131
gradient rms                        0.01539752
cart. step max                      0.16577096     0.01000000    F
cart. step rms                      0.05616649     0.00666667    F
 


 Coordinates (Cartesian)
 =======================

     Atom                    bohr                                 angstrom                 Geometric Variables
                   X           Y           Z              X           Y           Z       (0:frozen, *:LT par.)
 --------------------------------------------------------------------------------------------------------------
     1 P      -1.398706    1.198689   -0.008337      -0.740164    0.634319   -0.004412      1       2       3
     2 O      -2.033097   -0.000447   -2.451384      -1.075869   -0.000236   -1.297216      4       5       6
     3 O      -1.308232    4.211432   -0.850408      -0.692287    2.228594   -0.450017      7       8       9
     4 O      -2.746060    0.835135    2.458609      -1.453152    0.441934    1.301040     10      11      12
     5 O       1.659020    0.835371    0.471510       0.877916    0.442059    0.249512     13      14      15
     6 H      -2.487981    4.328342   -2.313199      -1.316583    2.290460   -1.224092     16      17      18
     7 H       1.739263    0.819693    2.347973       0.920378    0.433763    1.242494     19      20      21
 --------------------------------------------------------------------------------------------------------------

 Number of elements of the density matrix on this node (used, total):       378      6670



 ===========================================
 Numerical Integration : Fuzzy Cells (Becke)
 ===========================================
  
 Becke grid quality: GOOD           
  
 Lebedev angular grid order:             min:  11 max:  35
 Nr. of radial points:                   min:  54 max:  65

 Total nr. of points:      90401
 Nr. of blocks:              707
 Block length:               128
 Nr. of dummy points:         95


 Test of Precision of the Numerical Integration Grid
 ===================================================

 Integral of the Total Core Density:                  10.00000050799793
 Relative Error:                                       5.080E-08


 -------------------------------------------
  COSMO surface
  Area             =          365.448
  Volume           =          572.224
  Number of Points =          926
 -------------------------------------------



 ========================
 Density Fitting (zlmFit)
 ========================
  
 ZlmFit Fit Quality: GOOD           
  
 Max L-expansion:                        min:   7 max:   9
 Nr. of radial interpolation points:     min:  72 max: 114



 =====
 S C F  ***  ScaSCF  ***
 =====
  
 Initial density matrix is taken from previous geometry

 CYCLE    1
 SCF Error: norm([F,P])=      0.362899690705, max([F,P])=      0.115703366771
 orbitals (Q,E):
 ---------------
 A :11...30          ( 2.00    -0.2214)  ( 2.00    -0.2046)  ( 2.00    -0.1642)  ( 2.00    -0.1378)
                     ( 2.00    -0.1245)  ( 2.00    -0.1020)  ( 2.00    -0.0690)  ( 2.00    -0.0522)
                     ( 2.00    -0.0373)  ( 2.00    -0.0215)  ( 0.00     0.1232)  ( 0.00     0.1504)
                     ( 0.00     0.2318)  ( 0.00     0.2381)  ( 0.00     0.2739)  ( 0.00     0.2977)
                     ( 0.00     0.3238)  ( 0.00     0.3268)  ( 0.00     0.3455)  ( 0.00     0.3645)

 CYCLE    2
   MIX coefficients:  0.8000  0.2000
 SCF Error: norm([F,P])=      0.139885727344, max([F,P])=      0.028530109590
 orbitals (Q,E):
 ---------------
 A :11...21          ( 2.00    -0.2577)  ( 2.00    -0.2382)  ( 2.00    -0.2015)  ( 2.00    -0.1769)
                     ( 2.00    -0.1589)  ( 2.00    -0.1386)  ( 2.00    -0.1118)  ( 2.00    -0.0920)
                     ( 2.00    -0.0800)  ( 2.00    -0.0638)  ( 0.00     0.0971)

 CYCLE    3
  SDIIS (wt  0.000): -0.6486  1.6486
 A-DIIS (wt  1.000):  0.0000  1.0000
  DIIS coefficients:  0.0000  1.0000
 SCF Error: norm([F,P])=      0.082489210357, max([F,P])=      0.019151565981
 orbitals (Q,E):
 ---------------
 A :11...21          ( 2.00    -0.4044)  ( 2.00    -0.3767)  ( 2.00    -0.3458)  ( 2.00    -0.3318)
                     ( 2.00    -0.2945)  ( 2.00    -0.2813)  ( 2.00    -0.2711)  ( 2.00    -0.2423)
                     ( 2.00    -0.2380)  ( 2.00    -0.2194)  ( 0.00    -0.0118)

 CYCLE    4
  SDIIS (wt  0.801):  0.8969 -0.8042  0.9074
 A-DIIS (wt  0.199):  0.0000  0.1271  0.8729
  DIIS coefficients:  0.7183 -0.6188  0.9005
 SCF Error: norm([F,P])=      0.082220959825, max([F,P])=      0.020714340840
 orbitals (Q,E):
 ---------------
 A :11...21          ( 2.00    -0.3992)  ( 2.00    -0.3747)  ( 2.00    -0.3429)  ( 2.00    -0.3245)
                     ( 2.00    -0.2940)  ( 2.00    -0.2781)  ( 2.00    -0.2629)  ( 2.00    -0.2367)
                     ( 2.00    -0.2307)  ( 2.00    -0.2139)  ( 0.00    -0.0109)

 CYCLE    5
  SDIIS (wt  0.943):  0.2979 -0.2543  0.4468  0.5096
 A-DIIS (wt  0.057):  0.0000  0.0000  0.0574  0.9426
  DIIS coefficients:  0.2810 -0.2399  0.4247  0.5341
 SCF Error: norm([F,P])=      0.030933165271, max([F,P])=      0.006609607266
 orbitals (Q,E):
 ---------------
 A :11...21          ( 2.00    -0.4000)  ( 2.00    -0.3750)  ( 2.00    -0.3432)  ( 2.00    -0.3261)
                     ( 2.00    -0.2937)  ( 2.00    -0.2785)  ( 2.00    -0.2646)  ( 2.00    -0.2374)
                     ( 2.00    -0.2327)  ( 2.00    -0.2150)  ( 0.00    -0.0108)

 CYCLE    6
  SDIIS (wt  0.973):  0.0671 -0.0535  0.1506  0.3608  0.4750
 A-DIIS (wt  0.027):  0.0000  0.0000  0.0000  0.1582  0.8418
  DIIS coefficients:  0.0653 -0.0520  0.1465  0.3552  0.4851
 SCF Error: norm([F,P])=      0.013803497755, max([F,P])=      0.003716140572
 orbitals (Q,E):
 ---------------
 A :11...21          ( 2.00    -0.4004)  ( 2.00    -0.3755)  ( 2.00    -0.3437)  ( 2.00    -0.3262)
                     ( 2.00    -0.2944)  ( 2.00    -0.2790)  ( 2.00    -0.2647)  ( 2.00    -0.2378)
                     ( 2.00    -0.2325)  ( 2.00    -0.2152)  ( 0.00    -0.0108)

 CYCLE    7
  SDIIS (wt  1.000): -0.0076  0.0153  0.0289  0.1456  0.3039  0.5139
  DIIS coefficients: -0.0076  0.0153  0.0289  0.1456  0.3039  0.5139
 SCF Error: norm([F,P])=      0.004444145665, max([F,P])=      0.000844425859
 orbitals (Q,E):
 ---------------
 A :11...21          ( 2.00    -0.4002)  ( 2.00    -0.3753)  ( 2.00    -0.3435)  ( 2.00    -0.3261)
                     ( 2.00    -0.2942)  ( 2.00    -0.2788)  ( 2.00    -0.2646)  ( 2.00    -0.2376)
                     ( 2.00    -0.2325)  ( 2.00    -0.2151)  ( 0.00    -0.0107)

 CYCLE    8
  SDIIS (wt  1.000): -0.0191  0.0238  0.0002  0.0595  0.1527  0.3335  0.4493
  DIIS coefficients: -0.0191  0.0238  0.0002  0.0595  0.1527  0.3335  0.4493
 SCF Error: norm([F,P])=      0.001662135111, max([F,P])=      0.000426090377
 orbitals (Q,E):
 ---------------
 A :11...21          ( 2.00    -0.4002)  ( 2.00    -0.3752)  ( 2.00    -0.3435)  ( 2.00    -0.3260)
                     ( 2.00    -0.2941)  ( 2.00    -0.2787)  ( 2.00    -0.2645)  ( 2.00    -0.2375)
                     ( 2.00    -0.2324)  ( 2.00    -0.2150)  ( 0.00    -0.0107)

 CYCLE    9
  SDIIS (wt  1.000): -0.0108  0.0134 -0.0040  0.0100  0.0360  0.1034  0.2732  0.5788
  DIIS coefficients: -0.0108  0.0134 -0.0040  0.0100  0.0360  0.1034  0.2732  0.5788
 SCF Error: norm([F,P])=      0.000503797373, max([F,P])=      0.000156656473
 orbitals (Q,E):
 ---------------
 A :11...21          ( 2.00    -0.4002)  ( 2.00    -0.3752)  ( 2.00    -0.3435)  ( 2.00    -0.3261)
                     ( 2.00    -0.2941)  ( 2.00    -0.2788)  ( 2.00    -0.2646)  ( 2.00    -0.2376)
                     ( 2.00    -0.2324)  ( 2.00    -0.2151)  ( 0.00    -0.0107)

 CYCLE   10
  SDIIS (wt  1.000): -0.0054  0.0067 -0.0020  0.0047  0.0166  0.0500  0.1428  0.3120  0.4746
  DIIS coefficients: -0.0054  0.0067 -0.0020  0.0047  0.0166  0.0500  0.1428  0.3120  0.4746
 SCF Error: norm([F,P])=      0.000091567225, max([F,P])=      0.000028535687
 orbitals (Q,E):
 ---------------
 A :11...21          ( 2.00    -0.4002)  ( 2.00    -0.3752)  ( 2.00    -0.3435)  ( 2.00    -0.3261)
                     ( 2.00    -0.2942)  ( 2.00    -0.2788)  ( 2.00    -0.2646)  ( 2.00    -0.2376)
                     ( 2.00    -0.2324)  ( 2.00    -0.2151)  ( 0.00    -0.0107)

 CYCLE   11
  SDIIS (wt  1.000): -0.0009  0.0011 -0.0004  0.0005  0.0017  0.0073  0.0267  0.0552  0.3223  0.5864
  DIIS coefficients: -0.0009  0.0011 -0.0004  0.0005  0.0017  0.0073  0.0267  0.0552  0.3223  0.5864
 SCF Error: norm([F,P])=      0.000044694736, max([F,P])=      0.000013520648
 orbitals (Q,E):
 ---------------
 A :11...21          ( 2.00    -0.4002)  ( 2.00    -0.3752)  ( 2.00    -0.3435)  ( 2.00    -0.3261)
                     ( 2.00    -0.2941)  ( 2.00    -0.2788)  ( 2.00    -0.2646)  ( 2.00    -0.2376)
                     ( 2.00    -0.2324)  ( 2.00    -0.2151)  ( 0.00    -0.0107)

 CYCLE   12
  SDIIS (wt  1.000): -0.0000 -0.0000 -0.0000 -0.0000  0.0004  0.0022  0.0037  0.0737  0.1670  0.7530
  DIIS coefficients: -0.0000 -0.0000 -0.0000 -0.0000  0.0004  0.0022  0.0037  0.0737  0.1670  0.7530
 SCF Error: norm([F,P])=      0.000004509837, max([F,P])=      0.000000949369
 orbitals (Q,E):
 ---------------
 A :11...21          ( 2.00    -0.4002)  ( 2.00    -0.3752)  ( 2.00    -0.3435)  ( 2.00    -0.3261)
                     ( 2.00    -0.2941)  ( 2.00    -0.2788)  ( 2.00    -0.2646)  ( 2.00    -0.2376)
                     ( 2.00    -0.2324)  ( 2.00    -0.2151)  ( 0.00    -0.0107)

 SCF CONVERGED
 cosmo_calcen: 0.5 (esolb+esolc) (Hartrees) =   -0.110303

 Solvation energy (screening term,uncorrected) =    -69.216079 kcal/mol

 Solvation energy (dispersion and cavitation terms) =      0.683360 kcal/mol
 Solvation Energy Contributions (Hartrees)
          esola   esolb+esolc
     0.11030283   -0.22060566
 esol last cycle   -0.11030283

 CYCLE   13
 *** Using FIT density in Focky
  SDIIS (wt  1.000):  0.0000  0.0000  0.0001  0.0002  0.0007  0.0015  0.0142  0.0277  0.1730  0.7826
  DIIS coefficients:  0.0000  0.0000  0.0001  0.0002  0.0007  0.0015  0.0142  0.0277  0.1730  0.7826
 SCF Error: norm([F,P])=      0.000000777791, max([F,P])=      0.000000184720
 orbitals (Q,E):
 ---------------
 A :11...30          ( 2.00    -0.4002)  ( 2.00    -0.3752)  ( 2.00    -0.3435)  ( 2.00    -0.3261)
                     ( 2.00    -0.2941)  ( 2.00    -0.2788)  ( 2.00    -0.2646)  ( 2.00    -0.2376)
                     ( 2.00    -0.2324)  ( 2.00    -0.2151)  ( 0.00    -0.0107)  ( 0.00     0.0285)
                     ( 0.00     0.0627)  ( 0.00     0.0724)  ( 0.00     0.1089)  ( 0.00     0.1240)
                     ( 0.00     0.1439)  ( 0.00     0.1629)  ( 0.00     0.2075)  ( 0.00     0.2155)
 cosmo_calcen: 0.5 (esolb+esolc) (Hartrees) =   -0.110303

 Solvation energy (screening term,uncorrected) =    -69.216077 kcal/mol

 Solvation energy (dispersion and cavitation terms) =      0.683360 kcal/mol
 Solvation Energy Contributions (Hartrees)
          esola   esolb+esolc
     0.11030283   -0.22060566
 esol last cycle   -0.11030283


 Fit test: (difference of exact and fit density, squared integrated, result summed over spins)
         SCF:                                          0.00003703825192

 Gross Charges per Atom (Z minus electrons)
 ==========================================
             1.7362   -0.9375   -0.7739   -0.9199   -0.7652    0.3254    0.3349
 Net Total: -1.00000000



 =================================================================
 M U L T I P O L E   D E R I V E D   C H A R G E   A N A L Y S I S
 =================================================================

 See: M. Swart, P.Th. van Duijnen, J.G. Snijders, J.Comput.Chem., (2001), p. 79-88.

 --------------------------------------- 
 Multipole derived atomic charges (a.u.)
 --------------------------------------- 

        Atom    Level:     MDC-m        MDC-d        MDC-q
 ---------------------------------------------------------
     1     P            1.973838     1.587466     0.842325
     2     O           -1.000900    -0.955743    -0.686788
     3     O           -0.601059    -0.737495    -0.724415
     4     O           -0.993597    -0.960878    -0.635586
     5     O           -0.571474    -0.712647    -0.588689
     6     H            0.098712     0.390610     0.427102
     7     H            0.094481     0.388686     0.366051
 *** Using NEW gradient routines ***


 Geometry CYCLE 12
 ==============

 Energy gradients wrt nuclear displacements
 ==========================================

     Atom      Cartesian (a.u./angstrom)
                 X         Y         Z
 ----------------------------------------
     1 P    -0.034459 -0.051257  0.004241
     2 O     0.031110  0.067808  0.051903
     3 O     0.027745 -0.035056  0.006095
     4 O     0.012827  0.007862 -0.015564
     5 O    -0.000456  0.009245 -0.044911
     6 H    -0.021293 -0.001215 -0.023404
     7 H    -0.015474  0.002613  0.021641
 ----------------------------------------
 Interpolation step length   6.965912006561871E-002

 dE(predicted):    -0.64835E-02, dE(actual):     0.48127E-02, Trust radius:    0.069659, all in a.u.
 
----------------------------------------------------------------------
Geometry Convergence after Step  12       (Hartree/Angstrom,Angstrom)
----------------------------------------------------------------------
current energy                               -1.71177553 Hartree
energy change                       0.00481271     0.00100000    F
constrained gradient max            0.06780805     0.00100000    F
constrained gradient rms            0.02961400     0.00066667    F
gradient max                        0.06780805
gradient rms                        0.02961400
cart. step max                      0.06145301     0.01000000    F
cart. step rms                      0.01743426     0.00666667    F
 


 Coordinates (Cartesian)
 =======================

     Atom                    bohr                                 angstrom                 Geometric Variables
                   X           Y           Z              X           Y           Z       (0:frozen, *:LT par.)
 --------------------------------------------------------------------------------------------------------------
     1 P      -1.403562    1.207547   -0.038592      -0.742733    0.639007   -0.020422      1       2       3
     2 O      -2.045552   -0.116576   -2.458582      -1.082459   -0.061689   -1.301026      4       5       6
     3 O      -1.319370    4.248338   -0.829063      -0.698181    2.248123   -0.438721      7       8       9
     4 O      -2.741851    0.835274    2.440971      -1.450925    0.442008    1.291706     10      11      12
     5 O       1.655101    0.821122    0.483193       0.875842    0.434519    0.255695     13      14      15
     6 H      -2.472568    4.393079   -2.291340      -1.308426    2.324717   -1.212525     16      17      18
     7 H       1.752009    0.839432    2.348176       0.927123    0.444208    1.242601     19      20      21
 --------------------------------------------------------------------------------------------------------------

 Number of elements of the density matrix on this node (used, total):       378      6670



 ===========================================
 Numerical Integration : Fuzzy Cells (Becke)
 ===========================================
  
 Becke grid quality: GOOD           
  
 Lebedev angular grid order:             min:  11 max:  35
 Nr. of radial points:                   min:  54 max:  65

 Total nr. of points:      90405
 Nr. of blocks:              707
 Block length:               128
 Nr. of dummy points:         91


 Test of Precision of the Numerical Integration Grid
 ===================================================

 Integral of the Total Core Density:                  10.00000074703511
 Relative Error:                                       7.470E-08


 -------------------------------------------
  COSMO surface
  Area             =          367.182
  Volume           =          575.144
  Number of Points =          923
 -------------------------------------------



 ========================
 Density Fitting (zlmFit)
 ========================
  
 ZlmFit Fit Quality: GOOD           
  
 Max L-expansion:                        min:   7 max:   9
 Nr. of radial interpolation points:     min:  72 max: 114



 =====
 S C F  ***  ScaSCF  ***
 =====
  
 Initial density matrix is taken from previous geometry

 CYCLE    1
 SCF Error: norm([F,P])=      0.131358413834, max([F,P])=      0.042064015606
 orbitals (Q,E):
 ---------------
 A :11...30          ( 2.00    -0.2172)  ( 2.00    -0.1985)  ( 2.00    -0.1601)  ( 2.00    -0.1336)
                     ( 2.00    -0.1196)  ( 2.00    -0.0970)  ( 2.00    -0.0670)  ( 2.00    -0.0497)
                     ( 2.00    -0.0345)  ( 2.00    -0.0196)  ( 0.00     0.1260)  ( 0.00     0.1533)
                     ( 0.00     0.2351)  ( 0.00     0.2395)  ( 0.00     0.2754)  ( 0.00     0.2962)
                     ( 0.00     0.3213)  ( 0.00     0.3290)  ( 0.00     0.3500)  ( 0.00     0.3650)

 CYCLE    2
  SDIIS (wt  0.000):  0.5133  0.4867
 A-DIIS (wt  1.000):  0.0000  1.0000
  DIIS coefficients:  0.0000  1.0000
 SCF Error: norm([F,P])=      0.136737514563, max([F,P])=      0.025687436934
 orbitals (Q,E):
 ---------------
 A :11...21          ( 2.00    -0.4135)  ( 2.00    -0.3832)  ( 2.00    -0.3521)  ( 2.00    -0.3447)
                     ( 2.00    -0.3010)  ( 2.00    -0.2889)  ( 2.00    -0.2827)  ( 2.00    -0.2568)
                     ( 2.00    -0.2489)  ( 2.00    -0.2349)  ( 0.00    -0.0136)

 CYCLE    3
  SDIIS (wt  0.000):  0.2783  0.5153  0.2065
 A-DIIS (wt  1.000):  0.0000  0.6155  0.3845
  DIIS coefficients:  0.0000  0.6155  0.3845
 SCF Error: norm([F,P])=      0.255223075304, max([F,P])=      0.074295877113
 orbitals (Q,E):
 ---------------
 A :11...21          ( 2.00    -0.4000)  ( 2.00    -0.3755)  ( 2.00    -0.3425)  ( 2.00    -0.3240)
                     ( 2.00    -0.2957)  ( 2.00    -0.2785)  ( 2.00    -0.2617)  ( 2.00    -0.2364)
                     ( 2.00    -0.2288)  ( 2.00    -0.2135)  ( 0.00    -0.0113)

 CYCLE    4
  SDIIS (wt  0.803):  0.2379  0.2297  0.5324
 A-DIIS (wt  0.197):  0.0000  0.0540  0.9460
  DIIS coefficients:  0.1910  0.1951  0.6139
 SCF Error: norm([F,P])=      0.074886805691, max([F,P])=      0.020515031892
 orbitals (Q,E):
 ---------------
 A :11...21          ( 2.00    -0.3995)  ( 2.00    -0.3734)  ( 2.00    -0.3412)  ( 2.00    -0.3266)
                     ( 2.00    -0.2924)  ( 2.00    -0.2772)  ( 2.00    -0.2644)  ( 2.00    -0.2379)
                     ( 2.00    -0.2324)  ( 2.00    -0.2170)  ( 0.00    -0.0106)

 CYCLE    5
  SDIIS (wt  0.901):  0.0797  0.0838  0.4107  0.4258
 A-DIIS (wt  0.099):  0.0000  0.0000  0.3248  0.6752
  DIIS coefficients:  0.0718  0.0754  0.4022  0.4505
 SCF Error: norm([F,P])=      0.045286104863, max([F,P])=      0.010817012341
 orbitals (Q,E):
 ---------------
 A :11...21          ( 2.00    -0.4007)  ( 2.00    -0.3756)  ( 2.00    -0.3430)  ( 2.00    -0.3261)
                     ( 2.00    -0.2954)  ( 2.00    -0.2792)  ( 2.00    -0.2639)  ( 2.00    -0.2381)
                     ( 2.00    -0.2318)  ( 2.00    -0.2165)  ( 0.00    -0.0109)

 CYCLE    6
  SDIIS (wt  0.986):  0.0146  0.0119  0.1577  0.2855  0.5303
 A-DIIS (wt  0.014):  0.0000  0.0000  0.0000  0.0000  1.0000
  DIIS coefficients:  0.0144  0.0118  0.1556  0.2815  0.5367
 SCF Error: norm([F,P])=      0.010632759461, max([F,P])=      0.002363937859
 orbitals (Q,E):
 ---------------
 A :11...21          ( 2.00    -0.4004)  ( 2.00    -0.3753)  ( 2.00    -0.3426)  ( 2.00    -0.3261)
                     ( 2.00    -0.2948)  ( 2.00    -0.2787)  ( 2.00    -0.2639)  ( 2.00    -0.2379)
                     ( 2.00    -0.2317)  ( 2.00    -0.2164)  ( 0.00    -0.0107)

 CYCLE    7
  SDIIS (wt  1.000):  0.0006 -0.0007  0.0416  0.1122  0.2928  0.5534
  DIIS coefficients:  0.0006 -0.0007  0.0416  0.1122  0.2928  0.5534
 SCF Error: norm([F,P])=      0.002750891847, max([F,P])=      0.000423213472
 orbitals (Q,E):
 ---------------
 A :11...21          ( 2.00    -0.4003)  ( 2.00    -0.3751)  ( 2.00    -0.3425)  ( 2.00    -0.3260)
                     ( 2.00    -0.2947)  ( 2.00    -0.2786)  ( 2.00    -0.2637)  ( 2.00    -0.2377)
                     ( 2.00    -0.2316)  ( 2.00    -0.2163)  ( 0.00    -0.0106)

 CYCLE    8
  SDIIS (wt  1.000): -0.0007 -0.0010  0.0148  0.0529  0.1534  0.3789  0.4016
  DIIS coefficients: -0.0007 -0.0010  0.0148  0.0529  0.1534  0.3789  0.4016
 SCF Error: norm([F,P])=      0.001353052037, max([F,P])=      0.000303309767
 orbitals (Q,E):
 ---------------
 A :11...21          ( 2.00    -0.4003)  ( 2.00    -0.3751)  ( 2.00    -0.3425)  ( 2.00    -0.3260)
                     ( 2.00    -0.2947)  ( 2.00    -0.2786)  ( 2.00    -0.2637)  ( 2.00    -0.2377)
                     ( 2.00    -0.2316)  ( 2.00    -0.2163)  ( 0.00    -0.0106)

 CYCLE    9
  SDIIS (wt  1.000): -0.0004 -0.0002  0.0007  0.0115  0.0407  0.1388  0.2650  0.5439
  DIIS coefficients: -0.0004 -0.0002  0.0007  0.0115  0.0407  0.1388  0.2650  0.5439
 SCF Error: norm([F,P])=      0.000426738680, max([F,P])=      0.000134212519
 orbitals (Q,E):
 ---------------
 A :11...21          ( 2.00    -0.4003)  ( 2.00    -0.3751)  ( 2.00    -0.3425)  ( 2.00    -0.3260)
                     ( 2.00    -0.2947)  ( 2.00    -0.2786)  ( 2.00    -0.2638)  ( 2.00    -0.2378)
                     ( 2.00    -0.2317)  ( 2.00    -0.2163)  ( 0.00    -0.0106)

 CYCLE   10
  SDIIS (wt  1.000): -0.0002 -0.0001  0.0002  0.0054  0.0203  0.0694  0.1355  0.2969  0.4726
  DIIS coefficients: -0.0002 -0.0001  0.0002  0.0054  0.0203  0.0694  0.1355  0.2969  0.4726
 SCF Error: norm([F,P])=      0.000055472337, max([F,P])=      0.000014108812
 orbitals (Q,E):
 ---------------
 A :11...21          ( 2.00    -0.4003)  ( 2.00    -0.3751)  ( 2.00    -0.3425)  ( 2.00    -0.3260)
                     ( 2.00    -0.2947)  ( 2.00    -0.2786)  ( 2.00    -0.2638)  ( 2.00    -0.2378)
                     ( 2.00    -0.2317)  ( 2.00    -0.2163)  ( 0.00    -0.0106)

 CYCLE   11
  SDIIS (wt  1.000): -0.0000 -0.0000 -0.0001  0.0009  0.0043  0.0141  0.0282  0.0743  0.3310  0.5473
  DIIS coefficients: -0.0000 -0.0000 -0.0001  0.0009  0.0043  0.0141  0.0282  0.0743  0.3310  0.5473
 SCF Error: norm([F,P])=      0.000027221737, max([F,P])=      0.000007252625
 orbitals (Q,E):
 ---------------
 A :11...21          ( 2.00    -0.4003)  ( 2.00    -0.3751)  ( 2.00    -0.3425)  ( 2.00    -0.3260)
                     ( 2.00    -0.2947)  ( 2.00    -0.2786)  ( 2.00    -0.2638)  ( 2.00    -0.2378)
                     ( 2.00    -0.2317)  ( 2.00    -0.2163)  ( 0.00    -0.0106)

 CYCLE   12
  SDIIS (wt  1.000):  0.0000 -0.0000  0.0000  0.0004  0.0010  0.0020  0.0084  0.0752  0.1627  0.7503
  DIIS coefficients:  0.0000 -0.0000  0.0000  0.0004  0.0010  0.0020  0.0084  0.0752  0.1627  0.7503
 SCF Error: norm([F,P])=      0.000002415600, max([F,P])=      0.000000433153
 orbitals (Q,E):
 ---------------
 A :11...21          ( 2.00    -0.4003)  ( 2.00    -0.3751)  ( 2.00    -0.3425)  ( 2.00    -0.3260)
                     ( 2.00    -0.2947)  ( 2.00    -0.2786)  ( 2.00    -0.2638)  ( 2.00    -0.2378)
                     ( 2.00    -0.2317)  ( 2.00    -0.2163)  ( 0.00    -0.0106)

 SCF CONVERGED
 cosmo_calcen: 0.5 (esolb+esolc) (Hartrees) =   -0.111058

 Solvation energy (screening term,uncorrected) =    -69.689709 kcal/mol

 Solvation energy (dispersion and cavitation terms) =      0.686602 kcal/mol
 Solvation Energy Contributions (Hartrees)
          esola   esolb+esolc
     0.11105761   -0.22211522
 esol last cycle   -0.11105761

 CYCLE   13
 *** Using FIT density in Focky
  SDIIS (wt  1.000): -0.0000 -0.0000  0.0000  0.0002  0.0003  0.0015  0.0152  0.0345  0.1927  0.7555
  DIIS coefficients: -0.0000 -0.0000  0.0000  0.0002  0.0003  0.0015  0.0152  0.0345  0.1927  0.7555
 SCF Error: norm([F,P])=      0.000000429393, max([F,P])=      0.000000089598
 orbitals (Q,E):
 ---------------
 A :11...30          ( 2.00    -0.4003)  ( 2.00    -0.3751)  ( 2.00    -0.3425)  ( 2.00    -0.3260)
                     ( 2.00    -0.2947)  ( 2.00    -0.2786)  ( 2.00    -0.2638)  ( 2.00    -0.2378)
                     ( 2.00    -0.2317)  ( 2.00    -0.2163)  ( 0.00    -0.0106)  ( 0.00     0.0285)
                     ( 0.00     0.0633)  ( 0.00     0.0722)  ( 0.00     0.1095)  ( 0.00     0.1217)
                     ( 0.00     0.1418)  ( 0.00     0.1599)  ( 0.00     0.1971)  ( 0.00     0.2183)
 cosmo_calcen: 0.5 (esolb+esolc) (Hartrees) =   -0.111058

 Solvation energy (screening term,uncorrected) =    -69.689706 kcal/mol

 Solvation energy (dispersion and cavitation terms) =      0.686602 kcal/mol
 Solvation Energy Contributions (Hartrees)
          esola   esolb+esolc
     0.11105760   -0.22211521
 esol last cycle   -0.11105760


 Fit test: (difference of exact and fit density, squared integrated, result summed over spins)
         SCF:                                          0.00003628665788

 Gross Charges per Atom (Z minus electrons)
 ==========================================
             1.7252   -0.9364   -0.7671   -0.9224   -0.7680    0.3292    0.3394
 Net Total: -1.00000000



 =================================================================
 M U L T I P O L E   D E R I V E D   C H A R G E   A N A L Y S I S
 =================================================================

 See: M. Swart, P.Th. van Duijnen, J.G. Snijders, J.Comput.Chem., (2001), p. 79-88.

 --------------------------------------- 
 Multipole derived atomic charges (a.u.)
 --------------------------------------- 

        Atom    Level:     MDC-m        MDC-d        MDC-q
 ---------------------------------------------------------
     1     P            1.971405     1.581309     0.751953
     2     O           -1.002874    -0.951101    -0.661540
     3     O           -0.589394    -0.728735    -0.694615
     4     O           -0.997309    -0.961525    -0.618959
     5     O           -0.573843    -0.723557    -0.585275
     6     H            0.097184     0.386826     0.430764
     7     H            0.094831     0.396783     0.377672
 *** Using NEW gradient routines ***


 Geometry CYCLE 13
 ==============

 Energy gradients wrt nuclear displacements
 ==========================================

     Atom      Cartesian (a.u./angstrom)
                 X         Y         Z
 ----------------------------------------
     1 P    -0.027309 -0.026219  0.015002
     2 O     0.016649  0.030079  0.015848
     3 O     0.020261 -0.012503  0.004954
     4 O     0.013099  0.004470 -0.009840
     5 O     0.001177  0.004771 -0.027591
     6 H    -0.012369 -0.003008 -0.012554
     7 H    -0.011507  0.002410  0.014180
 ----------------------------------------
 Interpolation step length   0.124028805710834     

 dE(predicted):    -0.51161E-02, dE(actual):    -0.47147E-02, Trust radius:    0.139318, all in a.u.
 
----------------------------------------------------------------------
Geometry Convergence after Step  13       (Hartree/Angstrom,Angstrom)
----------------------------------------------------------------------
current energy                               -1.71649019 Hartree
energy change                      -0.00471466     0.00100000    F
constrained gradient max            0.03007941     0.00100000    F
constrained gradient rms            0.01605881     0.00066667    F
gradient max                        0.03007941
gradient rms                        0.01605881
cart. step max                      0.05425770     0.01000000    F
cart. step rms                      0.02249427     0.00666667    F
 


 Coordinates (Cartesian)
 =======================

     Atom                    bohr                                 angstrom                 Geometric Variables
                   X           Y           Z              X           Y           Z       (0:frozen, *:LT par.)
 --------------------------------------------------------------------------------------------------------------
     1 P      -1.389120    1.219784   -0.063582      -0.735091    0.645482   -0.033646      1       2       3
     2 O      -2.073092   -0.219108   -2.446144      -1.097033   -0.115947   -1.294444      4       5       6
     3 O      -1.369254    4.284633   -0.798789      -0.724578    2.267330   -0.422701      7       8       9
     4 O      -2.809046    0.835870    2.402629      -1.486483    0.442323    1.271417     10      11      12
     5 O       1.666726    0.795827    0.506304       0.881994    0.421134    0.267924     13      14      15
     6 H      -2.444633    4.458913   -2.289014      -1.293644    2.359555   -1.211294     16      17      18
     7 H       1.842625    0.852297    2.343360       0.975075    0.451016    1.240053     19      20      21
 --------------------------------------------------------------------------------------------------------------

 Number of elements of the density matrix on this node (used, total):       378      6670



 ===========================================
 Numerical Integration : Fuzzy Cells (Becke)
 ===========================================
  
 Becke grid quality: GOOD           
  
 Lebedev angular grid order:             min:  11 max:  35
 Nr. of radial points:                   min:  54 max:  65

 Total nr. of points:      90405
 Nr. of blocks:              707
 Block length:               128
 Nr. of dummy points:         91


 Test of Precision of the Numerical Integration Grid
 ===================================================

 Integral of the Total Core Density:                  10.00000074553721
 Relative Error:                                       7.455E-08


 -------------------------------------------
  COSMO surface
  Area             =          369.894
  Volume           =          579.219
  Number of Points =          923
 -------------------------------------------



 ========================
 Density Fitting (zlmFit)
 ========================
  
 ZlmFit Fit Quality: GOOD           
  
 Max L-expansion:                        min:   7 max:   9
 Nr. of radial interpolation points:     min:  72 max: 114



 =====
 S C F  ***  ScaSCF  ***
 =====
  
 Initial density matrix is taken from previous geometry

 CYCLE    1
 SCF Error: norm([F,P])=      0.147088976045, max([F,P])=      0.037893780127
 orbitals (Q,E):
 ---------------
 A :11...30          ( 2.00    -0.2192)  ( 2.00    -0.2013)  ( 2.00    -0.1619)  ( 2.00    -0.1364)
                     ( 2.00    -0.1230)  ( 2.00    -0.1002)  ( 2.00    -0.0656)  ( 2.00    -0.0498)
                     ( 2.00    -0.0326)  ( 2.00    -0.0183)  ( 0.00     0.1229)  ( 0.00     0.1495)
                     ( 0.00     0.2360)  ( 0.00     0.2383)  ( 0.00     0.2748)  ( 0.00     0.2912)
                     ( 0.00     0.3151)  ( 0.00     0.3243)  ( 0.00     0.3396)  ( 0.00     0.3652)

 CYCLE    2
  SDIIS (wt  0.000):  0.4799  0.5201
 A-DIIS (wt  1.000):  0.0000  1.0000
  DIIS coefficients:  0.0000  1.0000
 SCF Error: norm([F,P])=      0.138660831905, max([F,P])=      0.025947956994
 orbitals (Q,E):
 ---------------
 A :11...21          ( 2.00    -0.4118)  ( 2.00    -0.3807)  ( 2.00    -0.3493)  ( 2.00    -0.3423)
                     ( 2.00    -0.3009)  ( 2.00    -0.2877)  ( 2.00    -0.2815)  ( 2.00    -0.2578)
                     ( 2.00    -0.2449)  ( 2.00    -0.2332)  ( 0.00    -0.0134)

 CYCLE    3
  SDIIS (wt  0.000):  0.2566  0.5348  0.2085
 A-DIIS (wt  1.000):  0.0000  0.6280  0.3720
  DIIS coefficients:  0.0000  0.6280  0.3720
 SCF Error: norm([F,P])=      0.269885258360, max([F,P])=      0.078184194944
 orbitals (Q,E):
 ---------------
 A :11...21          ( 2.00    -0.3991)  ( 2.00    -0.3749)  ( 2.00    -0.3415)  ( 2.00    -0.3233)
                     ( 2.00    -0.2974)  ( 2.00    -0.2799)  ( 2.00    -0.2598)  ( 2.00    -0.2363)
                     ( 2.00    -0.2256)  ( 2.00    -0.2118)  ( 0.00    -0.0116)

 CYCLE    4
  SDIIS (wt  0.806):  0.2288  0.2218  0.5495
 A-DIIS (wt  0.194):  0.0000  0.0541  0.9459
  DIIS coefficients:  0.1844  0.1892  0.6264
 SCF Error: norm([F,P])=      0.076601399217, max([F,P])=      0.020204155070
 orbitals (Q,E):
 ---------------
 A :11...21          ( 2.00    -0.3984)  ( 2.00    -0.3722)  ( 2.00    -0.3398)  ( 2.00    -0.3251)
                     ( 2.00    -0.2939)  ( 2.00    -0.2779)  ( 2.00    -0.2626)  ( 2.00    -0.2385)
                     ( 2.00    -0.2282)  ( 2.00    -0.2151)  ( 0.00    -0.0106)

 CYCLE    5
  SDIIS (wt  0.908):  0.0770  0.0806  0.4121  0.4303
 A-DIIS (wt  0.092):  0.0000  0.0000  0.3172  0.6828
  DIIS coefficients:  0.0700  0.0732  0.4035  0.4534
 SCF Error: norm([F,P])=      0.045172963791, max([F,P])=      0.010064030280
 orbitals (Q,E):
 ---------------
 A :11...21          ( 2.00    -0.3996)  ( 2.00    -0.3747)  ( 2.00    -0.3418)  ( 2.00    -0.3250)
                     ( 2.00    -0.2970)  ( 2.00    -0.2802)  ( 2.00    -0.2621)  ( 2.00    -0.2383)
                     ( 2.00    -0.2281)  ( 2.00    -0.2146)  ( 0.00    -0.0110)

 CYCLE    6
  SDIIS (wt  0.988):  0.0127  0.0098  0.1465  0.2826  0.5483
 A-DIIS (wt  0.012):  0.0000  0.0000  0.0000  0.0000  1.0000
  DIIS coefficients:  0.0126  0.0097  0.1448  0.2793  0.5536
 SCF Error: norm([F,P])=      0.010489576730, max([F,P])=      0.002147426846
 orbitals (Q,E):
 ---------------
 A :11...21          ( 2.00    -0.3994)  ( 2.00    -0.3743)  ( 2.00    -0.3414)  ( 2.00    -0.3250)
                     ( 2.00    -0.2965)  ( 2.00    -0.2797)  ( 2.00    -0.2620)  ( 2.00    -0.2382)
                     ( 2.00    -0.2279)  ( 2.00    -0.2145)  ( 0.00    -0.0108)

 CYCLE    7
  SDIIS (wt  1.000):  0.0006 -0.0007  0.0401  0.1173  0.3087  0.5339
  DIIS coefficients:  0.0006 -0.0007  0.0401  0.1173  0.3087  0.5339
 SCF Error: norm([F,P])=      0.002897459920, max([F,P])=      0.000552360248
 orbitals (Q,E):
 ---------------
 A :11...21          ( 2.00    -0.3993)  ( 2.00    -0.3741)  ( 2.00    -0.3413)  ( 2.00    -0.3248)
                     ( 2.00    -0.2963)  ( 2.00    -0.2796)  ( 2.00    -0.2619)  ( 2.00    -0.2380)
                     ( 2.00    -0.2279)  ( 2.00    -0.2144)  ( 0.00    -0.0107)

 CYCLE    8
  SDIIS (wt  1.000): -0.0007 -0.0009  0.0136  0.0549  0.1611  0.3784  0.3937
  DIIS coefficients: -0.0007 -0.0009  0.0136  0.0549  0.1611  0.3784  0.3937
 SCF Error: norm([F,P])=      0.001518313518, max([F,P])=      0.000360177420
 orbitals (Q,E):
 ---------------
 A :11...21          ( 2.00    -0.3993)  ( 2.00    -0.3742)  ( 2.00    -0.3413)  ( 2.00    -0.3248)
                     ( 2.00    -0.2963)  ( 2.00    -0.2796)  ( 2.00    -0.2619)  ( 2.00    -0.2381)
                     ( 2.00    -0.2278)  ( 2.00    -0.2144)  ( 0.00    -0.0107)

 CYCLE    9
  SDIIS (wt  1.000): -0.0004 -0.0002  0.0005  0.0123  0.0436  0.1409  0.2471  0.5561
  DIIS coefficients: -0.0004 -0.0002  0.0005  0.0123  0.0436  0.1409  0.2471  0.5561
 SCF Error: norm([F,P])=      0.000414423783, max([F,P])=      0.000129028481
 orbitals (Q,E):
 ---------------
 A :11...21          ( 2.00    -0.3993)  ( 2.00    -0.3742)  ( 2.00    -0.3413)  ( 2.00    -0.3249)
                     ( 2.00    -0.2963)  ( 2.00    -0.2796)  ( 2.00    -0.2620)  ( 2.00    -0.2381)
                     ( 2.00    -0.2279)  ( 2.00    -0.2144)  ( 0.00    -0.0107)

 CYCLE   10
  SDIIS (wt  1.000): -0.0001 -0.0000 -0.0001  0.0017  0.0077  0.0242  0.0432  0.1212  0.8021
  DIIS coefficients: -0.0001 -0.0000 -0.0001  0.0017  0.0077  0.0242  0.0432  0.1212  0.8021
 SCF Error: norm([F,P])=      0.000021560710, max([F,P])=      0.000004411362
 orbitals (Q,E):
 ---------------
 A :11...21          ( 2.00    -0.3993)  ( 2.00    -0.3742)  ( 2.00    -0.3413)  ( 2.00    -0.3249)
                     ( 2.00    -0.2963)  ( 2.00    -0.2796)  ( 2.00    -0.2620)  ( 2.00    -0.2381)
                     ( 2.00    -0.2279)  ( 2.00    -0.2144)  ( 0.00    -0.0107)

 CYCLE   11
  SDIIS (wt  1.000): -0.0000 -0.0000 -0.0000  0.0004  0.0021  0.0064  0.0112  0.0358  0.3392  0.6050
  DIIS coefficients: -0.0000 -0.0000 -0.0000  0.0004  0.0021  0.0064  0.0112  0.0358  0.3392  0.6050
 SCF Error: norm([F,P])=      0.000006154632, max([F,P])=      0.000001468880
 orbitals (Q,E):
 ---------------
 A :11...21          ( 2.00    -0.3993)  ( 2.00    -0.3742)  ( 2.00    -0.3413)  ( 2.00    -0.3249)
                     ( 2.00    -0.2963)  ( 2.00    -0.2796)  ( 2.00    -0.2620)  ( 2.00    -0.2381)
                     ( 2.00    -0.2279)  ( 2.00    -0.2144)  ( 0.00    -0.0107)

 CYCLE   12
  SDIIS (wt  1.000):  0.0000 -0.0000  0.0000  0.0004  0.0010  0.0016  0.0082  0.1390  0.4357  0.4140
  DIIS coefficients:  0.0000 -0.0000  0.0000  0.0004  0.0010  0.0016  0.0082  0.1390  0.4357  0.4140
 SCF Error: norm([F,P])=      0.000004351393, max([F,P])=      0.000000973638
 orbitals (Q,E):
 ---------------
 A :11...21          ( 2.00    -0.3993)  ( 2.00    -0.3742)  ( 2.00    -0.3413)  ( 2.00    -0.3249)
                     ( 2.00    -0.2963)  ( 2.00    -0.2796)  ( 2.00    -0.2620)  ( 2.00    -0.2381)
                     ( 2.00    -0.2279)  ( 2.00    -0.2144)  ( 0.00    -0.0107)

 SCF CONVERGED
 cosmo_calcen: 0.5 (esolb+esolc) (Hartrees) =   -0.113209

 Solvation energy (screening term,uncorrected) =    -71.039548 kcal/mol

 Solvation energy (dispersion and cavitation terms) =      0.691674 kcal/mol
 Solvation Energy Contributions (Hartrees)
          esola   esolb+esolc
     0.11320871   -0.22641743
 esol last cycle   -0.11320871

 CYCLE   13
 *** Using FIT density in Focky
  SDIIS (wt  1.000): -0.0000 -0.0000  0.0001  0.0002  0.0003  0.0017  0.0290  0.1015  0.1378  0.7294
  DIIS coefficients: -0.0000 -0.0000  0.0001  0.0002  0.0003  0.0017  0.0290  0.1015  0.1378  0.7294
 SCF Error: norm([F,P])=      0.000000483464, max([F,P])=      0.000000097188
 orbitals (Q,E):
 ---------------
 A :11...30          ( 2.00    -0.3993)  ( 2.00    -0.3742)  ( 2.00    -0.3413)  ( 2.00    -0.3249)
                     ( 2.00    -0.2963)  ( 2.00    -0.2796)  ( 2.00    -0.2620)  ( 2.00    -0.2381)
                     ( 2.00    -0.2279)  ( 2.00    -0.2144)  ( 0.00    -0.0107)  ( 0.00     0.0283)
                     ( 0.00     0.0644)  ( 0.00     0.0719)  ( 0.00     0.1096)  ( 0.00     0.1212)
                     ( 0.00     0.1406)  ( 0.00     0.1496)  ( 0.00     0.1815)  ( 0.00     0.2243)
 cosmo_calcen: 0.5 (esolb+esolc) (Hartrees) =   -0.113209

 Solvation energy (screening term,uncorrected) =    -71.039545 kcal/mol

 Solvation energy (dispersion and cavitation terms) =      0.691674 kcal/mol
 Solvation Energy Contributions (Hartrees)
          esola   esolb+esolc
     0.11320871   -0.22641742
 esol last cycle   -0.11320871


 Fit test: (difference of exact and fit density, squared integrated, result summed over spins)
         SCF:                                          0.00003541634699

 Gross Charges per Atom (Z minus electrons)
 ==========================================
             1.7091   -0.9356   -0.7613   -0.9305   -0.7645    0.3362    0.3466
 Net Total: -1.00000000



 =================================================================
 M U L T I P O L E   D E R I V E D   C H A R G E   A N A L Y S I S
 =================================================================

 See: M. Swart, P.Th. van Duijnen, J.G. Snijders, J.Comput.Chem., (2001), p. 79-88.

 --------------------------------------- 
 Multipole derived atomic charges (a.u.)
 --------------------------------------- 

        Atom    Level:     MDC-m        MDC-d        MDC-q
 ---------------------------------------------------------
     1     P            1.969989     1.583232     0.340190
     2     O           -1.005908    -0.950193    -0.548133
     3     O           -0.579745    -0.729439    -0.599751
     4     O           -1.008869    -0.966290    -0.523054
     5     O           -0.570717    -0.734893    -0.514618
     6     H            0.096940     0.391088     0.442439
     7     H            0.098310     0.406495     0.402927
 *** Using NEW gradient routines ***


 Geometry CYCLE 14
 ==============

 Energy gradients wrt nuclear displacements
 ==========================================

     Atom      Cartesian (a.u./angstrom)
                 X         Y         Z
 ----------------------------------------
     1 P     0.003699  0.001093  0.001866
     2 O    -0.002039 -0.000845 -0.007262
     3 O     0.000788  0.004058 -0.004606
     4 O    -0.004959 -0.001459  0.008516
     5 O     0.007488 -0.000855  0.001477
     6 H    -0.000097 -0.002771  0.002925
     7 H    -0.004880  0.000779 -0.002917
 ----------------------------------------

 dE(predicted):    -0.18302E-02, dE(actual):    -0.23988E-02, Trust radius:    0.278636, all in a.u.
 
----------------------------------------------------------------------
Geometry Convergence after Step  14       (Hartree/Angstrom,Angstrom)
----------------------------------------------------------------------
current energy                               -1.71888899 Hartree
energy change                      -0.00239880     0.00100000    F
constrained gradient max            0.00851585     0.00100000    F
constrained gradient rms            0.00391374     0.00066667    F
gradient max                        0.00851585
gradient rms                        0.00391374
cart. step max                      0.03470851     0.01000000    F
cart. step rms                      0.01332245     0.00666667    F
 


 Coordinates (Cartesian)
 =======================

     Atom                    bohr                                 angstrom                 Geometric Variables
                   X           Y           Z              X           Y           Z       (0:frozen, *:LT par.)
 --------------------------------------------------------------------------------------------------------------
     1 P      -1.410561    1.207361   -0.066281      -0.746437    0.638908   -0.035075      1       2       3
     2 O      -2.085668   -0.246128   -2.431458      -1.103688   -0.130245   -1.286672      4       5       6
     3 O      -1.396155    4.270331   -0.776423      -0.738814    2.259762   -0.410865      7       8       9
     4 O      -2.827965    0.827268    2.385076      -1.496495    0.437772    1.262128     10      11      12
     5 O       1.638891    0.821649    0.512724       0.867264    0.434798    0.271322     13      14      15
     6 H      -2.402549    4.496334   -2.310366      -1.271374    2.379357   -1.222593     16      17      18
     7 H       1.908214    0.851401    2.341491       1.009784    0.450542    1.239064     19      20      21
 --------------------------------------------------------------------------------------------------------------

 Number of elements of the density matrix on this node (used, total):       378      6670



 ===========================================
 Numerical Integration : Fuzzy Cells (Becke)
 ===========================================
  
 Becke grid quality: GOOD           
  
 Lebedev angular grid order:             min:  11 max:  35
 Nr. of radial points:                   min:  54 max:  65

 Total nr. of points:      90406
 Nr. of blocks:              707
 Block length:               128
 Nr. of dummy points:         90


 Test of Precision of the Numerical Integration Grid
 ===================================================

 Integral of the Total Core Density:                  10.00000187031062
 Relative Error:                                       1.870E-07


 -------------------------------------------
  COSMO surface
  Area             =          369.436
  Volume           =          577.962
  Number of Points =          923
 -------------------------------------------



 ========================
 Density Fitting (zlmFit)
 ========================
  
 ZlmFit Fit Quality: GOOD           
  
 Max L-expansion:                        min:   7 max:   9
 Nr. of radial interpolation points:     min:  72 max: 114



 =====
 S C F  ***  ScaSCF  ***
 =====
  
 Initial density matrix is taken from previous geometry

 CYCLE    1
 SCF Error: norm([F,P])=      0.101732284751, max([F,P])=      0.015970447957
 orbitals (Q,E):
 ---------------
 A :11...30          ( 2.00    -0.2111)  ( 2.00    -0.1945)  ( 2.00    -0.1553)  ( 2.00    -0.1304)
                     ( 2.00    -0.1183)  ( 2.00    -0.0942)  ( 2.00    -0.0566)  ( 2.00    -0.0420)
                     ( 2.00    -0.0229)  ( 2.00    -0.0086)  ( 0.00     0.1241)  ( 0.00     0.1494)
                     ( 0.00     0.2410)  ( 0.00     0.2423)  ( 0.00     0.2787)  ( 0.00     0.3027)
                     ( 0.00     0.3237)  ( 0.00     0.3347)  ( 0.00     0.3413)  ( 0.00     0.3720)

 CYCLE    2
  SDIIS (wt  0.000):  0.6130  0.3870
 A-DIIS (wt  1.000):  0.8586  0.1414
  DIIS coefficients:  0.8586  0.1414
 SCF Error: norm([F,P])=      0.150885441331, max([F,P])=      0.025325815374
 orbitals (Q,E):
 ---------------
 A :11...21          ( 2.00    -0.2380)  ( 2.00    -0.2197)  ( 2.00    -0.1827)  ( 2.00    -0.1591)
                     ( 2.00    -0.1446)  ( 2.00    -0.1226)  ( 2.00    -0.0893)  ( 2.00    -0.0727)
                     ( 2.00    -0.0557)  ( 2.00    -0.0416)  ( 0.00     0.1055)

 CYCLE    3
  SDIIS (wt  0.000):  0.4228 -0.3912  0.9684
 A-DIIS (wt  1.000):  0.8132  0.0000  0.1868
  DIIS coefficients:  0.8132  0.0000  0.1868
 SCF Error: norm([F,P])=      0.100762419270, max([F,P])=      0.018104606921
 orbitals (Q,E):
 ---------------
 A :11...21          ( 2.00    -0.2461)  ( 2.00    -0.2277)  ( 2.00    -0.1909)  ( 2.00    -0.1673)
                     ( 2.00    -0.1526)  ( 2.00    -0.1308)  ( 2.00    -0.0977)  ( 2.00    -0.0810)
                     ( 2.00    -0.0640)  ( 2.00    -0.0500)  ( 0.00     0.0995)

 CYCLE    4
  SDIIS (wt  0.839): -1.5191 -0.4809  3.0000
 A-DIIS (wt  0.161):  0.0000  0.0000  1.0000
  DIIS coefficients: -1.2744 -0.4034  2.6778
 SCF Error: norm([F,P])=      0.099922779957, max([F,P])=      0.016946472722
 orbitals (Q,E):
 ---------------
 A :11...21          ( 2.00    -0.3983)  ( 2.00    -0.3722)  ( 2.00    -0.3399)  ( 2.00    -0.3257)
                     ( 2.00    -0.2967)  ( 2.00    -0.2795)  ( 2.00    -0.2647)  ( 2.00    -0.2395)
                     ( 2.00    -0.2293)  ( 2.00    -0.2163)  ( 0.00    -0.0111)

 CYCLE    5
  SDIIS (wt  0.958):  0.3391  0.5319 -0.8215  0.9505
 A-DIIS (wt  0.042):  0.0000  0.0000  0.0000  1.0000
  DIIS coefficients:  0.3250  0.5097 -0.7872  0.9526
 SCF Error: norm([F,P])=      0.026320357508, max([F,P])=      0.005131265379
 orbitals (Q,E):
 ---------------
 A :11...21          ( 2.00    -0.3969)  ( 2.00    -0.3720)  ( 2.00    -0.3396)  ( 2.00    -0.3238)
                     ( 2.00    -0.2969)  ( 2.00    -0.2792)  ( 2.00    -0.2624)  ( 2.00    -0.2382)
                     ( 2.00    -0.2274)  ( 2.00    -0.2143)  ( 0.00    -0.0107)

 CYCLE    6
  SDIIS (wt  0.987):  0.4844  0.7560 -1.3544  0.5922  0.5219
 A-DIIS (wt  0.013):  0.0000  0.0000  0.0000  0.0000  1.0000
  DIIS coefficients:  0.4778  0.7458 -1.3361  0.5842  0.5283
 SCF Error: norm([F,P])=      0.013291952043, max([F,P])=      0.002336463359
 orbitals (Q,E):
 ---------------
 A :11...21          ( 2.00    -0.3969)  ( 2.00    -0.3718)  ( 2.00    -0.3394)  ( 2.00    -0.3238)
                     ( 2.00    -0.2965)  ( 2.00    -0.2789)  ( 2.00    -0.2625)  ( 2.00    -0.2380)
                     ( 2.00    -0.2273)  ( 2.00    -0.2142)  ( 0.00    -0.0105)

 CYCLE    7
  SDIIS (wt  1.000):  0.1101  0.1449 -0.2901  0.0933  0.2443  0.6975
  DIIS coefficients:  0.1101  0.1449 -0.2901  0.0933  0.2443  0.6975
 SCF Error: norm([F,P])=      0.003812949792, max([F,P])=      0.000562521919
 orbitals (Q,E):
 ---------------
 A :11...21          ( 2.00    -0.3967)  ( 2.00    -0.3716)  ( 2.00    -0.3392)  ( 2.00    -0.3236)
                     ( 2.00    -0.2964)  ( 2.00    -0.2788)  ( 2.00    -0.2622)  ( 2.00    -0.2378)
                     ( 2.00    -0.2270)  ( 2.00    -0.2140)  ( 0.00    -0.0104)

 CYCLE    8
  SDIIS (wt  1.000):  0.0024  0.0077 -0.0117  0.0039  0.0597  0.2441  0.6938
  DIIS coefficients:  0.0024  0.0077 -0.0117  0.0039  0.0597  0.2441  0.6938
 SCF Error: norm([F,P])=      0.000774925847, max([F,P])=      0.000210782628
 orbitals (Q,E):
 ---------------
 A :11...21          ( 2.00    -0.3968)  ( 2.00    -0.3717)  ( 2.00    -0.3392)  ( 2.00    -0.3236)
                     ( 2.00    -0.2964)  ( 2.00    -0.2788)  ( 2.00    -0.2623)  ( 2.00    -0.2378)
                     ( 2.00    -0.2271)  ( 2.00    -0.2140)  ( 0.00    -0.0104)

 CYCLE    9
  SDIIS (wt  1.000): -0.0048 -0.0013  0.0070 -0.0023  0.0309  0.1391  0.5103  0.3212
  DIIS coefficients: -0.0048 -0.0013  0.0070 -0.0023  0.0309  0.1391  0.5103  0.3212
 SCF Error: norm([F,P])=      0.000634765531, max([F,P])=      0.000143914439
 orbitals (Q,E):
 ---------------
 A :11...21          ( 2.00    -0.3968)  ( 2.00    -0.3717)  ( 2.00    -0.3392)  ( 2.00    -0.3237)
                     ( 2.00    -0.2964)  ( 2.00    -0.2788)  ( 2.00    -0.2623)  ( 2.00    -0.2378)
                     ( 2.00    -0.2271)  ( 2.00    -0.2140)  ( 0.00    -0.0104)

 CYCLE   10
  SDIIS (wt  1.000): -0.0023 -0.0002  0.0030 -0.0010  0.0083  0.0315  0.1265  0.1197  0.7144
  DIIS coefficients: -0.0023 -0.0002  0.0030 -0.0010  0.0083  0.0315  0.1265  0.1197  0.7144
 SCF Error: norm([F,P])=      0.000076941778, max([F,P])=      0.000023485999
 orbitals (Q,E):
 ---------------
 A :11...21          ( 2.00    -0.3968)  ( 2.00    -0.3717)  ( 2.00    -0.3392)  ( 2.00    -0.3237)
                     ( 2.00    -0.2964)  ( 2.00    -0.2788)  ( 2.00    -0.2623)  ( 2.00    -0.2378)
                     ( 2.00    -0.2271)  ( 2.00    -0.2140)  ( 0.00    -0.0104)

 CYCLE   11
  SDIIS (wt  1.000): -0.0011  0.0004  0.0009 -0.0004  0.0033  0.0097  0.0417  0.0543  0.5069  0.3844
  DIIS coefficients: -0.0011  0.0004  0.0009 -0.0004  0.0033  0.0097  0.0417  0.0543  0.5069  0.3844
 SCF Error: norm([F,P])=      0.000048850073, max([F,P])=      0.000010010121
 orbitals (Q,E):
 ---------------
 A :11...21          ( 2.00    -0.3968)  ( 2.00    -0.3717)  ( 2.00    -0.3392)  ( 2.00    -0.3237)
                     ( 2.00    -0.2964)  ( 2.00    -0.2788)  ( 2.00    -0.2623)  ( 2.00    -0.2378)
                     ( 2.00    -0.2271)  ( 2.00    -0.2140)  ( 0.00    -0.0104)

 CYCLE   12
  SDIIS (wt  1.000):  0.0006 -0.0006  0.0000  0.0006  0.0011  0.0041  0.0094  0.1293  0.1628  0.6926
  DIIS coefficients:  0.0006 -0.0006  0.0000  0.0006  0.0011  0.0041  0.0094  0.1293  0.1628  0.6926
 SCF Error: norm([F,P])=      0.000006646421, max([F,P])=      0.000001427685
 orbitals (Q,E):
 ---------------
 A :11...21          ( 2.00    -0.3968)  ( 2.00    -0.3717)  ( 2.00    -0.3392)  ( 2.00    -0.3237)
                     ( 2.00    -0.2964)  ( 2.00    -0.2788)  ( 2.00    -0.2623)  ( 2.00    -0.2378)
                     ( 2.00    -0.2271)  ( 2.00    -0.2140)  ( 0.00    -0.0104)

 CYCLE   13
  SDIIS (wt  1.000): -0.0000 -0.0000 -0.0001  0.0001  0.0006 -0.0000 -0.0065 -0.0005  0.0423  0.9641
  DIIS coefficients: -0.0000 -0.0000 -0.0001  0.0001  0.0006 -0.0000 -0.0065 -0.0005  0.0423  0.9641
 SCF Error: norm([F,P])=      0.000001129812, max([F,P])=      0.000000239013
 orbitals (Q,E):
 ---------------
 A :11...21          ( 2.00    -0.3968)  ( 2.00    -0.3717)  ( 2.00    -0.3392)  ( 2.00    -0.3237)
                     ( 2.00    -0.2964)  ( 2.00    -0.2788)  ( 2.00    -0.2623)  ( 2.00    -0.2378)
                     ( 2.00    -0.2271)  ( 2.00    -0.2140)  ( 0.00    -0.0104)

 SCF CONVERGED
 cosmo_calcen: 0.5 (esolb+esolc) (Hartrees) =   -0.114193

 Solvation energy (screening term,uncorrected) =    -71.657054 kcal/mol

 Solvation energy (dispersion and cavitation terms) =      0.690816 kcal/mol
 Solvation Energy Contributions (Hartrees)
          esola   esolb+esolc
     0.11419277   -0.22838554
 esol last cycle   -0.11419277

 CYCLE   14
 *** Using FIT density in Focky
  SDIIS (wt  1.000):  0.0000  0.0000  0.0000  0.0001  0.0003  0.0049  0.0091  0.0554  0.3970  0.5331
  DIIS coefficients:  0.0000  0.0000  0.0000  0.0001  0.0003  0.0049  0.0091  0.0554  0.3970  0.5331
 SCF Error: norm([F,P])=      0.000000912785, max([F,P])=      0.000000196759
 orbitals (Q,E):
 ---------------
 A :11...30          ( 2.00    -0.3968)  ( 2.00    -0.3717)  ( 2.00    -0.3392)  ( 2.00    -0.3237)
                     ( 2.00    -0.2964)  ( 2.00    -0.2788)  ( 2.00    -0.2623)  ( 2.00    -0.2378)
                     ( 2.00    -0.2271)  ( 2.00    -0.2140)  ( 0.00    -0.0104)  ( 0.00     0.0276)
                     ( 0.00     0.0648)  ( 0.00     0.0721)  ( 0.00     0.1096)  ( 0.00     0.1256)
                     ( 0.00     0.1424)  ( 0.00     0.1533)  ( 0.00     0.1804)  ( 0.00     0.2270)
 cosmo_calcen: 0.5 (esolb+esolc) (Hartrees) =   -0.114193

 Solvation energy (screening term,uncorrected) =    -71.657053 kcal/mol

 Solvation energy (dispersion and cavitation terms) =      0.690816 kcal/mol
 Solvation Energy Contributions (Hartrees)
          esola   esolb+esolc
     0.11419277   -0.22838554
 esol last cycle   -0.11419277


 Fit test: (difference of exact and fit density, squared integrated, result summed over spins)
         SCF:                                          0.00003552263265

 Gross Charges per Atom (Z minus electrons)
 ==========================================
             1.7162   -0.9353   -0.7612   -0.9337   -0.7635    0.3341    0.3435
 Net Total: -1.00000000



 =================================================================
 M U L T I P O L E   D E R I V E D   C H A R G E   A N A L Y S I S
 =================================================================

 See: M. Swart, P.Th. van Duijnen, J.G. Snijders, J.Comput.Chem., (2001), p. 79-88.

 --------------------------------------- 
 Multipole derived atomic charges (a.u.)
 --------------------------------------- 

        Atom    Level:     MDC-m        MDC-d        MDC-q
 ---------------------------------------------------------
     1     P            1.973585     1.594984     0.322206
     2     O           -1.006406    -0.951439    -0.534890
     3     O           -0.581717    -0.732089    -0.610122
     4     O           -1.012846    -0.970399    -0.518507
     5     O           -0.576711    -0.747037    -0.528066
     6     H            0.099643     0.392420     0.454487
     7     H            0.104451     0.413561     0.414893
 *** Using NEW gradient routines ***


 Geometry CYCLE 15
 ==============

 Energy gradients wrt nuclear displacements
 ==========================================

     Atom      Cartesian (a.u./angstrom)
                 X         Y         Z
 ----------------------------------------
     1 P    -0.001745 -0.004869 -0.001803
     2 O    -0.002187  0.001571  0.000641
     3 O     0.002622 -0.000998  0.000864
     4 O     0.003273  0.001336 -0.003875
     5 O    -0.002880  0.003069  0.003050
     6 H    -0.001386  0.000077 -0.000051
     7 H     0.002303 -0.000186  0.001174
 ----------------------------------------

 dE(predicted):    -0.39002E-03, dE(actual):    -0.19187E-03, Trust radius:    0.278636, all in a.u.
 
----------------------------------------------------------------------
Geometry Convergence after Step  15       (Hartree/Angstrom,Angstrom)
----------------------------------------------------------------------
current energy                               -1.71908086 Hartree
energy change                      -0.00019187     0.00100000    T
constrained gradient max            0.00486943     0.00100000    F
constrained gradient rms            0.00228307     0.00066667    F
gradient max                        0.00486943
gradient rms                        0.00228307
cart. step max                      0.01459074     0.01000000    F
cart. step rms                      0.00703048     0.00666667    F
 


 Coordinates (Cartesian)
 =======================

     Atom                    bohr                                 angstrom                 Geometric Variables
                   X           Y           Z              X           Y           Z       (0:frozen, *:LT par.)
 --------------------------------------------------------------------------------------------------------------
     1 P      -1.414549    1.220712   -0.050887      -0.748547    0.645973   -0.026928      1       2       3
     2 O      -2.076153   -0.235311   -2.421335      -1.098653   -0.124521   -1.281315      4       5       6
     3 O      -1.418645    4.280801   -0.778082      -0.750715    2.265302   -0.411743      7       8       9
     4 O      -2.834154    0.808856    2.402733      -1.499770    0.428028    1.271472     10      11      12
     5 O       1.637357    0.828008    0.507173       0.866452    0.438163    0.268385     13      14      15
     6 H      -2.384030    4.492725   -2.337938      -1.261574    2.377448   -1.237184     16      17      18
     7 H       1.914380    0.832425    2.333100       1.013046    0.440501    1.234623     19      20      21
 --------------------------------------------------------------------------------------------------------------

 Number of elements of the density matrix on this node (used, total):       378      6670



 ===========================================
 Numerical Integration : Fuzzy Cells (Becke)
 ===========================================
  
 Becke grid quality: GOOD           
  
 Lebedev angular grid order:             min:  11 max:  35
 Nr. of radial points:                   min:  54 max:  65

 Total nr. of points:      90408
 Nr. of blocks:              707
 Block length:               128
 Nr. of dummy points:         88


 Test of Precision of the Numerical Integration Grid
 ===================================================

 Integral of the Total Core Density:                  10.00000181785579
 Relative Error:                                       1.818E-07


 -------------------------------------------
  COSMO surface
  Area             =          370.183
  Volume           =          578.902
  Number of Points =          930
 -------------------------------------------



 ========================
 Density Fitting (zlmFit)
 ========================
  
 ZlmFit Fit Quality: GOOD           
  
 Max L-expansion:                        min:   7 max:   9
 Nr. of radial interpolation points:     min:  72 max: 114



 =====
 S C F  ***  ScaSCF  ***
 =====
  
 Initial density matrix is taken from previous geometry

 CYCLE    1
 SCF Error: norm([F,P])=      0.090241950876, max([F,P])=      0.015046683540
 orbitals (Q,E):
 ---------------
 A :11...30          ( 2.00    -0.2118)  ( 2.00    -0.1952)  ( 2.00    -0.1568)  ( 2.00    -0.1310)
                     ( 2.00    -0.1194)  ( 2.00    -0.0953)  ( 2.00    -0.0584)  ( 2.00    -0.0432)
                     ( 2.00    -0.0246)  ( 2.00    -0.0104)  ( 0.00     0.1237)  ( 0.00     0.1490)
                     ( 0.00     0.2402)  ( 0.00     0.2416)  ( 0.00     0.2776)  ( 0.00     0.2992)
                     ( 0.00     0.3206)  ( 0.00     0.3328)  ( 0.00     0.3399)  ( 0.00     0.3713)

 CYCLE    2
  SDIIS (wt  0.000):  0.6377  0.3623
 A-DIIS (wt  1.000):  0.5919  0.4081
  DIIS coefficients:  0.5919  0.4081
 SCF Error: norm([F,P])=      0.149334512590, max([F,P])=      0.024634144671
 orbitals (Q,E):
 ---------------
 A :11...21          ( 2.00    -0.2909)  ( 2.00    -0.2689)  ( 2.00    -0.2355)  ( 2.00    -0.2152)
                     ( 2.00    -0.1951)  ( 2.00    -0.1751)  ( 2.00    -0.1513)  ( 2.00    -0.1301)
                     ( 2.00    -0.1182)  ( 2.00    -0.1043)  ( 0.00     0.0695)

 CYCLE    3
  SDIIS (wt  0.000):  0.4598  0.2407  0.2995
 A-DIIS (wt  1.000):  0.1137  0.0000  0.8863
  DIIS coefficients:  0.1137  0.0000  0.8863
 SCF Error: norm([F,P])=      0.080023360289, max([F,P])=      0.018423663666
 orbitals (Q,E):
 ---------------
 A :11...21          ( 2.00    -0.3738)  ( 2.00    -0.3520)  ( 2.00    -0.3185)  ( 2.00    -0.2976)
                     ( 2.00    -0.2776)  ( 2.00    -0.2577)  ( 2.00    -0.2338)  ( 2.00    -0.2118)
                     ( 2.00    -0.1983)  ( 2.00    -0.1849)  ( 0.00     0.0050)

 CYCLE    4
  SDIIS (wt  0.000): -0.2135  0.6903  0.5232
 A-DIIS (wt  1.000):  0.0000  0.5962  0.4038
  DIIS coefficients:  0.0000  0.5962  0.4038
 SCF Error: norm([F,P])=      0.125879163560, max([F,P])=      0.028610626704
 orbitals (Q,E):
 ---------------
 A :11...21          ( 2.00    -0.3979)  ( 2.00    -0.3715)  ( 2.00    -0.3396)  ( 2.00    -0.3251)
                     ( 2.00    -0.2962)  ( 2.00    -0.2788)  ( 2.00    -0.2649)  ( 2.00    -0.2384)
                     ( 2.00    -0.2305)  ( 2.00    -0.2171)  ( 0.00    -0.0108)

 CYCLE    5
  SDIIS (wt  0.891):  0.0268  0.0477  0.2593  0.6662
 A-DIIS (wt  0.109):  0.0000  0.0000  0.1971  0.8029
  DIIS coefficients:  0.0239  0.0425  0.2526  0.6811
 SCF Error: norm([F,P])=      0.049358914824, max([F,P])=      0.011778301386
 orbitals (Q,E):
 ---------------
 A :11...21          ( 2.00    -0.3969)  ( 2.00    -0.3724)  ( 2.00    -0.3402)  ( 2.00    -0.3230)
                     ( 2.00    -0.2978)  ( 2.00    -0.2794)  ( 2.00    -0.2619)  ( 2.00    -0.2371)
                     ( 2.00    -0.2272)  ( 2.00    -0.2140)  ( 0.00    -0.0107)

 CYCLE    6
  SDIIS (wt  0.985):  0.0489 -0.0665  0.0717  0.4211  0.5247
 A-DIIS (wt  0.015):  0.0000  0.0000  0.0000  0.0000  1.0000
  DIIS coefficients:  0.0482 -0.0655  0.0707  0.4150  0.5316
 SCF Error: norm([F,P])=      0.010932156569, max([F,P])=      0.002446026061
 orbitals (Q,E):
 ---------------
 A :11...21          ( 2.00    -0.3968)  ( 2.00    -0.3720)  ( 2.00    -0.3398)  ( 2.00    -0.3231)
                     ( 2.00    -0.2972)  ( 2.00    -0.2790)  ( 2.00    -0.2621)  ( 2.00    -0.2369)
                     ( 2.00    -0.2275)  ( 2.00    -0.2141)  ( 0.00    -0.0105)

 CYCLE    7
  SDIIS (wt  1.000):  0.0232 -0.0410  0.0018  0.1400  0.2913  0.5847
  DIIS coefficients:  0.0232 -0.0410  0.0018  0.1400  0.2913  0.5847
 SCF Error: norm([F,P])=      0.003158781962, max([F,P])=      0.000403317996
 orbitals (Q,E):
 ---------------
 A :11...21          ( 2.00    -0.3967)  ( 2.00    -0.3719)  ( 2.00    -0.3397)  ( 2.00    -0.3229)
                     ( 2.00    -0.2971)  ( 2.00    -0.2789)  ( 2.00    -0.2619)  ( 2.00    -0.2368)
                     ( 2.00    -0.2272)  ( 2.00    -0.2139)  ( 0.00    -0.0104)

 CYCLE    8
  SDIIS (wt  1.000):  0.0107 -0.0193 -0.0029  0.0596  0.1380  0.3405  0.4734
  DIIS coefficients:  0.0107 -0.0193 -0.0029  0.0596  0.1380  0.3405  0.4734
 SCF Error: norm([F,P])=      0.001043258235, max([F,P])=      0.000318067761
 orbitals (Q,E):
 ---------------
 A :11...21          ( 2.00    -0.3967)  ( 2.00    -0.3719)  ( 2.00    -0.3397)  ( 2.00    -0.3229)
                     ( 2.00    -0.2971)  ( 2.00    -0.2789)  ( 2.00    -0.2619)  ( 2.00    -0.2368)
                     ( 2.00    -0.2273)  ( 2.00    -0.2140)  ( 0.00    -0.0104)

 CYCLE    9
  SDIIS (wt  1.000):  0.0025 -0.0045 -0.0030  0.0115  0.0352  0.1241  0.3773  0.4569
  DIIS coefficients:  0.0025 -0.0045 -0.0030  0.0115  0.0352  0.1241  0.3773  0.4569
 SCF Error: norm([F,P])=      0.000620030854, max([F,P])=      0.000172028683
 orbitals (Q,E):
 ---------------
 A :11...21          ( 2.00    -0.3967)  ( 2.00    -0.3719)  ( 2.00    -0.3397)  ( 2.00    -0.3229)
                     ( 2.00    -0.2971)  ( 2.00    -0.2789)  ( 2.00    -0.2620)  ( 2.00    -0.2368)
                     ( 2.00    -0.2273)  ( 2.00    -0.2140)  ( 0.00    -0.0104)

 CYCLE   10
  SDIIS (wt  1.000):  0.0006 -0.0011 -0.0009  0.0028  0.0102  0.0360  0.1192  0.1589  0.6743
  DIIS coefficients:  0.0006 -0.0011 -0.0009  0.0028  0.0102  0.0360  0.1192  0.1589  0.6743
 SCF Error: norm([F,P])=      0.000036143051, max([F,P])=      0.000009406679
 orbitals (Q,E):
 ---------------
 A :11...21          ( 2.00    -0.3967)  ( 2.00    -0.3719)  ( 2.00    -0.3397)  ( 2.00    -0.3229)
                     ( 2.00    -0.2971)  ( 2.00    -0.2789)  ( 2.00    -0.2620)  ( 2.00    -0.2368)
                     ( 2.00    -0.2273)  ( 2.00    -0.2140)  ( 0.00    -0.0104)

 CYCLE   11
  SDIIS (wt  1.000):  0.0001 -0.0002 -0.0003  0.0005  0.0031  0.0107  0.0394  0.0589  0.4880  0.3997
  DIIS coefficients:  0.0001 -0.0002 -0.0003  0.0005  0.0031  0.0107  0.0394  0.0589  0.4880  0.3997
 SCF Error: norm([F,P])=      0.000031145399, max([F,P])=      0.000007978660
 orbitals (Q,E):
 ---------------
 A :11...21          ( 2.00    -0.3967)  ( 2.00    -0.3719)  ( 2.00    -0.3397)  ( 2.00    -0.3229)
                     ( 2.00    -0.2971)  ( 2.00    -0.2789)  ( 2.00    -0.2620)  ( 2.00    -0.2368)
                     ( 2.00    -0.2273)  ( 2.00    -0.2140)  ( 0.00    -0.0104)

 CYCLE   12
  SDIIS (wt  1.000): -0.0000 -0.0000  0.0000  0.0006  0.0019  0.0074  0.0123  0.1429  0.1553  0.6798
  DIIS coefficients: -0.0000 -0.0000  0.0000  0.0006  0.0019  0.0074  0.0123  0.1429  0.1553  0.6798
 SCF Error: norm([F,P])=      0.000003277061, max([F,P])=      0.000000703481
 orbitals (Q,E):
 ---------------
 A :11...21          ( 2.00    -0.3967)  ( 2.00    -0.3719)  ( 2.00    -0.3397)  ( 2.00    -0.3229)
                     ( 2.00    -0.2971)  ( 2.00    -0.2789)  ( 2.00    -0.2620)  ( 2.00    -0.2368)
                     ( 2.00    -0.2273)  ( 2.00    -0.2140)  ( 0.00    -0.0104)

 SCF CONVERGED
 cosmo_calcen: 0.5 (esolb+esolc) (Hartrees) =   -0.114353

 Solvation energy (screening term,uncorrected) =    -71.757345 kcal/mol

 Solvation energy (dispersion and cavitation terms) =      0.692213 kcal/mol
 Solvation Energy Contributions (Hartrees)
          esola   esolb+esolc
     0.11435260   -0.22870519
 esol last cycle   -0.11435260

 CYCLE   13
 *** Using FIT density in Focky
  SDIIS (wt  1.000): -0.0000  0.0000  0.0001  0.0003  0.0009  0.0014  0.0171  0.0206  0.1170  0.8427
  DIIS coefficients: -0.0000  0.0000  0.0001  0.0003  0.0009  0.0014  0.0171  0.0206  0.1170  0.8427
 SCF Error: norm([F,P])=      0.000000229340, max([F,P])=      0.000000035999
 orbitals (Q,E):
 ---------------
 A :11...30          ( 2.00    -0.3967)  ( 2.00    -0.3719)  ( 2.00    -0.3397)  ( 2.00    -0.3229)
                     ( 2.00    -0.2971)  ( 2.00    -0.2789)  ( 2.00    -0.2620)  ( 2.00    -0.2368)
                     ( 2.00    -0.2273)  ( 2.00    -0.2140)  ( 0.00    -0.0104)  ( 0.00     0.0277)
                     ( 0.00     0.0649)  ( 0.00     0.0721)  ( 0.00     0.1093)  ( 0.00     0.1242)
                     ( 0.00     0.1431)  ( 0.00     0.1515)  ( 0.00     0.1798)  ( 0.00     0.2273)
 cosmo_calcen: 0.5 (esolb+esolc) (Hartrees) =   -0.114353

 Solvation energy (screening term,uncorrected) =    -71.757345 kcal/mol

 Solvation energy (dispersion and cavitation terms) =      0.692213 kcal/mol
 Solvation Energy Contributions (Hartrees)
          esola   esolb+esolc
     0.11435260   -0.22870519
 esol last cycle   -0.11435260


 Fit test: (difference of exact and fit density, squared integrated, result summed over spins)
         SCF:                                          0.00003544862134

 Gross Charges per Atom (Z minus electrons)
 ==========================================
             1.7151   -0.9377   -0.7608   -0.9329   -0.7622    0.3352    0.3432
 Net Total: -1.00000000



 =================================================================
 M U L T I P O L E   D E R I V E D   C H A R G E   A N A L Y S I S
 =================================================================

 See: M. Swart, P.Th. van Duijnen, J.G. Snijders, J.Comput.Chem., (2001), p. 79-88.

 --------------------------------------- 
 Multipole derived atomic charges (a.u.)
 --------------------------------------- 

        Atom    Level:     MDC-m        MDC-d        MDC-q
 ---------------------------------------------------------
     1     P            1.973156     1.593451     0.324730
     2     O           -1.008333    -0.954028    -0.536227
     3     O           -0.581518    -0.736251    -0.597726
     4     O           -1.011893    -0.968583    -0.517426
     5     O           -0.575453    -0.741640    -0.542584
     6     H            0.100470     0.395752     0.447148
     7     H            0.103571     0.411300     0.422085
 *** Using NEW gradient routines ***


 Geometry CYCLE 16
 ==============

 Energy gradients wrt nuclear displacements
 ==========================================

     Atom      Cartesian (a.u./angstrom)
                 X         Y         Z
 ----------------------------------------
     1 P     0.001909  0.000746 -0.000253
     2 O    -0.000648  0.000848 -0.000247
     3 O     0.001381 -0.000342 -0.004566
     4 O    -0.001695 -0.002940  0.002519
     5 O    -0.001947  0.001085  0.002203
     6 H    -0.000431  0.000992  0.001115
     7 H     0.001431 -0.000389 -0.000771
 ----------------------------------------

 dE(predicted):    -0.62292E-04, dE(actual):    -0.52660E-04, Trust radius:    0.278636, all in a.u.
 
----------------------------------------------------------------------
Geometry Convergence after Step  16       (Hartree/Angstrom,Angstrom)
----------------------------------------------------------------------
current energy                               -1.71913352 Hartree
energy change                      -0.00005266     0.00100000    T
constrained gradient max            0.00456552     0.00100000    F
constrained gradient rms            0.00170744     0.00066667    F
gradient max                        0.00456552
gradient rms                        0.00170744
cart. step max                      0.01427445     0.01000000    F
cart. step rms                      0.00542417     0.00666667    T
 


 Coordinates (Cartesian)
 =======================

     Atom                    bohr                                 angstrom                 Geometric Variables
                   X           Y           Z              X           Y           Z       (0:frozen, *:LT par.)
 --------------------------------------------------------------------------------------------------------------
     1 P      -1.416516    1.218689   -0.048378      -0.749588    0.644903   -0.025601      1       2       3
     2 O      -2.077758   -0.233593   -2.420685      -1.099502   -0.123612   -1.280971      4       5       6
     3 O      -1.436217    4.283404   -0.758546      -0.760013    2.266680   -0.401405      7       8       9
     4 O      -2.829420    0.807849    2.409211      -1.497265    0.427495    1.274899     10      11      12
     5 O       1.641361    0.827803    0.495618       0.868571    0.438054    0.262270     13      14      15
     6 H      -2.357055    4.482739   -2.346692      -1.247300    2.372164   -1.241816     16      17      18
     7 H       1.899812    0.841324    2.324236       1.005337    0.445210    1.229933     19      20      21
 --------------------------------------------------------------------------------------------------------------

 Number of elements of the density matrix on this node (used, total):       378      6670



 ===========================================
 Numerical Integration : Fuzzy Cells (Becke)
 ===========================================
  
 Becke grid quality: GOOD           
  
 Lebedev angular grid order:             min:  11 max:  35
 Nr. of radial points:                   min:  54 max:  65

 Total nr. of points:      90407
 Nr. of blocks:              707
 Block length:               128
 Nr. of dummy points:         89


 Test of Precision of the Numerical Integration Grid
 ===================================================

 Integral of the Total Core Density:                  10.00000082453965
 Relative Error:                                       8.245E-08


 -------------------------------------------
  COSMO surface
  Area             =          370.209
  Volume           =          579.048
  Number of Points =          929
 -------------------------------------------



 ========================
 Density Fitting (zlmFit)
 ========================
  
 ZlmFit Fit Quality: GOOD           
  
 Max L-expansion:                        min:   7 max:   9
 Nr. of radial interpolation points:     min:  72 max: 114



 =====
 S C F  ***  ScaSCF  ***
 =====
  
 Initial density matrix is taken from previous geometry

 CYCLE    1
 SCF Error: norm([F,P])=      0.088362325030, max([F,P])=      0.015245835457
 orbitals (Q,E):
 ---------------
 A :11...30          ( 2.00    -0.2116)  ( 2.00    -0.1955)  ( 2.00    -0.1574)  ( 2.00    -0.1297)
                     ( 2.00    -0.1191)  ( 2.00    -0.0951)  ( 2.00    -0.0578)  ( 2.00    -0.0423)
                     ( 2.00    -0.0241)  ( 2.00    -0.0101)  ( 0.00     0.1242)  ( 0.00     0.1496)
                     ( 0.00     0.2404)  ( 0.00     0.2421)  ( 0.00     0.2778)  ( 0.00     0.2997)
                     ( 0.00     0.3214)  ( 0.00     0.3330)  ( 0.00     0.3412)  ( 0.00     0.3702)

 CYCLE    2
  SDIIS (wt  0.000):  0.6460  0.3540
 A-DIIS (wt  1.000):  0.6433  0.3567
  DIIS coefficients:  0.6433  0.3567
 SCF Error: norm([F,P])=      0.151841732996, max([F,P])=      0.024910276688
 orbitals (Q,E):
 ---------------
 A :11...21          ( 2.00    -0.2806)  ( 2.00    -0.2597)  ( 2.00    -0.2264)  ( 2.00    -0.2035)
                     ( 2.00    -0.1856)  ( 2.00    -0.1650)  ( 2.00    -0.1395)  ( 2.00    -0.1189)
                     ( 2.00    -0.1065)  ( 2.00    -0.0929)  ( 0.00     0.0767)

 CYCLE    3
  SDIIS (wt  0.000):  0.4690  0.1990  0.3319
 A-DIIS (wt  1.000):  0.2949  0.0000  0.7051
  DIIS coefficients:  0.2949  0.0000  0.7051
 SCF Error: norm([F,P])=      0.072407187003, max([F,P])=      0.014378899593
 orbitals (Q,E):
 ---------------
 A :11...21          ( 2.00    -0.3414)  ( 2.00    -0.3207)  ( 2.00    -0.2873)  ( 2.00    -0.2640)
                     ( 2.00    -0.2461)  ( 2.00    -0.2256)  ( 2.00    -0.2004)  ( 2.00    -0.1788)
                     ( 2.00    -0.1659)  ( 2.00    -0.1524)  ( 0.00     0.0300)

 CYCLE    4
  SDIIS (wt  0.000): -0.3508  0.6087  0.7421
 A-DIIS (wt  1.000):  0.0000  0.3930  0.6070
  DIIS coefficients:  0.0000  0.3930  0.6070
 SCF Error: norm([F,P])=      0.087955637806, max([F,P])=      0.018354206939
 orbitals (Q,E):
 ---------------
 A :11...21          ( 2.00    -0.3998)  ( 2.00    -0.3726)  ( 2.00    -0.3415)  ( 2.00    -0.3278)
                     ( 2.00    -0.2963)  ( 2.00    -0.2795)  ( 2.00    -0.2686)  ( 2.00    -0.2411)
                     ( 2.00    -0.2342)  ( 2.00    -0.2213)  ( 0.00    -0.0110)

 CYCLE    5
  SDIIS (wt  0.000):  0.0739 -0.2243  0.5335  0.6169
 A-DIIS (wt  1.000):  0.0000  0.0000  0.5182  0.4818
  DIIS coefficients:  0.0000  0.0000  0.5182  0.4818
 SCF Error: norm([F,P])=      0.102616511897, max([F,P])=      0.024437537083
 orbitals (Q,E):
 ---------------
 A :11...21          ( 2.00    -0.3966)  ( 2.00    -0.3725)  ( 2.00    -0.3408)  ( 2.00    -0.3223)
                     ( 2.00    -0.2975)  ( 2.00    -0.2788)  ( 2.00    -0.2617)  ( 2.00    -0.2365)
                     ( 2.00    -0.2273)  ( 2.00    -0.2142)  ( 0.00    -0.0106)

 CYCLE    6
  SDIIS (wt  0.991):  0.0598 -0.1165  0.1197  0.2653  0.6717
 A-DIIS (wt  0.009):  0.0000  0.0000  0.0000  0.0000  1.0000
  DIIS coefficients:  0.0593 -0.1154  0.1186  0.2629  0.6747
 SCF Error: norm([F,P])=      0.010485740136, max([F,P])=      0.001917095530
 orbitals (Q,E):
 ---------------
 A :11...21          ( 2.00    -0.3969)  ( 2.00    -0.3726)  ( 2.00    -0.3409)  ( 2.00    -0.3227)
                     ( 2.00    -0.2973)  ( 2.00    -0.2788)  ( 2.00    -0.2623)  ( 2.00    -0.2368)
                     ( 2.00    -0.2279)  ( 2.00    -0.2148)  ( 0.00    -0.0105)

 CYCLE    7
  SDIIS (wt  1.000):  0.0218 -0.0283 -0.0148  0.0537  0.3503  0.6174
  DIIS coefficients:  0.0218 -0.0283 -0.0148  0.0537  0.3503  0.6174
 SCF Error: norm([F,P])=      0.003044709463, max([F,P])=      0.000427797533
 orbitals (Q,E):
 ---------------
 A :11...21          ( 2.00    -0.3967)  ( 2.00    -0.3724)  ( 2.00    -0.3408)  ( 2.00    -0.3225)
                     ( 2.00    -0.2972)  ( 2.00    -0.2787)  ( 2.00    -0.2621)  ( 2.00    -0.2367)
                     ( 2.00    -0.2276)  ( 2.00    -0.2146)  ( 0.00    -0.0104)

 CYCLE    8
  SDIIS (wt  1.000):  0.0048 -0.0035 -0.0112  0.0079  0.0887  0.2241  0.6892
  DIIS coefficients:  0.0048 -0.0035 -0.0112  0.0079  0.0887  0.2241  0.6892
 SCF Error: norm([F,P])=      0.000609949692, max([F,P])=      0.000184362305
 orbitals (Q,E):
 ---------------
 A :11...21          ( 2.00    -0.3967)  ( 2.00    -0.3724)  ( 2.00    -0.3408)  ( 2.00    -0.3226)
                     ( 2.00    -0.2972)  ( 2.00    -0.2787)  ( 2.00    -0.2622)  ( 2.00    -0.2367)
                     ( 2.00    -0.2277)  ( 2.00    -0.2146)  ( 0.00    -0.0104)

 CYCLE    9
  SDIIS (wt  1.000):  0.0020 -0.0004 -0.0075  0.0020  0.0422  0.1250  0.5233  0.3134
  DIIS coefficients:  0.0020 -0.0004 -0.0075  0.0020  0.0422  0.1250  0.5233  0.3134
 SCF Error: norm([F,P])=      0.000487079925, max([F,P])=      0.000121918018
 orbitals (Q,E):
 ---------------
 A :11...21          ( 2.00    -0.3967)  ( 2.00    -0.3724)  ( 2.00    -0.3408)  ( 2.00    -0.3226)
                     ( 2.00    -0.2972)  ( 2.00    -0.2787)  ( 2.00    -0.2622)  ( 2.00    -0.2367)
                     ( 2.00    -0.2277)  ( 2.00    -0.2146)  ( 0.00    -0.0104)

 CYCLE   10
  SDIIS (wt  1.000):  0.0001  0.0004 -0.0015 -0.0002  0.0077  0.0219  0.1070  0.0870  0.7775
  DIIS coefficients:  0.0001  0.0004 -0.0015 -0.0002  0.0077  0.0219  0.1070  0.0870  0.7775
 SCF Error: norm([F,P])=      0.000026774015, max([F,P])=      0.000004191878
 orbitals (Q,E):
 ---------------
 A :11...21          ( 2.00    -0.3967)  ( 2.00    -0.3724)  ( 2.00    -0.3408)  ( 2.00    -0.3226)
                     ( 2.00    -0.2972)  ( 2.00    -0.2787)  ( 2.00    -0.2622)  ( 2.00    -0.2367)
                     ( 2.00    -0.2277)  ( 2.00    -0.2146)  ( 0.00    -0.0104)

 CYCLE   11
  SDIIS (wt  1.000): -0.0000  0.0002 -0.0003 -0.0002  0.0012  0.0031  0.0169  0.0167  0.2346  0.7278
  DIIS coefficients: -0.0000  0.0002 -0.0003 -0.0002  0.0012  0.0031  0.0169  0.0167  0.2346  0.7278
 SCF Error: norm([F,P])=      0.000004663093, max([F,P])=      0.000000868614
 orbitals (Q,E):
 ---------------
 A :11...21          ( 2.00    -0.3967)  ( 2.00    -0.3724)  ( 2.00    -0.3408)  ( 2.00    -0.3226)
                     ( 2.00    -0.2972)  ( 2.00    -0.2787)  ( 2.00    -0.2622)  ( 2.00    -0.2367)
                     ( 2.00    -0.2277)  ( 2.00    -0.2146)  ( 0.00    -0.0104)

 SCF CONVERGED
 cosmo_calcen: 0.5 (esolb+esolc) (Hartrees) =   -0.114029

 Solvation energy (screening term,uncorrected) =    -71.554196 kcal/mol

 Solvation energy (dispersion and cavitation terms) =      0.692263 kcal/mol
 Solvation Energy Contributions (Hartrees)
          esola   esolb+esolc
     0.11402886   -0.22805772
 esol last cycle   -0.11402886

 CYCLE   12
 *** Using FIT density in Focky
  SDIIS (wt  1.000):  0.0001 -0.0002 -0.0000  0.0009  0.0023  0.0110  0.0097  0.1146  0.3874  0.4742
  DIIS coefficients:  0.0001 -0.0002 -0.0000  0.0009  0.0023  0.0110  0.0097  0.1146  0.3874  0.4742
 SCF Error: norm([F,P])=      0.000001949147, max([F,P])=      0.000000441012
 orbitals (Q,E):
 ---------------
 A :11...30          ( 2.00    -0.3967)  ( 2.00    -0.3724)  ( 2.00    -0.3408)  ( 2.00    -0.3226)
                     ( 2.00    -0.2972)  ( 2.00    -0.2787)  ( 2.00    -0.2622)  ( 2.00    -0.2367)
                     ( 2.00    -0.2277)  ( 2.00    -0.2146)  ( 0.00    -0.0104)  ( 0.00     0.0279)
                     ( 0.00     0.0648)  ( 0.00     0.0721)  ( 0.00     0.1088)  ( 0.00     0.1242)
                     ( 0.00     0.1430)  ( 0.00     0.1515)  ( 0.00     0.1802)  ( 0.00     0.2263)
 cosmo_calcen: 0.5 (esolb+esolc) (Hartrees) =   -0.114029

 Solvation energy (screening term,uncorrected) =    -71.554197 kcal/mol

 Solvation energy (dispersion and cavitation terms) =      0.692263 kcal/mol
 Solvation Energy Contributions (Hartrees)
          esola   esolb+esolc
     0.11402886   -0.22805772
 esol last cycle   -0.11402886


 Fit test: (difference of exact and fit density, squared integrated, result summed over spins)
         SCF:                                          0.00003545652148

 Gross Charges per Atom (Z minus electrons)
 ==========================================
             1.7155   -0.9373   -0.7608   -0.9327   -0.7627    0.3348    0.3431
 Net Total: -1.00000000



 =================================================================
 M U L T I P O L E   D E R I V E D   C H A R G E   A N A L Y S I S
 =================================================================

 See: M. Swart, P.Th. van Duijnen, J.G. Snijders, J.Comput.Chem., (2001), p. 79-88.

 --------------------------------------- 
 Multipole derived atomic charges (a.u.)
 --------------------------------------- 

        Atom    Level:     MDC-m        MDC-d        MDC-q
 ---------------------------------------------------------
     1     P            1.972633     1.591975     0.274652
     2     O           -1.007375    -0.953728    -0.520986
     3     O           -0.581245    -0.735807    -0.589616
     4     O           -1.010741    -0.967229    -0.501965
     5     O           -0.574747    -0.739674    -0.533429
     6     H            0.099704     0.395479     0.448679
     7     H            0.101771     0.408984     0.422665
 *** Using NEW gradient routines ***


 Geometry CYCLE 17
 ==============

 Energy gradients wrt nuclear displacements
 ==========================================

     Atom      Cartesian (a.u./angstrom)
                 X         Y         Z
 ----------------------------------------
     1 P     0.001232 -0.000273  0.000087
     2 O    -0.000069  0.000541 -0.000041
     3 O     0.001853  0.000461 -0.003422
     4 O    -0.002473 -0.001913  0.002564
     5 O     0.000620  0.001089  0.000584
     6 H    -0.000588  0.000265  0.001391
     7 H    -0.000575 -0.000171 -0.001162
 ----------------------------------------

 dE(predicted):    -0.79521E-04, dE(actual):    -0.75699E-04, Trust radius:    0.278636, all in a.u.
 
----------------------------------------------------------------------
Geometry Convergence after Step  17       (Hartree/Angstrom,Angstrom)
----------------------------------------------------------------------
current energy                               -1.71920922 Hartree
energy change                      -0.00007570     0.00100000    T
constrained gradient max            0.00342220     0.00100000    F
constrained gradient rms            0.00137275     0.00066667    F
gradient max                        0.00342220
gradient rms                        0.00137275
cart. step max                      0.02705547     0.01000000    F
cart. step rms                      0.00971464     0.00666667    F
 


 Coordinates (Cartesian)
 =======================

     Atom                    bohr                                 angstrom                 Geometric Variables
                   X           Y           Z              X           Y           Z       (0:frozen, *:LT par.)
 --------------------------------------------------------------------------------------------------------------
     1 P      -1.422945    1.215393   -0.046116      -0.752990    0.643158   -0.024403      1       2       3
     2 O      -2.083287   -0.233197   -2.421197      -1.102428   -0.123403   -1.281242      4       5       6
     3 O      -1.469145    4.288066   -0.725659      -0.777438    2.269147   -0.384002      7       8       9
     4 O      -2.815576    0.801539    2.419073      -1.489939    0.424156    1.280118     10      11      12
     5 O       1.641382    0.819867    0.479495       0.868582    0.433855    0.253738     13      14      15
     6 H      -2.305928    4.470949   -2.361487      -1.220244    2.365924   -1.249645     16      17      18
     7 H       1.879707    0.865599    2.310655       0.994698    0.458055    1.222746     19      20      21
 --------------------------------------------------------------------------------------------------------------

 Number of elements of the density matrix on this node (used, total):       378      6670



 ===========================================
 Numerical Integration : Fuzzy Cells (Becke)
 ===========================================
  
 Becke grid quality: GOOD           
  
 Lebedev angular grid order:             min:  11 max:  35
 Nr. of radial points:                   min:  54 max:  65

 Total nr. of points:      90406
 Nr. of blocks:              707
 Block length:               128
 Nr. of dummy points:         90


 Test of Precision of the Numerical Integration Grid
 ===================================================

 Integral of the Total Core Density:                   9.99999979748224
 Relative Error:                                      -2.025E-08


 -------------------------------------------
  COSMO surface
  Area             =          369.950
  Volume           =          578.818
  Number of Points =          928
 -------------------------------------------



 ========================
 Density Fitting (zlmFit)
 ========================
  
 ZlmFit Fit Quality: GOOD           
  
 Max L-expansion:                        min:   7 max:   9
 Nr. of radial interpolation points:     min:  72 max: 114



 =====
 S C F  ***  ScaSCF  ***
 =====
  
 Initial density matrix is taken from previous geometry

 CYCLE    1
 SCF Error: norm([F,P])=      0.095580134987, max([F,P])=      0.017211177759
 orbitals (Q,E):
 ---------------
 A :11...30          ( 2.00    -0.2122)  ( 2.00    -0.1966)  ( 2.00    -0.1595)  ( 2.00    -0.1291)
                     ( 2.00    -0.1190)  ( 2.00    -0.0962)  ( 2.00    -0.0585)  ( 2.00    -0.0425)
                     ( 2.00    -0.0250)  ( 2.00    -0.0115)  ( 0.00     0.1243)  ( 0.00     0.1500)
                     ( 0.00     0.2399)  ( 0.00     0.2419)  ( 0.00     0.2771)  ( 0.00     0.2993)
                     ( 0.00     0.3216)  ( 0.00     0.3332)  ( 0.00     0.3422)  ( 0.00     0.3676)

 CYCLE    2
  SDIIS (wt  0.000):  0.6298  0.3702
 A-DIIS (wt  1.000):  0.6294  0.3706
  DIIS coefficients:  0.6294  0.3706
 SCF Error: norm([F,P])=      0.151843811974, max([F,P])=      0.025171173433
 orbitals (Q,E):
 ---------------
 A :11...21          ( 2.00    -0.2834)  ( 2.00    -0.2630)  ( 2.00    -0.2310)  ( 2.00    -0.2059)
                     ( 2.00    -0.1883)  ( 2.00    -0.1678)  ( 2.00    -0.1433)  ( 2.00    -0.1218)
                     ( 2.00    -0.1104)  ( 2.00    -0.0974)  ( 0.00     0.0750)

 CYCLE    3
  SDIIS (wt  0.000):  0.4413  0.2098  0.3489
 A-DIIS (wt  1.000):  0.2570  0.0000  0.7430
  DIIS coefficients:  0.2570  0.0000  0.7430
 SCF Error: norm([F,P])=      0.074725287464, max([F,P])=      0.015751389437
 orbitals (Q,E):
 ---------------
 A :11...21          ( 2.00    -0.3481)  ( 2.00    -0.3281)  ( 2.00    -0.2960)  ( 2.00    -0.2699)
                     ( 2.00    -0.2529)  ( 2.00    -0.2325)  ( 2.00    -0.2077)  ( 2.00    -0.1853)
                     ( 2.00    -0.1733)  ( 2.00    -0.1604)  ( 0.00     0.0249)

 CYCLE    4
  SDIIS (wt  0.000): -0.3204  0.6396  0.6808
 A-DIIS (wt  1.000):  0.0000  0.4747  0.5253
  DIIS coefficients:  0.0000  0.4747  0.5253
 SCF Error: norm([F,P])=      0.098073074353, max([F,P])=      0.021150314043
 orbitals (Q,E):
 ---------------
 A :11...21          ( 2.00    -0.3988)  ( 2.00    -0.3730)  ( 2.00    -0.3431)  ( 2.00    -0.3263)
                     ( 2.00    -0.2964)  ( 2.00    -0.2789)  ( 2.00    -0.2678)  ( 2.00    -0.2401)
                     ( 2.00    -0.2334)  ( 2.00    -0.2213)  ( 0.00    -0.0109)

 CYCLE    5
  SDIIS (wt  0.000):  0.0697 -0.1450  0.4195  0.6557
 A-DIIS (wt  1.000):  0.0000  0.0000  0.4218  0.5782
  DIIS coefficients:  0.0000  0.0000  0.4218  0.5782
 SCF Error: norm([F,P])=      0.084251759090, max([F,P])=      0.020158921897
 orbitals (Q,E):
 ---------------
 A :11...21          ( 2.00    -0.3960)  ( 2.00    -0.3731)  ( 2.00    -0.3426)  ( 2.00    -0.3210)
                     ( 2.00    -0.2977)  ( 2.00    -0.2786)  ( 2.00    -0.2614)  ( 2.00    -0.2357)
                     ( 2.00    -0.2271)  ( 2.00    -0.2146)  ( 0.00    -0.0106)

 CYCLE    6
  SDIIS (wt  0.969):  0.0483 -0.0841  0.0961  0.3452  0.5946
 A-DIIS (wt  0.031):  0.0000  0.0000  0.0000  0.0343  0.9657
  DIIS coefficients:  0.0468 -0.0815  0.0930  0.3354  0.6062
 SCF Error: norm([F,P])=      0.019066386876, max([F,P])=      0.004109921588
 orbitals (Q,E):
 ---------------
 A :11...21          ( 2.00    -0.3966)  ( 2.00    -0.3731)  ( 2.00    -0.3428)  ( 2.00    -0.3220)
                     ( 2.00    -0.2974)  ( 2.00    -0.2786)  ( 2.00    -0.2627)  ( 2.00    -0.2365)
                     ( 2.00    -0.2284)  ( 2.00    -0.2159)  ( 0.00    -0.0105)

 CYCLE    7
  SDIIS (wt  1.000):  0.0147 -0.0206 -0.0090  0.0858  0.3256  0.6035
  DIIS coefficients:  0.0147 -0.0206 -0.0090  0.0858  0.3256  0.6035
 SCF Error: norm([F,P])=      0.003183302087, max([F,P])=      0.000414531215
 orbitals (Q,E):
 ---------------
 A :11...21          ( 2.00    -0.3964)  ( 2.00    -0.3730)  ( 2.00    -0.3426)  ( 2.00    -0.3218)
                     ( 2.00    -0.2973)  ( 2.00    -0.2785)  ( 2.00    -0.2624)  ( 2.00    -0.2363)
                     ( 2.00    -0.2281)  ( 2.00    -0.2157)  ( 0.00    -0.0104)

 CYCLE    8
  SDIIS (wt  1.000):  0.0019 -0.0007 -0.0080  0.0096  0.0642  0.1826  0.7504
  DIIS coefficients:  0.0019 -0.0007 -0.0080  0.0096  0.0642  0.1826  0.7504
 SCF Error: norm([F,P])=      0.000523273589, max([F,P])=      0.000130331198
 orbitals (Q,E):
 ---------------
 A :11...21          ( 2.00    -0.3964)  ( 2.00    -0.3730)  ( 2.00    -0.3426)  ( 2.00    -0.3219)
                     ( 2.00    -0.2973)  ( 2.00    -0.2785)  ( 2.00    -0.2625)  ( 2.00    -0.2363)
                     ( 2.00    -0.2282)  ( 2.00    -0.2157)  ( 0.00    -0.0104)

 CYCLE    9
  SDIIS (wt  1.000):  0.0010  0.0000 -0.0054  0.0052  0.0397  0.1164  0.5184  0.3248
  DIIS coefficients:  0.0010  0.0000 -0.0054  0.0052  0.0397  0.1164  0.5184  0.3248
 SCF Error: norm([F,P])=      0.000210922507, max([F,P])=      0.000047853596
 orbitals (Q,E):
 ---------------
 A :11...21          ( 2.00    -0.3964)  ( 2.00    -0.3730)  ( 2.00    -0.3426)  ( 2.00    -0.3219)
                     ( 2.00    -0.2973)  ( 2.00    -0.2785)  ( 2.00    -0.2625)  ( 2.00    -0.2363)
                     ( 2.00    -0.2282)  ( 2.00    -0.2157)  ( 0.00    -0.0104)

 CYCLE   10
  SDIIS (wt  1.000): -0.0000  0.0004 -0.0012  0.0005  0.0080  0.0223  0.1140  0.1703  0.6856
  DIIS coefficients: -0.0000  0.0004 -0.0012  0.0005  0.0080  0.0223  0.1140  0.1703  0.6856
 SCF Error: norm([F,P])=      0.000039775432, max([F,P])=      0.000009588665
 orbitals (Q,E):
 ---------------
 A :11...21          ( 2.00    -0.3964)  ( 2.00    -0.3730)  ( 2.00    -0.3426)  ( 2.00    -0.3219)
                     ( 2.00    -0.2973)  ( 2.00    -0.2785)  ( 2.00    -0.2625)  ( 2.00    -0.2363)
                     ( 2.00    -0.2282)  ( 2.00    -0.2157)  ( 0.00    -0.0104)

 CYCLE   11
  SDIIS (wt  1.000): -0.0001  0.0002 -0.0005  0.0001  0.0030  0.0080  0.0431  0.0796  0.3663  0.5002
  DIIS coefficients: -0.0001  0.0002 -0.0005  0.0001  0.0030  0.0080  0.0431  0.0796  0.3663  0.5002
 SCF Error: norm([F,P])=      0.000009606581, max([F,P])=      0.000002359416
 orbitals (Q,E):
 ---------------
 A :11...21          ( 2.00    -0.3964)  ( 2.00    -0.3730)  ( 2.00    -0.3426)  ( 2.00    -0.3219)
                     ( 2.00    -0.2973)  ( 2.00    -0.2785)  ( 2.00    -0.2625)  ( 2.00    -0.2363)
                     ( 2.00    -0.2282)  ( 2.00    -0.2157)  ( 0.00    -0.0104)

 CYCLE   12
  SDIIS (wt  1.000):  0.0001 -0.0002  0.0001  0.0013  0.0031  0.0142  0.0244  0.1162  0.3448  0.4960
  DIIS coefficients:  0.0001 -0.0002  0.0001  0.0013  0.0031  0.0142  0.0244  0.1162  0.3448  0.4960
 SCF Error: norm([F,P])=      0.000005210362, max([F,P])=      0.000001214822
 orbitals (Q,E):
 ---------------
 A :11...21          ( 2.00    -0.3964)  ( 2.00    -0.3730)  ( 2.00    -0.3426)  ( 2.00    -0.3219)
                     ( 2.00    -0.2973)  ( 2.00    -0.2785)  ( 2.00    -0.2625)  ( 2.00    -0.2363)
                     ( 2.00    -0.2282)  ( 2.00    -0.2157)  ( 0.00    -0.0104)

 CYCLE   13
  SDIIS (wt  1.000): -0.0000 -0.0000 -0.0001 -0.0002 -0.0005  0.0020  0.0166  0.0907  0.1845  0.7069
  DIIS coefficients: -0.0000 -0.0000 -0.0001 -0.0002 -0.0005  0.0020  0.0166  0.0907  0.1845  0.7069
 SCF Error: norm([F,P])=      0.000000969530, max([F,P])=      0.000000260711
 orbitals (Q,E):
 ---------------
 A :11...21          ( 2.00    -0.3964)  ( 2.00    -0.3730)  ( 2.00    -0.3426)  ( 2.00    -0.3219)
                     ( 2.00    -0.2973)  ( 2.00    -0.2785)  ( 2.00    -0.2625)  ( 2.00    -0.2363)
                     ( 2.00    -0.2282)  ( 2.00    -0.2157)  ( 0.00    -0.0104)

 SCF CONVERGED
 cosmo_calcen: 0.5 (esolb+esolc) (Hartrees) =   -0.113592

 Solvation energy (screening term,uncorrected) =    -71.279884 kcal/mol

 Solvation energy (dispersion and cavitation terms) =      0.691778 kcal/mol
 Solvation Energy Contributions (Hartrees)
          esola   esolb+esolc
     0.11359171   -0.22718343
 esol last cycle   -0.11359171

 CYCLE   14
 *** Using FIT density in Focky
  SDIIS (wt  1.000): -0.0000  0.0000  0.0000  0.0000  0.0004  0.0025  0.0147  0.0276  0.0986  0.8561
  DIIS coefficients: -0.0000  0.0000  0.0000  0.0000  0.0004  0.0025  0.0147  0.0276  0.0986  0.8561
 SCF Error: norm([F,P])=      0.000000101561, max([F,P])=      0.000000023083
 orbitals (Q,E):
 ---------------
 A :11...30          ( 2.00    -0.3964)  ( 2.00    -0.3730)  ( 2.00    -0.3426)  ( 2.00    -0.3219)
                     ( 2.00    -0.2973)  ( 2.00    -0.2785)  ( 2.00    -0.2625)  ( 2.00    -0.2363)
                     ( 2.00    -0.2282)  ( 2.00    -0.2157)  ( 0.00    -0.0104)  ( 0.00     0.0282)
                     ( 0.00     0.0645)  ( 0.00     0.0721)  ( 0.00     0.1081)  ( 0.00     0.1244)
                     ( 0.00     0.1433)  ( 0.00     0.1515)  ( 0.00     0.1807)  ( 0.00     0.2246)
 cosmo_calcen: 0.5 (esolb+esolc) (Hartrees) =   -0.113592

 Solvation energy (screening term,uncorrected) =    -71.279884 kcal/mol

 Solvation energy (dispersion and cavitation terms) =      0.691778 kcal/mol
 Solvation Energy Contributions (Hartrees)
          esola   esolb+esolc
     0.11359171   -0.22718343
 esol last cycle   -0.11359171


 Fit test: (difference of exact and fit density, squared integrated, result summed over spins)
         SCF:                                          0.00003548932834

 Gross Charges per Atom (Z minus electrons)
 ==========================================
             1.7167   -0.9368   -0.7606   -0.9325   -0.7637    0.3341    0.3428
 Net Total: -1.00000000



 =================================================================
 M U L T I P O L E   D E R I V E D   C H A R G E   A N A L Y S I S
 =================================================================

 See: M. Swart, P.Th. van Duijnen, J.G. Snijders, J.Comput.Chem., (2001), p. 79-88.

 --------------------------------------- 
 Multipole derived atomic charges (a.u.)
 --------------------------------------- 

        Atom    Level:     MDC-m        MDC-d        MDC-q
 ---------------------------------------------------------
     1     P            1.972116     1.590251     0.206377
     2     O           -1.005900    -0.952919    -0.501101
     3     O           -0.580489    -0.735164    -0.576774
     4     O           -1.009031    -0.965318    -0.479865
     5     O           -0.574796    -0.738634    -0.523252
     6     H            0.098619     0.394851     0.450351
     7     H            0.099481     0.406932     0.424264
 *** Using NEW gradient routines ***


 Geometry CYCLE 18
 ==============

 Energy gradients wrt nuclear displacements
 ==========================================

     Atom      Cartesian (a.u./angstrom)
                 X         Y         Z
 ----------------------------------------
     1 P    -0.001212 -0.000701  0.001772
     2 O     0.000648 -0.000996 -0.000318
     3 O     0.002533  0.002329 -0.001581
     4 O    -0.001092 -0.000508  0.000538
     5 O     0.002817  0.000702 -0.000907
     6 H    -0.000802 -0.000931  0.001870
     7 H    -0.002892  0.000106 -0.001373
 ----------------------------------------

 dE(predicted):    -0.64866E-04, dE(actual):    -0.76663E-04, Trust radius:    0.278636, all in a.u.
 
----------------------------------------------------------------------
Geometry Convergence after Step  18       (Hartree/Angstrom,Angstrom)
----------------------------------------------------------------------
current energy                               -1.71928588 Hartree
energy change                      -0.00007666     0.00100000    T
constrained gradient max            0.00289190     0.00100000    F
constrained gradient rms            0.00149936     0.00066667    F
gradient max                        0.00289190
gradient rms                        0.00149936
cart. step max                      0.08523980     0.01000000    F
cart. step rms                      0.02698501     0.00666667    F
 


 Coordinates (Cartesian)
 =======================

     Atom                    bohr                                 angstrom                 Geometric Variables
                   X           Y           Z              X           Y           Z       (0:frozen, *:LT par.)
 --------------------------------------------------------------------------------------------------------------
     1 P      -1.443581    1.207959   -0.033709      -0.763910    0.639224   -0.017838      1       2       3
     2 O      -2.110479   -0.223758   -2.416884      -1.116818   -0.118408   -1.278960      4       5       6
     3 O      -1.587910    4.287351   -0.659284      -0.840286    2.268768   -0.348878      7       8       9
     4 O      -2.795026    0.772908    2.449248      -1.479064    0.409005    1.296086     10      11      12
     5 O       1.635648    0.825678    0.448269       0.865547    0.436930    0.237214     13      14      15
     6 H      -2.144848    4.453436   -2.412288      -1.135005    2.356657   -1.276528     16      17      18
     7 H       1.870403    0.904642    2.279412       0.989774    0.478716    1.206213     19      20      21
 --------------------------------------------------------------------------------------------------------------

 Number of elements of the density matrix on this node (used, total):       378      6670



 ===========================================
 Numerical Integration : Fuzzy Cells (Becke)
 ===========================================
  
 Becke grid quality: GOOD           
  
 Lebedev angular grid order:             min:  11 max:  35
 Nr. of radial points:                   min:  54 max:  65

 Total nr. of points:      90405
 Nr. of blocks:              707
 Block length:               128
 Nr. of dummy points:         91


 Test of Precision of the Numerical Integration Grid
 ===================================================

 Integral of the Total Core Density:                   9.99999768023677
 Relative Error:                                      -2.320E-07


 -------------------------------------------
  COSMO surface
  Area             =          369.991
  Volume           =          578.908
  Number of Points =          921
 -------------------------------------------



 ========================
 Density Fitting (zlmFit)
 ========================
  
 ZlmFit Fit Quality: GOOD           
  
 Max L-expansion:                        min:   7 max:   9
 Nr. of radial interpolation points:     min:  72 max: 114



 =====
 S C F  ***  ScaSCF  ***
 =====
  
 Initial density matrix is taken from previous geometry

 CYCLE    1
 SCF Error: norm([F,P])=      0.147141927406, max([F,P])=      0.052345057860
 orbitals (Q,E):
 ---------------
 A :11...30          ( 2.00    -0.2158)  ( 2.00    -0.2016)  ( 2.00    -0.1676)  ( 2.00    -0.1310)
                     ( 2.00    -0.1221)  ( 2.00    -0.1021)  ( 2.00    -0.0621)  ( 2.00    -0.0450)
                     ( 2.00    -0.0286)  ( 2.00    -0.0164)  ( 0.00     0.1214)  ( 0.00     0.1475)
                     ( 0.00     0.2371)  ( 0.00     0.2394)  ( 0.00     0.2736)  ( 0.00     0.2954)
                     ( 0.00     0.3203)  ( 0.00     0.3296)  ( 0.00     0.3401)  ( 0.00     0.3599)

 CYCLE    2
  SDIIS (wt  0.000):  0.5226  0.4774
 A-DIIS (wt  1.000):  0.3471  0.6529
  DIIS coefficients:  0.3471  0.6529
 SCF Error: norm([F,P])=      0.157520026902, max([F,P])=      0.025276292682
 orbitals (Q,E):
 ---------------
 A :11...21          ( 2.00    -0.3389)  ( 2.00    -0.3156)  ( 2.00    -0.2891)  ( 2.00    -0.2661)
                     ( 2.00    -0.2397)  ( 2.00    -0.2206)  ( 2.00    -0.2092)  ( 2.00    -0.1811)
                     ( 2.00    -0.1757)  ( 2.00    -0.1655)  ( 0.00     0.0356)

 CYCLE    3
  SDIIS (wt  0.000):  0.2978  0.4175  0.2847
 A-DIIS (wt  1.000):  0.0000  0.3000  0.7000
  DIIS coefficients:  0.0000  0.3000  0.7000
 SCF Error: norm([F,P])=      0.175817702029, max([F,P])=      0.042925034753
 orbitals (Q,E):
 ---------------
 A :11...21          ( 2.00    -0.3921)  ( 2.00    -0.3743)  ( 2.00    -0.3460)  ( 2.00    -0.3120)
                     ( 2.00    -0.2992)  ( 2.00    -0.2785)  ( 2.00    -0.2534)  ( 2.00    -0.2287)
                     ( 2.00    -0.2184)  ( 2.00    -0.2068)  ( 0.00    -0.0110)

 CYCLE    4
  SDIIS (wt  0.000):  0.0584  0.5136  0.4280
 A-DIIS (wt  1.000):  0.0000  0.5373  0.4627
  DIIS coefficients:  0.0000  0.5373  0.4627
 SCF Error: norm([F,P])=      0.197226350358, max([F,P])=      0.043498265936
 orbitals (Q,E):
 ---------------
 A :11...21          ( 2.00    -0.3925)  ( 2.00    -0.3709)  ( 2.00    -0.3443)  ( 2.00    -0.3174)
                     ( 2.00    -0.2955)  ( 2.00    -0.2759)  ( 2.00    -0.2608)  ( 2.00    -0.2326)
                     ( 2.00    -0.2269)  ( 2.00    -0.2161)  ( 0.00    -0.0101)

 CYCLE    5
  SDIIS (wt  0.954): -0.0167  0.2645  0.2424  0.5098
 A-DIIS (wt  0.046):  0.0000  0.0000  0.0000  1.0000
  DIIS coefficients: -0.0160  0.2523  0.2312  0.5324
 SCF Error: norm([F,P])=      0.024608417841, max([F,P])=      0.005573083667
 orbitals (Q,E):
 ---------------
 A :11...21          ( 2.00    -0.3951)  ( 2.00    -0.3740)  ( 2.00    -0.3472)  ( 2.00    -0.3197)
                     ( 2.00    -0.2988)  ( 2.00    -0.2789)  ( 2.00    -0.2631)  ( 2.00    -0.2351)
                     ( 2.00    -0.2292)  ( 2.00    -0.2183)  ( 0.00    -0.0107)

 CYCLE    6
  SDIIS (wt  0.982): -0.0136  0.0870  0.0809  0.3183  0.5273
 A-DIIS (wt  0.018):  0.0000  0.0000  0.0000  0.0611  0.9389
  DIIS coefficients: -0.0133  0.0854  0.0795  0.3138  0.5346
 SCF Error: norm([F,P])=      0.009425095474, max([F,P])=      0.002747761055
 orbitals (Q,E):
 ---------------
 A :11...21          ( 2.00    -0.3947)  ( 2.00    -0.3734)  ( 2.00    -0.3466)  ( 2.00    -0.3195)
                     ( 2.00    -0.2979)  ( 2.00    -0.2782)  ( 2.00    -0.2629)  ( 2.00    -0.2347)
                     ( 2.00    -0.2289)  ( 2.00    -0.2180)  ( 0.00    -0.0105)

 CYCLE    7
  SDIIS (wt  1.000): -0.0056  0.0175  0.0140  0.1193  0.3208  0.5341
  DIIS coefficients: -0.0056  0.0175  0.0140  0.1193  0.3208  0.5341
 SCF Error: norm([F,P])=      0.003314079853, max([F,P])=      0.000624677023
 orbitals (Q,E):
 ---------------
 A :11...21          ( 2.00    -0.3946)  ( 2.00    -0.3733)  ( 2.00    -0.3466)  ( 2.00    -0.3193)
                     ( 2.00    -0.2979)  ( 2.00    -0.2781)  ( 2.00    -0.2627)  ( 2.00    -0.2346)
                     ( 2.00    -0.2287)  ( 2.00    -0.2179)  ( 0.00    -0.0104)

 CYCLE    8
  SDIIS (wt  1.000): -0.0017  0.0041  0.0014  0.0364  0.1162  0.2501  0.5935
  DIIS coefficients: -0.0017  0.0041  0.0014  0.0364  0.1162  0.2501  0.5935
 SCF Error: norm([F,P])=      0.000729358919, max([F,P])=      0.000134692205
 orbitals (Q,E):
 ---------------
 A :11...21          ( 2.00    -0.3946)  ( 2.00    -0.3733)  ( 2.00    -0.3466)  ( 2.00    -0.3194)
                     ( 2.00    -0.2979)  ( 2.00    -0.2782)  ( 2.00    -0.2628)  ( 2.00    -0.2346)
                     ( 2.00    -0.2288)  ( 2.00    -0.2179)  ( 0.00    -0.0104)

 CYCLE    9
  SDIIS (wt  1.000): -0.0005  0.0006 -0.0010  0.0109  0.0433  0.1119  0.4238  0.4110
  DIIS coefficients: -0.0005  0.0006 -0.0010  0.0109  0.0433  0.1119  0.4238  0.4110
 SCF Error: norm([F,P])=      0.000416500829, max([F,P])=      0.000113180234
 orbitals (Q,E):
 ---------------
 A :11...21          ( 2.00    -0.3946)  ( 2.00    -0.3733)  ( 2.00    -0.3466)  ( 2.00    -0.3194)
                     ( 2.00    -0.2979)  ( 2.00    -0.2782)  ( 2.00    -0.2628)  ( 2.00    -0.2346)
                     ( 2.00    -0.2288)  ( 2.00    -0.2180)  ( 0.00    -0.0104)

 CYCLE   10
  SDIIS (wt  1.000): -0.0001  0.0001 -0.0003  0.0021  0.0098  0.0239  0.1003  0.1220  0.7422
  DIIS coefficients: -0.0001  0.0001 -0.0003  0.0021  0.0098  0.0239  0.1003  0.1220  0.7422
 SCF Error: norm([F,P])=      0.000025407090, max([F,P])=      0.000004990277
 orbitals (Q,E):
 ---------------
 A :11...21          ( 2.00    -0.3946)  ( 2.00    -0.3733)  ( 2.00    -0.3466)  ( 2.00    -0.3194)
                     ( 2.00    -0.2979)  ( 2.00    -0.2782)  ( 2.00    -0.2628)  ( 2.00    -0.2346)
                     ( 2.00    -0.2288)  ( 2.00    -0.2180)  ( 0.00    -0.0104)

 CYCLE   11
  SDIIS (wt  1.000): -0.0000  0.0000 -0.0001  0.0007  0.0039  0.0088  0.0405  0.0582  0.5608  0.3273
  DIIS coefficients: -0.0000  0.0000 -0.0001  0.0007  0.0039  0.0088  0.0405  0.0582  0.5608  0.3273
 SCF Error: norm([F,P])=      0.000025615970, max([F,P])=      0.000006432694
 orbitals (Q,E):
 ---------------
 A :11...21          ( 2.00    -0.3946)  ( 2.00    -0.3733)  ( 2.00    -0.3466)  ( 2.00    -0.3194)
                     ( 2.00    -0.2979)  ( 2.00    -0.2782)  ( 2.00    -0.2628)  ( 2.00    -0.2346)
                     ( 2.00    -0.2288)  ( 2.00    -0.2180)  ( 0.00    -0.0104)

 CYCLE   12
  SDIIS (wt  1.000): -0.0000 -0.0000  0.0000  0.0004  0.0007  0.0043  0.0083  0.1318  0.1234  0.7311
  DIIS coefficients: -0.0000 -0.0000  0.0000  0.0004  0.0007  0.0043  0.0083  0.1318  0.1234  0.7311
 SCF Error: norm([F,P])=      0.000002535969, max([F,P])=      0.000000628826
 orbitals (Q,E):
 ---------------
 A :11...21          ( 2.00    -0.3946)  ( 2.00    -0.3733)  ( 2.00    -0.3466)  ( 2.00    -0.3194)
                     ( 2.00    -0.2979)  ( 2.00    -0.2782)  ( 2.00    -0.2628)  ( 2.00    -0.2346)
                     ( 2.00    -0.2288)  ( 2.00    -0.2180)  ( 0.00    -0.0104)

 SCF CONVERGED
 cosmo_calcen: 0.5 (esolb+esolc) (Hartrees) =   -0.113217

 Solvation energy (screening term,uncorrected) =    -71.044484 kcal/mol

 Solvation energy (dispersion and cavitation terms) =      0.691854 kcal/mol
 Solvation Energy Contributions (Hartrees)
          esola   esolb+esolc
     0.11321658   -0.22643316
 esol last cycle   -0.11321658

 CYCLE   13
 *** Using FIT density in Focky
  SDIIS (wt  1.000): -0.0000  0.0000  0.0001  0.0001  0.0005  0.0009  0.0195  0.0235  0.1911  0.7643
  DIIS coefficients: -0.0000  0.0000  0.0001  0.0001  0.0005  0.0009  0.0195  0.0235  0.1911  0.7643
 SCF Error: norm([F,P])=      0.000000384475, max([F,P])=      0.000000074194
 orbitals (Q,E):
 ---------------
 A :11...30          ( 2.00    -0.3946)  ( 2.00    -0.3733)  ( 2.00    -0.3466)  ( 2.00    -0.3194)
                     ( 2.00    -0.2979)  ( 2.00    -0.2782)  ( 2.00    -0.2628)  ( 2.00    -0.2346)
                     ( 2.00    -0.2288)  ( 2.00    -0.2180)  ( 0.00    -0.0104)  ( 0.00     0.0286)
                     ( 0.00     0.0641)  ( 0.00     0.0721)  ( 0.00     0.1069)  ( 0.00     0.1255)
                     ( 0.00     0.1444)  ( 0.00     0.1502)  ( 0.00     0.1809)  ( 0.00     0.2216)
 cosmo_calcen: 0.5 (esolb+esolc) (Hartrees) =   -0.113217

 Solvation energy (screening term,uncorrected) =    -71.044481 kcal/mol

 Solvation energy (dispersion and cavitation terms) =      0.691854 kcal/mol
 Solvation Energy Contributions (Hartrees)
          esola   esolb+esolc
     0.11321658   -0.22643315
 esol last cycle   -0.11321658


 Fit test: (difference of exact and fit density, squared integrated, result summed over spins)
         SCF:                                          0.00003550742506

 Gross Charges per Atom (Z minus electrons)
 ==========================================
             1.7198   -0.9367   -0.7604   -0.9342   -0.7633    0.3340    0.3409
 Net Total: -1.00000000



 =================================================================
 M U L T I P O L E   D E R I V E D   C H A R G E   A N A L Y S I S
 =================================================================

 See: M. Swart, P.Th. van Duijnen, J.G. Snijders, J.Comput.Chem., (2001), p. 79-88.

 --------------------------------------- 
 Multipole derived atomic charges (a.u.)
 --------------------------------------- 

        Atom    Level:     MDC-m        MDC-d        MDC-q
 ---------------------------------------------------------
     1     P            1.971677     1.589417     0.149252
     2     O           -1.004171    -0.953559    -0.478146
     3     O           -0.580328    -0.738459    -0.569729
     4     O           -1.006844    -0.961749    -0.457067
     5     O           -0.575847    -0.738991    -0.528795
     6     H            0.098123     0.398556     0.452960
     7     H            0.097390     0.404785     0.431524
 *** Using NEW gradient routines ***


 Geometry CYCLE 19
 ==============

 Energy gradients wrt nuclear displacements
 ==========================================

     Atom      Cartesian (a.u./angstrom)
                 X         Y         Z
 ----------------------------------------
     1 P    -0.000178 -0.001117  0.001561
     2 O     0.000223 -0.001276 -0.000478
     3 O     0.002232  0.002789  0.000052
     4 O    -0.001434  0.000896 -0.000002
     5 O     0.005685  0.000143 -0.001551
     6 H    -0.001618 -0.001574  0.001789
     7 H    -0.004910  0.000139 -0.001371
 ----------------------------------------

 dE(predicted):    -0.17475E-03, dE(actual):    -0.25774E-03, Trust radius:    0.557273, all in a.u.
 
----------------------------------------------------------------------
Geometry Convergence after Step  19       (Hartree/Angstrom,Angstrom)
----------------------------------------------------------------------
current energy                               -1.71954361 Hartree
energy change                      -0.00025774     0.00100000    T
constrained gradient max            0.00568478     0.00100000    F
constrained gradient rms            0.00207344     0.00066667    F
gradient max                        0.00568478
gradient rms                        0.00207344
cart. step max                      0.13513896     0.01000000    F
cart. step rms                      0.03956525     0.00666667    F
 


 Coordinates (Cartesian)
 =======================

     Atom                    bohr                                 angstrom                 Geometric Variables
                   X           Y           Z              X           Y           Z       (0:frozen, *:LT par.)
 --------------------------------------------------------------------------------------------------------------
     1 P      -1.485064    1.189712   -0.020061      -0.785862    0.629568   -0.010616      1       2       3
     2 O      -2.147526   -0.240346   -2.404588      -1.136422   -0.127186   -1.272453      4       5       6
     3 O      -1.753420    4.268922   -0.598387      -0.927870    2.259016   -0.316653      7       8       9
     4 O      -2.777133    0.730630    2.487565      -1.469595    0.386633    1.316363     10      11      12
     5 O       1.613991    0.839384    0.397554       0.854087    0.444183    0.210377     13      14      15
     6 H      -1.889472    4.455749   -2.430346      -0.999866    2.357881   -1.286084     16      17      18
     7 H       1.862830    0.984165    2.223027       0.985767    0.520798    1.176375     19      20      21
 --------------------------------------------------------------------------------------------------------------

 Number of elements of the density matrix on this node (used, total):       378      6670



 ===========================================
 Numerical Integration : Fuzzy Cells (Becke)
 ===========================================
  
 Becke grid quality: GOOD           
  
 Lebedev angular grid order:             min:  11 max:  35
 Nr. of radial points:                   min:  54 max:  65

 Total nr. of points:      90413
 Nr. of blocks:              707
 Block length:               128
 Nr. of dummy points:         83


 Test of Precision of the Numerical Integration Grid
 ===================================================

 Integral of the Total Core Density:                   9.99999624743290
 Relative Error:                                      -3.753E-07


 -------------------------------------------
  COSMO surface
  Area             =          368.776
  Volume           =          577.884
  Number of Points =          922
 -------------------------------------------



 ========================
 Density Fitting (zlmFit)
 ========================
  
 ZlmFit Fit Quality: GOOD           
  
 Max L-expansion:                        min:   7 max:   9
 Nr. of radial interpolation points:     min:  72 max: 114



 =====
 S C F  ***  ScaSCF  ***
 =====
  
 Initial density matrix is taken from previous geometry

 CYCLE    1
 SCF Error: norm([F,P])=      0.186073384971, max([F,P])=      0.080416479902
 orbitals (Q,E):
 ---------------
 A :11...30          ( 2.00    -0.2194)  ( 2.00    -0.2063)  ( 2.00    -0.1763)  ( 2.00    -0.1330)
                     ( 2.00    -0.1234)  ( 2.00    -0.1090)  ( 2.00    -0.0652)  ( 2.00    -0.0468)
                     ( 2.00    -0.0317)  ( 2.00    -0.0209)  ( 0.00     0.1176)  ( 0.00     0.1447)
                     ( 0.00     0.2344)  ( 0.00     0.2371)  ( 0.00     0.2700)  ( 0.00     0.2905)
                     ( 0.00     0.3219)  ( 0.00     0.3266)  ( 0.00     0.3394)  ( 0.00     0.3506)

 CYCLE    2
  SDIIS (wt  0.000):  0.4668  0.5332
 A-DIIS (wt  1.000):  0.1063  0.8937
  DIIS coefficients:  0.1063  0.8937
 SCF Error: norm([F,P])=      0.169164197315, max([F,P])=      0.026585918349
 orbitals (Q,E):
 ---------------
 A :11...21          ( 2.00    -0.3846)  ( 2.00    -0.3592)  ( 2.00    -0.3367)  ( 2.00    -0.3164)
                     ( 2.00    -0.2785)  ( 2.00    -0.2644)  ( 2.00    -0.2633)  ( 2.00    -0.2355)
                     ( 2.00    -0.2260)  ( 2.00    -0.2189)  ( 0.00     0.0021)

 CYCLE    3
  SDIIS (wt  0.000):  0.2418  0.5259  0.2323
 A-DIIS (wt  1.000):  0.0000  0.5865  0.4135
  DIIS coefficients:  0.0000  0.5865  0.4135
 SCF Error: norm([F,P])=      0.302769949326, max([F,P])=      0.071140105320
 orbitals (Q,E):
 ---------------
 A :11...21          ( 2.00    -0.3922)  ( 2.00    -0.3745)  ( 2.00    -0.3528)  ( 2.00    -0.3140)
                     ( 2.00    -0.3005)  ( 2.00    -0.2794)  ( 2.00    -0.2603)  ( 2.00    -0.2311)
                     ( 2.00    -0.2270)  ( 2.00    -0.2165)  ( 0.00    -0.0117)

 CYCLE    4
  SDIIS (wt  0.801):  0.1970  0.2584  0.5446
 A-DIIS (wt  0.199):  0.0000  0.1283  0.8717
  DIIS coefficients:  0.1578  0.2326  0.6096
 SCF Error: norm([F,P])=      0.106670700789, max([F,P])=      0.020688488979
 orbitals (Q,E):
 ---------------
 A :11...21          ( 2.00    -0.3906)  ( 2.00    -0.3707)  ( 2.00    -0.3497)  ( 2.00    -0.3164)
                     ( 2.00    -0.2957)  ( 2.00    -0.2757)  ( 2.00    -0.2631)  ( 2.00    -0.2320)
                     ( 2.00    -0.2297)  ( 2.00    -0.2209)  ( 0.00    -0.0106)

 CYCLE    5
  SDIIS (wt  0.939):  0.0610  0.0864  0.3451  0.5074
 A-DIIS (wt  0.061):  0.0000  0.0000  0.1683  0.8317
  DIIS coefficients:  0.0573  0.0811  0.3344  0.5271
 SCF Error: norm([F,P])=      0.039624440930, max([F,P])=      0.007016209647
 orbitals (Q,E):
 ---------------
 A :11...21          ( 2.00    -0.3926)  ( 2.00    -0.3737)  ( 2.00    -0.3524)  ( 2.00    -0.3169)
                     ( 2.00    -0.2992)  ( 2.00    -0.2787)  ( 2.00    -0.2635)  ( 2.00    -0.2327)
                     ( 2.00    -0.2308)  ( 2.00    -0.2208)  ( 0.00    -0.0111)

 CYCLE    6
  SDIIS (wt  0.980):  0.0120  0.0166  0.1214  0.3162  0.5339
 A-DIIS (wt  0.020):  0.0000  0.0000  0.0000  0.0000  1.0000
  DIIS coefficients:  0.0117  0.0163  0.1189  0.3098  0.5432
 SCF Error: norm([F,P])=      0.009884163784, max([F,P])=      0.002987584637
 orbitals (Q,E):
 ---------------
 A :11...21          ( 2.00    -0.3921)  ( 2.00    -0.3731)  ( 2.00    -0.3518)  ( 2.00    -0.3166)
                     ( 2.00    -0.2984)  ( 2.00    -0.2780)  ( 2.00    -0.2632)  ( 2.00    -0.2323)
                     ( 2.00    -0.2304)  ( 2.00    -0.2206)  ( 0.00    -0.0108)

 CYCLE    7
  SDIIS (wt  1.000): -0.0002  0.0004  0.0273  0.1240  0.3358  0.5126
  DIIS coefficients: -0.0002  0.0004  0.0273  0.1240  0.3358  0.5126
 SCF Error: norm([F,P])=      0.003623914822, max([F,P])=      0.000764815583
 orbitals (Q,E):
 ---------------
 A :11...21          ( 2.00    -0.3920)  ( 2.00    -0.3730)  ( 2.00    -0.3517)  ( 2.00    -0.3165)
                     ( 2.00    -0.2983)  ( 2.00    -0.2779)  ( 2.00    -0.2631)  ( 2.00    -0.2322)
                     ( 2.00    -0.2303)  ( 2.00    -0.2205)  ( 0.00    -0.0107)

 CYCLE    8
  SDIIS (wt  1.000): -0.0004  0.0001  0.0050  0.0389  0.1277  0.2560  0.5727
  DIIS coefficients: -0.0004  0.0001  0.0050  0.0389  0.1277  0.2560  0.5727
 SCF Error: norm([F,P])=      0.000850143201, max([F,P])=      0.000184719671
 orbitals (Q,E):
 ---------------
 A :11...21          ( 2.00    -0.3921)  ( 2.00    -0.3730)  ( 2.00    -0.3517)  ( 2.00    -0.3165)
                     ( 2.00    -0.2983)  ( 2.00    -0.2779)  ( 2.00    -0.2631)  ( 2.00    -0.2322)
                     ( 2.00    -0.2304)  ( 2.00    -0.2205)  ( 0.00    -0.0107)

 CYCLE    9
  SDIIS (wt  1.000): -0.0003  0.0000 -0.0003  0.0115  0.0481  0.1157  0.4025  0.4229
  DIIS coefficients: -0.0003  0.0000 -0.0003  0.0115  0.0481  0.1157  0.4025  0.4229
 SCF Error: norm([F,P])=      0.000445391882, max([F,P])=      0.000120041968
 orbitals (Q,E):
 ---------------
 A :11...21          ( 2.00    -0.3921)  ( 2.00    -0.3730)  ( 2.00    -0.3517)  ( 2.00    -0.3166)
                     ( 2.00    -0.2983)  ( 2.00    -0.2779)  ( 2.00    -0.2631)  ( 2.00    -0.2322)
                     ( 2.00    -0.2304)  ( 2.00    -0.2205)  ( 0.00    -0.0107)

 CYCLE   10
  SDIIS (wt  1.000): -0.0001  0.0000 -0.0002  0.0016  0.0083  0.0186  0.0727  0.1033  0.7957
  DIIS coefficients: -0.0001  0.0000 -0.0002  0.0016  0.0083  0.0186  0.0727  0.1033  0.7957
 SCF Error: norm([F,P])=      0.000024420477, max([F,P])=      0.000005069063
 orbitals (Q,E):
 ---------------
 A :11...21          ( 2.00    -0.3921)  ( 2.00    -0.3730)  ( 2.00    -0.3517)  ( 2.00    -0.3166)
                     ( 2.00    -0.2983)  ( 2.00    -0.2779)  ( 2.00    -0.2631)  ( 2.00    -0.2322)
                     ( 2.00    -0.2304)  ( 2.00    -0.2205)  ( 0.00    -0.0107)

 CYCLE   11
  SDIIS (wt  1.000): -0.0000  0.0000 -0.0001  0.0006  0.0038  0.0081  0.0340  0.0555  0.5822  0.3159
  DIIS coefficients: -0.0000  0.0000 -0.0001  0.0006  0.0038  0.0081  0.0340  0.0555  0.5822  0.3159
 SCF Error: norm([F,P])=      0.000021806882, max([F,P])=      0.000005243628
 orbitals (Q,E):
 ---------------
 A :11...21          ( 2.00    -0.3921)  ( 2.00    -0.3730)  ( 2.00    -0.3517)  ( 2.00    -0.3166)
                     ( 2.00    -0.2983)  ( 2.00    -0.2779)  ( 2.00    -0.2631)  ( 2.00    -0.2322)
                     ( 2.00    -0.2304)  ( 2.00    -0.2205)  ( 0.00    -0.0107)

 CYCLE   12
  SDIIS (wt  1.000):  0.0000 -0.0000 -0.0000  0.0002  0.0004  0.0020  0.0050  0.1039  0.1183  0.7703
  DIIS coefficients:  0.0000 -0.0000 -0.0000  0.0002  0.0004  0.0020  0.0050  0.1039  0.1183  0.7703
 SCF Error: norm([F,P])=      0.000002388490, max([F,P])=      0.000000634431
 orbitals (Q,E):
 ---------------
 A :11...21          ( 2.00    -0.3921)  ( 2.00    -0.3730)  ( 2.00    -0.3517)  ( 2.00    -0.3166)
                     ( 2.00    -0.2983)  ( 2.00    -0.2779)  ( 2.00    -0.2631)  ( 2.00    -0.2322)
                     ( 2.00    -0.2304)  ( 2.00    -0.2205)  ( 0.00    -0.0107)

 SCF CONVERGED
 cosmo_calcen: 0.5 (esolb+esolc) (Hartrees) =   -0.113200

 Solvation energy (screening term,uncorrected) =    -71.034279 kcal/mol

 Solvation energy (dispersion and cavitation terms) =      0.689583 kcal/mol
 Solvation Energy Contributions (Hartrees)
          esola   esolb+esolc
     0.11320032   -0.22640063
 esol last cycle   -0.11320032

 CYCLE   13
 *** Using FIT density in Focky
  SDIIS (wt  1.000): -0.0000  0.0000  0.0001  0.0001  0.0007  0.0012  0.0231  0.0292  0.2134  0.7321
  DIIS coefficients: -0.0000  0.0000  0.0001  0.0001  0.0007  0.0012  0.0231  0.0292  0.2134  0.7321
 SCF Error: norm([F,P])=      0.000000297262, max([F,P])=      0.000000056988
 orbitals (Q,E):
 ---------------
 A :11...30          ( 2.00    -0.3921)  ( 2.00    -0.3730)  ( 2.00    -0.3517)  ( 2.00    -0.3166)
                     ( 2.00    -0.2983)  ( 2.00    -0.2779)  ( 2.00    -0.2631)  ( 2.00    -0.2322)
                     ( 2.00    -0.2304)  ( 2.00    -0.2205)  ( 0.00    -0.0107)  ( 0.00     0.0294)
                     ( 0.00     0.0632)  ( 0.00     0.0720)  ( 0.00     0.1058)  ( 0.00     0.1259)
                     ( 0.00     0.1457)  ( 0.00     0.1492)  ( 0.00     0.1826)  ( 0.00     0.2177)
 cosmo_calcen: 0.5 (esolb+esolc) (Hartrees) =   -0.113200

 Solvation energy (screening term,uncorrected) =    -71.034277 kcal/mol

 Solvation energy (dispersion and cavitation terms) =      0.689583 kcal/mol
 Solvation Energy Contributions (Hartrees)
          esola   esolb+esolc
     0.11320031   -0.22640063
 esol last cycle   -0.11320031


 Fit test: (difference of exact and fit density, squared integrated, result summed over spins)
         SCF:                                          0.00003563674077

 Gross Charges per Atom (Z minus electrons)
 ==========================================
             1.7211   -0.9363   -0.7605   -0.9356   -0.7631    0.3359    0.3385
 Net Total: -1.00000000



 =================================================================
 M U L T I P O L E   D E R I V E D   C H A R G E   A N A L Y S I S
 =================================================================

 See: M. Swart, P.Th. van Duijnen, J.G. Snijders, J.Comput.Chem., (2001), p. 79-88.

 --------------------------------------- 
 Multipole derived atomic charges (a.u.)
 --------------------------------------- 

        Atom    Level:     MDC-m        MDC-d        MDC-q
 ---------------------------------------------------------
     1     P            1.970821     1.587728     0.305279
     2     O           -1.003828    -0.954094    -0.507365
     3     O           -0.579096    -0.741576    -0.616151
     4     O           -1.003664    -0.956230    -0.493300
     5     O           -0.577005    -0.739560    -0.588015
     6     H            0.097804     0.402223     0.461015
     7     H            0.094968     0.401509     0.438536
 *** Using NEW gradient routines ***


 Geometry CYCLE 20
 ==============

 Energy gradients wrt nuclear displacements
 ==========================================

     Atom      Cartesian (a.u./angstrom)
                 X         Y         Z
 ----------------------------------------
     1 P    -0.000883 -0.000836  0.002366
     2 O     0.000828 -0.001129 -0.000543
     3 O     0.000931  0.004582 -0.000137
     4 O    -0.000563  0.001349 -0.000253
     5 O     0.008248 -0.000836 -0.002182
     6 H    -0.001466 -0.002936  0.002488
     7 H    -0.007096 -0.000194 -0.001738
 ----------------------------------------

 dE(predicted):    -0.21975E-03, dE(actual):    -0.38477E-03, Trust radius:    1.114546, all in a.u.
 
----------------------------------------------------------------------
Geometry Convergence after Step  20       (Hartree/Angstrom,Angstrom)
----------------------------------------------------------------------
current energy                               -1.71992838 Hartree
energy change                      -0.00038477     0.00100000    T
constrained gradient max            0.00824843     0.00100000    F
constrained gradient rms            0.00290546     0.00066667    F
gradient max                        0.00824843
gradient rms                        0.00290546
cart. step max                      0.06185089     0.01000000    F
cart. step rms                      0.01937135     0.00666667    F
 


 Coordinates (Cartesian)
 =======================

     Atom                    bohr                                 angstrom                 Geometric Variables
                   X           Y           Z              X           Y           Z       (0:frozen, *:LT par.)
 --------------------------------------------------------------------------------------------------------------
     1 P      -1.514424    1.172894   -0.015083      -0.801399    0.620669   -0.007982      1       2       3
     2 O      -2.167648   -0.263354   -2.397614      -1.147070   -0.139361   -1.268763      4       5       6
     3 O      -1.811268    4.248853   -0.584511      -0.958482    2.248396   -0.309310      7       8       9
     4 O      -2.794598    0.706672    2.495937      -1.478837    0.373955    1.320793     10      11      12
     5 O       1.587845    0.839090    0.381248       0.840251    0.444027    0.201748     13      14      15
     6 H      -1.772591    4.479686   -2.417289      -0.938015    2.370548   -1.279174     16      17      18
     7 H       1.896890    1.044374    2.192076       1.003791    0.552659    1.159997     19      20      21
 --------------------------------------------------------------------------------------------------------------

 Number of elements of the density matrix on this node (used, total):       378      6670



 ===========================================
 Numerical Integration : Fuzzy Cells (Becke)
 ===========================================
  
 Becke grid quality: GOOD           
  
 Lebedev angular grid order:             min:  11 max:  35
 Nr. of radial points:                   min:  54 max:  65

 Total nr. of points:      90415
 Nr. of blocks:              707
 Block length:               128
 Nr. of dummy points:         81


 Test of Precision of the Numerical Integration Grid
 ===================================================

 Integral of the Total Core Density:                  10.00000027793108
 Relative Error:                                       2.779E-08


 -------------------------------------------
  COSMO surface
  Area             =          369.070
  Volume           =          578.641
  Number of Points =          927
 -------------------------------------------



 ========================
 Density Fitting (zlmFit)
 ========================
  
 ZlmFit Fit Quality: GOOD           
  
 Max L-expansion:                        min:   7 max:   9
 Nr. of radial interpolation points:     min:  72 max: 114



 =====
 S C F  ***  ScaSCF  ***
 =====
  
 Initial density matrix is taken from previous geometry

 CYCLE    1
 SCF Error: norm([F,P])=      0.112070300844, max([F,P])=      0.033932931027
 orbitals (Q,E):
 ---------------
 A :11...30          ( 2.00    -0.2104)  ( 2.00    -0.1979)  ( 2.00    -0.1707)  ( 2.00    -0.1251)
                     ( 2.00    -0.1157)  ( 2.00    -0.1032)  ( 2.00    -0.0599)  ( 2.00    -0.0404)
                     ( 2.00    -0.0264)  ( 2.00    -0.0160)  ( 0.00     0.1212)  ( 0.00     0.1484)
                     ( 0.00     0.2385)  ( 0.00     0.2409)  ( 0.00     0.2732)  ( 0.00     0.2981)
                     ( 0.00     0.3308)  ( 0.00     0.3336)  ( 0.00     0.3459)  ( 0.00     0.3548)

 CYCLE    2
  SDIIS (wt  0.000):  0.6028  0.3972
 A-DIIS (wt  1.000):  0.5635  0.4365
  DIIS coefficients:  0.5635  0.4365
 SCF Error: norm([F,P])=      0.159135096565, max([F,P])=      0.025741577472
 orbitals (Q,E):
 ---------------
 A :11...21          ( 2.00    -0.2913)  ( 2.00    -0.2745)  ( 2.00    -0.2548)  ( 2.00    -0.2134)
                     ( 2.00    -0.2028)  ( 2.00    -0.1807)  ( 2.00    -0.1599)  ( 2.00    -0.1322)
                     ( 2.00    -0.1284)  ( 2.00    -0.1182)  ( 0.00     0.0642)

 CYCLE    3
  SDIIS (wt  0.000):  0.4055  0.2670  0.3275
 A-DIIS (wt  1.000):  0.0210  0.0000  0.9790
  DIIS coefficients:  0.0210  0.0000  0.9790
 SCF Error: norm([F,P])=      0.094258625923, max([F,P])=      0.022438873058
 orbitals (Q,E):
 ---------------
 A :11...21          ( 2.00    -0.3838)  ( 2.00    -0.3684)  ( 2.00    -0.3484)  ( 2.00    -0.3031)
                     ( 2.00    -0.2963)  ( 2.00    -0.2746)  ( 2.00    -0.2507)  ( 2.00    -0.2233)
                     ( 2.00    -0.2168)  ( 2.00    -0.2061)  ( 0.00    -0.0086)

 CYCLE    4
  SDIIS (wt  0.000): -0.1687  0.7224  0.4463
 A-DIIS (wt  1.000):  0.0000  0.6884  0.3116
  DIIS coefficients:  0.0000  0.6884  0.3116
 SCF Error: norm([F,P])=      0.174110387939, max([F,P])=      0.038938047367
 orbitals (Q,E):
 ---------------
 A :11...21          ( 2.00    -0.3898)  ( 2.00    -0.3708)  ( 2.00    -0.3522)  ( 2.00    -0.3160)
                     ( 2.00    -0.2973)  ( 2.00    -0.2768)  ( 2.00    -0.2639)  ( 2.00    -0.2321)
                     ( 2.00    -0.2310)  ( 2.00    -0.2217)  ( 0.00    -0.0113)

 CYCLE    5
  SDIIS (wt  0.980):  0.0133  0.1167  0.1011  0.7689
 A-DIIS (wt  0.020):  0.0000  0.0000  0.0000  1.0000
  DIIS coefficients:  0.0131  0.1144  0.0991  0.7734
 SCF Error: norm([F,P])=      0.016800213070, max([F,P])=      0.002959524595
 orbitals (Q,E):
 ---------------
 A :11...21          ( 2.00    -0.3903)  ( 2.00    -0.3721)  ( 2.00    -0.3533)  ( 2.00    -0.3154)
                     ( 2.00    -0.2991)  ( 2.00    -0.2782)  ( 2.00    -0.2633)  ( 2.00    -0.2319)
                     ( 2.00    -0.2311)  ( 2.00    -0.2209)  ( 0.00    -0.0113)

 CYCLE    6
  SDIIS (wt  0.989):  0.0323 -0.0258 -0.0037  0.4563  0.5410
 A-DIIS (wt  0.011):  0.0000  0.0000  0.0000  0.1010  0.8990
  DIIS coefficients:  0.0319 -0.0255 -0.0037  0.4523  0.5450
 SCF Error: norm([F,P])=      0.009120754337, max([F,P])=      0.002123610417
 orbitals (Q,E):
 ---------------
 A :11...21          ( 2.00    -0.3900)  ( 2.00    -0.3717)  ( 2.00    -0.3529)  ( 2.00    -0.3153)
                     ( 2.00    -0.2984)  ( 2.00    -0.2776)  ( 2.00    -0.2632)  ( 2.00    -0.2315)
                     ( 2.00    -0.2310)  ( 2.00    -0.2208)  ( 0.00    -0.0111)

 CYCLE    7
  SDIIS (wt  1.000):  0.0165 -0.0301 -0.0191  0.1475  0.3118  0.5735
  DIIS coefficients:  0.0165 -0.0301 -0.0191  0.1475  0.3118  0.5735
 SCF Error: norm([F,P])=      0.003353867447, max([F,P])=      0.000420454533
 orbitals (Q,E):
 ---------------
 A :11...21          ( 2.00    -0.3899)  ( 2.00    -0.3716)  ( 2.00    -0.3528)  ( 2.00    -0.3152)
                     ( 2.00    -0.2984)  ( 2.00    -0.2776)  ( 2.00    -0.2630)  ( 2.00    -0.2314)
                     ( 2.00    -0.2308)  ( 2.00    -0.2206)  ( 0.00    -0.0110)

 CYCLE    8
  SDIIS (wt  1.000):  0.0031 -0.0063 -0.0061  0.0224  0.0670  0.1862  0.7337
  DIIS coefficients:  0.0031 -0.0063 -0.0061  0.0224  0.0670  0.1862  0.7337
 SCF Error: norm([F,P])=      0.000520980945, max([F,P])=      0.000137439609
 orbitals (Q,E):
 ---------------
 A :11...21          ( 2.00    -0.3899)  ( 2.00    -0.3716)  ( 2.00    -0.3528)  ( 2.00    -0.3152)
                     ( 2.00    -0.2984)  ( 2.00    -0.2776)  ( 2.00    -0.2631)  ( 2.00    -0.2314)
                     ( 2.00    -0.2309)  ( 2.00    -0.2207)  ( 0.00    -0.0110)

 CYCLE    9
  SDIIS (wt  1.000):  0.0017 -0.0036 -0.0038  0.0115  0.0390  0.1160  0.5266  0.3126
  DIIS coefficients:  0.0017 -0.0036 -0.0038  0.0115  0.0390  0.1160  0.5266  0.3126
 SCF Error: norm([F,P])=      0.000300665012, max([F,P])=      0.000069989988
 orbitals (Q,E):
 ---------------
 A :11...21          ( 2.00    -0.3899)  ( 2.00    -0.3716)  ( 2.00    -0.3528)  ( 2.00    -0.3152)
                     ( 2.00    -0.2984)  ( 2.00    -0.2776)  ( 2.00    -0.2631)  ( 2.00    -0.2314)
                     ( 2.00    -0.2309)  ( 2.00    -0.2207)  ( 0.00    -0.0110)

 CYCLE   10
  SDIIS (wt  1.000):  0.0002 -0.0004 -0.0005  0.0010  0.0059  0.0168  0.0945  0.1202  0.7624
  DIIS coefficients:  0.0002 -0.0004 -0.0005  0.0010  0.0059  0.0168  0.0945  0.1202  0.7624
 SCF Error: norm([F,P])=      0.000034653926, max([F,P])=      0.000008325696
 orbitals (Q,E):
 ---------------
 A :11...21          ( 2.00    -0.3899)  ( 2.00    -0.3716)  ( 2.00    -0.3528)  ( 2.00    -0.3152)
                     ( 2.00    -0.2984)  ( 2.00    -0.2776)  ( 2.00    -0.2631)  ( 2.00    -0.2314)
                     ( 2.00    -0.2309)  ( 2.00    -0.2207)  ( 0.00    -0.0110)

 CYCLE   11
  SDIIS (wt  1.000):  0.0001 -0.0001 -0.0002  0.0003  0.0028  0.0076  0.0461  0.0688  0.4920  0.3827
  DIIS coefficients:  0.0001 -0.0001 -0.0002  0.0003  0.0028  0.0076  0.0461  0.0688  0.4920  0.3827
 SCF Error: norm([F,P])=      0.000014250243, max([F,P])=      0.000003500883
 orbitals (Q,E):
 ---------------
 A :11...21          ( 2.00    -0.3899)  ( 2.00    -0.3716)  ( 2.00    -0.3528)  ( 2.00    -0.3152)
                     ( 2.00    -0.2984)  ( 2.00    -0.2776)  ( 2.00    -0.2631)  ( 2.00    -0.2314)
                     ( 2.00    -0.2309)  ( 2.00    -0.2207)  ( 0.00    -0.0110)

 CYCLE   12
  SDIIS (wt  1.000): -0.0000 -0.0000 -0.0000  0.0005  0.0013  0.0085  0.0164  0.1345  0.2118  0.6272
  DIIS coefficients: -0.0000 -0.0000 -0.0000  0.0005  0.0013  0.0085  0.0164  0.1345  0.2118  0.6272
 SCF Error: norm([F,P])=      0.000003400122, max([F,P])=      0.000000797614
 orbitals (Q,E):
 ---------------
 A :11...21          ( 2.00    -0.3899)  ( 2.00    -0.3716)  ( 2.00    -0.3528)  ( 2.00    -0.3152)
                     ( 2.00    -0.2984)  ( 2.00    -0.2776)  ( 2.00    -0.2631)  ( 2.00    -0.2314)
                     ( 2.00    -0.2309)  ( 2.00    -0.2207)  ( 0.00    -0.0110)

 SCF CONVERGED
 cosmo_calcen: 0.5 (esolb+esolc) (Hartrees) =   -0.113883

 Solvation energy (screening term,uncorrected) =    -71.462862 kcal/mol

 Solvation energy (dispersion and cavitation terms) =      0.690131 kcal/mol
 Solvation Energy Contributions (Hartrees)
          esola   esolb+esolc
     0.11388331   -0.22776662
 esol last cycle   -0.11388331

 CYCLE   13
 *** Using FIT density in Focky
  SDIIS (wt  1.000):  0.0000 -0.0000  0.0000  0.0001  0.0006  0.0015  0.0133  0.0315  0.1242  0.8288
  DIIS coefficients:  0.0000 -0.0000  0.0000  0.0001  0.0006  0.0015  0.0133  0.0315  0.1242  0.8288
 SCF Error: norm([F,P])=      0.000000244647, max([F,P])=      0.000000042747
 orbitals (Q,E):
 ---------------
 A :11...30          ( 2.00    -0.3899)  ( 2.00    -0.3716)  ( 2.00    -0.3528)  ( 2.00    -0.3152)
                     ( 2.00    -0.2984)  ( 2.00    -0.2776)  ( 2.00    -0.2631)  ( 2.00    -0.2314)
                     ( 2.00    -0.2309)  ( 2.00    -0.2207)  ( 0.00    -0.0110)  ( 0.00     0.0293)
                     ( 0.00     0.0627)  ( 0.00     0.0720)  ( 0.00     0.1051)  ( 0.00     0.1272)
                     ( 0.00     0.1460)  ( 0.00     0.1500)  ( 0.00     0.1829)  ( 0.00     0.2170)
 cosmo_calcen: 0.5 (esolb+esolc) (Hartrees) =   -0.113883

 Solvation energy (screening term,uncorrected) =    -71.462862 kcal/mol

 Solvation energy (dispersion and cavitation terms) =      0.690131 kcal/mol
 Solvation Energy Contributions (Hartrees)
          esola   esolb+esolc
     0.11388331   -0.22776662
 esol last cycle   -0.11388331


 Fit test: (difference of exact and fit density, squared integrated, result summed over spins)
         SCF:                                          0.00003560197466

 Gross Charges per Atom (Z minus electrons)
 ==========================================
             1.7219   -0.9365   -0.7605   -0.9361   -0.7628    0.3364    0.3377
 Net Total: -1.00000000



 =================================================================
 M U L T I P O L E   D E R I V E D   C H A R G E   A N A L Y S I S
 =================================================================

 See: M. Swart, P.Th. van Duijnen, J.G. Snijders, J.Comput.Chem., (2001), p. 79-88.

 --------------------------------------- 
 Multipole derived atomic charges (a.u.)
 --------------------------------------- 

        Atom    Level:     MDC-m        MDC-d        MDC-q
 ---------------------------------------------------------
     1     P            1.971249     1.590276     0.437456
     2     O           -1.004904    -0.954921    -0.541292
     3     O           -0.579855    -0.745347    -0.650914
     4     O           -1.004071    -0.955182    -0.530148
     5     O           -0.579010    -0.743593    -0.630504
     6     H            0.099493     0.405182     0.467372
     7     H            0.097098     0.403585     0.448031
 *** Using NEW gradient routines ***


 Geometry CYCLE 21
 ==============

 Energy gradients wrt nuclear displacements
 ==========================================

     Atom      Cartesian (a.u./angstrom)
                 X         Y         Z
 ----------------------------------------
     1 P    -0.002515 -0.000886  0.001902
     2 O     0.001041 -0.000580 -0.000437
     3 O     0.001245  0.003101 -0.000341
     4 O     0.000445  0.000796 -0.000215
     5 O     0.005551 -0.000075 -0.001420
     6 H    -0.001282 -0.001755  0.001277
     7 H    -0.004484 -0.000601 -0.000766
 ----------------------------------------
 Max Cartesian displacement  0.676022214799719     
 Limit Cartesian step to   0.566917837497000     

 dE(predicted):    -0.18552E-03, dE(actual):    -0.32293E-03, Trust radius:    1.114546, all in a.u.
 
----------------------------------------------------------------------
Geometry Convergence after Step  21       (Hartree/Angstrom,Angstrom)
----------------------------------------------------------------------
current energy                               -1.72025132 Hartree
energy change                      -0.00032293     0.00100000    T
constrained gradient max            0.00555089     0.00100000    F
constrained gradient rms            0.00200883     0.00066667    F
gradient max                        0.00555089
gradient rms                        0.00200883
cart. step max                      0.30724162     0.01000000    F
cart. step rms                      0.10157071     0.00666667    F
 


 Coordinates (Cartesian)
 =======================

     Atom                    bohr                                 angstrom                 Geometric Variables
                   X           Y           Z              X           Y           Z       (0:frozen, *:LT par.)
 --------------------------------------------------------------------------------------------------------------
     1 P      -1.622231    1.081018   -0.024665      -0.858448    0.572050   -0.013052      1       2       3
     2 O      -2.256291   -0.423607   -2.366716      -1.193978   -0.224163   -1.252412      4       5       6
     3 O      -2.100872    4.125328   -0.604894      -1.111734    2.183030   -0.320096      7       8       9
     4 O      -2.852690    0.665713    2.516206      -1.509579    0.352280    1.331519     10      11      12
     5 O       1.496420    0.785589    0.298490       0.791872    0.415716    0.157954     13      14      15
     6 H      -1.191989    4.595382   -2.146795      -0.630773    2.431772   -1.136035     16      17      18
     7 H       1.951859    1.398792    1.983138       1.032879    0.740209    1.049431     19      20      21
 --------------------------------------------------------------------------------------------------------------

 Number of elements of the density matrix on this node (used, total):       378      6670



 ===========================================
 Numerical Integration : Fuzzy Cells (Becke)
 ===========================================
  
 Becke grid quality: GOOD           
  
 Lebedev angular grid order:             min:  11 max:  35
 Nr. of radial points:                   min:  54 max:  65

 Total nr. of points:      90405
 Nr. of blocks:              707
 Block length:               128
 Nr. of dummy points:         91


 Test of Precision of the Numerical Integration Grid
 ===================================================

 Integral of the Total Core Density:                   9.99999898008550
 Relative Error:                                      -1.020E-07


 -------------------------------------------
  COSMO surface
  Area             =          369.718
  Volume           =          579.772
  Number of Points =          921
 -------------------------------------------



 ========================
 Density Fitting (zlmFit)
 ========================
  
 ZlmFit Fit Quality: GOOD           
  
 Max L-expansion:                        min:   7 max:   9
 Nr. of radial interpolation points:     min:  72 max: 114



 =====
 S C F  ***  ScaSCF  ***
 =====
  
 Initial density matrix is taken from previous geometry

 CYCLE    1
 SCF Error: norm([F,P])=      0.374105013078, max([F,P])=      0.170718546858
 orbitals (Q,E):
 ---------------
 A :11...30          ( 2.00    -0.2627)  ( 2.00    -0.2400)  ( 2.00    -0.2170)  ( 2.00    -0.1717)
                     ( 2.00    -0.1575)  ( 2.00    -0.1357)  ( 2.00    -0.0866)  ( 2.00    -0.0721)
                     ( 2.00    -0.0503)  ( 2.00    -0.0411)  ( 0.00     0.0792)  ( 0.00     0.1142)
                     ( 0.00     0.2145)  ( 0.00     0.2165)  ( 0.00     0.2445)  ( 0.00     0.2515)
                     ( 0.00     0.2938)  ( 0.00     0.3065)  ( 0.00     0.3130)  ( 0.00     0.3212)

 CYCLE    2
  SDIIS (wt  0.000):  0.4081  0.5919
 A-DIIS (wt  1.000):  0.0000  1.0000
  DIIS coefficients:  0.0000  1.0000
 SCF Error: norm([F,P])=      0.291057622984, max([F,P])=      0.052829857848
 orbitals (Q,E):
 ---------------
 A :11...21          ( 2.00    -0.3930)  ( 2.00    -0.3760)  ( 2.00    -0.3500)  ( 2.00    -0.3243)
                     ( 2.00    -0.2930)  ( 2.00    -0.2829)  ( 2.00    -0.2725)  ( 2.00    -0.2590)
                     ( 2.00    -0.2502)  ( 2.00    -0.2128)  ( 0.00    -0.0107)

 CYCLE    3
  SDIIS (wt  0.000):  0.1660  0.6001  0.2340
 A-DIIS (wt  1.000):  0.0000  0.7134  0.2866
  DIIS coefficients:  0.0000  0.7134  0.2866
 SCF Error: norm([F,P])=      0.640886247609, max([F,P])=      0.132119322325
 orbitals (Q,E):
 ---------------
 A :11...21          ( 2.00    -0.3838)  ( 2.00    -0.3642)  ( 2.00    -0.3605)  ( 2.00    -0.3137)
                     ( 2.00    -0.2934)  ( 2.00    -0.2766)  ( 2.00    -0.2639)  ( 2.00    -0.2377)
                     ( 2.00    -0.2303)  ( 2.00    -0.2185)  ( 0.00    -0.0129)

 CYCLE    4
  SDIIS (wt  0.859):  0.2140  0.0706  0.7154
 A-DIIS (wt  0.141):  0.0000  0.0000  1.0000
  DIIS coefficients:  0.1839  0.0607  0.7554
 SCF Error: norm([F,P])=      0.054029901772, max([F,P])=      0.014924052119
 orbitals (Q,E):
 ---------------
 A :11...21          ( 2.00    -0.3830)  ( 2.00    -0.3647)  ( 2.00    -0.3605)  ( 2.00    -0.3115)
                     ( 2.00    -0.2957)  ( 2.00    -0.2782)  ( 2.00    -0.2614)  ( 2.00    -0.2362)
                     ( 2.00    -0.2280)  ( 2.00    -0.2167)  ( 0.00    -0.0133)

 CYCLE    5
  SDIIS (wt  0.981):  0.0416  0.0097  0.2354  0.7132
 A-DIIS (wt  0.019):  0.0000  0.0000  0.0000  1.0000
  DIIS coefficients:  0.0408  0.0095  0.2309  0.7188
 SCF Error: norm([F,P])=      0.014020837239, max([F,P])=      0.002903433277
 orbitals (Q,E):
 ---------------
 A :11...21          ( 2.00    -0.3847)  ( 2.00    -0.3660)  ( 2.00    -0.3618)  ( 2.00    -0.3130)
                     ( 2.00    -0.2968)  ( 2.00    -0.2796)  ( 2.00    -0.2625)  ( 2.00    -0.2377)
                     ( 2.00    -0.2288)  ( 2.00    -0.2176)  ( 0.00    -0.0132)

 CYCLE    6
  SDIIS (wt  0.987):  0.0098  0.0020  0.0868  0.4619  0.4394
 A-DIIS (wt  0.013):  0.0000  0.0000  0.0000  0.3293  0.6707
  DIIS coefficients:  0.0097  0.0020  0.0856  0.4602  0.4426
 SCF Error: norm([F,P])=      0.010772897326, max([F,P])=      0.002336223219
 orbitals (Q,E):
 ---------------
 A :11...21          ( 2.00    -0.3841)  ( 2.00    -0.3657)  ( 2.00    -0.3614)  ( 2.00    -0.3124)
                     ( 2.00    -0.2965)  ( 2.00    -0.2791)  ( 2.00    -0.2622)  ( 2.00    -0.2370)
                     ( 2.00    -0.2286)  ( 2.00    -0.2173)  ( 0.00    -0.0130)

 CYCLE    7
  SDIIS (wt  1.000):  0.0000  0.0008  0.0182  0.1934  0.3001  0.4874
  DIIS coefficients:  0.0000  0.0008  0.0182  0.1934  0.3001  0.4874
 SCF Error: norm([F,P])=      0.004283904618, max([F,P])=      0.000847415065
 orbitals (Q,E):
 ---------------
 A :11...21          ( 2.00    -0.3840)  ( 2.00    -0.3655)  ( 2.00    -0.3612)  ( 2.00    -0.3123)
                     ( 2.00    -0.2962)  ( 2.00    -0.2789)  ( 2.00    -0.2620)  ( 2.00    -0.2370)
                     ( 2.00    -0.2284)  ( 2.00    -0.2171)  ( 0.00    -0.0129)

 CYCLE    8
  SDIIS (wt  1.000): -0.0006  0.0008  0.0004  0.0561  0.1204  0.2890  0.5338
  DIIS coefficients: -0.0006  0.0008  0.0004  0.0561  0.1204  0.2890  0.5338
 SCF Error: norm([F,P])=      0.001273155104, max([F,P])=      0.000387895497
 orbitals (Q,E):
 ---------------
 A :11...21          ( 2.00    -0.3840)  ( 2.00    -0.3655)  ( 2.00    -0.3613)  ( 2.00    -0.3124)
                     ( 2.00    -0.2963)  ( 2.00    -0.2790)  ( 2.00    -0.2621)  ( 2.00    -0.2370)
                     ( 2.00    -0.2285)  ( 2.00    -0.2172)  ( 0.00    -0.0129)

 CYCLE    9
  SDIIS (wt  1.000): -0.0004  0.0006 -0.0014  0.0239  0.0617  0.1679  0.3798  0.3678
  DIIS coefficients: -0.0004  0.0006 -0.0014  0.0239  0.0617  0.1679  0.3798  0.3678
 SCF Error: norm([F,P])=      0.000536508427, max([F,P])=      0.000124747160
 orbitals (Q,E):
 ---------------
 A :11...21          ( 2.00    -0.3840)  ( 2.00    -0.3655)  ( 2.00    -0.3613)  ( 2.00    -0.3124)
                     ( 2.00    -0.2963)  ( 2.00    -0.2790)  ( 2.00    -0.2621)  ( 2.00    -0.2370)
                     ( 2.00    -0.2285)  ( 2.00    -0.2172)  ( 0.00    -0.0129)

 CYCLE   10
  SDIIS (wt  1.000): -0.0001  0.0002 -0.0005  0.0063  0.0173  0.0474  0.1133  0.1496  0.6667
  DIIS coefficients: -0.0001  0.0002 -0.0005  0.0063  0.0173  0.0474  0.1133  0.1496  0.6667
 SCF Error: norm([F,P])=      0.000054728853, max([F,P])=      0.000011439987
 orbitals (Q,E):
 ---------------
 A :11...21          ( 2.00    -0.3840)  ( 2.00    -0.3655)  ( 2.00    -0.3613)  ( 2.00    -0.3124)
                     ( 2.00    -0.2963)  ( 2.00    -0.2790)  ( 2.00    -0.2621)  ( 2.00    -0.2370)
                     ( 2.00    -0.2285)  ( 2.00    -0.2172)  ( 0.00    -0.0129)

 CYCLE   11
  SDIIS (wt  1.000): -0.0000  0.0001 -0.0002  0.0017  0.0052  0.0145  0.0371  0.0629  0.4317  0.4471
  DIIS coefficients: -0.0000  0.0001 -0.0002  0.0017  0.0052  0.0145  0.0371  0.0629  0.4317  0.4471
 SCF Error: norm([F,P])=      0.000032929362, max([F,P])=      0.000006853733
 orbitals (Q,E):
 ---------------
 A :11...21          ( 2.00    -0.3840)  ( 2.00    -0.3655)  ( 2.00    -0.3613)  ( 2.00    -0.3124)
                     ( 2.00    -0.2963)  ( 2.00    -0.2790)  ( 2.00    -0.2621)  ( 2.00    -0.2370)
                     ( 2.00    -0.2285)  ( 2.00    -0.2172)  ( 0.00    -0.0129)

 CYCLE   12
  SDIIS (wt  1.000):  0.0000 -0.0000  0.0001  0.0004  0.0011  0.0035  0.0113  0.1198  0.2114  0.6523
  DIIS coefficients:  0.0000 -0.0000  0.0001  0.0004  0.0011  0.0035  0.0113  0.1198  0.2114  0.6523
 SCF Error: norm([F,P])=      0.000006281625, max([F,P])=      0.000001043508
 orbitals (Q,E):
 ---------------
 A :11...21          ( 2.00    -0.3840)  ( 2.00    -0.3655)  ( 2.00    -0.3613)  ( 2.00    -0.3124)
                     ( 2.00    -0.2963)  ( 2.00    -0.2790)  ( 2.00    -0.2621)  ( 2.00    -0.2370)
                     ( 2.00    -0.2285)  ( 2.00    -0.2172)  ( 0.00    -0.0129)

 CYCLE   13
  SDIIS (wt  1.000): -0.0000  0.0000  0.0001  0.0002  0.0005  0.0017  0.0197  0.0399  0.1392  0.7988
  DIIS coefficients: -0.0000  0.0000  0.0001  0.0002  0.0005  0.0017  0.0197  0.0399  0.1392  0.7988
 SCF Error: norm([F,P])=      0.000000440690, max([F,P])=      0.000000085491
 orbitals (Q,E):
 ---------------
 A :11...21          ( 2.00    -0.3840)  ( 2.00    -0.3655)  ( 2.00    -0.3613)  ( 2.00    -0.3124)
                     ( 2.00    -0.2963)  ( 2.00    -0.2790)  ( 2.00    -0.2621)  ( 2.00    -0.2370)
                     ( 2.00    -0.2285)  ( 2.00    -0.2172)  ( 0.00    -0.0129)

 SCF CONVERGED
 cosmo_calcen: 0.5 (esolb+esolc) (Hartrees) =   -0.117186

 Solvation energy (screening term,uncorrected) =    -73.535294 kcal/mol

 Solvation energy (dispersion and cavitation terms) =      0.691344 kcal/mol
 Solvation Energy Contributions (Hartrees)
          esola   esolb+esolc
     0.11718594   -0.23437188
 esol last cycle   -0.11718594

 CYCLE   14
 *** Using FIT density in Focky
  SDIIS (wt  1.000):  0.0000  0.0000  0.0000  0.0001  0.0002  0.0026  0.0055  0.0206  0.1754  0.7957
  DIIS coefficients:  0.0000  0.0000  0.0000  0.0001  0.0002  0.0026  0.0055  0.0206  0.1754  0.7957
 SCF Error: norm([F,P])=      0.000000053313, max([F,P])=      0.000000012845
 orbitals (Q,E):
 ---------------
 A :11...30          ( 2.00    -0.3840)  ( 2.00    -0.3655)  ( 2.00    -0.3613)  ( 2.00    -0.3124)
                     ( 2.00    -0.2963)  ( 2.00    -0.2790)  ( 2.00    -0.2621)  ( 2.00    -0.2370)
                     ( 2.00    -0.2285)  ( 2.00    -0.2172)  ( 0.00    -0.0129)  ( 0.00     0.0314)
                     ( 0.00     0.0597)  ( 0.00     0.0720)  ( 0.00     0.1015)  ( 0.00     0.1262)
                     ( 0.00     0.1479)  ( 0.00     0.1486)  ( 0.00     0.1910)  ( 0.00     0.2171)
 cosmo_calcen: 0.5 (esolb+esolc) (Hartrees) =   -0.117186

 Solvation energy (screening term,uncorrected) =    -73.535294 kcal/mol

 Solvation energy (dispersion and cavitation terms) =      0.691344 kcal/mol
 Solvation Energy Contributions (Hartrees)
          esola   esolb+esolc
     0.11718594   -0.23437188
 esol last cycle   -0.11718594


 Fit test: (difference of exact and fit density, squared integrated, result summed over spins)
         SCF:                                          0.00003564949628

 Gross Charges per Atom (Z minus electrons)
 ==========================================
             1.7148   -0.9350   -0.7597   -0.9375   -0.7641    0.3396    0.3420
 Net Total: -1.00000000



 =================================================================
 M U L T I P O L E   D E R I V E D   C H A R G E   A N A L Y S I S
 =================================================================

 See: M. Swart, P.Th. van Duijnen, J.G. Snijders, J.Comput.Chem., (2001), p. 79-88.

 --------------------------------------- 
 Multipole derived atomic charges (a.u.)
 --------------------------------------- 

        Atom    Level:     MDC-m        MDC-d        MDC-q
 ---------------------------------------------------------
     1     P            1.971248     1.596069     1.323121
     2     O           -1.009907    -0.953819    -0.768915
     3     O           -0.579356    -0.750411    -0.812457
     4     O           -1.006911    -0.952972    -0.818316
     5     O           -0.578108    -0.752115    -0.846134
     6     H            0.102491     0.409387     0.454831
     7     H            0.100543     0.403862     0.467870
 *** Using NEW gradient routines ***


 Geometry CYCLE 22
 ==============

 Energy gradients wrt nuclear displacements
 ==========================================

     Atom      Cartesian (a.u./angstrom)
                 X         Y         Z
 ----------------------------------------
     1 P    -0.003635 -0.000408 -0.000817
     2 O     0.001589  0.003683 -0.001548
     3 O    -0.010560 -0.001997 -0.000319
     4 O     0.005390  0.005830 -0.000948
     5 O     0.005733 -0.006308  0.002363
     6 H     0.002748 -0.000595  0.001471
     7 H    -0.001265 -0.000205 -0.000202
 ----------------------------------------
 Interpolation step length   0.221866013893359     

 dE(predicted):    -0.65732E-03, dE(actual):     0.22523E-03, Trust radius:    0.221866, all in a.u.
 
----------------------------------------------------------------------
Geometry Convergence after Step  22       (Hartree/Angstrom,Angstrom)
----------------------------------------------------------------------
current energy                               -1.72002609 Hartree
energy change                       0.00022523     0.00100000    T
constrained gradient max            0.01056030     0.00100000    F
constrained gradient rms            0.00379282     0.00066667    F
gradient max                        0.01056030
gradient rms                        0.00379282
cart. step max                      0.04507630     0.01000000    F
cart. step rms                      0.02271528     0.00666667    F
 


 Coordinates (Cartesian)
 =======================

     Atom                    bohr                                 angstrom                 Geometric Variables
                   X           Y           Z              X           Y           Z       (0:frozen, *:LT par.)
 --------------------------------------------------------------------------------------------------------------
     1 P      -1.643640    1.073470   -0.003157      -0.869777    0.568056   -0.001670      1       2       3
     2 O      -2.270198   -0.415260   -2.354637      -1.201337   -0.219746   -1.246020      4       5       6
     3 O      -2.016890    4.133612   -0.584484      -1.067292    2.187413   -0.309296      7       8       9
     4 O      -2.932443    0.591987    2.498048      -1.551782    0.313266    1.321910     10      11      12
     5 O       1.458927    0.772210    0.333319       0.772031    0.408636    0.176385     13      14      15
     6 H      -1.208591    4.604632   -2.183180      -0.639559    2.436666   -1.155289     16      17      18
     7 H       2.037041    1.467564    1.948854       1.077956    0.776602    1.031289     19      20      21
 --------------------------------------------------------------------------------------------------------------

 Number of elements of the density matrix on this node (used, total):       378      6670



 ===========================================
 Numerical Integration : Fuzzy Cells (Becke)
 ===========================================
  
 Becke grid quality: GOOD           
  
 Lebedev angular grid order:             min:  11 max:  35
 Nr. of radial points:                   min:  54 max:  65

 Total nr. of points:      90410
 Nr. of blocks:              707
 Block length:               128
 Nr. of dummy points:         86


 Test of Precision of the Numerical Integration Grid
 ===================================================

 Integral of the Total Core Density:                   9.99999995112467
 Relative Error:                                      -4.888E-09


 -------------------------------------------
  COSMO surface
  Area             =          370.699
  Volume           =          581.066
  Number of Points =          924
 -------------------------------------------



 ========================
 Density Fitting (zlmFit)
 ========================
  
 ZlmFit Fit Quality: GOOD           
  
 Max L-expansion:                        min:   7 max:   9
 Nr. of radial interpolation points:     min:  72 max: 114



 =====
 S C F  ***  ScaSCF  ***
 =====
  
 Initial density matrix is taken from previous geometry

 CYCLE    1
 SCF Error: norm([F,P])=      0.145454081594, max([F,P])=      0.028926409665
 orbitals (Q,E):
 ---------------
 A :11...30          ( 2.00    -0.2088)  ( 2.00    -0.1920)  ( 2.00    -0.1719)  ( 2.00    -0.1267)
                     ( 2.00    -0.1120)  ( 2.00    -0.1029)  ( 2.00    -0.0553)  ( 2.00    -0.0405)
                     ( 2.00    -0.0199)  ( 2.00    -0.0089)  ( 0.00     0.1117)  ( 0.00     0.1432)
                     ( 0.00     0.2405)  ( 0.00     0.2410)  ( 0.00     0.2688)  ( 0.00     0.2987)
                     ( 0.00     0.3358)  ( 0.00     0.3433)  ( 0.00     0.3466)  ( 0.00     0.3555)

 CYCLE    2
  SDIIS (wt  0.000):  0.5708  0.4292
 A-DIIS (wt  1.000):  0.6196  0.3804
  DIIS coefficients:  0.6196  0.3804
 SCF Error: norm([F,P])=      0.182213487971, max([F,P])=      0.029341350303
 orbitals (Q,E):
 ---------------
 A :11...21          ( 2.00    -0.2734)  ( 2.00    -0.2578)  ( 2.00    -0.2501)  ( 2.00    -0.1971)
                     ( 2.00    -0.1917)  ( 2.00    -0.1721)  ( 2.00    -0.1455)  ( 2.00    -0.1251)
                     ( 2.00    -0.1117)  ( 2.00    -0.1004)  ( 0.00     0.0653)

 CYCLE    3
  SDIIS (wt  0.000):  0.3537  0.2143  0.4319
 A-DIIS (wt  1.000):  0.1472  0.0000  0.8528
  DIIS coefficients:  0.1472  0.0000  0.8528
 SCF Error: norm([F,P])=      0.092079888784, max([F,P])=      0.019597713959
 orbitals (Q,E):
 ---------------
 A :11...21          ( 2.00    -0.3538)  ( 2.00    -0.3389)  ( 2.00    -0.3322)  ( 2.00    -0.2776)
                     ( 2.00    -0.2724)  ( 2.00    -0.2530)  ( 2.00    -0.2278)  ( 2.00    -0.2063)
                     ( 2.00    -0.1926)  ( 2.00    -0.1803)  ( 0.00     0.0059)

 CYCLE    4
  SDIIS (wt  0.000): -0.2450  0.6632  0.5817
 A-DIIS (wt  1.000):  0.0000  0.4874  0.5126
  DIIS coefficients:  0.0000  0.4874  0.5126
 SCF Error: norm([F,P])=      0.128965070638, max([F,P])=      0.028250903188
 orbitals (Q,E):
 ---------------
 A :11...21          ( 2.00    -0.3824)  ( 2.00    -0.3647)  ( 2.00    -0.3591)  ( 2.00    -0.3143)
                     ( 2.00    -0.2953)  ( 2.00    -0.2762)  ( 2.00    -0.2683)  ( 2.00    -0.2402)
                     ( 2.00    -0.2344)  ( 2.00    -0.2218)  ( 0.00    -0.0131)

 CYCLE    5
  SDIIS (wt  0.779):  0.0581 -0.0515  0.3859  0.6074
 A-DIIS (wt  0.221):  0.0000  0.0000  0.4077  0.5923
  DIIS coefficients:  0.0453 -0.0401  0.3907  0.6041
 SCF Error: norm([F,P])=      0.098849679986, max([F,P])=      0.022873133632
 orbitals (Q,E):
 ---------------
 A :11...21          ( 2.00    -0.3809)  ( 2.00    -0.3651)  ( 2.00    -0.3601)  ( 2.00    -0.3100)
                     ( 2.00    -0.2981)  ( 2.00    -0.2780)  ( 2.00    -0.2625)  ( 2.00    -0.2377)
                     ( 2.00    -0.2282)  ( 2.00    -0.2160)  ( 0.00    -0.0132)

 CYCLE    6
  SDIIS (wt  0.985):  0.0613 -0.1061  0.1528  0.3657  0.5264
 A-DIIS (wt  0.015):  0.0000  0.0000  0.0000  0.0000  1.0000
  DIIS coefficients:  0.0604 -0.1046  0.1506  0.3604  0.5333
 SCF Error: norm([F,P])=      0.011463034232, max([F,P])=      0.002439434275
 orbitals (Q,E):
 ---------------
 A :11...21          ( 2.00    -0.3807)  ( 2.00    -0.3647)  ( 2.00    -0.3597)  ( 2.00    -0.3100)
                     ( 2.00    -0.2973)  ( 2.00    -0.2774)  ( 2.00    -0.2627)  ( 2.00    -0.2374)
                     ( 2.00    -0.2283)  ( 2.00    -0.2161)  ( 0.00    -0.0129)

 CYCLE    7
  SDIIS (wt  1.000):  0.0247 -0.0480  0.0220  0.1064  0.2964  0.5984
  DIIS coefficients:  0.0247 -0.0480  0.0220  0.1064  0.2964  0.5984
 SCF Error: norm([F,P])=      0.003870423219, max([F,P])=      0.000488592212
 orbitals (Q,E):
 ---------------
 A :11...21          ( 2.00    -0.3805)  ( 2.00    -0.3646)  ( 2.00    -0.3596)  ( 2.00    -0.3099)
                     ( 2.00    -0.2973)  ( 2.00    -0.2773)  ( 2.00    -0.2625)  ( 2.00    -0.2373)
                     ( 2.00    -0.2282)  ( 2.00    -0.2159)  ( 0.00    -0.0128)

 CYCLE    8
  SDIIS (wt  1.000):  0.0054 -0.0104  0.0013  0.0222  0.0841  0.2342  0.6632
  DIIS coefficients:  0.0054 -0.0104  0.0013  0.0222  0.0841  0.2342  0.6632
 SCF Error: norm([F,P])=      0.000735399182, max([F,P])=      0.000218948624
 orbitals (Q,E):
 ---------------
 A :11...21          ( 2.00    -0.3806)  ( 2.00    -0.3646)  ( 2.00    -0.3596)  ( 2.00    -0.3099)
                     ( 2.00    -0.2973)  ( 2.00    -0.2773)  ( 2.00    -0.2625)  ( 2.00    -0.2373)
                     ( 2.00    -0.2282)  ( 2.00    -0.2159)  ( 0.00    -0.0128)

 CYCLE    9
  SDIIS (wt  1.000):  0.0015 -0.0029 -0.0013  0.0063  0.0356  0.1215  0.5095  0.3297
  DIIS coefficients:  0.0015 -0.0029 -0.0013  0.0063  0.0356  0.1215  0.5095  0.3297
 SCF Error: norm([F,P])=      0.000649194399, max([F,P])=      0.000171166036
 orbitals (Q,E):
 ---------------
 A :11...21          ( 2.00    -0.3806)  ( 2.00    -0.3646)  ( 2.00    -0.3596)  ( 2.00    -0.3099)
                     ( 2.00    -0.2973)  ( 2.00    -0.2773)  ( 2.00    -0.2626)  ( 2.00    -0.2373)
                     ( 2.00    -0.2282)  ( 2.00    -0.2159)  ( 0.00    -0.0128)

 CYCLE   10
  SDIIS (wt  1.000):  0.0001 -0.0001 -0.0004  0.0005  0.0063  0.0209  0.1021  0.0913  0.7793
  DIIS coefficients:  0.0001 -0.0001 -0.0004  0.0005  0.0063  0.0209  0.1021  0.0913  0.7793
 SCF Error: norm([F,P])=      0.000033820023, max([F,P])=      0.000005797592
 orbitals (Q,E):
 ---------------
 A :11...21          ( 2.00    -0.3806)  ( 2.00    -0.3646)  ( 2.00    -0.3596)  ( 2.00    -0.3099)
                     ( 2.00    -0.2973)  ( 2.00    -0.2773)  ( 2.00    -0.2626)  ( 2.00    -0.2373)
                     ( 2.00    -0.2282)  ( 2.00    -0.2159)  ( 0.00    -0.0128)

 CYCLE   11
  SDIIS (wt  1.000): -0.0000  0.0001 -0.0001 -0.0000  0.0012  0.0035  0.0183  0.0198  0.2324  0.7249
  DIIS coefficients: -0.0000  0.0001 -0.0001 -0.0000  0.0012  0.0035  0.0183  0.0198  0.2324  0.7249
 SCF Error: norm([F,P])=      0.000005262363, max([F,P])=      0.000000993190
 orbitals (Q,E):
 ---------------
 A :11...21          ( 2.00    -0.3806)  ( 2.00    -0.3646)  ( 2.00    -0.3596)  ( 2.00    -0.3099)
                     ( 2.00    -0.2973)  ( 2.00    -0.2773)  ( 2.00    -0.2626)  ( 2.00    -0.2373)
                     ( 2.00    -0.2282)  ( 2.00    -0.2159)  ( 0.00    -0.0128)

 SCF CONVERGED
 cosmo_calcen: 0.5 (esolb+esolc) (Hartrees) =   -0.118401

 Solvation energy (screening term,uncorrected) =    -74.297772 kcal/mol

 Solvation energy (dispersion and cavitation terms) =      0.693179 kcal/mol
 Solvation Energy Contributions (Hartrees)
          esola   esolb+esolc
     0.11840102   -0.23680205
 esol last cycle   -0.11840102

 CYCLE   12
 *** Using FIT density in Focky
  SDIIS (wt  1.000): -0.0000 -0.0000  0.0000  0.0002  0.0004  0.0016  0.0016  0.0175  0.0973  0.8815
  DIIS coefficients: -0.0000 -0.0000  0.0000  0.0002  0.0004  0.0016  0.0016  0.0175  0.0973  0.8815
 SCF Error: norm([F,P])=      0.000000484250, max([F,P])=      0.000000073116
 orbitals (Q,E):
 ---------------
 A :11...30          ( 2.00    -0.3806)  ( 2.00    -0.3646)  ( 2.00    -0.3596)  ( 2.00    -0.3099)
                     ( 2.00    -0.2973)  ( 2.00    -0.2773)  ( 2.00    -0.2626)  ( 2.00    -0.2373)
                     ( 2.00    -0.2282)  ( 2.00    -0.2159)  ( 0.00    -0.0128)  ( 0.00     0.0304)
                     ( 0.00     0.0605)  ( 0.00     0.0718)  ( 0.00     0.1006)  ( 0.00     0.1307)
                     ( 0.00     0.1470)  ( 0.00     0.1546)  ( 0.00     0.1863)  ( 0.00     0.2183)
 cosmo_calcen: 0.5 (esolb+esolc) (Hartrees) =   -0.118401

 Solvation energy (screening term,uncorrected) =    -74.297776 kcal/mol

 Solvation energy (dispersion and cavitation terms) =      0.693179 kcal/mol
 Solvation Energy Contributions (Hartrees)
          esola   esolb+esolc
     0.11840103   -0.23680206
 esol last cycle   -0.11840103


 Fit test: (difference of exact and fit density, squared integrated, result summed over spins)
         SCF:                                          0.00003551049375

 Gross Charges per Atom (Z minus electrons)
 ==========================================
             1.7197   -0.9380   -0.7615   -0.9364   -0.7605    0.3390    0.3376
 Net Total: -1.00000000



 =================================================================
 M U L T I P O L E   D E R I V E D   C H A R G E   A N A L Y S I S
 =================================================================

 See: M. Swart, P.Th. van Duijnen, J.G. Snijders, J.Comput.Chem., (2001), p. 79-88.

 --------------------------------------- 
 Multipole derived atomic charges (a.u.)
 --------------------------------------- 

        Atom    Level:     MDC-m        MDC-d        MDC-q
 ---------------------------------------------------------
     1     P            1.974377     1.606169     1.488316
     2     O           -1.012032    -0.956656    -0.832820
     3     O           -0.584006    -0.764915    -0.889555
     4     O           -1.008928    -0.952162    -0.835829
     5     O           -0.583239    -0.759964    -0.891704
     6     H            0.107204     0.416479     0.482486
     7     H            0.106624     0.411049     0.479106
 *** Using NEW gradient routines ***


 Geometry CYCLE 23
 ==============

 Energy gradients wrt nuclear displacements
 ==========================================

     Atom      Cartesian (a.u./angstrom)
                 X         Y         Z
 ----------------------------------------
     1 P    -0.006175 -0.001988  0.000677
     2 O     0.001063  0.003959  0.002455
     3 O    -0.000788 -0.003498 -0.005443
     4 O     0.003062 -0.003291  0.000326
     5 O    -0.004733 -0.000188  0.002423
     6 H     0.001699  0.005125 -0.001787
     7 H     0.005872 -0.000120  0.001349
 ----------------------------------------

 dE(predicted):    -0.65826E-03, dE(actual):    -0.31786E-03, Trust radius:    0.221866, all in a.u.
 
----------------------------------------------------------------------
Geometry Convergence after Step  23       (Hartree/Angstrom,Angstrom)
----------------------------------------------------------------------
current energy                               -1.72034395 Hartree
energy change                      -0.00031786     0.00100000    T
constrained gradient max            0.00617487     0.00100000    F
constrained gradient rms            0.00327424     0.00066667    F
gradient max                        0.00617487
gradient rms                        0.00327424
cart. step max                      0.07550903     0.01000000    F
cart. step rms                      0.02723738     0.00666667    F
 


 Coordinates (Cartesian)
 =======================

     Atom                    bohr                                 angstrom                 Geometric Variables
                   X           Y           Z              X           Y           Z       (0:frozen, *:LT par.)
 --------------------------------------------------------------------------------------------------------------
     1 P      -1.610022    1.096675   -0.006003      -0.851987    0.580336   -0.003176      1       2       3
     2 O      -2.247205   -0.372942   -2.368998      -1.189170   -0.197353   -1.253620      4       5       6
     3 O      -1.962053    4.164647   -0.561985      -1.038274    2.203836   -0.297390      7       8       9
     4 O      -2.902291    0.617778    2.495302      -1.535826    0.326914    1.320457     10      11      12
     5 O       1.493250    0.786745    0.338738       0.790194    0.416327    0.179253     13      14      15
     6 H      -1.351282    4.567098   -2.261928      -0.715068    2.416804   -1.196960     16      17      18
     7 H       2.003811    1.368215    2.019637       1.060371    0.724028    1.068746     19      20      21
 --------------------------------------------------------------------------------------------------------------

 Number of elements of the density matrix on this node (used, total):       378      6670



 ===========================================
 Numerical Integration : Fuzzy Cells (Becke)
 ===========================================
  
 Becke grid quality: GOOD           
  
 Lebedev angular grid order:             min:  11 max:  35
 Nr. of radial points:                   min:  54 max:  65

 Total nr. of points:      90412
 Nr. of blocks:              707
 Block length:               128
 Nr. of dummy points:         84


 Test of Precision of the Numerical Integration Grid
 ===================================================

 Integral of the Total Core Density:                   9.99999899386885
 Relative Error:                                      -1.006E-07


 -------------------------------------------
  COSMO surface
  Area             =          370.087
  Volume           =          580.280
  Number of Points =          924
 -------------------------------------------



 ========================
 Density Fitting (zlmFit)
 ========================
  
 ZlmFit Fit Quality: GOOD           
  
 Max L-expansion:                        min:   7 max:   9
 Nr. of radial interpolation points:     min:  72 max: 114



 =====
 S C F  ***  ScaSCF  ***
 =====
  
 Initial density matrix is taken from previous geometry

 CYCLE    1
 SCF Error: norm([F,P])=      0.130514491662, max([F,P])=      0.036377821466
 orbitals (Q,E):
 ---------------
 A :11...30          ( 2.00    -0.2078)  ( 2.00    -0.1937)  ( 2.00    -0.1732)  ( 2.00    -0.1266)
                     ( 2.00    -0.1094)  ( 2.00    -0.1063)  ( 2.00    -0.0570)  ( 2.00    -0.0406)
                     ( 2.00    -0.0222)  ( 2.00    -0.0110)  ( 0.00     0.1145)  ( 0.00     0.1445)
                     ( 0.00     0.2397)  ( 0.00     0.2409)  ( 0.00     0.2698)  ( 0.00     0.2984)
                     ( 0.00     0.3364)  ( 0.00     0.3407)  ( 0.00     0.3467)  ( 0.00     0.3502)

 CYCLE    2
  SDIIS (wt  0.000):  0.5950  0.4050
 A-DIIS (wt  1.000):  0.5051  0.4949
  DIIS coefficients:  0.5051  0.4949
 SCF Error: norm([F,P])=      0.178261237392, max([F,P])=      0.028376670196
 orbitals (Q,E):
 ---------------
 A :11...21          ( 2.00    -0.2962)  ( 2.00    -0.2805)  ( 2.00    -0.2717)  ( 2.00    -0.2227)
                     ( 2.00    -0.2136)  ( 2.00    -0.1916)  ( 2.00    -0.1729)  ( 2.00    -0.1479)
                     ( 2.00    -0.1406)  ( 2.00    -0.1291)  ( 0.00     0.0526)

 CYCLE    3
  SDIIS (wt  0.000):  0.3833  0.3065  0.3102
 A-DIIS (wt  1.000):  0.0000  0.0000  1.0000
  DIIS coefficients:  0.0000  0.0000  1.0000
 SCF Error: norm([F,P])=      0.126328388374, max([F,P])=      0.032201193258
 orbitals (Q,E):
 ---------------
 A :11...21          ( 2.00    -0.3794)  ( 2.00    -0.3660)  ( 2.00    -0.3547)  ( 2.00    -0.3000)
                     ( 2.00    -0.2961)  ( 2.00    -0.2781)  ( 2.00    -0.2484)  ( 2.00    -0.2261)
                     ( 2.00    -0.2126)  ( 2.00    -0.2005)  ( 0.00    -0.0126)

 CYCLE    4
  SDIIS (wt  0.000): -0.1277  0.7388  0.3889
 A-DIIS (wt  1.000):  0.0000  0.7562  0.2438
  DIIS coefficients:  0.0000  0.7562  0.2438
 SCF Error: norm([F,P])=      0.266497494256, max([F,P])=      0.063017846628
 orbitals (Q,E):
 ---------------
 A :11...21          ( 2.00    -0.3811)  ( 2.00    -0.3654)  ( 2.00    -0.3569)  ( 2.00    -0.3085)
                     ( 2.00    -0.2969)  ( 2.00    -0.2760)  ( 2.00    -0.2601)  ( 2.00    -0.2330)
                     ( 2.00    -0.2264)  ( 2.00    -0.2145)  ( 0.00    -0.0125)

 CYCLE    5
  SDIIS (wt  0.901): -0.0219  0.2185 -0.0234  0.8268
 A-DIIS (wt  0.099):  0.0000  0.0000  0.0000  1.0000
  DIIS coefficients: -0.0198  0.1970 -0.0211  0.8439
 SCF Error: norm([F,P])=      0.043768511189, max([F,P])=      0.010755729892
 orbitals (Q,E):
 ---------------
 A :11...21          ( 2.00    -0.3834)  ( 2.00    -0.3673)  ( 2.00    -0.3588)  ( 2.00    -0.3117)
                     ( 2.00    -0.2987)  ( 2.00    -0.2779)  ( 2.00    -0.2635)  ( 2.00    -0.2359)
                     ( 2.00    -0.2301)  ( 2.00    -0.2183)  ( 0.00    -0.0127)

 CYCLE    6
  SDIIS (wt  0.983):  0.0103  0.0166 -0.0539  0.4733  0.5538
 A-DIIS (wt  0.017):  0.0000  0.0000  0.0000  0.0674  0.9326
  DIIS coefficients:  0.0101  0.0163 -0.0530  0.4665  0.5602
 SCF Error: norm([F,P])=      0.012896808135, max([F,P])=      0.002662086348
 orbitals (Q,E):
 ---------------
 A :11...21          ( 2.00    -0.3828)  ( 2.00    -0.3668)  ( 2.00    -0.3582)  ( 2.00    -0.3110)
                     ( 2.00    -0.2981)  ( 2.00    -0.2773)  ( 2.00    -0.2628)  ( 2.00    -0.2351)
                     ( 2.00    -0.2294)  ( 2.00    -0.2175)  ( 0.00    -0.0124)

 CYCLE    7
  SDIIS (wt  1.000):  0.0086 -0.0173 -0.0282  0.1542  0.3199  0.5628
  DIIS coefficients:  0.0086 -0.0173 -0.0282  0.1542  0.3199  0.5628
 SCF Error: norm([F,P])=      0.003785224703, max([F,P])=      0.000486445952
 orbitals (Q,E):
 ---------------
 A :11...21          ( 2.00    -0.3827)  ( 2.00    -0.3667)  ( 2.00    -0.3581)  ( 2.00    -0.3109)
                     ( 2.00    -0.2980)  ( 2.00    -0.2772)  ( 2.00    -0.2627)  ( 2.00    -0.2350)
                     ( 2.00    -0.2292)  ( 2.00    -0.2174)  ( 0.00    -0.0123)

 CYCLE    8
  SDIIS (wt  1.000):  0.0034 -0.0080 -0.0110  0.0498  0.1262  0.2827  0.5569
  DIIS coefficients:  0.0034 -0.0080 -0.0110  0.0498  0.1262  0.2827  0.5569
 SCF Error: norm([F,P])=      0.000908544341, max([F,P])=      0.000287144299
 orbitals (Q,E):
 ---------------
 A :11...21          ( 2.00    -0.3828)  ( 2.00    -0.3667)  ( 2.00    -0.3582)  ( 2.00    -0.3110)
                     ( 2.00    -0.2980)  ( 2.00    -0.2772)  ( 2.00    -0.2627)  ( 2.00    -0.2350)
                     ( 2.00    -0.2293)  ( 2.00    -0.2175)  ( 0.00    -0.0123)

 CYCLE    9
  SDIIS (wt  1.000):  0.0012 -0.0031 -0.0037  0.0119  0.0439  0.1262  0.4438  0.3798
  DIIS coefficients:  0.0012 -0.0031 -0.0037  0.0119  0.0439  0.1262  0.4438  0.3798
 SCF Error: norm([F,P])=      0.000683314471, max([F,P])=      0.000188810967
 orbitals (Q,E):
 ---------------
 A :11...21          ( 2.00    -0.3828)  ( 2.00    -0.3667)  ( 2.00    -0.3582)  ( 2.00    -0.3110)
                     ( 2.00    -0.2980)  ( 2.00    -0.2772)  ( 2.00    -0.2627)  ( 2.00    -0.2350)
                     ( 2.00    -0.2293)  ( 2.00    -0.2175)  ( 0.00    -0.0123)

 CYCLE   10
  SDIIS (wt  1.000):  0.0002 -0.0006 -0.0005  0.0015  0.0087  0.0247  0.0990  0.0986  0.7684
  DIIS coefficients:  0.0002 -0.0006 -0.0005  0.0015  0.0087  0.0247  0.0990  0.0986  0.7684
 SCF Error: norm([F,P])=      0.000031619053, max([F,P])=      0.000007870708
 orbitals (Q,E):
 ---------------
 A :11...21          ( 2.00    -0.3828)  ( 2.00    -0.3667)  ( 2.00    -0.3582)  ( 2.00    -0.3110)
                     ( 2.00    -0.2980)  ( 2.00    -0.2772)  ( 2.00    -0.2627)  ( 2.00    -0.2350)
                     ( 2.00    -0.2293)  ( 2.00    -0.2175)  ( 0.00    -0.0123)

 CYCLE   11
  SDIIS (wt  1.000):  0.0001 -0.0002 -0.0002  0.0004  0.0035  0.0098  0.0424  0.0456  0.5088  0.3899
  DIIS coefficients:  0.0001 -0.0002 -0.0002  0.0004  0.0035  0.0098  0.0424  0.0456  0.5088  0.3899
 SCF Error: norm([F,P])=      0.000021937675, max([F,P])=      0.000005591250
 orbitals (Q,E):
 ---------------
 A :11...21          ( 2.00    -0.3828)  ( 2.00    -0.3667)  ( 2.00    -0.3582)  ( 2.00    -0.3110)
                     ( 2.00    -0.2980)  ( 2.00    -0.2772)  ( 2.00    -0.2627)  ( 2.00    -0.2350)
                     ( 2.00    -0.2293)  ( 2.00    -0.2175)  ( 0.00    -0.0123)

 CYCLE   12
  SDIIS (wt  1.000): -0.0000  0.0000 -0.0001  0.0003  0.0009  0.0054  0.0072  0.1445  0.2095  0.6323
  DIIS coefficients: -0.0000  0.0000 -0.0001  0.0003  0.0009  0.0054  0.0072  0.1445  0.2095  0.6323
 SCF Error: norm([F,P])=      0.000004936859, max([F,P])=      0.000001050984
 orbitals (Q,E):
 ---------------
 A :11...21          ( 2.00    -0.3828)  ( 2.00    -0.3667)  ( 2.00    -0.3582)  ( 2.00    -0.3110)
                     ( 2.00    -0.2980)  ( 2.00    -0.2772)  ( 2.00    -0.2627)  ( 2.00    -0.2350)
                     ( 2.00    -0.2293)  ( 2.00    -0.2175)  ( 0.00    -0.0123)

 CYCLE   13
  SDIIS (wt  1.000):  0.0000 -0.0000  0.0000  0.0001  0.0006  0.0008  0.0188  0.0343  0.1271  0.8183
  DIIS coefficients:  0.0000 -0.0000  0.0000  0.0001  0.0006  0.0008  0.0188  0.0343  0.1271  0.8183
 SCF Error: norm([F,P])=      0.000000357709, max([F,P])=      0.000000054268
 orbitals (Q,E):
 ---------------
 A :11...21          ( 2.00    -0.3828)  ( 2.00    -0.3667)  ( 2.00    -0.3582)  ( 2.00    -0.3110)
                     ( 2.00    -0.2980)  ( 2.00    -0.2772)  ( 2.00    -0.2627)  ( 2.00    -0.2350)
                     ( 2.00    -0.2293)  ( 2.00    -0.2175)  ( 0.00    -0.0123)

 SCF CONVERGED
 cosmo_calcen: 0.5 (esolb+esolc) (Hartrees) =   -0.117147

 Solvation energy (screening term,uncorrected) =    -73.510993 kcal/mol

 Solvation energy (dispersion and cavitation terms) =      0.692035 kcal/mol
 Solvation Energy Contributions (Hartrees)
          esola   esolb+esolc
     0.11714721   -0.23429442
 esol last cycle   -0.11714721

 CYCLE   14
 *** Using FIT density in Focky
  SDIIS (wt  1.000):  0.0000 -0.0000 -0.0000 -0.0001 -0.0001 -0.0008  0.0002  0.0055  0.1574  0.8379
  DIIS coefficients:  0.0000 -0.0000 -0.0000 -0.0001 -0.0001 -0.0008  0.0002  0.0055  0.1574  0.8379
 SCF Error: norm([F,P])=      0.000000051266, max([F,P])=      0.000000009717
 orbitals (Q,E):
 ---------------
 A :11...30          ( 2.00    -0.3828)  ( 2.00    -0.3667)  ( 2.00    -0.3582)  ( 2.00    -0.3110)
                     ( 2.00    -0.2980)  ( 2.00    -0.2772)  ( 2.00    -0.2627)  ( 2.00    -0.2350)
                     ( 2.00    -0.2293)  ( 2.00    -0.2175)  ( 0.00    -0.0123)  ( 0.00     0.0300)
                     ( 0.00     0.0610)  ( 0.00     0.0718)  ( 0.00     0.1018)  ( 0.00     0.1301)
                     ( 0.00     0.1470)  ( 0.00     0.1539)  ( 0.00     0.1846)  ( 0.00     0.2163)
 cosmo_calcen: 0.5 (esolb+esolc) (Hartrees) =   -0.117147

 Solvation energy (screening term,uncorrected) =    -73.510992 kcal/mol

 Solvation energy (dispersion and cavitation terms) =      0.692035 kcal/mol
 Solvation Energy Contributions (Hartrees)
          esola   esolb+esolc
     0.11714721   -0.23429442
 esol last cycle   -0.11714721


 Fit test: (difference of exact and fit density, squared integrated, result summed over spins)
         SCF:                                          0.00003553913770

 Gross Charges per Atom (Z minus electrons)
 ==========================================
             1.7209   -0.9376   -0.7613   -0.9371   -0.7609    0.3385    0.3375
 Net Total: -1.00000000



 =================================================================
 M U L T I P O L E   D E R I V E D   C H A R G E   A N A L Y S I S
 =================================================================

 See: M. Swart, P.Th. van Duijnen, J.G. Snijders, J.Comput.Chem., (2001), p. 79-88.

 --------------------------------------- 
 Multipole derived atomic charges (a.u.)
 --------------------------------------- 

        Atom    Level:     MDC-m        MDC-d        MDC-q
 ---------------------------------------------------------
     1     P            1.973254     1.600893     1.138078
     2     O           -1.009923    -0.956043    -0.736193
     3     O           -0.582192    -0.758282    -0.820144
     4     O           -1.008058    -0.953198    -0.732966
     5     O           -0.581971    -0.755484    -0.811834
     6     H            0.104664     0.412775     0.486458
     7     H            0.104224     0.409339     0.476602
 *** Using NEW gradient routines ***


 Geometry CYCLE 24
 ==============

 Energy gradients wrt nuclear displacements
 ==========================================

     Atom      Cartesian (a.u./angstrom)
                 X         Y         Z
 ----------------------------------------
     1 P    -0.003290 -0.001058  0.000188
     2 O     0.000283  0.001673  0.001290
     3 O     0.000178 -0.001284 -0.002938
     4 O     0.001104 -0.001874  0.000370
     5 O    -0.001601  0.000552  0.000951
     6 H     0.000504  0.002415 -0.000844
     7 H     0.002821 -0.000424  0.000983
 ----------------------------------------

 dE(predicted):    -0.33390E-03, dE(actual):    -0.31493E-03, Trust radius:    0.443732, all in a.u.
 
----------------------------------------------------------------------
Geometry Convergence after Step  24       (Hartree/Angstrom,Angstrom)
----------------------------------------------------------------------
current energy                               -1.72065888 Hartree
energy change                      -0.00031493     0.00100000    T
constrained gradient max            0.00328952     0.00100000    F
constrained gradient rms            0.00156406     0.00066667    F
gradient max                        0.00328952
gradient rms                        0.00156406
cart. step max                      0.05483202     0.01000000    F
cart. step rms                      0.01857747     0.00666667    F
 


 Coordinates (Cartesian)
 =======================

     Atom                    bohr                                 angstrom                 Geometric Variables
                   X           Y           Z              X           Y           Z       (0:frozen, *:LT par.)
 --------------------------------------------------------------------------------------------------------------
     1 P      -1.586356    1.112518   -0.008900      -0.839463    0.588719   -0.004710      1       2       3
     2 O      -2.228197   -0.347722   -2.378032      -1.179111   -0.184006   -1.258400      4       5       6
     3 O      -1.920234    4.184948   -0.551946      -1.016144    2.214579   -0.292077      7       8       9
     4 O      -2.885161    0.640388    2.491090      -1.526762    0.338879    1.318228     10      11      12
     5 O       1.516373    0.795109    0.345460       0.802430    0.420753    0.182810     13      14      15
     6 H      -1.454900    4.543303   -2.305834      -0.769900    2.404212   -1.220195     16      17      18
     7 H       1.982681    1.299672    2.062926       1.049190    0.687757    1.091653     19      20      21
 --------------------------------------------------------------------------------------------------------------

 Number of elements of the density matrix on this node (used, total):       378      6670



 ===========================================
 Numerical Integration : Fuzzy Cells (Becke)
 ===========================================
  
 Becke grid quality: GOOD           
  
 Lebedev angular grid order:             min:  11 max:  35
 Nr. of radial points:                   min:  54 max:  65

 Total nr. of points:      90412
 Nr. of blocks:              707
 Block length:               128
 Nr. of dummy points:         84


 Test of Precision of the Numerical Integration Grid
 ===================================================

 Integral of the Total Core Density:                   9.99999915576312
 Relative Error:                                      -8.442E-08


 -------------------------------------------
  COSMO surface
  Area             =          369.550
  Volume           =          579.653
  Number of Points =          923
 -------------------------------------------



 ========================
 Density Fitting (zlmFit)
 ========================
  
 ZlmFit Fit Quality: GOOD           
  
 Max L-expansion:                        min:   7 max:   9
 Nr. of radial interpolation points:     min:  72 max: 114



 =====
 S C F  ***  ScaSCF  ***
 =====
  
 Initial density matrix is taken from previous geometry

 CYCLE    1
 SCF Error: norm([F,P])=      0.111251144542, max([F,P])=      0.027092030297
 orbitals (Q,E):
 ---------------
 A :11...30          ( 2.00    -0.2068)  ( 2.00    -0.1936)  ( 2.00    -0.1721)  ( 2.00    -0.1249)
                     ( 2.00    -0.1075)  ( 2.00    -0.1062)  ( 2.00    -0.0569)  ( 2.00    -0.0393)
                     ( 2.00    -0.0224)  ( 2.00    -0.0115)  ( 0.00     0.1172)  ( 0.00     0.1463)
                     ( 0.00     0.2402)  ( 0.00     0.2416)  ( 0.00     0.2713)  ( 0.00     0.2998)
                     ( 0.00     0.3373)  ( 0.00     0.3395)  ( 0.00     0.3494)  ( 0.00     0.3497)

 CYCLE    2
  SDIIS (wt  0.000):  0.6245  0.3755
 A-DIIS (wt  1.000):  0.5945  0.4055
  DIIS coefficients:  0.5945  0.4055
 SCF Error: norm([F,P])=      0.171656839029, max([F,P])=      0.027341847144
 orbitals (Q,E):
 ---------------
 A :11...21          ( 2.00    -0.2800)  ( 2.00    -0.2651)  ( 2.00    -0.2528)  ( 2.00    -0.2023)
                     ( 2.00    -0.1978)  ( 2.00    -0.1752)  ( 2.00    -0.1516)  ( 2.00    -0.1272)
                     ( 2.00    -0.1193)  ( 2.00    -0.1082)  ( 0.00     0.0656)

 CYCLE    3
  SDIIS (wt  0.000):  0.4298  0.2387  0.3315
 A-DIIS (wt  1.000):  0.1346  0.0000  0.8654
  DIIS coefficients:  0.1346  0.0000  0.8654
 SCF Error: norm([F,P])=      0.092507971466, max([F,P])=      0.021317294917
 orbitals (Q,E):
 ---------------
 A :11...21          ( 2.00    -0.3584)  ( 2.00    -0.3444)  ( 2.00    -0.3320)  ( 2.00    -0.2790)
                     ( 2.00    -0.2761)  ( 2.00    -0.2545)  ( 2.00    -0.2293)  ( 2.00    -0.2046)
                     ( 2.00    -0.1950)  ( 2.00    -0.1834)  ( 0.00     0.0058)

 CYCLE    4
  SDIIS (wt  0.000): -0.2342  0.6929  0.5413
 A-DIIS (wt  1.000):  0.0000  0.6004  0.3996
  DIIS coefficients:  0.0000  0.6004  0.3996
 SCF Error: norm([F,P])=      0.145711924385, max([F,P])=      0.032734119869
 orbitals (Q,E):
 ---------------
 A :11...21          ( 2.00    -0.3855)  ( 2.00    -0.3678)  ( 2.00    -0.3566)  ( 2.00    -0.3148)
                     ( 2.00    -0.2969)  ( 2.00    -0.2765)  ( 2.00    -0.2662)  ( 2.00    -0.2349)
                     ( 2.00    -0.2338)  ( 2.00    -0.2222)  ( 0.00    -0.0124)

 CYCLE    5
  SDIIS (wt  0.883):  0.0362  0.0314  0.2390  0.6934
 A-DIIS (wt  0.117):  0.0000  0.0000  0.1794  0.8206
  DIIS coefficients:  0.0320  0.0278  0.2320  0.7083
 SCF Error: norm([F,P])=      0.054068689449, max([F,P])=      0.012565787919
 orbitals (Q,E):
 ---------------
 A :11...21          ( 2.00    -0.3847)  ( 2.00    -0.3686)  ( 2.00    -0.3575)  ( 2.00    -0.3117)
                     ( 2.00    -0.2992)  ( 2.00    -0.2779)  ( 2.00    -0.2627)  ( 2.00    -0.2340)
                     ( 2.00    -0.2298)  ( 2.00    -0.2183)  ( 0.00    -0.0123)

 CYCLE    6
  SDIIS (wt  0.984):  0.0577 -0.0787  0.0529  0.4372  0.5310
 A-DIIS (wt  0.016):  0.0000  0.0000  0.0000  0.0000  1.0000
  DIIS coefficients:  0.0567 -0.0775  0.0520  0.4301  0.5386
 SCF Error: norm([F,P])=      0.012276803672, max([F,P])=      0.002601797250
 orbitals (Q,E):
 ---------------
 A :11...21          ( 2.00    -0.3846)  ( 2.00    -0.3682)  ( 2.00    -0.3571)  ( 2.00    -0.3119)
                     ( 2.00    -0.2985)  ( 2.00    -0.2773)  ( 2.00    -0.2630)  ( 2.00    -0.2337)
                     ( 2.00    -0.2301)  ( 2.00    -0.2186)  ( 0.00    -0.0121)

 CYCLE    7
  SDIIS (wt  1.000):  0.0261 -0.0452 -0.0070  0.1373  0.2914  0.5974
  DIIS coefficients:  0.0261 -0.0452 -0.0070  0.1373  0.2914  0.5974
 SCF Error: norm([F,P])=      0.003471425634, max([F,P])=      0.000471753651
 orbitals (Q,E):
 ---------------
 A :11...21          ( 2.00    -0.3844)  ( 2.00    -0.3681)  ( 2.00    -0.3570)  ( 2.00    -0.3117)
                     ( 2.00    -0.2984)  ( 2.00    -0.2772)  ( 2.00    -0.2628)  ( 2.00    -0.2336)
                     ( 2.00    -0.2299)  ( 2.00    -0.2184)  ( 0.00    -0.0120)

 CYCLE    8
  SDIIS (wt  1.000):  0.0054 -0.0093 -0.0050  0.0247  0.0688  0.2118  0.7036
  DIIS coefficients:  0.0054 -0.0093 -0.0050  0.0247  0.0688  0.2118  0.7036
 SCF Error: norm([F,P])=      0.000620313900, max([F,P])=      0.000178367112
 orbitals (Q,E):
 ---------------
 A :11...21          ( 2.00    -0.3844)  ( 2.00    -0.3681)  ( 2.00    -0.3570)  ( 2.00    -0.3118)
                     ( 2.00    -0.2984)  ( 2.00    -0.2772)  ( 2.00    -0.2628)  ( 2.00    -0.2336)
                     ( 2.00    -0.2299)  ( 2.00    -0.2185)  ( 0.00    -0.0120)

 CYCLE    9
  SDIIS (wt  1.000):  0.0023 -0.0039 -0.0032  0.0094  0.0329  0.1202  0.5267  0.3157
  DIIS coefficients:  0.0023 -0.0039 -0.0032  0.0094  0.0329  0.1202  0.5267  0.3157
 SCF Error: norm([F,P])=      0.000506366480, max([F,P])=      0.000131157528
 orbitals (Q,E):
 ---------------
 A :11...21          ( 2.00    -0.3844)  ( 2.00    -0.3681)  ( 2.00    -0.3570)  ( 2.00    -0.3118)
                     ( 2.00    -0.2984)  ( 2.00    -0.2772)  ( 2.00    -0.2628)  ( 2.00    -0.2336)
                     ( 2.00    -0.2299)  ( 2.00    -0.2185)  ( 0.00    -0.0120)

 CYCLE   10
  SDIIS (wt  1.000):  0.0001 -0.0003 -0.0005  0.0006  0.0049  0.0180  0.0953  0.0928  0.7891
  DIIS coefficients:  0.0001 -0.0003 -0.0005  0.0006  0.0049  0.0180  0.0953  0.0928  0.7891
 SCF Error: norm([F,P])=      0.000034559614, max([F,P])=      0.000006915089
 orbitals (Q,E):
 ---------------
 A :11...21          ( 2.00    -0.3844)  ( 2.00    -0.3681)  ( 2.00    -0.3570)  ( 2.00    -0.3118)
                     ( 2.00    -0.2984)  ( 2.00    -0.2772)  ( 2.00    -0.2628)  ( 2.00    -0.2336)
                     ( 2.00    -0.2299)  ( 2.00    -0.2185)  ( 0.00    -0.0120)

 CYCLE   11
  SDIIS (wt  1.000): -0.0000  0.0000 -0.0001 -0.0000  0.0011  0.0037  0.0214  0.0252  0.2691  0.6796
  DIIS coefficients: -0.0000  0.0000 -0.0001 -0.0000  0.0011  0.0037  0.0214  0.0252  0.2691  0.6796
 SCF Error: norm([F,P])=      0.000005511431, max([F,P])=      0.000001278890
 orbitals (Q,E):
 ---------------
 A :11...21          ( 2.00    -0.3844)  ( 2.00    -0.3681)  ( 2.00    -0.3570)  ( 2.00    -0.3118)
                     ( 2.00    -0.2984)  ( 2.00    -0.2772)  ( 2.00    -0.2628)  ( 2.00    -0.2336)
                     ( 2.00    -0.2299)  ( 2.00    -0.2185)  ( 0.00    -0.0120)

 CYCLE   12
  SDIIS (wt  1.000): -0.0000 -0.0000  0.0000  0.0007  0.0023  0.0125  0.0143  0.1501  0.4481  0.3720
  DIIS coefficients: -0.0000 -0.0000  0.0000  0.0007  0.0023  0.0125  0.0143  0.1501  0.4481  0.3720
 SCF Error: norm([F,P])=      0.000003226416, max([F,P])=      0.000000785433
 orbitals (Q,E):
 ---------------
 A :11...21          ( 2.00    -0.3844)  ( 2.00    -0.3681)  ( 2.00    -0.3570)  ( 2.00    -0.3118)
                     ( 2.00    -0.2984)  ( 2.00    -0.2772)  ( 2.00    -0.2628)  ( 2.00    -0.2336)
                     ( 2.00    -0.2299)  ( 2.00    -0.2185)  ( 0.00    -0.0120)

 SCF CONVERGED
 cosmo_calcen: 0.5 (esolb+esolc) (Hartrees) =   -0.116369

 Solvation energy (screening term,uncorrected) =    -73.022747 kcal/mol

 Solvation energy (dispersion and cavitation terms) =      0.691029 kcal/mol
 Solvation Energy Contributions (Hartrees)
          esola   esolb+esolc
     0.11636914   -0.23273829
 esol last cycle   -0.11636914

 CYCLE   13
 *** Using FIT density in Focky
  SDIIS (wt  1.000): -0.0000  0.0000  0.0001  0.0002  0.0009  0.0011  0.0120  0.0596  0.1598  0.7663
  DIIS coefficients: -0.0000  0.0000  0.0001  0.0002  0.0009  0.0011  0.0120  0.0596  0.1598  0.7663
 SCF Error: norm([F,P])=      0.000000528791, max([F,P])=      0.000000116659
 orbitals (Q,E):
 ---------------
 A :11...30          ( 2.00    -0.3844)  ( 2.00    -0.3681)  ( 2.00    -0.3570)  ( 2.00    -0.3118)
                     ( 2.00    -0.2984)  ( 2.00    -0.2772)  ( 2.00    -0.2628)  ( 2.00    -0.2336)
                     ( 2.00    -0.2299)  ( 2.00    -0.2185)  ( 0.00    -0.0120)  ( 0.00     0.0298)
                     ( 0.00     0.0614)  ( 0.00     0.0719)  ( 0.00     0.1025)  ( 0.00     0.1296)
                     ( 0.00     0.1467)  ( 0.00     0.1534)  ( 0.00     0.1838)  ( 0.00     0.2157)
 cosmo_calcen: 0.5 (esolb+esolc) (Hartrees) =   -0.116369

 Solvation energy (screening term,uncorrected) =    -73.022748 kcal/mol

 Solvation energy (dispersion and cavitation terms) =      0.691029 kcal/mol
 Solvation Energy Contributions (Hartrees)
          esola   esolb+esolc
     0.11636914   -0.23273829
 esol last cycle   -0.11636914


 Fit test: (difference of exact and fit density, squared integrated, result summed over spins)
         SCF:                                          0.00003557481822

 Gross Charges per Atom (Z minus electrons)
 ==========================================
             1.7213   -0.9373   -0.7609   -0.9374   -0.7610    0.3378    0.3374
 Net Total: -1.00000000



 =================================================================
 M U L T I P O L E   D E R I V E D   C H A R G E   A N A L Y S I S
 =================================================================

 See: M. Swart, P.Th. van Duijnen, J.G. Snijders, J.Comput.Chem., (2001), p. 79-88.

 --------------------------------------- 
 Multipole derived atomic charges (a.u.)
 --------------------------------------- 

        Atom    Level:     MDC-m        MDC-d        MDC-q
 ---------------------------------------------------------
     1     P            1.972622     1.597486     0.935108
     2     O           -1.008416    -0.955427    -0.679924
     3     O           -0.581071    -0.753228    -0.776049
     4     O           -1.007651    -0.954333    -0.674582
     5     O           -0.581082    -0.752393    -0.762731
     6     H            0.102922     0.409747     0.485319
     7     H            0.102676     0.408148     0.472859
 *** Using NEW gradient routines ***


 Geometry CYCLE 25
 ==============

 Energy gradients wrt nuclear displacements
 ==========================================

     Atom      Cartesian (a.u./angstrom)
                 X         Y         Z
 ----------------------------------------
     1 P    -0.001601 -0.000671 -0.000225
     2 O    -0.000000  0.000072  0.000519
     3 O     0.000802 -0.000117 -0.000795
     4 O    -0.000152 -0.000459  0.000133
     5 O     0.000312  0.001048  0.000066
     6 H    -0.000262  0.000753 -0.000210
     7 H     0.000902 -0.000626  0.000513
 ----------------------------------------

 dE(predicted):    -0.47062E-04, dE(actual):    -0.45080E-04, Trust radius:    0.443732, all in a.u.
 
----------------------------------------------------------------------
Geometry Convergence after Step  25       (Hartree/Angstrom,Angstrom)
----------------------------------------------------------------------
current energy                               -1.72070396 Hartree
energy change                      -0.00004508     0.00100000    T
constrained gradient max            0.00160142     0.00100000    F
constrained gradient rms            0.00062601     0.00066667    T
gradient max                        0.00160142
gradient rms                        0.00062601
cart. step max                      0.02447503     0.01000000    F
cart. step rms                      0.00921422     0.00666667    F
 


 Coordinates (Cartesian)
 =======================

     Atom                    bohr                                 angstrom                 Geometric Variables
                   X           Y           Z              X           Y           Z       (0:frozen, *:LT par.)
 --------------------------------------------------------------------------------------------------------------
     1 P      -1.594462    1.103862   -0.009057      -0.843753    0.584139   -0.004793      1       2       3
     2 O      -2.236350   -0.356930   -2.377856      -1.183425   -0.188879   -1.258307      4       5       6
     3 O      -1.932581    4.176291   -0.546816      -1.022678    2.209998   -0.289362      7       8       9
     4 O      -2.892205    0.633354    2.490973      -1.530489    0.335157    1.318166     10      11      12
     5 O       1.507057    0.779591    0.342122       0.797500    0.412542    0.181043     13      14      15
     6 H      -1.409715    4.546124   -2.282256      -0.745989    2.405705   -1.207718     16      17      18
     7 H       1.982461    1.345923    2.037653       1.049073    0.712232    1.078280     19      20      21
 --------------------------------------------------------------------------------------------------------------

 Number of elements of the density matrix on this node (used, total):       378      6670



 ===========================================
 Numerical Integration : Fuzzy Cells (Becke)
 ===========================================
  
 Becke grid quality: GOOD           
  
 Lebedev angular grid order:             min:  11 max:  35
 Nr. of radial points:                   min:  54 max:  65

 Total nr. of points:      90411
 Nr. of blocks:              707
 Block length:               128
 Nr. of dummy points:         85


 Test of Precision of the Numerical Integration Grid
 ===================================================

 Integral of the Total Core Density:                   9.99999893631530
 Relative Error:                                      -1.064E-07


 -------------------------------------------
  COSMO surface
  Area             =          370.114
  Volume           =          580.539
  Number of Points =          922
 -------------------------------------------



 ========================
 Density Fitting (zlmFit)
 ========================
  
 ZlmFit Fit Quality: GOOD           
  
 Max L-expansion:                        min:   7 max:   9
 Nr. of radial interpolation points:     min:  72 max: 114



 =====
 S C F  ***  ScaSCF  ***
 =====
  
 Initial density matrix is taken from previous geometry

 CYCLE    1
 SCF Error: norm([F,P])=      0.101051411999, max([F,P])=      0.014410482691
 orbitals (Q,E):
 ---------------
 A :11...30          ( 2.00    -0.2065)  ( 2.00    -0.1926)  ( 2.00    -0.1711)  ( 2.00    -0.1240)
                     ( 2.00    -0.1067)  ( 2.00    -0.1051)  ( 2.00    -0.0558)  ( 2.00    -0.0383)
                     ( 2.00    -0.0211)  ( 2.00    -0.0104)  ( 0.00     0.1171)  ( 0.00     0.1467)
                     ( 0.00     0.2409)  ( 0.00     0.2422)  ( 0.00     0.2716)  ( 0.00     0.3006)
                     ( 0.00     0.3393)  ( 0.00     0.3419)  ( 0.00     0.3489)  ( 0.00     0.3516)

 CYCLE    2
  SDIIS (wt  0.000):  0.6434  0.3566
 A-DIIS (wt  1.000):  0.6762  0.3238
  DIIS coefficients:  0.6762  0.3238
 SCF Error: norm([F,P])=      0.172015877640, max([F,P])=      0.026848323146
 orbitals (Q,E):
 ---------------
 A :11...21          ( 2.00    -0.2644)  ( 2.00    -0.2499)  ( 2.00    -0.2368)  ( 2.00    -0.1835)
                     ( 2.00    -0.1821)  ( 2.00    -0.1608)  ( 2.00    -0.1319)  ( 2.00    -0.1095)
                     ( 2.00    -0.0990)  ( 2.00    -0.0880)  ( 0.00     0.0760)

 CYCLE    3
  SDIIS (wt  0.000):  0.4692  0.1679  0.3629
 A-DIIS (wt  1.000):  0.3850  0.0000  0.6150
  DIIS coefficients:  0.3850  0.0000  0.6150
 SCF Error: norm([F,P])=      0.079152303352, max([F,P])=      0.012480483834
 orbitals (Q,E):
 ---------------
 A :11...21          ( 2.00    -0.3144)  ( 2.00    -0.3002)  ( 2.00    -0.2878)  ( 2.00    -0.2337)
                     ( 2.00    -0.2323)  ( 2.00    -0.2110)  ( 2.00    -0.1831)  ( 2.00    -0.1601)
                     ( 2.00    -0.1493)  ( 2.00    -0.1380)  ( 0.00     0.0388)

 CYCLE    4
  SDIIS (wt  0.860): -0.4441  0.5088  0.9353
 A-DIIS (wt  0.140):  0.0000  0.0955  0.9045
  DIIS coefficients: -0.3818  0.4508  0.9310
 SCF Error: norm([F,P])=      0.081182447642, max([F,P])=      0.014878841556
 orbitals (Q,E):
 ---------------
 A :11...21          ( 2.00    -0.3828)  ( 2.00    -0.3658)  ( 2.00    -0.3561)  ( 2.00    -0.3117)
                     ( 2.00    -0.2957)  ( 2.00    -0.2750)  ( 2.00    -0.2632)  ( 2.00    -0.2334)
                     ( 2.00    -0.2307)  ( 2.00    -0.2189)  ( 0.00    -0.0120)

 CYCLE    5
  SDIIS (wt  0.942): -0.1958  0.0962  0.5808  0.5187
 A-DIIS (wt  0.058):  0.0000  0.0000  0.0401  0.9599
  DIIS coefficients: -0.1844  0.0907  0.5494  0.5443
 SCF Error: norm([F,P])=      0.041097501750, max([F,P])=      0.006743602695
 orbitals (Q,E):
 ---------------
 A :11...21          ( 2.00    -0.3844)  ( 2.00    -0.3684)  ( 2.00    -0.3586)  ( 2.00    -0.3114)
                     ( 2.00    -0.2992)  ( 2.00    -0.2781)  ( 2.00    -0.2627)  ( 2.00    -0.2346)
                     ( 2.00    -0.2296)  ( 2.00    -0.2180)  ( 0.00    -0.0125)

 CYCLE    6
  SDIIS (wt  0.982): -0.0493 -0.0011  0.1849  0.3327  0.5329
 A-DIIS (wt  0.018):  0.0000  0.0000  0.0000  0.0718  0.9282
  DIIS coefficients: -0.0485 -0.0011  0.1817  0.3280  0.5399
 SCF Error: norm([F,P])=      0.012623346899, max([F,P])=      0.002758967014
 orbitals (Q,E):
 ---------------
 A :11...21          ( 2.00    -0.3841)  ( 2.00    -0.3679)  ( 2.00    -0.3582)  ( 2.00    -0.3116)
                     ( 2.00    -0.2984)  ( 2.00    -0.2774)  ( 2.00    -0.2629)  ( 2.00    -0.2343)
                     ( 2.00    -0.2299)  ( 2.00    -0.2182)  ( 0.00    -0.0122)

 CYCLE    7
  SDIIS (wt  1.000): -0.0012 -0.0088  0.0182  0.1128  0.3036  0.5753
  DIIS coefficients: -0.0012 -0.0088  0.0182  0.1128  0.3036  0.5753
 SCF Error: norm([F,P])=      0.003567036147, max([F,P])=      0.000456991972
 orbitals (Q,E):
 ---------------
 A :11...21          ( 2.00    -0.3840)  ( 2.00    -0.3678)  ( 2.00    -0.3581)  ( 2.00    -0.3114)
                     ( 2.00    -0.2984)  ( 2.00    -0.2773)  ( 2.00    -0.2627)  ( 2.00    -0.2342)
                     ( 2.00    -0.2297)  ( 2.00    -0.2181)  ( 0.00    -0.0121)

 CYCLE    8
  SDIIS (wt  1.000):  0.0012 -0.0005 -0.0035  0.0197  0.0632  0.1753  0.7446
  DIIS coefficients:  0.0012 -0.0005 -0.0035  0.0197  0.0632  0.1753  0.7446
 SCF Error: norm([F,P])=      0.000498178253, max([F,P])=      0.000124206102
 orbitals (Q,E):
 ---------------
 A :11...21          ( 2.00    -0.3840)  ( 2.00    -0.3678)  ( 2.00    -0.3581)  ( 2.00    -0.3115)
                     ( 2.00    -0.2984)  ( 2.00    -0.2773)  ( 2.00    -0.2628)  ( 2.00    -0.2342)
                     ( 2.00    -0.2298)  ( 2.00    -0.2181)  ( 0.00    -0.0121)

 CYCLE    9
  SDIIS (wt  1.000):  0.0009 -0.0002 -0.0028  0.0115  0.0381  0.1105  0.5185  0.3235
  DIIS coefficients:  0.0009 -0.0002 -0.0028  0.0115  0.0381  0.1105  0.5185  0.3235
 SCF Error: norm([F,P])=      0.000225078846, max([F,P])=      0.000053239892
 orbitals (Q,E):
 ---------------
 A :11...21          ( 2.00    -0.3840)  ( 2.00    -0.3678)  ( 2.00    -0.3581)  ( 2.00    -0.3115)
                     ( 2.00    -0.2984)  ( 2.00    -0.2773)  ( 2.00    -0.2628)  ( 2.00    -0.2342)
                     ( 2.00    -0.2298)  ( 2.00    -0.2181)  ( 0.00    -0.0121)

 CYCLE   10
  SDIIS (wt  1.000):  0.0002 -0.0000 -0.0006  0.0016  0.0059  0.0181  0.1027  0.1598  0.7124
  DIIS coefficients:  0.0002 -0.0000 -0.0006  0.0016  0.0059  0.0181  0.1027  0.1598  0.7124
 SCF Error: norm([F,P])=      0.000037722415, max([F,P])=      0.000010829490
 orbitals (Q,E):
 ---------------
 A :11...21          ( 2.00    -0.3840)  ( 2.00    -0.3678)  ( 2.00    -0.3581)  ( 2.00    -0.3115)
                     ( 2.00    -0.2984)  ( 2.00    -0.2773)  ( 2.00    -0.2628)  ( 2.00    -0.2342)
                     ( 2.00    -0.2298)  ( 2.00    -0.2181)  ( 0.00    -0.0121)

 CYCLE   11
  SDIIS (wt  1.000):  0.0001 -0.0000 -0.0002  0.0004  0.0016  0.0052  0.0321  0.0638  0.3262  0.5709
  DIIS coefficients:  0.0001 -0.0000 -0.0002  0.0004  0.0016  0.0052  0.0321  0.0638  0.3262  0.5709
 SCF Error: norm([F,P])=      0.000007889719, max([F,P])=      0.000001696950
 orbitals (Q,E):
 ---------------
 A :11...21          ( 2.00    -0.3840)  ( 2.00    -0.3678)  ( 2.00    -0.3581)  ( 2.00    -0.3115)
                     ( 2.00    -0.2984)  ( 2.00    -0.2773)  ( 2.00    -0.2628)  ( 2.00    -0.2342)
                     ( 2.00    -0.2298)  ( 2.00    -0.2181)  ( 0.00    -0.0121)

 CYCLE   12
  SDIIS (wt  1.000): -0.0000  0.0000 -0.0000  0.0000  0.0002  0.0034  0.0180  0.1167  0.4229  0.4388
  DIIS coefficients: -0.0000  0.0000 -0.0000  0.0000  0.0002  0.0034  0.0180  0.1167  0.4229  0.4388
 SCF Error: norm([F,P])=      0.000005348379, max([F,P])=      0.000001245528
 orbitals (Q,E):
 ---------------
 A :11...21          ( 2.00    -0.3840)  ( 2.00    -0.3678)  ( 2.00    -0.3581)  ( 2.00    -0.3115)
                     ( 2.00    -0.2984)  ( 2.00    -0.2773)  ( 2.00    -0.2628)  ( 2.00    -0.2342)
                     ( 2.00    -0.2298)  ( 2.00    -0.2181)  ( 0.00    -0.0121)

 CYCLE   13
  SDIIS (wt  1.000): -0.0000 -0.0000 -0.0000  0.0000  0.0005  0.0030  0.0200  0.0884  0.1264  0.7616
  DIIS coefficients: -0.0000 -0.0000 -0.0000  0.0000  0.0005  0.0030  0.0200  0.0884  0.1264  0.7616
 SCF Error: norm([F,P])=      0.000000428000, max([F,P])=      0.000000068675
 orbitals (Q,E):
 ---------------
 A :11...21          ( 2.00    -0.3840)  ( 2.00    -0.3678)  ( 2.00    -0.3581)  ( 2.00    -0.3115)
                     ( 2.00    -0.2984)  ( 2.00    -0.2773)  ( 2.00    -0.2628)  ( 2.00    -0.2342)
                     ( 2.00    -0.2298)  ( 2.00    -0.2181)  ( 0.00    -0.0121)

 SCF CONVERGED
 cosmo_calcen: 0.5 (esolb+esolc) (Hartrees) =   -0.116617

 Solvation energy (screening term,uncorrected) =    -73.178515 kcal/mol

 Solvation energy (dispersion and cavitation terms) =      0.692084 kcal/mol
 Solvation Energy Contributions (Hartrees)
          esola   esolb+esolc
     0.11661737   -0.23323475
 esol last cycle   -0.11661737

 CYCLE   14
 *** Using FIT density in Focky
  SDIIS (wt  1.000): -0.0000  0.0000  0.0000  0.0001  0.0006  0.0038  0.0161  0.0234  0.1516  0.8044
  DIIS coefficients: -0.0000  0.0000  0.0000  0.0001  0.0006  0.0038  0.0161  0.0234  0.1516  0.8044
 SCF Error: norm([F,P])=      0.000000044092, max([F,P])=      0.000000007280
 orbitals (Q,E):
 ---------------
 A :11...30          ( 2.00    -0.3840)  ( 2.00    -0.3678)  ( 2.00    -0.3581)  ( 2.00    -0.3115)
                     ( 2.00    -0.2984)  ( 2.00    -0.2773)  ( 2.00    -0.2628)  ( 2.00    -0.2342)
                     ( 2.00    -0.2298)  ( 2.00    -0.2181)  ( 0.00    -0.0121)  ( 0.00     0.0300)
                     ( 0.00     0.0611)  ( 0.00     0.0719)  ( 0.00     0.1022)  ( 0.00     0.1298)
                     ( 0.00     0.1469)  ( 0.00     0.1534)  ( 0.00     0.1847)  ( 0.00     0.2154)
 cosmo_calcen: 0.5 (esolb+esolc) (Hartrees) =   -0.116617

 Solvation energy (screening term,uncorrected) =    -73.178516 kcal/mol

 Solvation energy (dispersion and cavitation terms) =      0.692084 kcal/mol
 Solvation Energy Contributions (Hartrees)
          esola   esolb+esolc
     0.11661738   -0.23323475
 esol last cycle   -0.11661738


 Fit test: (difference of exact and fit density, squared integrated, result summed over spins)
         SCF:                                          0.00003560758752

 Gross Charges per Atom (Z minus electrons)
 ==========================================
             1.7210   -0.9374   -0.7610   -0.9375   -0.7612    0.3381    0.3379
 Net Total: -1.00000000



 =================================================================
 M U L T I P O L E   D E R I V E D   C H A R G E   A N A L Y S I S
 =================================================================

 See: M. Swart, P.Th. van Duijnen, J.G. Snijders, J.Comput.Chem., (2001), p. 79-88.

 --------------------------------------- 
 Multipole derived atomic charges (a.u.)
 --------------------------------------- 

        Atom    Level:     MDC-m        MDC-d        MDC-q
 ---------------------------------------------------------
     1     P            1.972628     1.597629     1.038807
     2     O           -1.008757    -0.955193    -0.708791
     3     O           -0.580688    -0.753223    -0.799108
     4     O           -1.008041    -0.954323    -0.703830
     5     O           -0.580674    -0.752657    -0.785780
     6     H            0.102912     0.409490     0.485505
     7     H            0.102620     0.408277     0.473197
 *** Using NEW gradient routines ***


 Geometry CYCLE 26
 ==============

 Energy gradients wrt nuclear displacements
 ==========================================

     Atom      Cartesian (a.u./angstrom)
                 X         Y         Z
 ----------------------------------------
     1 P    -0.001303 -0.000250  0.000132
     2 O     0.000105  0.000189  0.000336
     3 O    -0.000010 -0.000160 -0.000492
     4 O     0.000561 -0.000156 -0.000345
     5 O     0.000089  0.000266  0.000261
     6 H     0.000022  0.000479 -0.000190
     7 H     0.000536 -0.000369  0.000298
 ----------------------------------------
 
----------------------------------------------------------------------
Geometry Convergence after Step  26       (Hartree/Angstrom,Angstrom)
----------------------------------------------------------------------
current energy                               -1.72072815 Hartree
energy change                      -0.00002419     0.00100000    T
constrained gradient max            0.00130254     0.00100000    F
constrained gradient rms            0.00041327     0.00066667    T
gradient max                        0.00130254
gradient rms                        0.00041327
cart. step max                      0.02707765     0.01000000    F
cart. step rms                      0.00883621     0.00666667    F
 


 Coordinates (Cartesian)
 =======================

     Atom                    bohr                                 angstrom                 Geometric Variables
                   X           Y           Z              X           Y           Z       (0:frozen, *:LT par.)
 --------------------------------------------------------------------------------------------------------------
     1 P      -1.600294    1.094497   -0.008293      -0.846839    0.579183   -0.004389      1       2       3
     2 O      -2.243627   -0.360361   -2.380549      -1.187276   -0.190695   -1.259732      4       5       6
     3 O      -1.931749    4.168863   -0.537511      -1.022237    2.206067   -0.284438      7       8       9
     4 O      -2.905453    0.625725    2.488973      -1.537500    0.331119    1.317108     10      11      12
     5 O       1.498768    0.758388    0.343839       0.793114    0.401322    0.181952     13      14      15
     6 H      -1.378092    4.544012   -2.262277      -0.729255    2.404587   -1.197145     16      17      18
     7 H       1.984654    1.397093    2.010582       1.050234    0.739310    1.063954     19      20      21
 --------------------------------------------------------------------------------------------------------------

 Number of elements of the density matrix on this node (used, total):       378      6670



 ===========================================
 Numerical Integration : Fuzzy Cells (Becke)
 ===========================================
  
 Becke grid quality: GOOD           
  
 Lebedev angular grid order:             min:  11 max:  35
 Nr. of radial points:                   min:  54 max:  65

 Total nr. of points:      90412
 Nr. of blocks:              707
 Block length:               128
 Nr. of dummy points:         84


 Test of Precision of the Numerical Integration Grid
 ===================================================

 Integral of the Total Core Density:                  10.00000034529031
 Relative Error:                                       3.453E-08


 -------------------------------------------
  COSMO surface
  Area             =          369.845
  Volume           =          580.228
  Number of Points =          922
 -------------------------------------------



 ========================
 Density Fitting (zlmFit)
 ========================
  
 ZlmFit Fit Quality: GOOD           
  
 Max L-expansion:                        min:   7 max:   9
 Nr. of radial interpolation points:     min:  72 max: 114



 =====
 S C F  ***  ScaSCF  ***
 =====
  
 Initial density matrix is taken from previous geometry

 CYCLE    1
 SCF Error: norm([F,P])=      0.101631389698, max([F,P])=      0.015606802504
 orbitals (Q,E):
 ---------------
 A :11...30          ( 2.00    -0.2074)  ( 2.00    -0.1927)  ( 2.00    -0.1714)  ( 2.00    -0.1242)
                     ( 2.00    -0.1076)  ( 2.00    -0.1045)  ( 2.00    -0.0556)  ( 2.00    -0.0385)
                     ( 2.00    -0.0209)  ( 2.00    -0.0101)  ( 0.00     0.1164)  ( 0.00     0.1466)
                     ( 0.00     0.2409)  ( 0.00     0.2420)  ( 0.00     0.2713)  ( 0.00     0.3004)
                     ( 0.00     0.3393)  ( 0.00     0.3427)  ( 0.00     0.3478)  ( 0.00     0.3527)

 CYCLE    2
  SDIIS (wt  0.000):  0.6444  0.3556
 A-DIIS (wt  1.000):  0.6678  0.3322
  DIIS coefficients:  0.6678  0.3322
 SCF Error: norm([F,P])=      0.173694300218, max([F,P])=      0.027094851479
 orbitals (Q,E):
 ---------------
 A :11...21          ( 2.00    -0.2662)  ( 2.00    -0.2513)  ( 2.00    -0.2391)  ( 2.00    -0.1849)
                     ( 2.00    -0.1842)  ( 2.00    -0.1626)  ( 2.00    -0.1338)  ( 2.00    -0.1118)
                     ( 2.00    -0.1008)  ( 2.00    -0.0898)  ( 0.00     0.0745)

 CYCLE    3
  SDIIS (wt  0.000):  0.4700  0.1771  0.3529
 A-DIIS (wt  1.000):  0.3578  0.0000  0.6422
  DIIS coefficients:  0.3578  0.0000  0.6422
 SCF Error: norm([F,P])=      0.080371114050, max([F,P])=      0.013467741046
 orbitals (Q,E):
 ---------------
 A :11...21          ( 2.00    -0.3194)  ( 2.00    -0.3049)  ( 2.00    -0.2933)  ( 2.00    -0.2381)
                     ( 2.00    -0.2376)  ( 2.00    -0.2159)  ( 2.00    -0.1881)  ( 2.00    -0.1654)
                     ( 2.00    -0.1543)  ( 2.00    -0.1428)  ( 0.00     0.0350)

 CYCLE    4
  SDIIS (wt  0.847): -0.4140  0.5393  0.8747
 A-DIIS (wt  0.153):  0.0000  0.1736  0.8264
  DIIS coefficients: -0.3507  0.4834  0.8673
 SCF Error: norm([F,P])=      0.085339764599, max([F,P])=      0.016124899822
 orbitals (Q,E):
 ---------------
 A :11...21          ( 2.00    -0.3825)  ( 2.00    -0.3657)  ( 2.00    -0.3572)  ( 2.00    -0.3115)
                     ( 2.00    -0.2958)  ( 2.00    -0.2751)  ( 2.00    -0.2632)  ( 2.00    -0.2340)
                     ( 2.00    -0.2306)  ( 2.00    -0.2186)  ( 0.00    -0.0121)

 CYCLE    5
  SDIIS (wt  0.942): -0.1801  0.1191  0.5400  0.5210
 A-DIIS (wt  0.058):  0.0000  0.0000  0.0716  0.9284
  DIIS coefficients: -0.1697  0.1122  0.5129  0.5445
 SCF Error: norm([F,P])=      0.041311614664, max([F,P])=      0.006716999609
 orbitals (Q,E):
 ---------------
 A :11...21          ( 2.00    -0.3841)  ( 2.00    -0.3682)  ( 2.00    -0.3595)  ( 2.00    -0.3112)
                     ( 2.00    -0.2993)  ( 2.00    -0.2782)  ( 2.00    -0.2626)  ( 2.00    -0.2352)
                     ( 2.00    -0.2295)  ( 2.00    -0.2177)  ( 0.00    -0.0126)

 CYCLE    6
  SDIIS (wt  0.983): -0.0434  0.0041  0.1716  0.3324  0.5353
 A-DIIS (wt  0.017):  0.0000  0.0000  0.0000  0.0610  0.9390
  DIIS coefficients: -0.0426  0.0040  0.1686  0.3277  0.5423
 SCF Error: norm([F,P])=      0.012360422975, max([F,P])=      0.002709113986
 orbitals (Q,E):
 ---------------
 A :11...21          ( 2.00    -0.3838)  ( 2.00    -0.3677)  ( 2.00    -0.3591)  ( 2.00    -0.3113)
                     ( 2.00    -0.2985)  ( 2.00    -0.2775)  ( 2.00    -0.2628)  ( 2.00    -0.2349)
                     ( 2.00    -0.2297)  ( 2.00    -0.2179)  ( 0.00    -0.0124)

 CYCLE    7
  SDIIS (wt  1.000): -0.0003 -0.0093  0.0176  0.1130  0.3039  0.5750
  DIIS coefficients: -0.0003 -0.0093  0.0176  0.1130  0.3039  0.5750
 SCF Error: norm([F,P])=      0.003569265352, max([F,P])=      0.000459888662
 orbitals (Q,E):
 ---------------
 A :11...21          ( 2.00    -0.3837)  ( 2.00    -0.3676)  ( 2.00    -0.3590)  ( 2.00    -0.3112)
                     ( 2.00    -0.2984)  ( 2.00    -0.2774)  ( 2.00    -0.2626)  ( 2.00    -0.2348)
                     ( 2.00    -0.2296)  ( 2.00    -0.2177)  ( 0.00    -0.0123)

 CYCLE    8
  SDIIS (wt  1.000):  0.0013 -0.0009 -0.0034  0.0186  0.0605  0.1716  0.7523
  DIIS coefficients:  0.0013 -0.0009 -0.0034  0.0186  0.0605  0.1716  0.7523
 SCF Error: norm([F,P])=      0.000495713811, max([F,P])=      0.000114914170
 orbitals (Q,E):
 ---------------
 A :11...21          ( 2.00    -0.3837)  ( 2.00    -0.3676)  ( 2.00    -0.3590)  ( 2.00    -0.3112)
                     ( 2.00    -0.2984)  ( 2.00    -0.2774)  ( 2.00    -0.2627)  ( 2.00    -0.2348)
                     ( 2.00    -0.2296)  ( 2.00    -0.2178)  ( 0.00    -0.0123)

 CYCLE    9
  SDIIS (wt  1.000):  0.0008 -0.0005 -0.0024  0.0106  0.0354  0.1034  0.4854  0.3673
  DIIS coefficients:  0.0008 -0.0005 -0.0024  0.0106  0.0354  0.1034  0.4854  0.3673
 SCF Error: norm([F,P])=      0.000151309542, max([F,P])=      0.000037199643
 orbitals (Q,E):
 ---------------
 A :11...21          ( 2.00    -0.3837)  ( 2.00    -0.3676)  ( 2.00    -0.3590)  ( 2.00    -0.3112)
                     ( 2.00    -0.2984)  ( 2.00    -0.2774)  ( 2.00    -0.2627)  ( 2.00    -0.2348)
                     ( 2.00    -0.2296)  ( 2.00    -0.2178)  ( 0.00    -0.0123)

 CYCLE   10
  SDIIS (wt  1.000):  0.0002 -0.0001 -0.0006  0.0016  0.0060  0.0184  0.1042  0.2515  0.6189
  DIIS coefficients:  0.0002 -0.0001 -0.0006  0.0016  0.0060  0.0184  0.1042  0.2515  0.6189
 SCF Error: norm([F,P])=      0.000050615297, max([F,P])=      0.000013984866
 orbitals (Q,E):
 ---------------
 A :11...21          ( 2.00    -0.3837)  ( 2.00    -0.3676)  ( 2.00    -0.3590)  ( 2.00    -0.3112)
                     ( 2.00    -0.2984)  ( 2.00    -0.2774)  ( 2.00    -0.2627)  ( 2.00    -0.2348)
                     ( 2.00    -0.2296)  ( 2.00    -0.2178)  ( 0.00    -0.0123)

 CYCLE   11
  SDIIS (wt  1.000):  0.0000 -0.0000 -0.0001  0.0002  0.0010  0.0031  0.0202  0.0749  0.2146  0.6860
  DIIS coefficients:  0.0000 -0.0000 -0.0001  0.0002  0.0010  0.0031  0.0202  0.0749  0.2146  0.6860
 SCF Error: norm([F,P])=      0.000005728810, max([F,P])=      0.000001006555
 orbitals (Q,E):
 ---------------
 A :11...21          ( 2.00    -0.3837)  ( 2.00    -0.3676)  ( 2.00    -0.3590)  ( 2.00    -0.3112)
                     ( 2.00    -0.2984)  ( 2.00    -0.2774)  ( 2.00    -0.2627)  ( 2.00    -0.2348)
                     ( 2.00    -0.2296)  ( 2.00    -0.2178)  ( 0.00    -0.0123)

 CYCLE   12
  SDIIS (wt  1.000): -0.0000  0.0000 -0.0000  0.0000  0.0002  0.0033  0.0304  0.0988  0.4719  0.3954
  DIIS coefficients: -0.0000  0.0000 -0.0000  0.0000  0.0002  0.0033  0.0304  0.0988  0.4719  0.3954
 SCF Error: norm([F,P])=      0.000003531486, max([F,P])=      0.000000825910
 orbitals (Q,E):
 ---------------
 A :11...21          ( 2.00    -0.3837)  ( 2.00    -0.3676)  ( 2.00    -0.3590)  ( 2.00    -0.3112)
                     ( 2.00    -0.2984)  ( 2.00    -0.2774)  ( 2.00    -0.2627)  ( 2.00    -0.2348)
                     ( 2.00    -0.2296)  ( 2.00    -0.2178)  ( 0.00    -0.0123)

 SCF CONVERGED
 cosmo_calcen: 0.5 (esolb+esolc) (Hartrees) =   -0.116839

 Solvation energy (screening term,uncorrected) =    -73.317427 kcal/mol

 Solvation energy (dispersion and cavitation terms) =      0.691581 kcal/mol
 Solvation Energy Contributions (Hartrees)
          esola   esolb+esolc
     0.11683875   -0.23367749
 esol last cycle   -0.11683875

 CYCLE   13
 *** Using FIT density in Focky
  SDIIS (wt  1.000): -0.0000 -0.0000 -0.0000  0.0000  0.0005  0.0051  0.0171  0.0981  0.1735  0.7055
  DIIS coefficients: -0.0000 -0.0000 -0.0000  0.0000  0.0005  0.0051  0.0171  0.0981  0.1735  0.7055
 SCF Error: norm([F,P])=      0.000000603962, max([F,P])=      0.000000117368
 orbitals (Q,E):
 ---------------
 A :11...30          ( 2.00    -0.3837)  ( 2.00    -0.3676)  ( 2.00    -0.3590)  ( 2.00    -0.3112)
                     ( 2.00    -0.2984)  ( 2.00    -0.2774)  ( 2.00    -0.2627)  ( 2.00    -0.2348)
                     ( 2.00    -0.2296)  ( 2.00    -0.2178)  ( 0.00    -0.0123)  ( 0.00     0.0303)
                     ( 0.00     0.0609)  ( 0.00     0.0719)  ( 0.00     0.1020)  ( 0.00     0.1299)
                     ( 0.00     0.1470)  ( 0.00     0.1534)  ( 0.00     0.1854)  ( 0.00     0.2152)
 cosmo_calcen: 0.5 (esolb+esolc) (Hartrees) =   -0.116839

 Solvation energy (screening term,uncorrected) =    -73.317432 kcal/mol

 Solvation energy (dispersion and cavitation terms) =      0.691581 kcal/mol
 Solvation Energy Contributions (Hartrees)
          esola   esolb+esolc
     0.11683875   -0.23367751
 esol last cycle   -0.11683875


 Fit test: (difference of exact and fit density, squared integrated, result summed over spins)
         SCF:                                          0.00003562145760

 Gross Charges per Atom (Z minus electrons)
 ==========================================
             1.7206   -0.9375   -0.7611   -0.9376   -0.7610    0.3383    0.3383
 Net Total: -1.00000000



 =================================================================
 M U L T I P O L E   D E R I V E D   C H A R G E   A N A L Y S I S
 =================================================================

 See: M. Swart, P.Th. van Duijnen, J.G. Snijders, J.Comput.Chem., (2001), p. 79-88.

 --------------------------------------- 
 Multipole derived atomic charges (a.u.)
 --------------------------------------- 

        Atom    Level:     MDC-m        MDC-d        MDC-q
 ---------------------------------------------------------
     1     P            1.972536     1.597294     1.126220
     2     O           -1.008812    -0.954661    -0.734112
     3     O           -0.580315    -0.752906    -0.818449
     4     O           -1.008691    -0.954610    -0.728513
     5     O           -0.580147    -0.752759    -0.803381
     6     H            0.102711     0.408969     0.485129
     7     H            0.102719     0.408674     0.473106
 *** Using NEW gradient routines ***


 Geometry CYCLE 27
 ==============

 Energy gradients wrt nuclear displacements
 ==========================================

     Atom      Cartesian (a.u./angstrom)
                 X         Y         Z
 ----------------------------------------
     1 P    -0.000032 -0.000102 -0.000225
     2 O    -0.000028  0.000419 -0.000070
     3 O    -0.000503 -0.000258 -0.000206
     4 O     0.000284  0.000086  0.000217
     5 O    -0.000000 -0.000308  0.000270
     6 H     0.000128  0.000144 -0.000101
     7 H     0.000152  0.000018  0.000116
 ----------------------------------------
 
---------------------------------------------------------
Geometry Convergence after Step  27       ** CONVERGED **
---------------------------------------------------------
current energy                               -1.72073446 Hartree
energy change                      -0.00000631     0.00100000    T
constrained gradient max            0.00050349     0.00100000    T
constrained gradient rms            0.00021743     0.00066667    T
gradient max                        0.00050349
gradient rms                        0.00021743
cart. step max                      0.00314909     0.01000000    T
cart. step rms                      0.00117158     0.00666667    T
 

 Number of elements of the density matrix on this node (used, total):       378      6670



 ===========================================
 Numerical Integration : Fuzzy Cells (Becke)
 ===========================================
  
 Becke grid quality: GOOD           
  
 Lebedev angular grid order:             min:  11 max:  35
 Nr. of radial points:                   min:  54 max:  65

 Total nr. of points:      90412
 Nr. of blocks:              707
 Block length:               128
 Nr. of dummy points:         84


 Test of Precision of the Numerical Integration Grid
 ===================================================

 Integral of the Total Core Density:                  10.00000034529031
 Relative Error:                                       3.453E-08


 -------------------------------------------
  COSMO surface
  Area             =          369.845
  Volume           =          580.228
  Number of Points =          922
 -------------------------------------------



 ========================
 Density Fitting (zlmFit)
 ========================
  
 ZlmFit Fit Quality: GOOD           
  
 Max L-expansion:                        min:   7 max:   9
 Nr. of radial interpolation points:     min:  72 max: 114



 =====
 S C F  ***  ScaSCF  ***
 =====
  
 Initial density matrix is taken from previous geometry

 CYCLE    1
 SCF Error: norm([F,P])=      0.096456718962, max([F,P])=      0.026039597548
 orbitals (Q,E):
 ---------------
 A :11...30          ( 2.00    -0.2072)  ( 2.00    -0.1924)  ( 2.00    -0.1711)  ( 2.00    -0.1240)
                     ( 2.00    -0.1074)  ( 2.00    -0.1043)  ( 2.00    -0.0553)  ( 2.00    -0.0383)
                     ( 2.00    -0.0207)  ( 2.00    -0.0099)  ( 0.00     0.1167)  ( 0.00     0.1468)
                     ( 0.00     0.2410)  ( 0.00     0.2422)  ( 0.00     0.2715)  ( 0.00     0.3007)
                     ( 0.00     0.3394)  ( 0.00     0.3429)  ( 0.00     0.3481)  ( 0.00     0.3530)

 CYCLE    2
  SDIIS (wt  0.000):  0.6547  0.3453
 A-DIIS (wt  1.000):  0.6773  0.3227
  DIIS coefficients:  0.6773  0.3227
 SCF Error: norm([F,P])=      0.173439305526, max([F,P])=      0.034701970914
 orbitals (Q,E):
 ---------------
 A :11...21          ( 2.00    -0.2643)  ( 2.00    -0.2495)  ( 2.00    -0.2370)  ( 2.00    -0.1830)
                     ( 2.00    -0.1819)  ( 2.00    -0.1608)  ( 2.00    -0.1314)  ( 2.00    -0.1096)
                     ( 2.00    -0.0984)  ( 2.00    -0.0874)  ( 0.00     0.0758)

 CYCLE    3
  SDIIS (wt  0.000):  0.4863  0.1694  0.3443
 A-DIIS (wt  1.000):  0.3874  0.0000  0.6126
  DIIS coefficients:  0.3874  0.0000  0.6126
 SCF Error: norm([F,P])=      0.079592253220, max([F,P])=      0.021262505170
 orbitals (Q,E):
 ---------------
 A :11...21          ( 2.00    -0.3141)  ( 2.00    -0.2996)  ( 2.00    -0.2879)  ( 2.00    -0.2326)
                     ( 2.00    -0.2322)  ( 2.00    -0.2107)  ( 2.00    -0.1824)  ( 2.00    -0.1599)
                     ( 2.00    -0.1486)  ( 2.00    -0.1371)  ( 0.00     0.0389)

 CYCLE    4
  SDIIS (wt  0.871): -0.4467  0.5050  0.9417
 A-DIIS (wt  0.129):  0.0000  0.0924  0.9076
  DIIS coefficients: -0.3893  0.4519  0.9373
 SCF Error: norm([F,P])=      0.081636317234, max([F,P])=      0.013738572914
 orbitals (Q,E):
 ---------------
 A :11...21          ( 2.00    -0.3824)  ( 2.00    -0.3656)  ( 2.00    -0.3571)  ( 2.00    -0.3113)
                     ( 2.00    -0.2957)  ( 2.00    -0.2751)  ( 2.00    -0.2630)  ( 2.00    -0.2339)
                     ( 2.00    -0.2304)  ( 2.00    -0.2184)  ( 0.00    -0.0121)

 CYCLE    5
  SDIIS (wt  0.944): -0.2009  0.1023  0.5809  0.5177
 A-DIIS (wt  0.056):  0.0000  0.0000  0.0178  0.9822
  DIIS coefficients: -0.1897  0.0966  0.5495  0.5436
 SCF Error: norm([F,P])=      0.039941449436, max([F,P])=      0.006528966435
 orbitals (Q,E):
 ---------------
 A :11...21          ( 2.00    -0.3841)  ( 2.00    -0.3682)  ( 2.00    -0.3595)  ( 2.00    -0.3112)
                     ( 2.00    -0.2993)  ( 2.00    -0.2782)  ( 2.00    -0.2625)  ( 2.00    -0.2351)
                     ( 2.00    -0.2295)  ( 2.00    -0.2177)  ( 0.00    -0.0126)

 CYCLE    6
  SDIIS (wt  0.984): -0.0515  0.0027  0.1827  0.3321  0.5341
 A-DIIS (wt  0.016):  0.0000  0.0000  0.0000  0.0804  0.9196
  DIIS coefficients: -0.0507  0.0026  0.1797  0.3280  0.5403
 SCF Error: norm([F,P])=      0.012693372965, max([F,P])=      0.002587821448
 orbitals (Q,E):
 ---------------
 A :11...21          ( 2.00    -0.3838)  ( 2.00    -0.3678)  ( 2.00    -0.3591)  ( 2.00    -0.3113)
                     ( 2.00    -0.2985)  ( 2.00    -0.2775)  ( 2.00    -0.2628)  ( 2.00    -0.2349)
                     ( 2.00    -0.2297)  ( 2.00    -0.2179)  ( 0.00    -0.0124)

 CYCLE    7
  SDIIS (wt  1.000): -0.0020 -0.0074  0.0176  0.1132  0.3023  0.5762
  DIIS coefficients: -0.0020 -0.0074  0.0176  0.1132  0.3023  0.5762
 SCF Error: norm([F,P])=      0.003563415607, max([F,P])=      0.000597793934
 orbitals (Q,E):
 ---------------
 A :11...21          ( 2.00    -0.3837)  ( 2.00    -0.3676)  ( 2.00    -0.3590)  ( 2.00    -0.3112)
                     ( 2.00    -0.2984)  ( 2.00    -0.2774)  ( 2.00    -0.2626)  ( 2.00    -0.2348)
                     ( 2.00    -0.2296)  ( 2.00    -0.2177)  ( 0.00    -0.0123)

 CYCLE    8
  SDIIS (wt  1.000):  0.0011 -0.0001 -0.0040  0.0181  0.0583  0.1678  0.7588
  DIIS coefficients:  0.0011 -0.0001 -0.0040  0.0181  0.0583  0.1678  0.7588
 SCF Error: norm([F,P])=      0.000484790540, max([F,P])=      0.000084685910
 orbitals (Q,E):
 ---------------
 A :11...21          ( 2.00    -0.3837)  ( 2.00    -0.3676)  ( 2.00    -0.3590)  ( 2.00    -0.3112)
                     ( 2.00    -0.2984)  ( 2.00    -0.2774)  ( 2.00    -0.2627)  ( 2.00    -0.2348)
                     ( 2.00    -0.2296)  ( 2.00    -0.2178)  ( 0.00    -0.0123)

 CYCLE    9
  SDIIS (wt  1.000):  0.0003 -0.0000 -0.0011  0.0032  0.0112  0.0341  0.1833  0.7691
  DIIS coefficients:  0.0003 -0.0000 -0.0011  0.0032  0.0112  0.0341  0.1833  0.7691
 SCF Error: norm([F,P])=      0.000031924278, max([F,P])=      0.000005301512
 orbitals (Q,E):
 ---------------
 A :11...21          ( 2.00    -0.3837)  ( 2.00    -0.3676)  ( 2.00    -0.3590)  ( 2.00    -0.3112)
                     ( 2.00    -0.2984)  ( 2.00    -0.2774)  ( 2.00    -0.2627)  ( 2.00    -0.2348)
                     ( 2.00    -0.2296)  ( 2.00    -0.2178)  ( 0.00    -0.0123)

 CYCLE   10
  SDIIS (wt  1.000):  0.0002 -0.0000 -0.0005  0.0012  0.0045  0.0140  0.0809  0.4743  0.4255
  DIIS coefficients:  0.0002 -0.0000 -0.0005  0.0012  0.0045  0.0140  0.0809  0.4743  0.4255
 SCF Error: norm([F,P])=      0.000023610779, max([F,P])=      0.000005152704
 orbitals (Q,E):
 ---------------
 A :11...21          ( 2.00    -0.3837)  ( 2.00    -0.3676)  ( 2.00    -0.3590)  ( 2.00    -0.3112)
                     ( 2.00    -0.2984)  ( 2.00    -0.2774)  ( 2.00    -0.2627)  ( 2.00    -0.2348)
                     ( 2.00    -0.2296)  ( 2.00    -0.2178)  ( 0.00    -0.0123)

 CYCLE   11
  SDIIS (wt  1.000):  0.0000 -0.0000 -0.0001  0.0001  0.0007  0.0022  0.0152  0.1498  0.2815  0.5505
  DIIS coefficients:  0.0000 -0.0000 -0.0001  0.0001  0.0007  0.0022  0.0152  0.1498  0.2815  0.5505
 SCF Error: norm([F,P])=      0.000008676132, max([F,P])=      0.000001752305
 orbitals (Q,E):
 ---------------
 A :11...21          ( 2.00    -0.3837)  ( 2.00    -0.3676)  ( 2.00    -0.3590)  ( 2.00    -0.3112)
                     ( 2.00    -0.2984)  ( 2.00    -0.2774)  ( 2.00    -0.2627)  ( 2.00    -0.2348)
                     ( 2.00    -0.2296)  ( 2.00    -0.2178)  ( 0.00    -0.0123)

 CYCLE   12
  SDIIS (wt  1.000): -0.0000  0.0000 -0.0000  0.0000  0.0001  0.0026  0.0608  0.1448  0.3206  0.4711
  DIIS coefficients: -0.0000  0.0000 -0.0000  0.0000  0.0001  0.0026  0.0608  0.1448  0.3206  0.4711
 SCF Error: norm([F,P])=      0.000001728682, max([F,P])=      0.000000377945
 orbitals (Q,E):
 ---------------
 A :11...21          ( 2.00    -0.3837)  ( 2.00    -0.3676)  ( 2.00    -0.3590)  ( 2.00    -0.3112)
                     ( 2.00    -0.2984)  ( 2.00    -0.2774)  ( 2.00    -0.2627)  ( 2.00    -0.2348)
                     ( 2.00    -0.2296)  ( 2.00    -0.2178)  ( 0.00    -0.0123)

 SCF CONVERGED
 cosmo_calcen: 0.5 (esolb+esolc) (Hartrees) =   -0.116839

 Solvation energy (screening term,uncorrected) =    -73.317428 kcal/mol

 Solvation energy (dispersion and cavitation terms) =      0.691581 kcal/mol
 Solvation Energy Contributions (Hartrees)
          esola   esolb+esolc
     0.11683875   -0.23367749
 esol last cycle   -0.11683875

 CYCLE   13
1
 ***************************************************************************************************



                                                *******************
                                                *  R E S U L T S  *
                                                *******************
  
 *** Using FIT density in Focky
  SDIIS (wt  1.000):  0.0000 -0.0000 -0.0000  0.0000  0.0003  0.0102  0.0279  0.0708  0.3686  0.5221
  DIIS coefficients:  0.0000 -0.0000 -0.0000  0.0000  0.0003  0.0102  0.0279  0.0708  0.3686  0.5221
 SCF Error: norm([F,P])=      0.000001060390, max([F,P])=      0.000000245650

 Scaled ZORA Orbital Energies, per Irrep and Spin:
 =================================================
                        Occup              E (au)              E (eV)       Diff (eV) with prev. cycle
                        -----      --------------------        ------       --------------------------
 A
              11        2.000     -0.38369241613539E+00       -10.441              -3.43E-07
              12        2.000     -0.36764528002055E+00       -10.004              -2.70E-07
              13        2.000     -0.35900173550984E+00        -9.769              -3.42E-07
              14        2.000     -0.31120902018068E+00        -8.468              -7.99E-07
              15        2.000     -0.29839541687330E+00        -8.120              -1.29E-07
              16        2.000     -0.27742806944129E+00        -7.549              -1.80E-07
              17        2.000     -0.26266398410698E+00        -7.147              -8.18E-07
              18        2.000     -0.23478208811686E+00        -6.389              -5.69E-07
              19        2.000     -0.22960640225821E+00        -6.248              -7.21E-07
              20        2.000     -0.21776233830696E+00        -5.926              -7.67E-07
              21        0.000     -0.12280834980179E-01        -0.334
              22        0.000      0.30291635249918E-01         0.824
              23        0.000      0.60873851665067E-01         1.656
              24        0.000      0.71878105929146E-01         1.956
              25        0.000      0.10199256333510E+00         2.775
              26        0.000      0.12986399051963E+00         3.534
              27        0.000      0.14697376222068E+00         3.999
              28        0.000      0.15340560848399E+00         4.174
              29        0.000      0.18539414527497E+00         5.045
              30        0.000      0.21520583536430E+00         5.856
  
 HOMO :       20 A                -0.21776233830696E+00
 LUMO :       21 A                -0.12280834980179E-01
  
 cosmo_calcen: 0.5 (esolb+esolc) (Hartrees) =   -0.116839

 Solvation energy (screening term,uncorrected) =    -73.317432 kcal/mol

 Solvation energy (dispersion and cavitation terms) =      0.691581 kcal/mol
 Solvation Energy Contributions (Hartrees)
          esola   esolb+esolc
     0.11683875   -0.23367751
 esol last cycle   -0.11683875


 Scaled ZORA Orbital Energies of the Core Orbitals:
 ==================================================

 (Note that the atoms are grouped by atomtype, see the labels, and may hence NOT be in input order)

 AtomType  Orbital  Atom                   E (au)                        E (eV)
 --------  -------  ----           --------------------        ----------------
 P           1S        1          -0.76604065822828E+02               -2084.503
 O           1S        2          -0.18718482498667E+02                -509.356
                       3          -0.18784714784024E+02                -511.158
                       4          -0.18718482338779E+02                -509.356
                       5          -0.18784831495685E+02                -511.161


 Fit test: (difference of exact and fit density, squared integrated, result summed over spins)
         Sum-of-Fragments:                             0.00000000004770
         Orthogonalized Fragments:                     0.00005678600421
         SCF:                                          0.00003562145760



 ==========================
 Electron Density at Nuclei
 ==========================
  
 The electron density is calculated at points on a small sphere around the center of a nucleus.
 The printed electron density is the average electron density on these points.
 The radius of the sphere is the printed approximate finite nuclear radius.
 Note: ZORA-4 density is used, which includes small component density

         Atom        Nuclear Radius (Angstrom)             Electron Density (a.u.)
         ----        -------------------------             -----------------------
     1)   P                 0.0000412627                             2351.01270
     2)   O                 0.0000345546                              315.57847
     3)   O                 0.0000345546                              315.37042
     4)   O                 0.0000345546                              315.57861
     5)   O                 0.0000345546                              315.37054
     6)   H                 0.0000181514                                0.46815
     7)   H                 0.0000181514                                0.46808



 ===========================================
 L O C A L   Q T A I M   P R O P E R T I E S
 ===========================================
  
 Module written by Juan I. Rodriguez-Hernandez,
 ESFM-Instituto Politecnico Nacional-Mexico.
 Any questions/comments to: juan@esfm.ipn.mx and/or SCM technical support.
 This subroutine was vectorized, its efficientcy is reported in
 Juan I. Rodriguez et. al., J. Comput. Chem. 34, 681 (2013).
 Additional CP properties added by L. Joubert and V. Tognetti,
 University of Rouen, France.
  
  
  THIS IS THE GEOMETRY IN THE CP SEARCH (ANGSTROM):
  
 Atom              X            Y           Z
  1 15        -0.846839    0.579183   -0.004389
  2  8        -1.187276   -0.190695   -1.259732
  3  8        -1.022237    2.206067   -0.284438
  4  8        -1.537500    0.331119    1.317108
  5  8         0.793114    0.401322    0.181952
  6  1        -0.729255    2.404587   -1.197145
  7  1         1.050234    0.739310    1.063954
  
 TOTAL NUMBER OF CRITICAL POINTS:           13
 NUMBER OF (3,-1) CRITICAL POINTS:           6
 NUMBER OF (3,+1) CRITICAL POINTS:           0
 NUMBER OF (3,+3) CRITICAL POINTS:           0
 NUMBER OF (3,-3) CRITICAL POINTS:           7
    Poincare-Hopf satisfied
  
 --------------------------------------------------------
CP #    1
(RANK,SIGNATURE):     (3,-3)    

CP COORDINATES:     -0.846839    0.579183   -0.004389

VALUES OF SOME FUNCTIONS AT CPs (a.u.):

                Rho =    0.2439727E+04
 --------------------------------------------------------
CP #    2
(RANK,SIGNATURE):     (3,-3)    

CP COORDINATES:     -1.187276   -0.190695   -1.259732

VALUES OF SOME FUNCTIONS AT CPs (a.u.):

                Rho =    0.3189168E+03
 --------------------------------------------------------
CP #    3
(RANK,SIGNATURE):     (3,-3)    

CP COORDINATES:     -1.022237    2.206067   -0.284438

VALUES OF SOME FUNCTIONS AT CPs (a.u.):

                Rho =    0.3187084E+03
 --------------------------------------------------------
CP #    4
(RANK,SIGNATURE):     (3,-3)    

CP COORDINATES:     -1.537500    0.331119    1.317108

VALUES OF SOME FUNCTIONS AT CPs (a.u.):

                Rho =    0.3189169E+03
 --------------------------------------------------------
CP #    5
(RANK,SIGNATURE):     (3,-3)    

CP COORDINATES:      0.793114    0.401322    0.181952

VALUES OF SOME FUNCTIONS AT CPs (a.u.):

                Rho =    0.3187086E+03
 --------------------------------------------------------
CP #    6
(RANK,SIGNATURE):     (3,-3)    

CP COORDINATES:     -0.729255    2.404587   -1.197145

VALUES OF SOME FUNCTIONS AT CPs (a.u.):

                Rho =    0.4682054E+00
 --------------------------------------------------------
CP #    7
(RANK,SIGNATURE):     (3,-3)    

CP COORDINATES:      1.050234    0.739310    1.063954

VALUES OF SOME FUNCTIONS AT CPs (a.u.):

                Rho =    0.4681371E+00
 --------------------------------------------------------
CP #    8
(RANK,SIGNATURE):     (3,-1)    

CP COORDINATES:     -0.982684    0.267362   -0.518847

EIGENVALUES OF HESSIAN MATRIX:

     -0.3836393E+00  -0.3789117E+00   0.1723937E+01

EIGENVECTORS (ORTHONORMAL) OF HESSIAN MATRIX (COLUMNS):

      0.9746920E+00   0.1230215E-01   0.2232134E+00
     -0.1271442E+00   0.8517734E+00   0.5082484E+00
     -0.1838746E+00  -0.5237660E+00   0.8317808E+00


HESSIAN MATRIX:

     -0.2786303E+00   0.2391495E+00   0.3912718E+00
                      0.1642123E+00   0.8888714E+00
                                      0.1075804E+01

VALUES OF SOME FUNCTIONS AT CPs (a.u.):

                Rho =    0.2231870E+00
        |GRAD(Rho)| =    0.1645189E-13
         GRAD(Rho)x =    0.3545924E-14
         GRAD(Rho)y =    0.8157993E-14
         GRAD(Rho)z =    0.1383973E-13
          Laplacian =    0.9613859E+00
 (-1/4)Del**2(Rho)) =   -0.2403465E+00
            Diamond =    0.3262712E+01
        Metallicity =    0.5886135E+01
        Ellipticity =    0.1247675E-01

INHOMOGENEITY PARAMETERS AT CPs (a.u.)

            Delta_u =    0.9566145E+00
            Delta_s =    0.1142023E+01
            Delta_t =    0.1386441E+01
            Inhom_s =    0.8756393E+00
           Inhom_ex =    0.9330775E+00
 
ENERGY COMPONENTS AT CPs (a.u.)

        Gb(Abramov) =    0.3960163E+00
        Vb(Abramov) =   -0.5516861E+00
        Hb(Abramov) =   -0.1556698E+00
             Ex_ueg =   -0.9998701E-01
             Ec_ueg =   -0.1328463E-01
           Delta_ex =   -0.1148440E+00
           Delta_ec =    0.2323244E-01
           Delta_et =   -0.3269880E+00
                Pxc =    0.7526520E+01
                Qxc =   -0.4943259E+01


 --------------------------------------------------------
CP #    9
(RANK,SIGNATURE):     (3,-1)    

CP COORDINATES:     -1.126146    0.481099    0.536694

EIGENVALUES OF HESSIAN MATRIX:

     -0.3835445E+00  -0.3787531E+00   0.1722741E+01

EIGENVECTORS (ORTHONORMAL) OF HESSIAN MATRIX (COLUMNS):

      0.9481028E-01   0.8850725E+00  -0.4556947E+00
     -0.9865320E+00   0.2224531E-01  -0.1620485E+00
     -0.1332876E+00   0.4649213E+00   0.8752614E+00


HESSIAN MATRIX:

      0.5759527E-01   0.1556323E+00  -0.8381247E+00
                     -0.3282316E+00  -0.2986951E+00
                                      0.1231080E+01

VALUES OF SOME FUNCTIONS AT CPs (a.u.):

                Rho =    0.2231374E+00
        |GRAD(Rho)| =    0.4624775E-15
         GRAD(Rho)x =   -0.2543120E-15
         GRAD(Rho)y =   -0.8266648E-16
         GRAD(Rho)z =    0.3773290E-15
          Laplacian =    0.9604436E+00
 (-1/4)Del**2(Rho)) =   -0.2401109E+00
            Diamond =    0.3258397E+01
        Metallicity =    0.5889727E+01
        Ellipticity =    0.1265041E-01

INHOMOGENEITY PARAMETERS AT CPs (a.u.)

            Delta_u =    0.9560052E+00
            Delta_s =    0.1141634E+01
            Delta_t =    0.1385917E+01
            Inhom_s =    0.8759376E+00
           Inhom_ex =    0.9334292E+00
 
ENERGY COMPONENTS AT CPs (a.u.)

        Gb(Abramov) =    0.3957719E+00
        Vb(Abramov) =   -0.5514328E+00
        Hb(Abramov) =   -0.1556610E+00
             Ex_ueg =   -0.9995737E-01
             Ec_ueg =   -0.1328124E-01
           Delta_ex =   -0.1147234E+00
           Delta_ec =    0.2320853E-01
           Delta_et =   -0.3266362E+00
                Pxc =    0.7526206E+01
                Qxc =   -0.4943157E+01


 --------------------------------------------------------
CP #   10
(RANK,SIGNATURE):     (3,-1)    

CP COORDINATES:     -0.905499    1.228534   -0.135047

EIGENVALUES OF HESSIAN MATRIX:

     -0.2752817E+00  -0.2570447E+00   0.8904137E+00

EIGENVECTORS (ORTHONORMAL) OF HESSIAN MATRIX (COLUMNS):

     -0.3887723E+00  -0.9162097E+00   0.9703566E-01
      0.1331543E+00  -0.1600893E+00  -0.9780804E+00
      0.9116611E+00  -0.3673299E+00   0.1842355E+00


HESSIAN MATRIX:

     -0.2489967E+00  -0.1079597E+00   0.2697731E-01
                      0.8403381E+00  -0.2089826E+00
                                     -0.2332540E+00

VALUES OF SOME FUNCTIONS AT CPs (a.u.):

                Rho =    0.1639426E+00
        |GRAD(Rho)| =    0.3168206E-16
         GRAD(Rho)x =    0.1978677E-16
         GRAD(Rho)y =   -0.2030450E-16
         GRAD(Rho)z =    0.1414087E-16
          Laplacian =    0.3580874E+00
 (-1/4)Del**2(Rho)) =   -0.8952185E-01
            Diamond =    0.9346886E+00
        Metallicity =    0.9450265E+01
        Ellipticity =    0.7094877E-01

INHOMOGENEITY PARAMETERS AT CPs (a.u.)

            Delta_u =    0.5235200E+00
            Delta_s =    0.9429900E+00
            Delta_t =    0.1087437E+01
            Inhom_s =    0.1060457E+01
           Inhom_ex =    0.1280179E+01
 
ENERGY COMPONENTS AT CPs (a.u.)

        Gb(Abramov) =    0.2006821E+00
        Vb(Abramov) =   -0.3118424E+00
        Hb(Abramov) =   -0.1111603E+00
             Ex_ueg =   -0.6626857E-01
             Ec_ueg =   -0.9341938E-02
           Delta_ex =   -0.4043584E-01
           Delta_ec =    0.1089510E-01
           Delta_et =   -0.1520055E+00
                Pxc =    0.7093665E+01
                Qxc =   -0.3711377E+01


 --------------------------------------------------------
CP #   11
(RANK,SIGNATURE):     (3,-1)    

CP COORDINATES:     -0.794451    2.355460   -0.990497

EIGENVALUES OF HESSIAN MATRIX:

     -0.1534651E+01  -0.1514229E+01   0.1325838E+01

EIGENVECTORS (ORTHONORMAL) OF HESSIAN MATRIX (COLUMNS):

     -0.1898973E+00   0.9360258E+00  -0.2963018E+00
      0.9683284E+00   0.1287282E+00  -0.2139374E+00
      0.1621085E+00   0.3275435E+00   0.9308255E+00


HESSIAN MATRIX:

     -0.1265622E+01   0.1837872E+00  -0.7826767E+00
                     -0.1403390E+01  -0.5687721E+00
                                      0.9459709E+00

VALUES OF SOME FUNCTIONS AT CPs (a.u.):

                Rho =    0.3364410E+00
        |GRAD(Rho)| =    0.6373482E-15
         GRAD(Rho)x =   -0.1002209E-15
         GRAD(Rho)y =   -0.5015843E-15
         GRAD(Rho)z =    0.3802390E-15
          Laplacian =   -0.1723042E+01
 (-1/4)Del**2(Rho)) =    0.4307605E+00
            Diamond =    0.6405890E+01
        Metallicity =   -0.6508768E+01
        Ellipticity =    0.1348680E-01

INHOMOGENEITY PARAMETERS AT CPs (a.u.)

            Delta_u =    0.1460057E+01
            Delta_s =    0.1008450E+01
            Delta_t =    0.1310955E+01
            Inhom_s =    0.9916207E+00
           Inhom_ex =    0.9938942E+00
 
ENERGY COMPONENTS AT CPs (a.u.)

        Gb(Abramov) =    0.1801130E+00
        Vb(Abramov) =   -0.7909866E+00
        Hb(Abramov) =   -0.6108735E+00
             Ex_ueg =   -0.1728212E+00
             Ec_ueg =   -0.2136164E-01
           Delta_ex =    0.1749511E+00
           Delta_ec =    0.6018834E-01
           Delta_et =   -0.1458105E+01
                Pxc =    0.8090258E+01
                Qxc =    0.2906727E+01


 --------------------------------------------------------
CP #   12
(RANK,SIGNATURE):     (3,-1)    

CP COORDINATES:      0.987878    0.663994    0.864479

EIGENVALUES OF HESSIAN MATRIX:

     -0.1534936E+01  -0.1514438E+01   0.1325759E+01

EIGENVECTORS (ORTHONORMAL) OF HESSIAN MATRIX (COLUMNS):

     -0.9550220E+00   0.1142472E+00   0.2736432E+00
      0.2076377E+00   0.9164599E+00   0.3420349E+00
      0.2117065E+00  -0.3834695E+00   0.8989614E+00


HESSIAN MATRIX:

     -0.1320458E+01   0.2698944E+00   0.7028178E+00
                     -0.1183053E+01   0.8723921E+00
                                      0.7798963E+00

VALUES OF SOME FUNCTIONS AT CPs (a.u.):

                Rho =    0.3364353E+00
        |GRAD(Rho)| =    0.6570137E-11
         GRAD(Rho)x =    0.4837522E-11
         GRAD(Rho)y =    0.1139728E-11
         GRAD(Rho)z =    0.4297220E-11
          Laplacian =   -0.1723615E+01
 (-1/4)Del**2(Rho)) =    0.4309037E+00
            Diamond =    0.6407189E+01
        Metallicity =   -0.6506423E+01
        Ellipticity =    0.1353471E-01

INHOMOGENEITY PARAMETERS AT CPs (a.u.)

            Delta_u =    0.1460202E+01
            Delta_s =    0.1008572E+01
            Delta_t =    0.1311110E+01
            Inhom_s =    0.9915004E+00
           Inhom_ex =    0.9937144E+00
 
ENERGY COMPONENTS AT CPs (a.u.)

        Gb(Abramov) =    0.1800045E+00
        Vb(Abramov) =   -0.7909126E+00
        Hb(Abramov) =   -0.6109081E+00
             Ex_ueg =   -0.1728173E+00
             Ec_ueg =   -0.2136122E-01
           Delta_ex =    0.1750105E+00
           Delta_ec =    0.6020410E-01
           Delta_et =   -0.1458492E+01
                Pxc =    0.8090236E+01
                Qxc =    0.2906952E+01


 --------------------------------------------------------
CP #   13
(RANK,SIGNATURE):     (3,-1)    

CP COORDINATES:     -0.190986    0.520459    0.088102

EIGENVALUES OF HESSIAN MATRIX:

     -0.2753474E+00  -0.2570810E+00   0.8905222E+00

EIGENVECTORS (ORTHONORMAL) OF HESSIAN MATRIX (COLUMNS):

     -0.7246383E-01   0.1432362E+00  -0.9870321E+00
      0.4364748E+00   0.8943909E+00   0.9774814E-01
      0.8967936E+00  -0.4237314E+00  -0.1273300E+00


HESSIAN MATRIX:

      0.8608553E+00  -0.1101436E+00   0.1454164E+00
                     -0.2495959E+00  -0.2143334E-01
                                     -0.2531655E+00

VALUES OF SOME FUNCTIONS AT CPs (a.u.):

                Rho =    0.1639690E+00
        |GRAD(Rho)| =    0.2301804E-11
         GRAD(Rho)x =    0.9138155E-12
         GRAD(Rho)y =   -0.2049244E-11
         GRAD(Rho)z =    0.5136552E-12
          Laplacian =    0.3580938E+00
 (-1/4)Del**2(Rho)) =   -0.8952346E-01
            Diamond =    0.9349366E+00
        Metallicity =    0.9452624E+01
        Ellipticity =    0.7105295E-01

INHOMOGENEITY PARAMETERS AT CPs (a.u.)

            Delta_u =    0.5235924E+00
            Delta_s =    0.9429185E+00
            Delta_t =    0.1087384E+01
            Inhom_s =    0.1060537E+01
           Inhom_ex =    0.1280273E+01
 
ENERGY COMPONENTS AT CPs (a.u.)

        Gb(Abramov) =    0.2007209E+00
        Vb(Abramov) =   -0.3119183E+00
        Hb(Abramov) =   -0.1111974E+00
             Ex_ueg =   -0.6628276E-01
             Ec_ueg =   -0.9343644E-02
           Delta_ex =   -0.4043856E-01
           Delta_ec =    0.1089570E-01
           Delta_et =   -0.1520197E+00
                Pxc =    0.7093887E+01
                Qxc =   -0.3711424E+01


 ----------------------------------------------------------------
 BOND PATHS (BP) AND PROPERTIES ALONG THEM ARE WRITTEN TO TAPE21
 ----------------------------------------------------------------
 #BP   #CP     Atom   Atom    Distance     BP Lenth    BP Steps
 -----------------------------------------------------------
   1     8       1      2     1.511455     1.511551      19
   2    10       1      3     1.660104     1.660888      20
   3     9       1      4     1.511588     1.511687      20
   4    13       1      5     1.660061     1.660837      20
   5    11       3      6     0.978919     0.979152      17
   6    12       5      7     0.978915     0.979150      17
 -----------------------------------------------------------




 =======================================
 M U L L I K E N   P O P U L A T I O N S
 =======================================
  
 The survey below gives for each atom:
 a) the total charge (Z minus electrons)
 b) the net spin polarization (nr of electrons spin-A minus spin-B)
 c) for each spin the atomic electron valence density (integrated) per L-value.

 Atom              Charge    Spin density          S         P         D         F
 ----              ------    ------------       ------    ------    ------    ------
 1 P               1.7206                       2.7125    7.7453    0.8215    0.0000
 2 O              -0.9375                       1.8979    5.0028    0.0368    0.0000
 3 O              -0.7611                       1.8634    4.8565    0.0413    0.0000
 4 O              -0.9376                       1.8979    5.0029    0.0368    0.0000
 5 O              -0.7610                       1.8634    4.8564    0.0413    0.0000
 6 H               0.3383                       0.5682    0.0935    0.0000    0.0000
 7 H               0.3383                       0.5681    0.0935    0.0000    0.0000

 Populations of individual BAS functions
 ----------------------------------------
 1 P           -0.0471  1.4952  0.5080  0.7979  0.7979  0.8016  1.2033  1.2033  1.1994 -0.2609
                0.5586  0.4586  0.0388  0.0396  0.0474  0.0158  0.0136 -0.0876  0.5368  0.5376
                0.5999  0.1145  0.1155  0.1611  0.1140  0.1650  0.1514
 2 O            0.0005  0.9707  0.9425 -0.0158  0.6210  0.5766  0.4865  0.8375  0.8262  0.8068
                0.2930  0.2856  0.2698 -0.0070  0.0040  0.0077  0.0023  0.0101  0.0197
 3 O            0.0005  0.9438  0.9349 -0.0158  0.5681  0.3809  0.3768  0.9405  0.8801  0.8814
                0.3097  0.2609  0.2581 -0.0162  0.0062  0.0063  0.0207  0.0057  0.0187
 4 O            0.0005  0.9708  0.9425 -0.0158  0.5875  0.6263  0.4705  0.8283  0.8385  0.8035
                0.2872  0.2938  0.2673  0.0003  0.0032  0.0103 -0.0080  0.0082  0.0227
 5 O            0.0005  0.9438  0.9349 -0.0158  0.3661  0.5617  0.3979  0.8787  0.9375  0.8859
                0.2577  0.3078  0.2632  0.0221  0.0062  0.0063 -0.0155  0.0074  0.0146
 6 H            0.0588  0.0748  0.4346  0.0386  0.0318  0.0231
 7 H            0.0589  0.0747  0.4345  0.0311  0.0381  0.0244

 Gross Charges per Atom (Z minus electrons)
 ==========================================
             1.7206   -0.9375   -0.7611   -0.9376   -0.7610    0.3383    0.3383
 Net Total: -1.00000000


 Atom-Atom Population Matrix (off-diagonal elements not doubled)
 ===============================================================

     1 :     9.6429
     2 :     0.5613    6.5328
     3 :     0.2831   -0.0539    6.2712
     4 :     0.5612   -0.0502   -0.0535    6.5330
     5 :     0.2831   -0.0534   -0.0437   -0.0538    6.2710
     6 :    -0.0261   -0.0028    0.3553    0.0038    0.0027    0.3269
     7 :    -0.0261    0.0038    0.0027   -0.0028    0.3552    0.0020    0.3269



 =================================================
 H I R S H F E L D   C H A R G E   A N A L Y S I S
 =================================================
  
 For each fragment: the (numerical) integral of rho(scf) * rho(fragment)/rho(sum-of-fragments)
 (nuclear charges are included, electrons are counted negative)

 The fragments and their ordering are defined in the early G E O M E T R Y output section.
 If you use single-atom fragments, this usually implies that all atoms of the same
 chemical type are grouped together. This may not be the order in which you listed them
 in the input file!

    1  P                         0.3132
    2  O                        -0.5248
    3  O                        -0.2934
    4  O                        -0.5248
    5  O                        -0.2932
    6  H                         0.1615
    7  H                         0.1615

 Sum of these charges (accuracy NumInt/Tails) =          -0.99995957



 =============================
 V O R O N O I   C H A R G E S
 =============================
  
 For each atom: the (numerical) integral of the total electronic charge density in its Voronoi cell,
 i.e. the region of space that is closer to that atom than to any other atom.
 (cf. Wigner-Seitz cells in crystals)

 Within the Voronoi cell the subintegrals over the atomic sphere and the remaining part are evaluated
 separately to give the numbers of electrons (negative charge) in these regions.
 The net total charge in the cell (including the nuclear charge) is also given.

 Values are provided for
    a) the Initial (sum-of-fragments) density
    b) the Orthogonalized-Fragments density
    c) the SCF density
    d) the Voronoi Deformation Density (VDD): the difference SCF-Initial for the complete atomic cell


  Atom                Initial                    OrthFrag                   SCF
             Sphere RestCell NetTotal   Sphere RestCell NetTotal   Sphere RestCell NetTotal      VDD
 -----       ------------------------   ------------------------   ------------------------    -----
    1 P      -9.787   -3.458    1.755   -9.836   -3.658    1.506   -9.755   -3.068    2.177    0.422
    2 O      -2.811   -5.648   -0.459   -2.926   -5.481   -0.407   -2.830   -6.228   -1.058   -0.599
    3 O      -2.814   -5.020    0.166   -2.970   -4.920    0.110   -2.835   -5.306   -0.141   -0.307
    4 O      -2.811   -5.648   -0.459   -2.926   -5.482   -0.408   -2.830   -6.228   -1.058   -0.599
    5 O      -2.814   -5.016    0.171   -2.970   -4.916    0.114   -2.835   -5.302   -0.137   -0.308
    6 H      -0.098   -1.489   -0.587   -0.102   -1.355   -0.457   -0.122   -1.270   -0.392    0.196
    7 H      -0.098   -1.488   -0.586   -0.102   -1.354   -0.456   -0.122   -1.269   -0.390    0.196
 ---------------------------------------------------------------------------------------------------
 Total NetCharge:               0.000                      0.000                     -1.000   -1.000
 (accuracy NumInt/Tails)

 Remark: the 'NetTotal' Voronoi charges often do not match the Mulliken and/or Hirshfeld charges very
 well. This is caused by the fact that chemically different atoms are not treated in accordance with
 their relative sizes. (Voronoi cells are defined by boundary planes halfway between the atoms.)
 However, the CHANGES in charge, comparing 'Initial' to 'SCF' for instance, do give a fair indication
 of the flow of charge caused by the relaxation from sum-of-fragments to self-consistency.

 Warning: the absolute accuracy of the VDD charges obtained using the Fuzzy Cells (Becke) integration
 scheme is much poorer than the one obtained with an 'equivalent' Voronoi integration grid. 



 =================================================================
 M U L T I P O L E   D E R I V E D   C H A R G E   A N A L Y S I S
 =================================================================

 This charge analysis uses the atomic multipoles (obtained from the fitted density) up to some level X,
 and reconstructs these multipoles exactly (up to level X) by distributing charges over all atoms.
 This is achieved by using Lagrange multipliers and a weight function to keep the multipoles local.

 Dummy atoms can be included (by setting INCDUM in MDC-block to 1) to obtain a fractional charge.
 This is generally useful and necessary only for small symmetrical molecules, when there are not
 enough degrees of freedom to reconstruct the multipoles.

 Since the atomic multipoles are reconstructed up to level X,
 the molecular multipoles are represented also up to level X.
 The recommended level is to reconstruct up to quadrupole : -> MDC-q charges.

 See: M. Swart, P.Th. van Duijnen, J.G. Snijders, J.Comput.Chem., (2001), p. 79-88.

 ------------------------------------------------------------- 
 Atomic electronic multipole moments from SCF equations (a.u.)
 ------------------------------------------------------------- 

   atom        charge        dip-x     dip-y     dip-z      quad-xx   quad-xy   quad-xz   quad-yy   quad-yz   quad-zz
 --------------------------------------------------------------------------------------------------------------------
    1 P      1.972536     0.093219  0.092673 -0.006118    -0.082801 -0.016939 -0.044968 -0.074138  0.056560  0.156939
    2 O     -1.008812     0.060107  0.055127  0.007048    -0.330312  0.115442  0.188047 -0.040229  0.343006  0.370540
    3 O     -0.580315     0.145326  0.108281 -0.386998    -0.622435 -0.034075 -0.236710  0.153954 -0.294209  0.468481
    4 O     -1.008691     0.055090  0.059247 -0.014562    -0.100716  0.079742 -0.329882 -0.368165 -0.157369  0.468881
    5 O     -0.580147     0.133509  0.164433  0.370780     0.209359 -0.007070  0.307601 -0.581684  0.270501  0.372325
    6 H      0.102711     0.025681  0.062715 -0.094430    -0.097766  0.007111 -0.059241 -0.053850 -0.055561  0.151616
    7 H      0.102719     0.068800  0.029821  0.088815    -0.042327  0.013995  0.063554 -0.088272  0.066171  0.130599

 --------------------------------------- 
 Multipole derived atomic charges (a.u.)
 --------------------------------------- 

 The MDC-m charges are just the Monopole terms in the multipole expansion, while for the MDC-d charges
 also the Dipoles are reconstructed. The usually preferred charges are the MDC-q charges.
 These reconstruct the Monopoles, Dipoles and Quadrupoles (both atomic AND molecular).

        Atom    Level:     MDC-m        MDC-d        MDC-q
 ---------------------------------------------------------
     1     P            1.972536     1.597294     1.126220
     2     O           -1.008812    -0.954661    -0.734112
     3     O           -0.580315    -0.752906    -0.818449
     4     O           -1.008691    -0.954610    -0.728513
     5     O           -0.580147    -0.752759    -0.803381
     6     H            0.102711     0.408969     0.485129
     7     H            0.102719     0.408674     0.473106

 ------------------------------------------------ 
 Average absolute deviations in atomic multipoles
 ------------------------------------------------ 

 Stated here are the average differences between the atomic multipoles
 and the reconstructed atomic multipoles (from the distributed charges).
 If these values are not zero, this means there are not enough degrees of freedom,
 to be able to reconstruct the atomic multipoles. (This usually happens only
 for small and/or highly symmetric molecules). If this is the case, one could add
 dummy atoms as extra point charges (and setting INCDUM in MDC-block to 1).

 Level:                                 MDC-d        MDC-q
 ---------------------------------------------------------
 Charge   (a.u.)                       0.0000       0.0000
 Dipole   (Debye)                      0.0000       0.1166
 Quad.    (a.u.)                       0.1954       0.0084

 --------------------------------------- 
 Represented molecular multipole moments
 --------------------------------------- 

 Given here are the Molecular multipole moments from the atomic charges, and from the Fit Density.
 Note that the atomic charges represent the latter, NOT the ones from the Exact density.

            Q (a.u.)             Dipole moment (Debye)                                          Quadrupole moment (a.u.)
                                 x         y         z              xx        xy        xz        yy        yz        zz
------------------------------------------------------------------------------------------------------------------------
MDC-m        -1.0000        5.9764   -0.9092   -0.0987         -2.6498    1.8283    2.6416    5.0749   -3.1087   -2.4251
MDC-d        -1.0000        7.4550    0.5455   -0.1888         -5.5150    2.9187    5.3425    6.5262   -5.8283   -1.0112
MDC-q        -1.0000        6.6309   -0.2911   -0.1464         -5.3418    4.0653    5.2482    4.0450   -5.7123    1.2968
 
Fit.Dens.    -1.0000        7.4550    0.5455   -0.1888         -6.2601    2.8875    5.0609    5.8142   -5.4651    0.4459



 =============
 Dipole Moment  ***  (Debye)  ***
 =============
  
 Vector   :         7.45545035      0.54578816     -0.18881500
 Magnitude:         7.47778549

 This molecular dipole moment is calculated with analytic integration
 ************************************************************************************
 Since the molecule is NOT NEUTRAL, the dipole moment depends on the choice of origin
 ************************************************************************************



 =========================================
 Quadrupole Moment (Buckingham convention)  ***  (a.u.)  ***
 =========================================
  
      quad-xx        quad-xy        quad-xz        quad-yy        quad-yz        quad-zz
     -6.26071173     2.96672016     5.00560012     5.81466899    -5.35096527     0.44604274

 This molecular quadrupole moment is calculated with analytic integration
1



 ===========================
 B O N D I N G   E N E R G Y  ***  (decomposition)  ***
 ===========================
  
*** IMPORTANT NOTE ***

The bond energy is computed as an energy difference between molecule and
fragments. In particular when the fragments are single atoms, they are usually
computed as SPHERICALLY SYMMETRIC and SPIN-RESTRICTED. Obviously, this usually
does NOT represent the true atomic groundstate.

To obtain the 'real' bond energy, (atomic) correction terms must be applied
for the true (multiplet) fragment ground state. See ref: E.J.Baerends,
V.Branchadell, M.Sodupe, Chem.Phys.Lett.265 (1997) 481

General theoretical background on the bond energy decomposition scheme used
here (Morokuma-Ziegler) can be found in the review paper:
F.M. Bickelhaupt and E.J. Baerends,
"Kohn-Sham Density Functional Theory: Predicting and Understanding Chemistry"
In: Rev. Comput. Chem.; Lipkowitz, K. B. and Boyd, D. B., Eds.;
Wiley-VCH: New York, 2000, Vol. 15, 1-86.

Symbols used in the Bickelhaupt-Baerends (BB) paper are given below to make
the direct connection to that paper, where detailed explanations can be found
on the meaning of the various terms.


                                                   hartree              eV         kcal/mol           kJ/mol
                                      --------------------     -----------       ----------      -----------

Pauli Repulsion
  Kinetic (Delta T^0):                  17.519934499756182        476.7417         10993.93         45998.58
  Delta V^Pauli Coulomb:               -10.584655075148572       -288.0231         -6641.97        -27790.01
  Delta V^Pauli LDA-XC:                 -2.093868850394902        -56.9771         -1313.92         -5497.45
  Delta V^Pauli GGA-Exchange:            0.122843426724642          3.3427            77.09           322.53
  Delta V^Pauli GGA-Correlation:        -0.036834111493291         -1.0023           -23.11           -96.71
                                      --------------------     -----------       ----------      -----------
  Total Pauli Repulsion:                 4.927419889444060        134.0819          3092.00         12936.94
 (Total Pauli Repulsion =
  Delta E^Pauli in BB paper)

Steric Interaction
  Pauli Repulsion (Delta E^Pauli):       4.927419889444060        134.0819          3092.00         12936.94
  Electrostatic Interaction:            -1.360807513811416        -37.0295          -853.92         -3572.80
 (Electrostatic Interaction =
  Delta V_elstat in the BB paper)
                                      --------------------     -----------       ----------      -----------
  Total Steric Interaction:              3.566612375632644         97.0525          2238.08          9364.14
 (Total Steric Interaction =
  Delta E^0 in the BB paper)

Orbital Interactions
  A:                                    -5.171638212059935       -140.7274         -3245.25        -13578.13
                                      --------------------     -----------       ----------      -----------
  Total Orbital Interactions:           -5.171607523036220       -140.7266         -3245.23        -13578.05

Alternative Decomposition Orb.Int.
  Kinetic:                             -16.211242659206853       -441.1304        -10172.71        -42562.61
  Coulomb:                              10.827935737777961        294.6431          6794.63         28428.74
  XC:                                    0.211699398392673          5.7606           132.84           555.82
                                      --------------------     -----------       ----------      -----------
  Total Orbital Interactions:           -5.171607523036219       -140.7266         -3245.23        -13578.05

  Residu (E=Steric+OrbInt+Res):         -0.000002664960422         -0.0001            -0.00            -0.01


  Solvation Energy (el):                -0.116838752533956         -3.1793           -73.32          -306.76

Post-SCF Solvation Energies
  Solvation Energy (cd):                 0.001102103709201          0.0300             0.69             2.89

Total Bonding Energy:                   -1.720734461188752        -46.8236         -1079.78         -4517.79


Summary of Bonding Energy (energy terms are taken from the energy decomposition above)
======================================================================================

  Electrostatic Energy:                 -1.360807513811416        -37.0295          -853.92         -3572.80
  Kinetic Energy:                        1.308691840549329         35.6113           821.22          3435.97
  Coulomb (Steric+OrbInt) Energy:        0.243277997668967          6.6199           152.66           638.73
  XC Energy:                            -1.796160136770879        -48.8760         -1127.11         -4715.82
  Solvation:                            -0.115736648824754         -3.1494           -72.63          -303.87
                                      --------------------     -----------       ----------      -----------
  Total Bonding Energy:                 -1.720734461188753        -46.8236         -1079.78         -4517.79


Correction terms (incorporated in energies above; only for test purposes):

1. Indication of fit-quality: 1st-order fit-correction used in the energy (hartree):   0.0000714982
2. Electrostatic (Fit correction):   0.0000000000

Scaled ZORA energy correction, not included in bonding energy (hartree):           -0.0000830054
 NOTE: This scaled ZORA energy correction should only be used to compare two calculations
 in which the only difference in the calculation is the electron configuration.
 Then the difference in energy of this term should be added to the difference in energy of
 the two electron configurations.
 This term should not be used otherwise.
 In practice it is useful only for core excitation energy calculations.



 =========================================
 F R A G M E N T   E N E R G Y   T E R M S  ***  (summed over all fragments)  ***
 =========================================
  

The energy terms below are (parts of) the Total Energy of the fragments from which the molecule
 is built.

Exchange and Correlation
  Exchange LDA:                        -50.060636427294298      -1362.2192        -31413.53       -131434.18
  Exchange GGA:                         -4.895594605160751       -133.2159         -3072.03        -12853.38
  Correlation LDA:                      -3.403221566887963        -92.6064         -2135.55         -8935.16
  Correlation GGA:                       1.859098179470488         50.5886          1166.60          4881.06
                                      --------------------     -----------       ----------      -----------
  Total XC:                            -56.500354419872529      -1537.4529        -35454.51       -148341.66



 =======================================================================
 Electrostatic potential at the Nuclei due to electrons and other nuclei
 =======================================================================
  
         Atom                  Potential
         ----                  ---------
     1)   P                  54.46853974
     2)   O                  22.60059696
     3)   O                  22.48164270
     4)   O                  22.60054628
     5)   O                  22.48136441
     6)   H                   1.11382655
     7)   H                   1.11372608

=============================================================
=== CALCULATE ANALYTICAL SECOND DERIVATIVES OF THE ENERGY ===
=============================================================

                  ------------------------------------------------
                  
                  This Analytical Second Derivatives Progam    
                            was written for ADF by             
                  
                                Stephen K. Wolff               
                  
                         Scientific Computing & Modelling      
                  
                                Vrije University
                              Theoretical Chemistry
                                De Boelelaan 1083
                                1081 HV Amsterdam
                                 The Netherlands
                  
                  ------------------------------------------------
                  
                                    References:                
                                    ===========                
                  
                   Attila Berces, Ross M. Dickson, Liangyou Fan
                   Heiko Jacobsen, David Swerhone, Tom Ziegler,
                   Computer Physics Communications 100 (1997) 247.
                  
                   Heiko Jacobsen, Attila Berces
                   David Swerhone, Tom Ziegler,
                   Computer Physics Communications 100 (1997) 263.
                  
                   Stephen K. Wolff
                   Int. J. Quantum Chem. 104 (2005) 645.
                  
                  ------------------------------------------------
                  
              <><><><><><><><><><><><><><><><><><><><><><><><><>
 
                 SECOND DERIVATIVES INFORMATION:
                 -------------------------------
 
                 === PRINT
 
                   EIGS,  lprint_eigbas =  F
                   U1,    lprint_u1     =  F
                   PARTS, lprint_parts  =  F
 
                 === DEBUG
 
                   ALL        =  F
                   B1         =  F
                   DENSITIES  =  F
                   FIT        =  F
                   HESSIAN    =  F
                   NUMBERS    =  F
                   SYMMETRY   =  F
                   U1         =  F
 
                 === CPKS
 
                   MAX_CPKS_ITERATIONS    =    20
                   U1_ACCURACY PARAMETER  =     5.00
                   U1 ACCURACY            =     0.0000100
 

                 Estimated peak private memory usage    101 MB per process
                                 shared memory usage    122 MB per node

              <><><><><><><><><><><><><><><><><><><><><><><><><>
 Handling            7  atoms per pass in write_gradb1
 wr_gradb1   60813312.0000000        1048576000.00000     

######## LOOPING OVER NUCLEI ########

==========================
###### NUCLEUS:     1  P  
==========================

====================  solving CPKS equations  ====================

NUCLEUS  COORD.    ITERATION   ACCURACY
-------  ------    ---------   --------
    1       1          1       0.38683275D-01
    1       1          2       0.34518236D-02
    1       1          3       0.14512973D-02
    1       1          4       0.26584095D-03
    1       1          5       0.17140359D-03
    1       1          6       0.30353745D-04
    1       1          7       0.98613283D-05
*** CPKS converged.
----------------------------------------------
    1       2          1       0.38155678D-01
    1       2          2       0.34579009D-02
    1       2          3       0.15663359D-02
    1       2          4       0.27337850D-03
    1       2          5       0.18133903D-03
    1       2          6       0.31010303D-04
    1       2          7       0.98128082D-05
*** CPKS converged.
----------------------------------------------
    1       3          1       0.10193433D+00
    1       3          2       0.91768366D-02
    1       3          3       0.11278676D-02
    1       3          4       0.71391621D-03
    1       3          5       0.59803997D-04
    1       3          6       0.17314602D-04
    1       3          7       0.88786491D-05
*** CPKS converged.
----------------------------------------------

====================  end of solving CPKS equations  ====================

==========================
###### NUCLEUS:     2  O  
==========================

====================  solving CPKS equations  ====================

NUCLEUS  COORD.    ITERATION   ACCURACY
-------  ------    ---------   --------
    2       1          1       0.10056547D-01
    2       1          2       0.10317383D-02
    2       1          3       0.38222428D-03
    2       1          4       0.10277698D-03
    2       1          5       0.39012729D-04
    2       1          6       0.12971087D-04
    2       1          7       0.26309007D-05
*** CPKS converged.
----------------------------------------------
    2       2          1       0.21685176D-01
    2       2          2       0.14169384D-02
    2       2          3       0.58008663D-03
    2       2          4       0.19402989D-03
    2       2          5       0.76814253D-04
    2       2          6       0.24379176D-04
    2       2          7       0.41719715D-05
*** CPKS converged.
----------------------------------------------
    2       3          1       0.42596401D-01
    2       3          2       0.19968474D-02
    2       3          3       0.11886355D-02
    2       3          4       0.34762337D-03
    2       3          5       0.12629222D-03
    2       3          6       0.44031335D-04
    2       3          7       0.60170283D-05
*** CPKS converged.
----------------------------------------------

====================  end of solving CPKS equations  ====================

==========================
###### NUCLEUS:     3  O  
==========================

====================  solving CPKS equations  ====================

NUCLEUS  COORD.    ITERATION   ACCURACY
-------  ------    ---------   --------
    3       1          1       0.14844271D-01
    3       1          2       0.82155952D-03
    3       1          3       0.45932945D-03
    3       1          4       0.82602482D-04
    3       1          5       0.52601247D-04
    3       1          6       0.72508587D-05
*** CPKS converged.
----------------------------------------------
    3       2          1       0.10663669D-01
    3       2          2       0.22174131D-02
    3       2          3       0.51301098D-03
    3       2          4       0.20236605D-03
    3       2          5       0.62621120D-04
    3       2          6       0.13597951D-04
    3       2          7       0.75926860D-05
*** CPKS converged.
----------------------------------------------
    3       3          1       0.24085075D-01
    3       3          2       0.21748356D-02
    3       3          3       0.87665291D-03
    3       3          4       0.16482425D-03
    3       3          5       0.10956436D-03
    3       3          6       0.18771034D-04
    3       3          7       0.82367288D-05
*** CPKS converged.
----------------------------------------------

====================  end of solving CPKS equations  ====================

==========================
###### NUCLEUS:     4  O  
==========================

====================  solving CPKS equations  ====================

NUCLEUS  COORD.    ITERATION   ACCURACY
-------  ------    ---------   --------
    4       1          1       0.19094149D-01
    4       1          2       0.13894819D-02
    4       1          3       0.52373346D-03
    4       1          4       0.17495844D-03
    4       1          5       0.69038968D-04
    4       1          6       0.22155794D-04
    4       1          7       0.38230208D-05
*** CPKS converged.
----------------------------------------------
    4       2          1       0.85817503D-02
    4       2          2       0.99481143D-03
    4       2          3       0.32561602D-03
    4       2          4       0.93630970D-04
    4       2          5       0.35675806D-04
    4       2          6       0.10715070D-04
    4       2          7       0.24061594D-05
*** CPKS converged.
----------------------------------------------
    4       3          1       0.44532120D-01
    4       3          2       0.20885254D-02
    4       3          3       0.12071327D-02
    4       3          4       0.36366603D-03
    4       3          5       0.13118691D-03
    4       3          6       0.45728791D-04
    4       3          7       0.63338773D-05
*** CPKS converged.
----------------------------------------------

====================  end of solving CPKS equations  ====================

==========================
###### NUCLEUS:     5  O  
==========================

====================  solving CPKS equations  ====================

NUCLEUS  COORD.    ITERATION   ACCURACY
-------  ------    ---------   --------
    5       1          1       0.91674468D-02
    5       1          2       0.23585528D-02
    5       1          3       0.47923991D-03
    5       1          4       0.20996321D-03
    5       1          5       0.55589216D-04
    5       1          6       0.14763232D-04
    5       1          7       0.66784577D-05
*** CPKS converged.
----------------------------------------------
    5       2          1       0.16231828D-01
    5       2          2       0.82883468D-03
    5       2          3       0.49733940D-03
    5       2          4       0.89282126D-04
    5       2          5       0.53807831D-04
    5       2          6       0.72944669D-05
*** CPKS converged.
----------------------------------------------
    5       3          1       0.23935608D-01
    5       3          2       0.21452368D-02
    5       3          3       0.87778818D-03
    5       3          4       0.16285910D-03
    5       3          5       0.10682860D-03
    5       3          6       0.18444119D-04
    5       3          7       0.81904682D-05
*** CPKS converged.
----------------------------------------------

====================  end of solving CPKS equations  ====================

==========================
###### NUCLEUS:     6  H  
==========================

====================  solving CPKS equations  ====================

NUCLEUS  COORD.    ITERATION   ACCURACY
-------  ------    ---------   --------
    6       1          1       0.83495134D-02
    6       1          2       0.80265957D-03
    6       1          3       0.31537406D-03
    6       1          4       0.84098711D-04
    6       1          5       0.55714798D-04
    6       1          6       0.51433164D-05
*** CPKS converged.
----------------------------------------------
    6       2          1       0.65431785D-02
    6       2          2       0.11391823D-02
    6       2          3       0.23620208D-03
    6       2          4       0.81589582D-04
    6       2          5       0.27938299D-04
    6       2          6       0.10951606D-04
    6       2          7       0.16006775D-05
*** CPKS converged.
----------------------------------------------
    6       3          1       0.25756620D-01
    6       3          2       0.25618540D-02
    6       3          3       0.83610339D-03
    6       3          4       0.13589877D-03
    6       3          5       0.12174640D-03
    6       3          6       0.19973864D-04
    6       3          7       0.60291376D-05
*** CPKS converged.
----------------------------------------------

====================  end of solving CPKS equations  ====================

==========================
###### NUCLEUS:     7  H  
==========================

====================  solving CPKS equations  ====================

NUCLEUS  COORD.    ITERATION   ACCURACY
-------  ------    ---------   --------
    7       1          1       0.82451401D-02
    7       1          2       0.13038560D-02
    7       1          3       0.29548312D-03
    7       1          4       0.89763713D-04
    7       1          5       0.34058261D-04
    7       1          6       0.12129393D-04
    7       1          7       0.20070778D-05
*** CPKS converged.
----------------------------------------------
    7       2          1       0.96604347D-02
    7       2          2       0.93124391D-03
    7       2          3       0.36241700D-03
    7       2          4       0.87864561D-04
    7       2          5       0.57880787D-04
    7       2          6       0.56558831D-05
*** CPKS converged.
----------------------------------------------
    7       3          1       0.24994835D-01
    7       3          2       0.24791252D-02
    7       3          3       0.82771465D-03
    7       3          4       0.13134034D-03
    7       3          5       0.11853461D-03
    7       3          6       0.18810444D-04
    7       3          7       0.58663760D-05
*** CPKS converged.
----------------------------------------------

====================  end of solving CPKS equations  ====================

 ***************************************************************************************************



                                     ******************************************
                                     *  F R E Q U E N C Y    A N A L Y S I S  *
                                     ******************************************
  


 Atomic Masses:
 ---------------
    1. P              30.97376100
    2. O              15.99491400
    3. O              15.99491400
    4. O              15.99491400
    5. O              15.99491400
    6. H               1.00782500
    7. H               1.00782500



 ======================================
 Normal Modes in Symmetry Displacements  ***  (cartesians, not mass-weighted)  ***
 ======================================
  


                                       === A ===

 Symmetry Displacements


                          1                             2                             3
              ------------------------      ------------------------      ------------------------
    1.P          0.148   0.001  -0.000         0.000   0.148  -0.000         0.000   0.000   0.148
    2.O         -0.074   0.002  -0.000         0.005  -0.072  -0.000         0.007   0.007  -0.077
    3.O         -0.061   0.001  -0.000        -0.008  -0.071   0.001         0.002   0.002  -0.063
    4.O         -0.072   0.004  -0.000         0.002  -0.075  -0.000        -0.008  -0.007  -0.076
    5.O         -0.071  -0.009   0.001         0.002  -0.061  -0.000        -0.001  -0.001  -0.063
    6.H         -0.060  -0.000   0.000        -0.010  -0.069   0.001         0.007   0.007  -0.060
    7.H         -0.070  -0.010   0.001        -0.000  -0.060  -0.000        -0.006  -0.006  -0.059


                          4                             5                             6
              ------------------------      ------------------------      ------------------------
    1.P          0.000   0.000   0.000         0.000   0.000   0.000         0.000   0.000   0.000
    2.O          0.162   0.022   0.034         0.000   0.176   0.053         0.000   0.000   0.184
    3.O         -0.037   0.015   0.019        -0.032  -0.112  -0.095         0.023   0.042   0.000
    4.O         -0.022   0.044   0.057         0.014  -0.028   0.018        -0.032  -0.058  -0.135
    5.O         -0.096  -0.075  -0.102         0.020  -0.028   0.029         0.007   0.013  -0.050
    6.H         -0.089  -0.001  -0.002        -0.032  -0.160  -0.106         0.055   0.099   0.023
    7.H         -0.019  -0.086  -0.120         0.004   0.035   0.010        -0.023  -0.042  -0.020


                          7                             8                             9
              ------------------------      ------------------------      ------------------------
    1.P          0.000   0.000   0.000         0.000   0.000   0.000         0.000   0.000   0.000
    2.O          0.000   0.000   0.000         0.000   0.000   0.000         0.000   0.000   0.000
    3.O          0.154  -0.054  -0.011         0.000   0.168  -0.090         0.000   0.000   0.097
    4.O         -0.041  -0.058   0.051         0.013  -0.112   0.063        -0.007   0.034  -0.053
    5.O         -0.088   0.106  -0.035        -0.003  -0.043   0.034         0.020  -0.015  -0.001
    6.H         -0.302  -0.051  -0.027        -0.152  -0.255  -0.109        -0.163  -0.562  -0.595
    7.H         -0.084   0.148  -0.052        -0.017   0.043   0.005        -0.045   0.255  -0.085


                         10                            11                            12
              ------------------------      ------------------------      ------------------------
    1.P          0.000   0.000   0.000         0.000   0.000   0.000         0.000   0.000   0.000
    2.O          0.000   0.000   0.000         0.000   0.000   0.000         0.000   0.000   0.000
    3.O          0.000   0.000   0.000         0.000   0.000   0.000         0.000   0.000   0.000
    4.O          0.163   0.008  -0.075         0.000   0.049  -0.045         0.000   0.000   0.033
    5.O         -0.148  -0.008   0.070         0.051  -0.023   0.006         0.044   0.021  -0.043
    6.H         -0.040   0.020  -0.007        -0.712  -0.257   0.508         0.108  -0.016  -0.167
    7.H         -0.199  -0.018   0.089        -0.093  -0.153   0.098        -0.810  -0.316   0.335


                         13                            14                            15
              ------------------------      ------------------------      ------------------------
    1.P          0.000   0.000   0.000         0.000   0.000   0.000         0.000   0.000   0.000
    2.O          0.000   0.000   0.000         0.000   0.000   0.000         0.000   0.000   0.000
    3.O          0.000   0.000   0.000         0.000   0.000   0.000         0.000   0.000   0.000
    4.O          0.000   0.000   0.000         0.000   0.000   0.000         0.000   0.000   0.000
    5.O          0.043  -0.057   0.039         0.000   0.050   0.048         0.000   0.000   0.000
    6.H         -0.351   0.588  -0.197        -0.023  -0.094  -0.140         0.377  -0.353   0.479
    7.H         -0.330   0.311  -0.418         0.023  -0.704  -0.625        -0.377   0.353  -0.479


 Frequencies and Normal Modes
 ============================

             1           2           3           4           5           6           7           8

          192.8824    278.8342    323.3641    374.2091    414.0394    446.3203    460.8699    730.1040
        ----------  ----------  ----------  ----------  ----------  ----------  ----------  ----------
   1   -0.03473394 -0.00106897 -0.06987759  0.01149508  0.00932791  0.42275250  0.39869341  0.37138007
   2   -0.03426651  0.00650525 -0.06988098  0.01149368 -0.04046706  0.40181170 -0.41624860  0.36000130
   3    0.00290282  0.08789971  0.00441869 -0.00644202 -0.54409835 -0.02262592  0.05048974 -0.02308507
   4    0.00432118  0.11340107 -0.66850662  0.21398781 -0.30756470 -0.27823188 -0.37461489  0.21295183
   5   -0.35166040  0.10934583  0.04823656 -0.52906690 -0.45251912  0.05148868  0.25563362  0.26481147
   6    0.27942158 -0.04307688  0.22656630  0.35972277 -0.13693187  0.52830460 -0.15784596  0.14696211
   7    0.00786602  0.34820004  0.62146642  0.25362348 -0.11103202 -0.40549335 -0.13390265  0.34067872
   8   -0.28163522  0.23076455  0.19732488 -0.23683546 -0.14328546  0.26973170 -0.49206035 -0.48353515
   9   -0.07291775  0.51402133 -0.01574075  0.16047055  0.08880168 -0.03342355  0.16062462  0.03807030
  10   -0.27938221 -0.08837581  0.03626783 -0.30732794  0.46819423 -0.09896476 -0.32465101  0.46110795
  11   -0.41325145  0.21821593 -0.14891113  0.33233334  0.15475291  0.07323940  0.20738331 -0.04007248
  12   -0.31476651 -0.46001922  0.13131725  0.16681634  0.00239545 -0.11401662 -0.00083639 -0.08927113
  13    0.02059172  0.46396015 -0.14190348 -0.09404078  0.28823395  0.14279452  0.01627871 -0.12736410
  14   -0.26657499 -0.21087328  0.05570932  0.20385696 -0.13078379 -0.01034322 -0.01014054  0.03002896
  15    0.54014642  0.00848854  0.01656743 -0.33955794  0.00496331 -0.11486370  0.00174211  0.06507624

             9          10          11          12          13          14          15

          752.6093   1001.3304   1021.1060   1044.1219   1220.3059   3644.8920   3647.8709
        ----------  ----------  ----------  ----------  ----------  ----------  ----------
   1   -0.55924287 -0.08451612 -0.06674659  0.42838862 -0.10107969  0.00014866 -0.00255360
   2    0.56048729 -0.08921900  0.04680060  0.42333565  0.15587975  0.00018070 -0.00245631
   3   -0.17875534  0.00518755  0.03684800 -0.02658109  0.81146212  0.00718521 -0.00002028
   4   -0.22026529  0.09357366 -0.15593069 -0.01748877 -0.23418425 -0.00069808 -0.00005015
   5    0.24653814  0.11830276 -0.15267520 -0.25771131 -0.27337397  0.00122880  0.00231257
   6   -0.07817089  0.28521998 -0.11882644 -0.53429251 -0.08895334  0.00117276  0.00158029
   7   -0.06464817 -0.16081051 -0.19753825  0.15575849 -0.10525282 -0.08339572 -0.07778256
   8   -0.33328056  0.09641380  0.07455868  0.18551645 -0.16922916 -0.08513301 -0.08338228
   9    0.08018902  0.52292661  0.40886358  0.10847764 -0.00799089  0.33291254  0.31384719
  10   -0.28772891  0.13438071  0.12200524 -0.28442493  0.27333494 -0.00098985  0.00298474
  11    0.13284589  0.15403840  0.01370479 -0.07264241  0.10291159 -0.51878434 -0.49848809
  12    0.03367242  0.52335408 -0.48532650  0.27230155  0.08130341  0.13943777  0.11171609
  13    0.04484756 -0.14354789 -0.62171495 -0.09612033  0.17454622  0.41068479 -0.13366645
  14   -0.02170479 -0.16821238  0.28489968 -0.06283875 -0.08582127  0.64617985 -0.53178602
  15    0.00127073  0.45560213  0.01382036  0.20104532 -0.00036124 -0.01096590 -0.57169392


 Intensities
 ===========

               Frequency       Dipole Strength        Absorption Intensity (degeneracy not counted)
                 cm-1           1e-40 esu2 cm2          km/mole
              ----------          ----------          ----------
              192.882447         3364.401888          162.659205
              278.834192         1389.365931           97.104810
              323.364136           63.732584            5.165727
              374.209074          333.272657           31.260223
              414.039404          849.853179           88.198998
              446.320253          816.295064           91.321247
              460.869922          558.637915           64.533741
              730.103969          948.038697          173.495751
              752.609264         2408.119958          454.282228
             1001.330361          811.554687          203.691659
             1021.105976          555.261717          142.117192
             1044.121922          632.136524          165.439865
             1220.305909         1981.276351          606.026814
             3644.892044          161.504669          147.552925
             3647.870918           53.701366           49.102417



 Zero-Point Energy :      0.035432 a.u.
 ===================      0.964154 eV
                                                   hartree              eV         kcal/mol           kJ/mol
                                      --------------------     -----------       ----------      -----------
              Bond Energy:              -1.720734461188752        -46.8236         -1079.78         -4517.79
              Zero-Point Energy:         0.035432022661849          0.9642            22.23            93.03
              Enthalpy (T=0K):          -1.685302438526902        -45.8594         -1057.54         -4424.76



 ===========================
 Vibrations and Normal Modes  ***  (cartesian coordinates, NOT mass-weighted)  ***
 ===========================
  
 The headers on the normal mode eigenvectors below give the Frequency in cm-1
 (a negative value means an imaginary frequency, no output for (almost-)zero frequencies)


                       192.882                       278.834                       323.364
              ------------------------      ------------------------      ------------------------
    1.P          0.006   0.006  -0.000         0.000  -0.001  -0.014        -0.032  -0.032   0.002
    2.O         -0.004   0.068  -0.038        -0.020  -0.023   0.005        -0.321  -0.003   0.066
    3.O         -0.024  -0.007  -0.059        -0.048  -0.008  -0.012         0.400  -0.004  -0.135
    4.O          0.070  -0.003   0.033         0.031   0.016   0.006        -0.012  -0.324  -0.046
    5.O         -0.004  -0.023   0.064         0.007   0.047  -0.007         0.008   0.405   0.111
    6.H         -0.638  -0.173  -0.292         0.630   0.157   0.241         0.104  -0.342  -0.302
    7.H         -0.155  -0.576   0.318        -0.160  -0.631   0.301        -0.310   0.168   0.293


                       374.209                       414.039                       446.320
              ------------------------      ------------------------      ------------------------
    1.P         -0.003  -0.003   0.002        -0.003   0.014   0.184        -0.227  -0.216   0.012
    2.O         -0.060   0.158  -0.081         0.125   0.200   0.041         0.270   0.090  -0.334
    3.O         -0.098  -0.041  -0.157        -0.011  -0.056  -0.216         0.256  -0.186   0.113
    4.O          0.158  -0.059   0.075        -0.198  -0.117   0.063         0.127   0.280   0.312
    5.O         -0.032  -0.091   0.163         0.040   0.000  -0.220        -0.202   0.246  -0.116
    6.H          0.629  -0.049   0.073         0.351  -0.459  -0.188         0.159  -0.338   0.054
    7.H         -0.034   0.663  -0.124         0.439  -0.394  -0.186        -0.347   0.157  -0.044


                       460.870                       730.104                       752.609
              ------------------------      ------------------------      ------------------------
    1.P         -0.230   0.240  -0.029         0.216   0.210  -0.013         0.347  -0.347   0.111
    2.O          0.359  -0.266   0.125         0.034   0.103   0.196        -0.030   0.017  -0.021
    3.O          0.154   0.338  -0.104         0.053  -0.570   0.093        -0.074   0.537  -0.094
    4.O          0.266  -0.366   0.118         0.090   0.021  -0.204        -0.019   0.029  -0.019
    5.O         -0.337  -0.164  -0.067        -0.580   0.055  -0.060        -0.535   0.075  -0.064
    6.H          0.208   0.137  -0.138        -0.047  -0.190   0.160         0.011   0.236  -0.137
    7.H         -0.139  -0.218  -0.112        -0.205  -0.052  -0.145        -0.236  -0.019  -0.120


                      1001.330                      1021.106                      1044.122
              ------------------------      ------------------------      ------------------------
    1.P         -0.014  -0.015   0.001         0.011  -0.008  -0.006        -0.147  -0.145   0.009
    2.O          0.024   0.033   0.071         0.022   0.038   0.043         0.075   0.174   0.256
    3.O         -0.022   0.036   0.039         0.021  -0.033  -0.050         0.021   0.001  -0.042
    4.O          0.026   0.018  -0.070        -0.040  -0.021   0.058         0.155   0.055  -0.267
    5.O          0.035  -0.027  -0.044         0.027  -0.023  -0.049         0.006   0.021   0.036
    6.H          0.144  -0.653  -0.073        -0.167   0.697   0.065        -0.143   0.625   0.065
    7.H         -0.697   0.169   0.112        -0.654   0.170   0.093         0.558  -0.138  -0.086


                      1220.306                      3644.892                      3647.871
              ------------------------      ------------------------      ------------------------
    1.P          0.046  -0.070  -0.366        -0.000  -0.000  -0.001        -0.000  -0.000  -0.000
    2.O          0.073   0.180   0.310         0.000  -0.000   0.000         0.000   0.001   0.000
    3.O         -0.017   0.029   0.041         0.013   0.010  -0.042        -0.012  -0.010   0.040
    4.O         -0.160  -0.050   0.324         0.000  -0.000   0.000         0.001   0.000  -0.000
    5.O         -0.026   0.019   0.042        -0.012  -0.015  -0.038        -0.013  -0.015  -0.040
    6.H          0.126  -0.524  -0.057        -0.212  -0.160   0.671         0.202   0.153  -0.641
    7.H          0.518  -0.135  -0.082         0.194   0.234   0.619         0.203   0.245   0.648




 List of All Frequencies:


 Intensities
 ===========

               Frequency       Dipole Strength        Absorption Intensity (degeneracy not counted)
                 cm-1           1e-40 esu2 cm2          km/mole
              ----------          ----------          ----------
              192.882447         3364.401888          162.659205
              278.834192         1389.365931           97.104810
              323.364136           63.732584            5.165727
              374.209074          333.272657           31.260223
              414.039404          849.853179           88.198998
              446.320253          816.295064           91.321247
              460.869922          558.637915           64.533741
              730.103969          948.038697          173.495751
              752.609264         2408.119958          454.282228
             1001.330361          811.554687          203.691659
             1021.105976          555.261717          142.117192
             1044.121922          632.136524          165.439865
             1220.305909         1981.276351          606.026814
             3644.892044          161.504669          147.552925
             3647.870918           53.701366           49.102417



 ============================
 Statistical Thermal Analysis  ***  ideal gas assumed  ***
 ============================
  
 Pressure:                  1.000000 atm.
 Temperature:             298.150000 K



 Moments of Inertia [amu*bohr^2] and principal axis
 ==================================================

         395.0299        399.3195        414.1569
 ------------------------------------------------
           0.6469          0.2825          0.7083
          -0.6747         -0.2209          0.7043
          -0.3554          0.9335         -0.0477


 The rotational contribution to the molecular entropy includes
 a term, dependent on the symmetry number sigma. The results 
 reported below were computed using sigma = 1, determined from
 the point group symmetry of the input geometry (NOSYM). 
 If this is not the correct symmetry, try symmetrizing the molecule before
 running the calculation (note: linear molecules should be aligned along one
 of the Cartesian axes).
 Contributions from frequencies below 20 1/cm are not included in
 the vibrational sums. Their contributions, if any, are reported separately.


     Temp                                                       Transl     Rotat    Vibrat     Total
     ----                                                       ------     -----    ------     -----

     298.15   Entropy (cal/mole-K):                             39.626    25.683     9.396    74.706
              Internal Energy (Kcal/mole):                       0.889     0.889    24.038    25.816
              Constant Volume Heat Capacity (cal/mole-K):        2.981     2.981    13.620    19.582

              Summary of energy terms
                                                   hartree              eV         kcal/mol           kJ/mol
                                      --------------------     -----------       ----------      -----------
              Bond Energy:              -1.720734461188752        -46.8236         -1079.78         -4517.79
              Internal Energy:           0.041139967517254          1.1195            25.82           108.01
              pV/n = RT:                 0.000944186013486          0.0257             0.59             2.48
              Enthalpy H:               -1.678650307658012        -45.6784         -1053.37         -4407.30
              -T*S:                     -0.035495002556054         -0.9659           -22.27           -93.19
              Gibbs free energy:        -1.714145310214066        -46.6443         -1075.64         -4500.49
 

 ***************************************************************************************************
 


====================================================================
*** DONE CALCULATING ANALYTICAL SECOND DERIVATIVES OF THE ENERGY ***
====================================================================




 ===========================================================
 SCAN POTENTIAL ENERGY SURFACE ALONG A RANGE OF NORMAL MODES  ***  with IR intensities  ***
 ===========================================================
  

 Symmetry has been reset to default with TOL= 0.000001000000

 RANGE OF FREQUENCIES: from  -1000.000 to      0.000



 ===================
 Vibration symmetry:  ***  A  ***
 ===================
  
 Total number of frequencies of this symmetry:    15
 Frequencies, cm^(-1):
     192.882     278.834     323.364     374.209     414.039     446.320     460.870     730.104
     752.609    1001.330    1021.106    1044.122    1220.306    3644.892    3647.871
 Number of frequencies in the requested range:     0
 ===================================================================================================
 Summary of a frequency scan in the requested range: 
 (One component per degenerate irreducible representations, degeneracy is not counted in the intens.)
 ---------------------------------------------------------------------------------------------------
 Frequency, cm**(-1)      Dipol moment derivatives (a.u.)      IR Intensity   Force const   Red.mass
    Old      New                X         Y         Z            km/mole          a.u.        a.u.
 ---------------------------------------------------------------------------------------------------
 Vibration symmetry: A
   192.882      not re-calculated (not in the required range)
   278.834      not re-calculated (not in the required range)
   323.364      not re-calculated (not in the required range)
   374.209      not re-calculated (not in the required range)
   414.039      not re-calculated (not in the required range)
   446.320      not re-calculated (not in the required range)
   460.870      not re-calculated (not in the required range)
   730.104      not re-calculated (not in the required range)
   752.609      not re-calculated (not in the required range)
  1001.330      not re-calculated (not in the required range)
  1021.106      not re-calculated (not in the required range)
  1044.122      not re-calculated (not in the required range)
  1220.306      not re-calculated (not in the required range)
  3644.892      not re-calculated (not in the required range)
  3647.871      not re-calculated (not in the required range)
 ===================================================================================================



 ============================
 Statistical Thermal Analysis  ***  ideal gas assumed  ***
 ============================
  
 Pressure:                  1.000000 atm.
 Temperature:             298.150000 K



 Moments of Inertia [amu*bohr^2] and principal axis
 ==================================================

         395.0299        399.3195        414.1569
 ------------------------------------------------
           0.6469          0.2825          0.7083
          -0.6747         -0.2209          0.7043
          -0.3554          0.9335         -0.0477


 The rotational contribution to the molecular entropy includes
 a term, dependent on the symmetry number sigma. The results 
 reported below were computed using sigma = 1, determined from
 the point group symmetry of the input geometry (NOSYM). 
 If this is not the correct symmetry, try symmetrizing the molecule before
 running the calculation (note: linear molecules should be aligned along one
 of the Cartesian axes).
 Contributions from frequencies below 20 1/cm are not included in
 the vibrational sums. Their contributions, if any, are reported separately.


     Temp                                                       Transl     Rotat    Vibrat     Total
     ----                                                       ------     -----    ------     -----

     298.15   Entropy (cal/mole-K):                             39.626    25.683     9.396    74.706
              Internal Energy (Kcal/mole):                       0.889     0.889    24.038    25.816
              Constant Volume Heat Capacity (cal/mole-K):        2.981     2.981    13.620    19.582

              Summary of energy terms
                                                   hartree              eV         kcal/mol           kJ/mol
                                      --------------------     -----------       ----------      -----------
              Bond Energy:              -1.720734461188752        -46.8236         -1079.78         -4517.79
              Internal Energy:           0.041139967517254          1.1195            25.82           108.01
              pV/n = RT:                 0.000944186013486          0.0257             0.59             2.48
              Enthalpy H:               -1.678650307658012        -45.6784         -1053.37         -4407.30
              -T*S:                     -0.035495002556054         -0.9659           -22.27           -93.19
              Gibbs free energy:        -1.714145310214066        -46.6443         -1075.64         -4500.49
 
 
 ========================
 No memory problems found
 ========================
 
 Maximum number of active allocate calls:        2026
 
 *******************************************************************************

                             A D F   E X I T
 NORMAL TERMINATION



 =================
 Timing Statistics
 =================
  
 Total Used :                     CPU=      179.56      System=       20.15     Elapsed=      404.07

 Calls  Section                     ( Mean, Percentage )
 ---------------------------------------------------------------------------------------------------
     3  ><      ................      0.00    0.00             0.00    0.00             0.00    0.00
     1  INIT    ................      0.22    0.12             0.01    0.04             0.47    0.12
     1  GEOMET  ................      0.04    0.02             0.01    0.06             0.08    0.02
     1  FRAGM   ................      0.02    0.01             0.01    0.06             0.06    0.02
     1  INPUTA  ................      0.00    0.00             0.00    0.00             0.00    0.00
     1  ATDEN   ................      0.01    0.01             0.00    0.00             0.02    0.01
    28  MAINSY  ................      0.03    0.39             0.00    0.67             0.13    0.89
    28  SYMFIT  ................      0.00    0.04             0.00    0.02             0.00    0.02
    28  CORORT  ................      0.00    0.05             0.00    0.02             0.01    0.05
    28  SYMORB  ................      0.00    0.03             0.00    0.06             0.00    0.03
    28  CLSMAT  ................      0.01    0.12             0.00    0.04             0.02    0.11
    28  ORTHON  ................      0.00    0.07             0.00    0.14             0.02    0.12
    28  GENPT   ................      0.06    0.92             0.00    0.22             0.12    0.82
    28  PTBAS   ................      0.05    0.75             0.00    0.40             0.10    0.71
   377  FOCKY   ................      0.24   50.02             0.03   48.51             0.53   49.45
   377  FOCKTR  ................      0.00    0.51             0.00    0.02             0.00    0.45
   377  SDIIS   ................      0.00    0.58             0.00    0.30             0.01    0.89
    28  TOTEN   ................      0.40    6.25             0.01    1.79             0.83    5.73
    28  POPAN   ................      0.00    0.05             0.00    0.02             0.01    0.08
    28  DEBYE   ................      0.00    0.04             0.00    0.06             0.01    0.08
    28  INPUTE  ................      0.00    0.01             0.00    0.00             0.00    0.01
    28  SYMORE  ................      0.00    0.02             0.00    0.06             0.00    0.01
    55  ELNRGY  ................      0.11    3.33             0.00    0.40             0.22    3.01
    27  ENGRAD  ................      0.00    0.01             0.00    0.02             0.00    0.01
     1  COREPS  ................      0.21    0.12             0.01    0.06             0.44    0.11
     1  METS    ................      0.00    0.00             0.00    0.00             0.00    0.00
     1  CETS    ................      0.01    0.00             0.00    0.00             0.01    0.00
     1  POPUL   ................      0.01    0.00             0.00    0.00             0.02    0.00
     1  ENHESS  ................     65.53   36.49             9.47   47.00           150.43   37.23
     1  EXIT PROCEDURE .........      0.05    0.03             0.01    0.04             0.12    0.03


 Currently Open Files (EXIT00)
 ====================

 Unit    Access Format  Status   Type       Ident (file)
 -------------------------------------------------------
   3      SEQ    FORM   TRANSP  NORMAL      LOGFILE
                                          ( logfile )

 ***************************************************************************************************
 (LOGFILE)
 <May05-2026> <12:10:31>  DIRAC 2019  RunTime: May05-2026 12:10:31  Nodes: 1  Procs: 1
 <May05-2026> <12:10:31>  NORMAL TERMINATION
 <May05-2026> <12:10:31>  END
 <May05-2026> <12:10:31>  ADF 2019  RunTime: May05-2026 12:10:31  Nodes: 1  Procs: 1
 <May05-2026> <12:10:31>  Hydrogen (TZP)
 <May05-2026> <12:10:31>  RunType   : CREATE
 <May05-2026> <12:10:31>  Net Charge: 0 (Nuclei minus Electrons)
 <May05-2026> <12:10:31>  Symmetry  : ATOM
  Coordinates
    Atom         X           Y           Z   (Angstrom)
    1.H         0.000000    0.000000    0.000000
 <May05-2026> <12:10:31>  >>>> CORORT
 <May05-2026> <12:10:31>  >>>> CLSMAT
 <May05-2026> <12:10:31>  >>>> ORTHON
 <May05-2026> <12:10:31>  >>>> GENPT
 <May05-2026> <12:10:31>  Block Length=  64
 <May05-2026> <12:10:31>  >>>> PTBAS
 <May05-2026> <12:10:31>  >>>> CYCLE
 <May05-2026> <12:10:31>              |Error|         MaxErr       Wt(A-DIIS)
 <May05-2026> <12:10:31>      1      0.00000000      0.00000000
 <May05-2026> <12:10:31>      2      0.03153787      0.03011049
 <May05-2026> <12:10:31>      3      0.00861799      0.00834303    100.0
 <May05-2026> <12:10:31>      4      0.00173235      0.00171862      0.7
 <May05-2026> <12:10:31>      5      0.00004367      0.00003977      0.0
 <May05-2026> <12:10:31>      6      0.00000238      0.00000216      0.0
 <May05-2026> <12:10:31>      7      0.00000001      0.00000001      0.0
 <May05-2026> <12:10:31>  SCF converged
 <May05-2026> <12:10:31>      8      0.00000000      0.00000000      0.0
 <May05-2026> <12:10:31>  >>>> POPAN
 <May05-2026> <12:10:31>  >>>> DEBYE
 <May05-2026> <12:10:31>  NORMAL TERMINATION
 <May05-2026> <12:10:31>  END
 <May05-2026> <12:10:32>  DIRAC 2019  RunTime: May05-2026 12:10:32  Nodes: 1  Procs: 1
 <May05-2026> <12:10:32>  NORMAL TERMINATION
 <May05-2026> <12:10:32>  END
 <May05-2026> <12:10:32>  ADF 2019  RunTime: May05-2026 12:10:32  Nodes: 1  Procs: 1
 <May05-2026> <12:10:32>  Phosphorus (TZP, 1s frozen)
 <May05-2026> <12:10:32>  RunType   : CREATE
 <May05-2026> <12:10:32>  Net Charge: 0 (Nuclei minus Electrons)
 <May05-2026> <12:10:32>  Symmetry  : ATOM
  Coordinates
    Atom         X           Y           Z   (Angstrom)
    1.P         0.000000    0.000000    0.000000
 <May05-2026> <12:10:32>  >>>> CORORT
 <May05-2026> <12:10:32>  >>>> CLSMAT
 <May05-2026> <12:10:32>  >>>> ORTHON
 <May05-2026> <12:10:32>  >>>> GENPT
 <May05-2026> <12:10:32>  Block Length=  76
 <May05-2026> <12:10:32>  >>>> PTBAS
 <May05-2026> <12:10:32>  >>>> CYCLE
 <May05-2026> <12:10:32>              |Error|         MaxErr       Wt(A-DIIS)
 <May05-2026> <12:10:32>      1      0.00000000      0.00000000
 <May05-2026> <12:10:32>      2     18.57419976      5.72946042    100.0
 <May05-2026> <12:10:32>      3      7.89224634      2.59295418    100.0
 <May05-2026> <12:10:32>      4      4.38717664      1.76162665    100.0
 <May05-2026> <12:10:32>      5      1.32434558      0.46695615    100.0
 <May05-2026> <12:10:33>      6      0.89465661      0.32855234    100.0
 <May05-2026> <12:10:33>      7      0.15275323      0.05676890     56.3
 <May05-2026> <12:10:33>      8      0.06211706      0.02306515     22.3
 <May05-2026> <12:10:33>      9      0.00895767      0.00340647      2.4
 <May05-2026> <12:10:33>     10      0.00016365      0.00006372      0.0
 <May05-2026> <12:10:33>     11      0.00000018      0.00000009      0.0
 <May05-2026> <12:10:33>     12      0.00000000      0.00000000      0.0
 <May05-2026> <12:10:33>  SCF converged
 <May05-2026> <12:10:33>     13      0.00000000      0.00000000      0.0
 <May05-2026> <12:10:33>  >>>> POPAN
 <May05-2026> <12:10:33>  >>>> DEBYE
 <May05-2026> <12:10:33>  NORMAL TERMINATION
 <May05-2026> <12:10:33>  END
 <May05-2026> <12:10:33>  DIRAC 2019  RunTime: May05-2026 12:10:33  Nodes: 1  Procs: 1
 <May05-2026> <12:10:33>  NORMAL TERMINATION
 <May05-2026> <12:10:33>  END
 <May05-2026> <12:10:33>  ADF 2019  RunTime: May05-2026 12:10:33  Nodes: 1  Procs: 1
 <May05-2026> <12:10:33>  Oxygen (TZP, 1s frozen)
 <May05-2026> <12:10:33>  RunType   : CREATE
 <May05-2026> <12:10:33>  Net Charge: 0 (Nuclei minus Electrons)
 <May05-2026> <12:10:33>  Symmetry  : ATOM
  Coordinates
    Atom         X           Y           Z   (Angstrom)
    1.O         0.000000    0.000000    0.000000
 <May05-2026> <12:10:33>  >>>> CORORT
 <May05-2026> <12:10:33>  >>>> CLSMAT
 <May05-2026> <12:10:33>  >>>> ORTHON
 <May05-2026> <12:10:33>  >>>> GENPT
 <May05-2026> <12:10:33>  Block Length=  68
 <May05-2026> <12:10:33>  >>>> PTBAS
 <May05-2026> <12:10:33>  >>>> CYCLE
 <May05-2026> <12:10:34>              |Error|         MaxErr       Wt(A-DIIS)
 <May05-2026> <12:10:34>      1      0.00000000      0.00000000
 <May05-2026> <12:10:34>      2      4.56299337      2.52897111
 <May05-2026> <12:10:34>      3      2.72315525      1.79866705    100.0
 <May05-2026> <12:10:34>      4      0.28902714      0.13064862    100.0
 <May05-2026> <12:10:34>      5      0.41661509      0.23264367    100.0
 <May05-2026> <12:10:34>      6      0.01372327      0.00671904      5.8
 <May05-2026> <12:10:34>      7      0.00110365      0.00063404      0.0
 <May05-2026> <12:10:34>      8      0.00003592      0.00002026      0.0
 <May05-2026> <12:10:34>      9      0.00000033      0.00000018      0.0
 <May05-2026> <12:10:34>     10      0.00000000      0.00000000      0.0
 <May05-2026> <12:10:34>  SCF converged
 <May05-2026> <12:10:34>     11      0.00000000      0.00000000      0.0
 <May05-2026> <12:10:34>  >>>> POPAN
 <May05-2026> <12:10:34>  >>>> DEBYE
 <May05-2026> <12:10:34>  NORMAL TERMINATION
 <May05-2026> <12:10:34>  END
 <May05-2026> <12:10:35>  ADF 2019  RunTime: May05-2026 12:10:35  Nodes: 1  Procs: 24
 <May05-2026> <12:10:35>  *** (NO TITLE) ***
 <May05-2026> <12:10:35>  RunType   : GEOMETRY OPTIMIZATION
 <May05-2026> <12:10:35>  Net Charge: -1 (Nuclei minus Electrons)
 <May05-2026> <12:10:35>  Symmetry  : NOSYM
 <May05-2026> <12:10:35>  >>>> FRAGM
  Coordinates in Geometry Cycle 1
    Atom         X           Y           Z   (Angstrom)
    1.P        -0.852137    0.539107    0.000000
    2.O        -0.852253   -1.220893    0.000000
    3.O        -0.886766    2.298766    0.000000
    4.O        -2.610889    0.605373    0.000000
    5.O         0.907726    0.517141    0.000000
    6.H        -1.032290    3.169675   -0.376751
    7.H         1.846849    0.561724    0.194060
 <May05-2026> <12:10:35>  >>>> CORORT
 <May05-2026> <12:10:35>  >>>> CLSMAT
 <May05-2026> <12:10:35>  >>>> ORTHON
 <May05-2026> <12:10:35>  >>>> GENPT
 <May05-2026> <12:10:35>  Block Length= 128
 <May05-2026> <12:10:35>  >>>> PTBAS
 <May05-2026> <12:10:36>  combining surface points...
 <May05-2026> <12:10:36>  combining surface points...
 <May05-2026> <12:10:36>  combining surface points...
 <May05-2026> <12:10:36>  >>>> CYCLE
 <May05-2026> <12:10:36>              |Error|         MaxErr       Wt(A-DIIS)
 <May05-2026> <12:10:36>      1      1.79923101      0.42502787
 <May05-2026> <12:10:37>      2      1.76214580      0.36333141    100.0
 <May05-2026> <12:10:38>      3      0.67734947      0.14483373    100.0
 <May05-2026> <12:10:38>      4      1.18907690      0.25653695    100.0
 <May05-2026> <12:10:39>      5      0.50793870      0.07652550     76.3
 <May05-2026> <12:10:39>      6      0.41729112      0.09683213     76.3
 <May05-2026> <12:10:40>      7      0.16721462      0.04897447     48.5
 <May05-2026> <12:10:40>      8      0.17709031      0.06066522     48.5
 <May05-2026> <12:10:41>      9      0.09896309      0.02718744     26.5
 <May05-2026> <12:10:42>     10      0.02372981      0.00752030      6.6
 <May05-2026> <12:10:42>     11      0.00451155      0.00123184      0.2
 <May05-2026> <12:10:43>     12      0.00041649      0.00012169      0.0
 <May05-2026> <12:10:43>     13      0.00003177      0.00000550      0.0
 <May05-2026> <12:10:44>     14      0.00000840      0.00000206      0.0
 <May05-2026> <12:10:44>     15      0.00000181      0.00000044      0.0
 <May05-2026> <12:10:44>  SCF converged
 <May05-2026> <12:10:45>     16      0.00000011      0.00000002      0.0
 <May05-2026> <12:10:45>  >>>> TOTEN
 <May05-2026> <12:10:45>  >>>> POPAN
 <May05-2026> <12:10:45>  >>>> DEBYE
 <May05-2026> <12:10:45>  >>>> ENGRAD
 <May05-2026> <12:10:46>  current energy                               -1.46331202 Hartree
 <May05-2026> <12:10:46>  energy change                      -1.46331202     0.00100000    F
 <May05-2026> <12:10:46>  constrained gradient max            0.15058973     0.00100000    F
 <May05-2026> <12:10:46>  constrained gradient rms            0.06876819     0.00066667    F
 <May05-2026> <12:10:46>  gradient max                        0.15058973
 <May05-2026> <12:10:46>  gradient rms                        0.06876819
 <May05-2026> <12:10:46>  cart. step max                      0.30991503     0.01000000    F
 <May05-2026> <12:10:46>  cart. step rms                      0.12477062     0.00666667    F
  Coordinates in Geometry Cycle 2
    Atom         X           Y           Z   (Angstrom)
    1.P        -0.924752    0.495274   -0.032834
    2.O        -0.807514   -1.178174   -0.269072
    3.O        -0.775642    2.216209   -0.056505
    4.O        -2.585319    0.593856    0.309915
    5.O         0.789924    0.582853    0.037987
    6.H        -0.883872    3.068929   -0.503712
    7.H         1.707415    0.691944    0.331531
 <May05-2026> <12:10:46>  >>>> CORORT
 <May05-2026> <12:10:46>  >>>> CLSMAT
 <May05-2026> <12:10:46>  >>>> ORTHON
 <May05-2026> <12:10:46>  >>>> GENPT
 <May05-2026> <12:10:46>  Block Length= 128
 <May05-2026> <12:10:46>  >>>> PTBAS
 <May05-2026> <12:10:46>  combining surface points...
 <May05-2026> <12:10:46>  combining surface points...
 <May05-2026> <12:10:46>  combining surface points...
 <May05-2026> <12:10:46>  >>>> CYCLE
 <May05-2026> <12:10:47>              |Error|         MaxErr       Wt(A-DIIS)
 <May05-2026> <12:10:47>      1      0.47207688      0.18578135
 <May05-2026> <12:10:47>      2      0.34903712      0.06784531    100.0
 <May05-2026> <12:10:48>      3      0.30625180      0.05660460    100.0
 <May05-2026> <12:10:49>      4      0.30585586      0.05672412     56.3
 <May05-2026> <12:10:49>      5      0.86988319      0.20866845    100.0
 <May05-2026> <12:10:50>      6      0.10453637      0.02799894     27.3
 <May05-2026> <12:10:50>      7      0.08515802      0.02555135     24.8
 <May05-2026> <12:10:51>      8      0.03176698      0.00900176      8.1
 <May05-2026> <12:10:51>      9      0.02473521      0.00609541      5.1
 <May05-2026> <12:10:52>     10      0.00620779      0.00170271      0.7
 <May05-2026> <12:10:52>     11      0.00067969      0.00014866      0.0
 <May05-2026> <12:10:53>     12      0.00046543      0.00012446      0.0
 <May05-2026> <12:10:54>     13      0.00006525      0.00001295      0.0
 <May05-2026> <12:10:54>     14      0.00000951      0.00000266      0.0
 <May05-2026> <12:10:55>     15      0.00000138      0.00000023      0.0
 <May05-2026> <12:10:55>  SCF converged
 <May05-2026> <12:10:55>     16      0.00000022      0.00000004      0.0
 <May05-2026> <12:10:55>  >>>> TOTEN
 <May05-2026> <12:10:56>  >>>> POPAN
 <May05-2026> <12:10:56>  >>>> DEBYE
 <May05-2026> <12:10:56>  >>>> ENGRAD
 <May05-2026> <12:10:56>  current energy                               -1.50892880 Hartree
 <May05-2026> <12:10:56>  energy change                      -0.04561677     0.00100000    F
 <May05-2026> <12:10:56>  constrained gradient max            0.14278252     0.00100000    F
 <May05-2026> <12:10:56>  constrained gradient rms            0.05332160     0.00066667    F
 <May05-2026> <12:10:56>  gradient max                        0.14278252
 <May05-2026> <12:10:56>  gradient rms                        0.05332160
 <May05-2026> <12:10:56>  cart. step max                      0.30872246     0.01000000    F
 <May05-2026> <12:10:56>  cart. step rms                      0.12921936     0.00666667    F
  Coordinates in Geometry Cycle 3
    Atom         X           Y           Z   (Angstrom)
    1.P        -0.945440    0.483883   -0.006906
    2.O        -0.835126   -0.999008   -0.577795
    3.O        -0.718626    2.153493   -0.118291
    4.O        -2.422310    0.569076    0.601162
    5.O         0.715782    0.602243    0.099021
    6.H        -0.873982    2.939848   -0.679946
    7.H         1.599942    0.721358    0.500063
 <May05-2026> <12:10:56>  >>>> CORORT
 <May05-2026> <12:10:56>  >>>> CLSMAT
 <May05-2026> <12:10:56>  >>>> ORTHON
 <May05-2026> <12:10:56>  >>>> GENPT
 <May05-2026> <12:10:56>  Block Length= 128
 <May05-2026> <12:10:57>  >>>> PTBAS
 <May05-2026> <12:10:57>  combining surface points...
 <May05-2026> <12:10:57>  combining surface points...
 <May05-2026> <12:10:57>  combining surface points...
 <May05-2026> <12:10:57>  >>>> CYCLE
 <May05-2026> <12:10:57>              |Error|         MaxErr       Wt(A-DIIS)
 <May05-2026> <12:10:57>      1      0.59769971      0.25633330
 <May05-2026> <12:10:58>      2      0.21245891      0.03831240    100.0
 <May05-2026> <12:10:58>      3      0.12672643      0.02378879    100.0
 <May05-2026> <12:10:59>      4      0.12357300      0.02327574     22.5
 <May05-2026> <12:11:00>      5      0.06829267      0.01102417     10.1
 <May05-2026> <12:11:00>      6      0.02592020      0.00610722      5.2
 <May05-2026> <12:11:01>      7      0.01248767      0.00263464      1.7
 <May05-2026> <12:11:01>      8      0.00739873      0.00202571      1.0
 <May05-2026> <12:11:02>      9      0.00111939      0.00035451      0.0
 <May05-2026> <12:11:02>     10      0.00034189      0.00010272      0.0
 <May05-2026> <12:11:03>     11      0.00018866      0.00004606      0.0
 <May05-2026> <12:11:03>     12      0.00001291      0.00000254      0.0
 <May05-2026> <12:11:04>     13      0.00000197      0.00000046      0.0
 <May05-2026> <12:11:04>  SCF converged
 <May05-2026> <12:11:04>     14      0.00000022      0.00000005      0.0
 <May05-2026> <12:11:04>  >>>> TOTEN
 <May05-2026> <12:11:05>  >>>> POPAN
 <May05-2026> <12:11:05>  >>>> DEBYE
 <May05-2026> <12:11:05>  >>>> ENGRAD
 <May05-2026> <12:11:06>  current energy                               -1.56329909 Hartree
 <May05-2026> <12:11:06>  energy change                      -0.05437030     0.00100000    F
 <May05-2026> <12:11:06>  constrained gradient max            0.09076854     0.00100000    F
 <May05-2026> <12:11:06>  constrained gradient rms            0.04030557     0.00066667    F
 <May05-2026> <12:11:06>  gradient max                        0.09076854
 <May05-2026> <12:11:06>  gradient rms                        0.04030557
 <May05-2026> <12:11:06>  cart. step max                      0.26466104     0.01000000    F
 <May05-2026> <12:11:06>  cart. step rms                      0.12640718     0.00666667    F
  Coordinates in Geometry Cycle 4
    Atom         X           Y           Z   (Angstrom)
    1.P        -0.961014    0.497711   -0.047644
    2.O        -0.875428   -0.786302   -0.794659
    3.O        -0.677632    2.117269   -0.197112
    4.O        -2.157649    0.513340    0.851195
    5.O         0.644362    0.595368    0.145755
    6.H        -0.916363    2.840880   -0.826948
    7.H         1.463964    0.692628    0.686721
 <May05-2026> <12:11:06>  >>>> CORORT
 <May05-2026> <12:11:06>  >>>> CLSMAT
 <May05-2026> <12:11:06>  >>>> ORTHON
 <May05-2026> <12:11:06>  >>>> GENPT
 <May05-2026> <12:11:06>  Block Length= 128
 <May05-2026> <12:11:06>  >>>> PTBAS
 <May05-2026> <12:11:06>  combining surface points...
 <May05-2026> <12:11:06>  combining surface points...
 <May05-2026> <12:11:06>  combining surface points...
 <May05-2026> <12:11:06>  >>>> CYCLE
 <May05-2026> <12:11:07>              |Error|         MaxErr       Wt(A-DIIS)
 <May05-2026> <12:11:07>      1      0.70662014      0.30260731
 <May05-2026> <12:11:07>      2      0.21807191      0.04306002    100.0
 <May05-2026> <12:11:08>      3      0.12693791      0.02550845    100.0
 <May05-2026> <12:11:08>      4      0.11429143      0.02495765     24.2
 <May05-2026> <12:11:09>      5      0.05379994      0.00732412      6.4
 <May05-2026> <12:11:09>      6      0.02048268      0.00542878      4.5
 <May05-2026> <12:11:10>      7      0.00763410      0.00252164      1.5
 <May05-2026> <12:11:11>      8      0.00251615      0.00048030      0.0
 <May05-2026> <12:11:11>      9      0.00091450      0.00020865      0.0
 <May05-2026> <12:11:12>     10      0.00005216      0.00000977      0.0
 <May05-2026> <12:11:12>     11      0.00002869      0.00000589      0.0
 <May05-2026> <12:11:13>     12      0.00001622      0.00000365      0.0
 <May05-2026> <12:11:13>     13      0.00000133      0.00000035      0.0
 <May05-2026> <12:11:13>  SCF converged
 <May05-2026> <12:11:13>     14      0.00000022      0.00000005      0.0
 <May05-2026> <12:11:14>  >>>> TOTEN
 <May05-2026> <12:11:14>  >>>> POPAN
 <May05-2026> <12:11:14>  >>>> DEBYE
 <May05-2026> <12:11:14>  >>>> ENGRAD
 <May05-2026> <12:11:15>  current energy                               -1.60147708 Hartree
 <May05-2026> <12:11:15>  energy change                      -0.03817799     0.00100000    F
 <May05-2026> <12:11:15>  constrained gradient max            0.14777085     0.00100000    F
 <May05-2026> <12:11:15>  constrained gradient rms            0.06258889     0.00066667    F
 <May05-2026> <12:11:15>  gradient max                        0.14777085
 <May05-2026> <12:11:15>  gradient rms                        0.06258889
 <May05-2026> <12:11:15>  cart. step max                      0.32674166     0.01000000    F
 <May05-2026> <12:11:15>  cart. step rms                      0.13960236     0.00666667    F
  Coordinates in Geometry Cycle 5
    Atom         X           Y           Z   (Angstrom)
    1.P        -0.977461    0.455040    0.052389
    2.O        -0.972171   -0.459561   -1.076656
    3.O        -0.599563    2.001264   -0.260069
    4.O        -2.029268    0.431520    1.071392
    5.O         0.586605    0.655355    0.213665
    6.H        -0.872557    2.630340   -0.984918
    7.H         1.384656    0.756934    0.801506
 <May05-2026> <12:11:15>  >>>> CORORT
 <May05-2026> <12:11:15>  >>>> CLSMAT
 <May05-2026> <12:11:15>  >>>> ORTHON
 <May05-2026> <12:11:15>  >>>> GENPT
 <May05-2026> <12:11:15>  Block Length= 128
 <May05-2026> <12:11:15>  >>>> PTBAS
 <May05-2026> <12:11:15>  combining surface points...
 <May05-2026> <12:11:15>  combining surface points...
 <May05-2026> <12:11:15>  combining surface points...
 <May05-2026> <12:11:15>  >>>> CYCLE
 <May05-2026> <12:11:16>              |Error|         MaxErr       Wt(A-DIIS)
 <May05-2026> <12:11:16>      1      0.82947749      0.33478286
 <May05-2026> <12:11:16>      2      0.33826804      0.07827780    100.0
 <May05-2026> <12:11:17>      3      0.66787985      0.15432206    100.0
 <May05-2026> <12:11:18>      4      0.08478284      0.01975220     18.9
 <May05-2026> <12:11:18>      5      0.04233435      0.00842178      7.5
 <May05-2026> <12:11:19>      6      0.01814120      0.00381734      2.8
 <May05-2026> <12:11:19>      7      0.00625417      0.00113948      0.1
 <May05-2026> <12:11:20>      8      0.00157777      0.00040870      0.0
 <May05-2026> <12:11:20>      9      0.00073979      0.00020499      0.0
 <May05-2026> <12:11:21>     10      0.00005804      0.00000977      0.0
 <May05-2026> <12:11:21>     11      0.00003410      0.00000756      0.0
 <May05-2026> <12:11:22>     12      0.00000644      0.00000165      0.0
 <May05-2026> <12:11:22>     13      0.00000060      0.00000012      0.0
 <May05-2026> <12:11:22>  SCF converged
 <May05-2026> <12:11:23>     14      0.00000008      0.00000002      0.0
 <May05-2026> <12:11:23>  >>>> TOTEN
 <May05-2026> <12:11:23>  >>>> POPAN
 <May05-2026> <12:11:23>  >>>> DEBYE
 <May05-2026> <12:11:23>  >>>> ENGRAD
 <May05-2026> <12:11:24>  current energy                               -1.59371438 Hartree
 <May05-2026> <12:11:24>  energy change                       0.00776270     0.00100000    F
 <May05-2026> <12:11:24>  constrained gradient max            0.26782794     0.00100000    F
 <May05-2026> <12:11:24>  constrained gradient rms            0.11424596     0.00066667    F
 <May05-2026> <12:11:24>  gradient max                        0.26782794
 <May05-2026> <12:11:24>  gradient rms                        0.11424596
 <May05-2026> <12:11:24>  cart. step max                      0.09319776     0.01000000    F
 <May05-2026> <12:11:24>  cart. step rms                      0.04630866     0.00666667    F
  Coordinates in Geometry Cycle 6
    Atom         X           Y           Z   (Angstrom)
    1.P        -0.952764    0.494113    0.027186
    2.O        -0.954778   -0.486944   -1.062901
    3.O        -0.657142    2.071335   -0.296931
    4.O        -1.995170    0.441730    1.069585
    5.O         0.630593    0.600636    0.244331
    6.H        -0.962467    2.686287   -1.016801
    7.H         1.411968    0.663736    0.852840
 <May05-2026> <12:11:24>  >>>> CORORT
 <May05-2026> <12:11:24>  >>>> CLSMAT
 <May05-2026> <12:11:24>  >>>> ORTHON
 <May05-2026> <12:11:24>  >>>> GENPT
 <May05-2026> <12:11:24>  Block Length= 128
 <May05-2026> <12:11:24>  >>>> PTBAS
 <May05-2026> <12:11:24>  combining surface points...
 <May05-2026> <12:11:24>  combining surface points...
 <May05-2026> <12:11:24>  combining surface points...
 <May05-2026> <12:11:24>  >>>> CYCLE
 <May05-2026> <12:11:25>              |Error|         MaxErr       Wt(A-DIIS)
 <May05-2026> <12:11:25>      1      0.22487049      0.04481666
 <May05-2026> <12:11:25>      2      0.24136215      0.04952200    100.0
 <May05-2026> <12:11:26>      3      0.08585185      0.01635759    100.0
 <May05-2026> <12:11:27>      4      0.14378932      0.03187589    100.0
 <May05-2026> <12:11:27>      5      0.03432368      0.00693759      6.0
 <May05-2026> <12:11:28>      6      0.01170082      0.00309913      2.1
 <May05-2026> <12:11:28>      7      0.00438108      0.00088134      0.0
 <May05-2026> <12:11:29>      8      0.00147394      0.00046850      0.0
 <May05-2026> <12:11:29>      9      0.00051436      0.00011400      0.0
 <May05-2026> <12:11:30>     10      0.00004545      0.00001281      0.0
 <May05-2026> <12:11:30>     11      0.00003500      0.00000849      0.0
 <May05-2026> <12:11:31>     12      0.00000360      0.00000069      0.0
 <May05-2026> <12:11:31>  SCF converged
 <May05-2026> <12:11:31>     13      0.00000040      0.00000010      0.0
 <May05-2026> <12:11:31>  >>>> TOTEN
 <May05-2026> <12:11:32>  >>>> POPAN
 <May05-2026> <12:11:32>  >>>> DEBYE
 <May05-2026> <12:11:32>  >>>> ENGRAD
 <May05-2026> <12:11:32>  current energy                               -1.64016503 Hartree
 <May05-2026> <12:11:32>  energy change                      -0.04645065     0.00100000    F
 <May05-2026> <12:11:32>  constrained gradient max            0.16221302     0.00100000    F
 <May05-2026> <12:11:32>  constrained gradient rms            0.07255079     0.00066667    F
 <May05-2026> <12:11:32>  gradient max                        0.16221302
 <May05-2026> <12:11:32>  gradient rms                        0.07255079
 <May05-2026> <12:11:32>  cart. step max                      0.12055483     0.01000000    F
 <May05-2026> <12:11:32>  cart. step rms                      0.06053521     0.00666667    F
  Coordinates in Geometry Cycle 7
    Atom         X           Y           Z   (Angstrom)
    1.P        -0.927025    0.523445    0.008131
    2.O        -1.004387   -0.406520   -1.150397
    3.O        -0.674907    2.099556   -0.362089
    4.O        -1.874615    0.412247    1.152995
    5.O         0.654680    0.576017    0.295882
    6.H        -1.030699    2.661087   -1.088719
    7.H         1.377193    0.605060    0.961505
 <May05-2026> <12:11:32>  >>>> CORORT
 <May05-2026> <12:11:32>  >>>> CLSMAT
 <May05-2026> <12:11:32>  >>>> ORTHON
 <May05-2026> <12:11:32>  >>>> GENPT
 <May05-2026> <12:11:33>  Block Length= 128
 <May05-2026> <12:11:33>  >>>> PTBAS
 <May05-2026> <12:11:33>  combining surface points...
 <May05-2026> <12:11:33>  combining surface points...
 <May05-2026> <12:11:33>  combining surface points...
 <May05-2026> <12:11:33>  >>>> CYCLE
 <May05-2026> <12:11:33>              |Error|         MaxErr       Wt(A-DIIS)
 <May05-2026> <12:11:33>      1      0.30216934      0.09350718
 <May05-2026> <12:11:34>      2      0.17932103      0.02810324    100.0
 <May05-2026> <12:11:35>      3      0.24864068      0.06214405    100.0
 <May05-2026> <12:11:35>      4      0.12114944      0.03461139     34.0
 <May05-2026> <12:11:36>      5      0.06448295      0.01706706     16.2
 <May05-2026> <12:11:36>      6      0.02064173      0.00531124      4.4
 <May05-2026> <12:11:37>      7      0.00372936      0.00058995      0.0
 <May05-2026> <12:11:37>      8      0.00114582      0.00020689      0.0
 <May05-2026> <12:11:38>      9      0.00058479      0.00013045      0.0
 <May05-2026> <12:11:38>     10      0.00003466      0.00000892      0.0
 <May05-2026> <12:11:39>     11      0.00001962      0.00000460      0.0
 <May05-2026> <12:11:39>     12      0.00000452      0.00000098      0.0
 <May05-2026> <12:11:39>  SCF converged
 <May05-2026> <12:11:40>     13      0.00000047      0.00000010      0.0
 <May05-2026> <12:11:40>  >>>> TOTEN
 <May05-2026> <12:11:41>  >>>> POPAN
 <May05-2026> <12:11:41>  >>>> DEBYE
 <May05-2026> <12:11:41>  >>>> ENGRAD
 <May05-2026> <12:11:41>  current energy                               -1.67031578 Hartree
 <May05-2026> <12:11:41>  energy change                      -0.03015075     0.00100000    F
 <May05-2026> <12:11:41>  constrained gradient max            0.10648528     0.00100000    F
 <May05-2026> <12:11:41>  constrained gradient rms            0.04608295     0.00066667    F
 <May05-2026> <12:11:41>  gradient max                        0.10648528
 <May05-2026> <12:11:41>  gradient rms                        0.04608295
 <May05-2026> <12:11:41>  cart. step max                      0.13881446     0.01000000    F
 <May05-2026> <12:11:41>  cart. step rms                      0.06630460     0.00666667    F
  Coordinates in Geometry Cycle 8
    Atom         X           Y           Z   (Angstrom)
    1.P        -0.850492    0.556003    0.030805
    2.O        -1.034016   -0.267706   -1.194405
    3.O        -0.724637    2.130749   -0.393335
    4.O        -1.828796    0.444901    1.147790
    5.O         0.733461    0.533028    0.327386
    6.H        -1.154513    2.566204   -1.152993
    7.H         1.379233    0.507714    1.052061
 <May05-2026> <12:11:41>  >>>> CORORT
 <May05-2026> <12:11:41>  >>>> CLSMAT
 <May05-2026> <12:11:41>  >>>> ORTHON
 <May05-2026> <12:11:41>  >>>> GENPT
 <May05-2026> <12:11:41>  Block Length= 128
 <May05-2026> <12:11:41>  >>>> PTBAS
 <May05-2026> <12:11:41>  combining surface points...
 <May05-2026> <12:11:41>  combining surface points...
 <May05-2026> <12:11:41>  combining surface points...
 <May05-2026> <12:11:41>  >>>> CYCLE
 <May05-2026> <12:11:42>              |Error|         MaxErr       Wt(A-DIIS)
 <May05-2026> <12:11:42>      1      0.29308498      0.08049144
 <May05-2026> <12:11:43>      2      0.16127507      0.03110741    100.0
 <May05-2026> <12:11:43>      3      0.07710685      0.01510741    100.0
 <May05-2026> <12:11:44>      4      0.07620343      0.01546839     14.6
 <May05-2026> <12:11:44>      5      0.03178131      0.00897617      8.1
 <May05-2026> <12:11:45>      6      0.01532666      0.00425707      3.3
 <May05-2026> <12:11:45>      7      0.00398764      0.00069414      0.0
 <May05-2026> <12:11:46>      8      0.00127030      0.00029635      0.0
 <May05-2026> <12:11:46>      9      0.00041363      0.00010229      0.0
 <May05-2026> <12:11:47>     10      0.00008970      0.00002375      0.0
 <May05-2026> <12:11:47>     11      0.00002392      0.00000577      0.0
 <May05-2026> <12:11:48>     12      0.00000309      0.00000053      0.0
 <May05-2026> <12:11:48>  SCF converged
 <May05-2026> <12:11:48>     13      0.00000036      0.00000009      0.0
 <May05-2026> <12:11:49>  >>>> TOTEN
 <May05-2026> <12:11:49>  >>>> POPAN
 <May05-2026> <12:11:49>  >>>> DEBYE
 <May05-2026> <12:11:49>  >>>> ENGRAD
 <May05-2026> <12:11:50>  current energy                               -1.69054108 Hartree
 <May05-2026> <12:11:50>  energy change                      -0.02022530     0.00100000    F
 <May05-2026> <12:11:50>  constrained gradient max            0.06520618     0.00100000    F
 <May05-2026> <12:11:50>  constrained gradient rms            0.03122250     0.00066667    F
 <May05-2026> <12:11:50>  gradient max                        0.06520618
 <May05-2026> <12:11:50>  gradient rms                        0.03122250
 <May05-2026> <12:11:50>  cart. step max                      0.14669642     0.01000000    F
 <May05-2026> <12:11:50>  cart. step rms                      0.05399538     0.00666667    F
  Coordinates in Geometry Cycle 9
    Atom         X           Y           Z   (Angstrom)
    1.P        -0.838135    0.588162   -0.027928
    2.O        -1.067661   -0.282989   -1.251109
    3.O        -0.710148    2.174786   -0.431131
    4.O        -1.682100    0.417693    1.224085
    5.O         0.735195    0.518723    0.338492
    6.H        -1.194571    2.570340   -1.171839
    7.H         1.277660    0.484178    1.136739
 <May05-2026> <12:11:50>  >>>> CORORT
 <May05-2026> <12:11:50>  >>>> CLSMAT
 <May05-2026> <12:11:50>  >>>> ORTHON
 <May05-2026> <12:11:50>  >>>> GENPT
 <May05-2026> <12:11:50>  Block Length= 128
 <May05-2026> <12:11:50>  >>>> PTBAS
 <May05-2026> <12:11:50>  combining surface points...
 <May05-2026> <12:11:50>  combining surface points...
 <May05-2026> <12:11:50>  combining surface points...
 <May05-2026> <12:11:50>  >>>> CYCLE
 <May05-2026> <12:11:51>              |Error|         MaxErr       Wt(A-DIIS)
 <May05-2026> <12:11:51>      1      0.30635372      0.12969990
 <May05-2026> <12:11:52>      2      0.18974716      0.04043086    100.0
 <May05-2026> <12:11:52>      3      0.39545540      0.12699972    100.0
 <May05-2026> <12:11:53>      4      0.05338235      0.01137382     10.5
 <May05-2026> <12:11:53>      5      0.04531270      0.00900497      8.1
 <May05-2026> <12:11:54>      6      0.01118061      0.00299966      2.0
 <May05-2026> <12:11:55>      7      0.00545244      0.00121409      0.2
 <May05-2026> <12:11:55>      8      0.00131751      0.00026333      0.0
 <May05-2026> <12:11:56>      9      0.00042422      0.00008473      0.0
 <May05-2026> <12:11:56>     10      0.00011253      0.00002651      0.0
 <May05-2026> <12:11:57>     11      0.00002337      0.00000492      0.0
 <May05-2026> <12:11:57>     12      0.00000315      0.00000056      0.0
 <May05-2026> <12:11:58>  SCF converged
 <May05-2026> <12:11:58>     13      0.00000034      0.00000008      0.0
 <May05-2026> <12:11:58>  >>>> TOTEN
 <May05-2026> <12:11:59>  >>>> POPAN
 <May05-2026> <12:11:59>  >>>> DEBYE
 <May05-2026> <12:11:59>  >>>> ENGRAD
 <May05-2026> <12:11:59>  current energy                               -1.70195413 Hartree
 <May05-2026> <12:11:59>  energy change                      -0.01141305     0.00100000    F
 <May05-2026> <12:11:59>  constrained gradient max            0.04814664     0.00100000    F
 <May05-2026> <12:11:59>  constrained gradient rms            0.01896545     0.00066667    F
 <May05-2026> <12:11:59>  gradient max                        0.04814664
 <May05-2026> <12:12:00>  gradient rms                        0.01896545
 <May05-2026> <12:12:00>  cart. step max                      0.09067449     0.01000000    F
 <May05-2026> <12:12:00>  cart. step rms                      0.04521988     0.00666667    F
  Coordinates in Geometry Cycle 10
    Atom         X           Y           Z   (Angstrom)
    1.P        -0.790652    0.624743   -0.033482
    2.O        -1.069684   -0.221758   -1.251887
    3.O        -0.707605    2.211727   -0.433872
    4.O        -1.614213    0.440695    1.218555
    5.O         0.780549    0.493026    0.311335
    6.H        -1.265141    2.485721   -1.183188
    7.H         1.186986    0.436740    1.189849
 <May05-2026> <12:12:00>  >>>> CORORT
 <May05-2026> <12:12:00>  >>>> CLSMAT
 <May05-2026> <12:12:00>  >>>> ORTHON
 <May05-2026> <12:12:00>  >>>> GENPT
 <May05-2026> <12:12:00>  Block Length= 128
 <May05-2026> <12:12:00>  >>>> PTBAS
 <May05-2026> <12:12:00>  combining surface points...
 <May05-2026> <12:12:00>  combining surface points...
 <May05-2026> <12:12:00>  combining surface points...
 <May05-2026> <12:12:00>  >>>> CYCLE
 <May05-2026> <12:12:01>              |Error|         MaxErr       Wt(A-DIIS)
 <May05-2026> <12:12:01>      1      0.19066528      0.04272189
 <May05-2026> <12:12:01>      2      0.16046740      0.02786988    100.0
 <May05-2026> <12:12:02>      3      0.07429245      0.01442106    100.0
 <May05-2026> <12:12:02>      4      0.08040495      0.01664932     15.8
 <May05-2026> <12:12:03>      5      0.03797532      0.00776783      6.8
 <May05-2026> <12:12:04>      6      0.01408562      0.00283643      1.9
 <May05-2026> <12:12:04>      7      0.00347816      0.00047133      0.0
 <May05-2026> <12:12:05>      8      0.00086338      0.00026710      0.0
 <May05-2026> <12:12:05>      9      0.00062117      0.00018013      0.0
 <May05-2026> <12:12:06>     10      0.00003218      0.00000625      0.0
 <May05-2026> <12:12:06>     11      0.00002728      0.00000651      0.0
 <May05-2026> <12:12:07>     12      0.00000390      0.00000063      0.0
 <May05-2026> <12:12:07>  SCF converged
 <May05-2026> <12:12:07>     13      0.00000025      0.00000005      0.0
 <May05-2026> <12:12:07>  >>>> TOTEN
 <May05-2026> <12:12:08>  >>>> POPAN
 <May05-2026> <12:12:08>  >>>> DEBYE
 <May05-2026> <12:12:08>  >>>> ENGRAD
 <May05-2026> <12:12:08>  current energy                               -1.71156109 Hartree
 <May05-2026> <12:12:08>  energy change                      -0.00960696     0.00100000    F
 <May05-2026> <12:12:08>  constrained gradient max            0.05300654     0.00100000    F
 <May05-2026> <12:12:08>  constrained gradient rms            0.01658974     0.00066667    F
 <May05-2026> <12:12:08>  gradient max                        0.05300654
 <May05-2026> <12:12:08>  gradient rms                        0.01658974
 <May05-2026> <12:12:08>  cart. step max                      0.19892992     0.01000000    F
 <May05-2026> <12:12:08>  cart. step rms                      0.07046162     0.00666667    F
  Coordinates in Geometry Cycle 11
    Atom         X           Y           Z   (Angstrom)
    1.P        -0.717164    0.672807   -0.024709
    2.O        -1.048806   -0.166007   -1.258059
    3.O        -0.700217    2.286332   -0.430101
    4.O        -1.560190    0.475362    1.242375
    5.O         0.892393    0.437191    0.243864
    6.H        -1.333832    2.357028   -1.168219
    7.H         0.988056    0.408180    1.212159
 <May05-2026> <12:12:08>  >>>> CORORT
 <May05-2026> <12:12:08>  >>>> CLSMAT
 <May05-2026> <12:12:08>  >>>> ORTHON
 <May05-2026> <12:12:08>  >>>> GENPT
 <May05-2026> <12:12:08>  Block Length= 128
 <May05-2026> <12:12:09>  >>>> PTBAS
 <May05-2026> <12:12:09>  combining surface points...
 <May05-2026> <12:12:09>  combining surface points...
 <May05-2026> <12:12:09>  combining surface points...
 <May05-2026> <12:12:09>  >>>> CYCLE
 <May05-2026> <12:12:09>              |Error|         MaxErr       Wt(A-DIIS)
 <May05-2026> <12:12:09>      1      0.30403345      0.08614387
 <May05-2026> <12:12:10>      2      0.21740653      0.03702059    100.0
 <May05-2026> <12:12:10>      3      0.47499293      0.11695883    100.0
 <May05-2026> <12:12:11>      4      0.04949166      0.01191648     11.0
 <May05-2026> <12:12:12>      5      0.03719107      0.00747216      6.5
 <May05-2026> <12:12:12>      6      0.01101331      0.00226482      1.3
 <May05-2026> <12:12:13>      7      0.00388255      0.00128729      0.3
 <May05-2026> <12:12:13>      8      0.00185250      0.00057788      0.0
 <May05-2026> <12:12:14>      9      0.00035329      0.00004476      0.0
 <May05-2026> <12:12:14>     10      0.00002640      0.00000524      0.0
 <May05-2026> <12:12:15>     11      0.00000867      0.00000199      0.0
 <May05-2026> <12:12:15>     12      0.00000613      0.00000142      0.0
 <May05-2026> <12:12:16>     13      0.00000034      0.00000007      0.0
 <May05-2026> <12:12:16>  SCF converged
 <May05-2026> <12:12:16>     14      0.00000003      0.00000001      0.0
 <May05-2026> <12:12:16>  >>>> TOTEN
 <May05-2026> <12:12:17>  >>>> POPAN
 <May05-2026> <12:12:17>  >>>> DEBYE
 <May05-2026> <12:12:17>  >>>> ENGRAD
 <May05-2026> <12:12:17>  current energy                               -1.71658824 Hartree
 <May05-2026> <12:12:17>  energy change                      -0.00502715     0.00100000    F
 <May05-2026> <12:12:17>  constrained gradient max            0.03462131     0.00100000    F
 <May05-2026> <12:12:17>  constrained gradient rms            0.01539752     0.00066667    F
 <May05-2026> <12:12:17>  gradient max                        0.03462131
 <May05-2026> <12:12:17>  gradient rms                        0.01539752
 <May05-2026> <12:12:17>  cart. step max                      0.16577096     0.01000000    F
 <May05-2026> <12:12:17>  cart. step rms                      0.05616649     0.00666667    F
  Coordinates in Geometry Cycle 12
    Atom         X           Y           Z   (Angstrom)
    1.P        -0.740164    0.634319   -0.004412
    2.O        -1.075869   -0.000236   -1.297216
    3.O        -0.692287    2.228594   -0.450017
    4.O        -1.453152    0.441934    1.301040
    5.O         0.877916    0.442059    0.249512
    6.H        -1.316583    2.290460   -1.224092
    7.H         0.920378    0.433763    1.242494
 <May05-2026> <12:12:17>  >>>> CORORT
 <May05-2026> <12:12:17>  >>>> CLSMAT
 <May05-2026> <12:12:17>  >>>> ORTHON
 <May05-2026> <12:12:17>  >>>> GENPT
 <May05-2026> <12:12:17>  Block Length= 128
 <May05-2026> <12:12:18>  >>>> PTBAS
 <May05-2026> <12:12:18>  combining surface points...
 <May05-2026> <12:12:18>  combining surface points...
 <May05-2026> <12:12:18>  combining surface points...
 <May05-2026> <12:12:18>  >>>> CYCLE
 <May05-2026> <12:12:18>              |Error|         MaxErr       Wt(A-DIIS)
 <May05-2026> <12:12:18>      1      0.36289969      0.11570337
 <May05-2026> <12:12:19>      2      0.13988573      0.02853011    100.0
 <May05-2026> <12:12:20>      3      0.08248921      0.01915157    100.0
 <May05-2026> <12:12:20>      4      0.08222096      0.02071434     19.9
 <May05-2026> <12:12:21>      5      0.03093317      0.00660961      5.7
 <May05-2026> <12:12:21>      6      0.01380350      0.00371614      2.7
 <May05-2026> <12:12:22>      7      0.00444415      0.00084443      0.0
 <May05-2026> <12:12:22>      8      0.00166214      0.00042609      0.0
 <May05-2026> <12:12:23>      9      0.00050380      0.00015666      0.0
 <May05-2026> <12:12:23>     10      0.00009157      0.00002854      0.0
 <May05-2026> <12:12:24>     11      0.00004469      0.00001352      0.0
 <May05-2026> <12:12:24>     12      0.00000451      0.00000095      0.0
 <May05-2026> <12:12:24>  SCF converged
 <May05-2026> <12:12:25>     13      0.00000078      0.00000018      0.0
 <May05-2026> <12:12:25>  >>>> TOTEN
 <May05-2026> <12:12:25>  >>>> POPAN
 <May05-2026> <12:12:25>  >>>> DEBYE
 <May05-2026> <12:12:25>  >>>> ENGRAD
 <May05-2026> <12:12:26>  current energy                               -1.71177553 Hartree
 <May05-2026> <12:12:26>  energy change                       0.00481271     0.00100000    F
 <May05-2026> <12:12:26>  constrained gradient max            0.06780805     0.00100000    F
 <May05-2026> <12:12:26>  constrained gradient rms            0.02961400     0.00066667    F
 <May05-2026> <12:12:26>  gradient max                        0.06780805
 <May05-2026> <12:12:26>  gradient rms                        0.02961400
 <May05-2026> <12:12:26>  cart. step max                      0.06145301     0.01000000    F
 <May05-2026> <12:12:26>  cart. step rms                      0.01743426     0.00666667    F
  Coordinates in Geometry Cycle 13
    Atom         X           Y           Z   (Angstrom)
    1.P        -0.742733    0.639007   -0.020422
    2.O        -1.082459   -0.061689   -1.301026
    3.O        -0.698181    2.248123   -0.438721
    4.O        -1.450925    0.442008    1.291706
    5.O         0.875842    0.434519    0.255695
    6.H        -1.308426    2.324717   -1.212525
    7.H         0.927123    0.444208    1.242601
 <May05-2026> <12:12:26>  >>>> CORORT
 <May05-2026> <12:12:26>  >>>> CLSMAT
 <May05-2026> <12:12:26>  >>>> ORTHON
 <May05-2026> <12:12:26>  >>>> GENPT
 <May05-2026> <12:12:26>  Block Length= 128
 <May05-2026> <12:12:26>  >>>> PTBAS
 <May05-2026> <12:12:26>  combining surface points...
 <May05-2026> <12:12:26>  combining surface points...
 <May05-2026> <12:12:26>  combining surface points...
 <May05-2026> <12:12:26>  >>>> CYCLE
 <May05-2026> <12:12:27>              |Error|         MaxErr       Wt(A-DIIS)
 <May05-2026> <12:12:27>      1      0.13135841      0.04206402
 <May05-2026> <12:12:28>      2      0.13673751      0.02568744    100.0
 <May05-2026> <12:12:28>      3      0.25522308      0.07429588    100.0
 <May05-2026> <12:12:29>      4      0.07488681      0.02051503     19.7
 <May05-2026> <12:12:29>      5      0.04528610      0.01081701      9.9
 <May05-2026> <12:12:30>      6      0.01063276      0.00236394      1.4
 <May05-2026> <12:12:30>      7      0.00275089      0.00042321      0.0
 <May05-2026> <12:12:31>      8      0.00135305      0.00030331      0.0
 <May05-2026> <12:12:31>      9      0.00042674      0.00013421      0.0
 <May05-2026> <12:12:32>     10      0.00005547      0.00001411      0.0
 <May05-2026> <12:12:32>     11      0.00002722      0.00000725      0.0
 <May05-2026> <12:12:33>     12      0.00000242      0.00000043      0.0
 <May05-2026> <12:12:33>  SCF converged
 <May05-2026> <12:12:33>     13      0.00000043      0.00000009      0.0
 <May05-2026> <12:12:33>  >>>> TOTEN
 <May05-2026> <12:12:34>  >>>> POPAN
 <May05-2026> <12:12:34>  >>>> DEBYE
 <May05-2026> <12:12:34>  >>>> ENGRAD
 <May05-2026> <12:12:35>  current energy                               -1.71649019 Hartree
 <May05-2026> <12:12:35>  energy change                      -0.00471466     0.00100000    F
 <May05-2026> <12:12:35>  constrained gradient max            0.03007941     0.00100000    F
 <May05-2026> <12:12:35>  constrained gradient rms            0.01605881     0.00066667    F
 <May05-2026> <12:12:35>  gradient max                        0.03007941
 <May05-2026> <12:12:35>  gradient rms                        0.01605881
 <May05-2026> <12:12:35>  cart. step max                      0.05425770     0.01000000    F
 <May05-2026> <12:12:35>  cart. step rms                      0.02249427     0.00666667    F
  Coordinates in Geometry Cycle 14
    Atom         X           Y           Z   (Angstrom)
    1.P        -0.735091    0.645482   -0.033646
    2.O        -1.097033   -0.115947   -1.294444
    3.O        -0.724578    2.267330   -0.422701
    4.O        -1.486483    0.442323    1.271417
    5.O         0.881994    0.421134    0.267924
    6.H        -1.293644    2.359555   -1.211294
    7.H         0.975075    0.451016    1.240053
 <May05-2026> <12:12:35>  >>>> CORORT
 <May05-2026> <12:12:35>  >>>> CLSMAT
 <May05-2026> <12:12:35>  >>>> ORTHON
 <May05-2026> <12:12:35>  >>>> GENPT
 <May05-2026> <12:12:35>  Block Length= 128
 <May05-2026> <12:12:35>  >>>> PTBAS
 <May05-2026> <12:12:35>  combining surface points...
 <May05-2026> <12:12:35>  combining surface points...
 <May05-2026> <12:12:35>  combining surface points...
 <May05-2026> <12:12:35>  >>>> CYCLE
 <May05-2026> <12:12:36>              |Error|         MaxErr       Wt(A-DIIS)
 <May05-2026> <12:12:36>      1      0.14708898      0.03789378
 <May05-2026> <12:12:36>      2      0.13866083      0.02594796    100.0
 <May05-2026> <12:12:37>      3      0.26988526      0.07818419    100.0
 <May05-2026> <12:12:37>      4      0.07660140      0.02020416     19.4
 <May05-2026> <12:12:38>      5      0.04517296      0.01006403      9.2
 <May05-2026> <12:12:38>      6      0.01048958      0.00214743      1.2
 <May05-2026> <12:12:39>      7      0.00289746      0.00055236      0.0
 <May05-2026> <12:12:39>      8      0.00151831      0.00036018      0.0
 <May05-2026> <12:12:40>      9      0.00041442      0.00012903      0.0
 <May05-2026> <12:12:40>     10      0.00002156      0.00000441      0.0
 <May05-2026> <12:12:41>     11      0.00000615      0.00000147      0.0
 <May05-2026> <12:12:41>     12      0.00000435      0.00000097      0.0
 <May05-2026> <12:12:41>  SCF converged
 <May05-2026> <12:12:42>     13      0.00000048      0.00000010      0.0
 <May05-2026> <12:12:42>  >>>> TOTEN
 <May05-2026> <12:12:43>  >>>> POPAN
 <May05-2026> <12:12:43>  >>>> DEBYE
 <May05-2026> <12:12:43>  >>>> ENGRAD
 <May05-2026> <12:12:43>  current energy                               -1.71888899 Hartree
 <May05-2026> <12:12:43>  energy change                      -0.00239880     0.00100000    F
 <May05-2026> <12:12:43>  constrained gradient max            0.00851585     0.00100000    F
 <May05-2026> <12:12:43>  constrained gradient rms            0.00391374     0.00066667    F
 <May05-2026> <12:12:43>  gradient max                        0.00851585
 <May05-2026> <12:12:43>  gradient rms                        0.00391374
 <May05-2026> <12:12:43>  cart. step max                      0.03470851     0.01000000    F
 <May05-2026> <12:12:43>  cart. step rms                      0.01332245     0.00666667    F
  Coordinates in Geometry Cycle 15
    Atom         X           Y           Z   (Angstrom)
    1.P        -0.746437    0.638908   -0.035075
    2.O        -1.103688   -0.130245   -1.286672
    3.O        -0.738814    2.259762   -0.410865
    4.O        -1.496495    0.437772    1.262128
    5.O         0.867264    0.434798    0.271322
    6.H        -1.271374    2.379357   -1.222593
    7.H         1.009784    0.450542    1.239064
 <May05-2026> <12:12:43>  >>>> CORORT
 <May05-2026> <12:12:43>  >>>> CLSMAT
 <May05-2026> <12:12:43>  >>>> ORTHON
 <May05-2026> <12:12:43>  >>>> GENPT
 <May05-2026> <12:12:43>  Block Length= 128
 <May05-2026> <12:12:43>  >>>> PTBAS
 <May05-2026> <12:12:43>  combining surface points...
 <May05-2026> <12:12:43>  combining surface points...
 <May05-2026> <12:12:43>  combining surface points...
 <May05-2026> <12:12:43>  >>>> CYCLE
 <May05-2026> <12:12:44>              |Error|         MaxErr       Wt(A-DIIS)
 <May05-2026> <12:12:44>      1      0.10173228      0.01597045
 <May05-2026> <12:12:45>      2      0.15088544      0.02532582    100.0
 <May05-2026> <12:12:45>      3      0.10076242      0.01810461    100.0
 <May05-2026> <12:12:46>      4      0.09992278      0.01694647     16.1
 <May05-2026> <12:12:46>      5      0.02632036      0.00513127      4.2
 <May05-2026> <12:12:47>      6      0.01329195      0.00233646      1.3
 <May05-2026> <12:12:47>      7      0.00381295      0.00056252      0.0
 <May05-2026> <12:12:48>      8      0.00077493      0.00021078      0.0
 <May05-2026> <12:12:49>      9      0.00063477      0.00014391      0.0
 <May05-2026> <12:12:49>     10      0.00007694      0.00002349      0.0
 <May05-2026> <12:12:50>     11      0.00004885      0.00001001      0.0
 <May05-2026> <12:12:50>     12      0.00000665      0.00000143      0.0
 <May05-2026> <12:12:50>     13      0.00000113      0.00000024      0.0
 <May05-2026> <12:12:51>  SCF converged
 <May05-2026> <12:12:51>     14      0.00000091      0.00000020      0.0
 <May05-2026> <12:12:51>  >>>> TOTEN
 <May05-2026> <12:12:52>  >>>> POPAN
 <May05-2026> <12:12:52>  >>>> DEBYE
 <May05-2026> <12:12:52>  >>>> ENGRAD
 <May05-2026> <12:12:52>  current energy                               -1.71908086 Hartree
 <May05-2026> <12:12:52>  energy change                      -0.00019187     0.00100000    T
 <May05-2026> <12:12:52>  constrained gradient max            0.00486943     0.00100000    F
 <May05-2026> <12:12:52>  constrained gradient rms            0.00228307     0.00066667    F
 <May05-2026> <12:12:52>  gradient max                        0.00486943
 <May05-2026> <12:12:52>  gradient rms                        0.00228307
 <May05-2026> <12:12:52>  cart. step max                      0.01459074     0.01000000    F
 <May05-2026> <12:12:52>  cart. step rms                      0.00703048     0.00666667    F
  Coordinates in Geometry Cycle 16
    Atom         X           Y           Z   (Angstrom)
    1.P        -0.748547    0.645973   -0.026928
    2.O        -1.098653   -0.124521   -1.281315
    3.O        -0.750715    2.265302   -0.411743
    4.O        -1.499770    0.428028    1.271472
    5.O         0.866452    0.438163    0.268385
    6.H        -1.261574    2.377448   -1.237184
    7.H         1.013046    0.440501    1.234623
 <May05-2026> <12:12:52>  >>>> CORORT
 <May05-2026> <12:12:52>  >>>> CLSMAT
 <May05-2026> <12:12:52>  >>>> ORTHON
 <May05-2026> <12:12:52>  >>>> GENPT
 <May05-2026> <12:12:52>  Block Length= 128
 <May05-2026> <12:12:52>  >>>> PTBAS
 <May05-2026> <12:12:53>  combining surface points...
 <May05-2026> <12:12:53>  combining surface points...
 <May05-2026> <12:12:53>  combining surface points...
 <May05-2026> <12:12:53>  >>>> CYCLE
 <May05-2026> <12:12:53>              |Error|         MaxErr       Wt(A-DIIS)
 <May05-2026> <12:12:53>      1      0.09024195      0.01504668
 <May05-2026> <12:12:54>      2      0.14933451      0.02463414    100.0
 <May05-2026> <12:12:54>      3      0.08002336      0.01842366    100.0
 <May05-2026> <12:12:55>      4      0.12587916      0.02861063    100.0
 <May05-2026> <12:12:56>      5      0.04935891      0.01177830     10.9
 <May05-2026> <12:12:56>      6      0.01093216      0.00244603      1.5
 <May05-2026> <12:12:57>      7      0.00315878      0.00040332      0.0
 <May05-2026> <12:12:57>      8      0.00104326      0.00031807      0.0
 <May05-2026> <12:12:58>      9      0.00062003      0.00017203      0.0
 <May05-2026> <12:12:58>     10      0.00003614      0.00000941      0.0
 <May05-2026> <12:12:59>     11      0.00003115      0.00000798      0.0
 <May05-2026> <12:12:59>     12      0.00000328      0.00000070      0.0
 <May05-2026> <12:12:59>  SCF converged
 <May05-2026> <12:13:00>     13      0.00000023      0.00000004      0.0
 <May05-2026> <12:13:00>  >>>> TOTEN
 <May05-2026> <12:13:00>  >>>> POPAN
 <May05-2026> <12:13:00>  >>>> DEBYE
 <May05-2026> <12:13:00>  >>>> ENGRAD
 <May05-2026> <12:13:01>  current energy                               -1.71913352 Hartree
 <May05-2026> <12:13:01>  energy change                      -0.00005266     0.00100000    T
 <May05-2026> <12:13:01>  constrained gradient max            0.00456552     0.00100000    F
 <May05-2026> <12:13:01>  constrained gradient rms            0.00170744     0.00066667    F
 <May05-2026> <12:13:01>  gradient max                        0.00456552
 <May05-2026> <12:13:01>  gradient rms                        0.00170744
 <May05-2026> <12:13:01>  cart. step max                      0.01427445     0.01000000    F
 <May05-2026> <12:13:01>  cart. step rms                      0.00542417     0.00666667    T
  Coordinates in Geometry Cycle 17
    Atom         X           Y           Z   (Angstrom)
    1.P        -0.749588    0.644903   -0.025601
    2.O        -1.099502   -0.123612   -1.280971
    3.O        -0.760013    2.266680   -0.401405
    4.O        -1.497265    0.427495    1.274899
    5.O         0.868571    0.438054    0.262270
    6.H        -1.247300    2.372164   -1.241816
    7.H         1.005337    0.445210    1.229933
 <May05-2026> <12:13:01>  >>>> CORORT
 <May05-2026> <12:13:01>  >>>> CLSMAT
 <May05-2026> <12:13:01>  >>>> ORTHON
 <May05-2026> <12:13:01>  >>>> GENPT
 <May05-2026> <12:13:01>  Block Length= 128
 <May05-2026> <12:13:01>  >>>> PTBAS
 <May05-2026> <12:13:01>  combining surface points...
 <May05-2026> <12:13:01>  combining surface points...
 <May05-2026> <12:13:01>  combining surface points...
 <May05-2026> <12:13:01>  >>>> CYCLE
 <May05-2026> <12:13:02>              |Error|         MaxErr       Wt(A-DIIS)
 <May05-2026> <12:13:02>      1      0.08836233      0.01524584
 <May05-2026> <12:13:03>      2      0.15184173      0.02491028    100.0
 <May05-2026> <12:13:03>      3      0.07240719      0.01437890    100.0
 <May05-2026> <12:13:04>      4      0.08795564      0.01835421    100.0
 <May05-2026> <12:13:04>      5      0.10261651      0.02443754    100.0
 <May05-2026> <12:13:05>      6      0.01048574      0.00191710      0.9
 <May05-2026> <12:13:05>      7      0.00304471      0.00042780      0.0
 <May05-2026> <12:13:06>      8      0.00060995      0.00018436      0.0
 <May05-2026> <12:13:06>      9      0.00048708      0.00012192      0.0
 <May05-2026> <12:13:07>     10      0.00002677      0.00000419      0.0
 <May05-2026> <12:13:07>     11      0.00000466      0.00000087      0.0
 <May05-2026> <12:13:07>  SCF converged
 <May05-2026> <12:13:08>     12      0.00000195      0.00000044      0.0
 <May05-2026> <12:13:08>  >>>> TOTEN
 <May05-2026> <12:13:09>  >>>> POPAN
 <May05-2026> <12:13:09>  >>>> DEBYE
 <May05-2026> <12:13:09>  >>>> ENGRAD
 <May05-2026> <12:13:09>  current energy                               -1.71920922 Hartree
 <May05-2026> <12:13:09>  energy change                      -0.00007570     0.00100000    T
 <May05-2026> <12:13:09>  constrained gradient max            0.00342220     0.00100000    F
 <May05-2026> <12:13:09>  constrained gradient rms            0.00137275     0.00066667    F
 <May05-2026> <12:13:09>  gradient max                        0.00342220
 <May05-2026> <12:13:09>  gradient rms                        0.00137275
 <May05-2026> <12:13:09>  cart. step max                      0.02705547     0.01000000    F
 <May05-2026> <12:13:09>  cart. step rms                      0.00971464     0.00666667    F
  Coordinates in Geometry Cycle 18
    Atom         X           Y           Z   (Angstrom)
    1.P        -0.752990    0.643158   -0.024403
    2.O        -1.102428   -0.123403   -1.281242
    3.O        -0.777438    2.269147   -0.384002
    4.O        -1.489939    0.424156    1.280118
    5.O         0.868582    0.433855    0.253738
    6.H        -1.220244    2.365924   -1.249645
    7.H         0.994698    0.458055    1.222746
 <May05-2026> <12:13:09>  >>>> CORORT
 <May05-2026> <12:13:09>  >>>> CLSMAT
 <May05-2026> <12:13:09>  >>>> ORTHON
 <May05-2026> <12:13:09>  >>>> GENPT
 <May05-2026> <12:13:09>  Block Length= 128
 <May05-2026> <12:13:09>  >>>> PTBAS
 <May05-2026> <12:13:09>  combining surface points...
 <May05-2026> <12:13:09>  combining surface points...
 <May05-2026> <12:13:09>  combining surface points...
 <May05-2026> <12:13:09>  >>>> CYCLE
 <May05-2026> <12:13:10>              |Error|         MaxErr       Wt(A-DIIS)
 <May05-2026> <12:13:10>      1      0.09558013      0.01721118
 <May05-2026> <12:13:11>      2      0.15184381      0.02517117    100.0
 <May05-2026> <12:13:11>      3      0.07472529      0.01575139    100.0
 <May05-2026> <12:13:12>      4      0.09807307      0.02115031    100.0
 <May05-2026> <12:13:12>      5      0.08425176      0.02015892    100.0
 <May05-2026> <12:13:13>      6      0.01906639      0.00410992      3.1
 <May05-2026> <12:13:13>      7      0.00318330      0.00041453      0.0
 <May05-2026> <12:13:14>      8      0.00052327      0.00013033      0.0
 <May05-2026> <12:13:14>      9      0.00021092      0.00004785      0.0
 <May05-2026> <12:13:15>     10      0.00003978      0.00000959      0.0
 <May05-2026> <12:13:15>     11      0.00000961      0.00000236      0.0
 <May05-2026> <12:13:16>     12      0.00000521      0.00000121      0.0
 <May05-2026> <12:13:16>     13      0.00000097      0.00000026      0.0
 <May05-2026> <12:13:16>  SCF converged
 <May05-2026> <12:13:17>     14      0.00000010      0.00000002      0.0
 <May05-2026> <12:13:17>  >>>> TOTEN
 <May05-2026> <12:13:18>  >>>> POPAN
 <May05-2026> <12:13:18>  >>>> DEBYE
 <May05-2026> <12:13:18>  >>>> ENGRAD
 <May05-2026> <12:13:18>  current energy                               -1.71928588 Hartree
 <May05-2026> <12:13:18>  energy change                      -0.00007666     0.00100000    T
 <May05-2026> <12:13:18>  constrained gradient max            0.00289190     0.00100000    F
 <May05-2026> <12:13:18>  constrained gradient rms            0.00149936     0.00066667    F
 <May05-2026> <12:13:18>  gradient max                        0.00289190
 <May05-2026> <12:13:18>  gradient rms                        0.00149936
 <May05-2026> <12:13:18>  cart. step max                      0.08523980     0.01000000    F
 <May05-2026> <12:13:18>  cart. step rms                      0.02698501     0.00666667    F
  Coordinates in Geometry Cycle 19
    Atom         X           Y           Z   (Angstrom)
    1.P        -0.763910    0.639224   -0.017838
    2.O        -1.116818   -0.118408   -1.278960
    3.O        -0.840286    2.268768   -0.348878
    4.O        -1.479064    0.409005    1.296086
    5.O         0.865547    0.436930    0.237214
    6.H        -1.135005    2.356657   -1.276528
    7.H         0.989774    0.478716    1.206213
 <May05-2026> <12:13:18>  >>>> CORORT
 <May05-2026> <12:13:18>  >>>> CLSMAT
 <May05-2026> <12:13:18>  >>>> ORTHON
 <May05-2026> <12:13:18>  >>>> GENPT
 <May05-2026> <12:13:18>  Block Length= 128
 <May05-2026> <12:13:18>  >>>> PTBAS
 <May05-2026> <12:13:18>  combining surface points...
 <May05-2026> <12:13:18>  combining surface points...
 <May05-2026> <12:13:18>  combining surface points...
 <May05-2026> <12:13:18>  >>>> CYCLE
 <May05-2026> <12:13:19>              |Error|         MaxErr       Wt(A-DIIS)
 <May05-2026> <12:13:19>      1      0.14714193      0.05234506
 <May05-2026> <12:13:20>      2      0.15752003      0.02527629    100.0
 <May05-2026> <12:13:20>      3      0.17581770      0.04292503    100.0
 <May05-2026> <12:13:21>      4      0.19722635      0.04349827    100.0
 <May05-2026> <12:13:21>      5      0.02460842      0.00557308      4.6
 <May05-2026> <12:13:22>      6      0.00942510      0.00274776      1.8
 <May05-2026> <12:13:22>      7      0.00331408      0.00062468      0.0
 <May05-2026> <12:13:23>      8      0.00072936      0.00013469      0.0
 <May05-2026> <12:13:24>      9      0.00041650      0.00011318      0.0
 <May05-2026> <12:13:24>     10      0.00002541      0.00000499      0.0
 <May05-2026> <12:13:25>     11      0.00002562      0.00000643      0.0
 <May05-2026> <12:13:25>     12      0.00000254      0.00000063      0.0
 <May05-2026> <12:13:26>  SCF converged
 <May05-2026> <12:13:26>     13      0.00000038      0.00000007      0.0
 <May05-2026> <12:13:26>  >>>> TOTEN
 <May05-2026> <12:13:27>  >>>> POPAN
 <May05-2026> <12:13:27>  >>>> DEBYE
 <May05-2026> <12:13:27>  >>>> ENGRAD
 <May05-2026> <12:13:27>  current energy                               -1.71954361 Hartree
 <May05-2026> <12:13:27>  energy change                      -0.00025774     0.00100000    T
 <May05-2026> <12:13:27>  constrained gradient max            0.00568478     0.00100000    F
 <May05-2026> <12:13:27>  constrained gradient rms            0.00207344     0.00066667    F
 <May05-2026> <12:13:27>  gradient max                        0.00568478
 <May05-2026> <12:13:27>  gradient rms                        0.00207344
 <May05-2026> <12:13:27>  cart. step max                      0.13513896     0.01000000    F
 <May05-2026> <12:13:27>  cart. step rms                      0.03956525     0.00666667    F
  Coordinates in Geometry Cycle 20
    Atom         X           Y           Z   (Angstrom)
    1.P        -0.785862    0.629568   -0.010616
    2.O        -1.136422   -0.127186   -1.272453
    3.O        -0.927870    2.259016   -0.316653
    4.O        -1.469595    0.386633    1.316363
    5.O         0.854087    0.444183    0.210377
    6.H        -0.999866    2.357881   -1.286084
    7.H         0.985767    0.520798    1.176375
 <May05-2026> <12:13:28>  >>>> CORORT
 <May05-2026> <12:13:28>  >>>> CLSMAT
 <May05-2026> <12:13:28>  >>>> ORTHON
 <May05-2026> <12:13:28>  >>>> GENPT
 <May05-2026> <12:13:28>  Block Length= 128
 <May05-2026> <12:13:28>  >>>> PTBAS
 <May05-2026> <12:13:28>  combining surface points...
 <May05-2026> <12:13:28>  combining surface points...
 <May05-2026> <12:13:28>  combining surface points...
 <May05-2026> <12:13:28>  >>>> CYCLE
 <May05-2026> <12:13:29>              |Error|         MaxErr       Wt(A-DIIS)
 <May05-2026> <12:13:29>      1      0.18607338      0.08041648
 <May05-2026> <12:13:29>      2      0.16916420      0.02658592    100.0
 <May05-2026> <12:13:30>      3      0.30276995      0.07114011    100.0
 <May05-2026> <12:13:31>      4      0.10667070      0.02068849     19.9
 <May05-2026> <12:13:31>      5      0.03962444      0.00701621      6.1
 <May05-2026> <12:13:32>      6      0.00988416      0.00298758      2.0
 <May05-2026> <12:13:32>      7      0.00362391      0.00076482      0.0
 <May05-2026> <12:13:33>      8      0.00085014      0.00018472      0.0
 <May05-2026> <12:13:33>      9      0.00044539      0.00012004      0.0
 <May05-2026> <12:13:34>     10      0.00002442      0.00000507      0.0
 <May05-2026> <12:13:34>     11      0.00002181      0.00000524      0.0
 <May05-2026> <12:13:35>     12      0.00000239      0.00000063      0.0
 <May05-2026> <12:13:35>  SCF converged
 <May05-2026> <12:13:35>     13      0.00000030      0.00000006      0.0
 <May05-2026> <12:13:35>  >>>> TOTEN
 <May05-2026> <12:13:36>  >>>> POPAN
 <May05-2026> <12:13:36>  >>>> DEBYE
 <May05-2026> <12:13:36>  >>>> ENGRAD
 <May05-2026> <12:13:37>  current energy                               -1.71992838 Hartree
 <May05-2026> <12:13:37>  energy change                      -0.00038477     0.00100000    T
 <May05-2026> <12:13:37>  constrained gradient max            0.00824843     0.00100000    F
 <May05-2026> <12:13:37>  constrained gradient rms            0.00290546     0.00066667    F
 <May05-2026> <12:13:37>  gradient max                        0.00824843
 <May05-2026> <12:13:37>  gradient rms                        0.00290546
 <May05-2026> <12:13:37>  cart. step max                      0.06185089     0.01000000    F
 <May05-2026> <12:13:37>  cart. step rms                      0.01937135     0.00666667    F
  Coordinates in Geometry Cycle 21
    Atom         X           Y           Z   (Angstrom)
    1.P        -0.801399    0.620669   -0.007982
    2.O        -1.147070   -0.139361   -1.268763
    3.O        -0.958482    2.248396   -0.309310
    4.O        -1.478837    0.373955    1.320793
    5.O         0.840251    0.444027    0.201748
    6.H        -0.938015    2.370548   -1.279174
    7.H         1.003791    0.552659    1.159997
 <May05-2026> <12:13:37>  >>>> CORORT
 <May05-2026> <12:13:37>  >>>> CLSMAT
 <May05-2026> <12:13:37>  >>>> ORTHON
 <May05-2026> <12:13:37>  >>>> GENPT
 <May05-2026> <12:13:37>  Block Length= 128
 <May05-2026> <12:13:37>  >>>> PTBAS
 <May05-2026> <12:13:37>  combining surface points...
 <May05-2026> <12:13:37>  combining surface points...
 <May05-2026> <12:13:37>  combining surface points...
 <May05-2026> <12:13:37>  >>>> CYCLE
 <May05-2026> <12:13:38>              |Error|         MaxErr       Wt(A-DIIS)
 <May05-2026> <12:13:38>      1      0.11207030      0.03393293
 <May05-2026> <12:13:38>      2      0.15913510      0.02574158    100.0
 <May05-2026> <12:13:39>      3      0.09425863      0.02243887    100.0
 <May05-2026> <12:13:39>      4      0.17411039      0.03893805    100.0
 <May05-2026> <12:13:40>      5      0.01680021      0.00295952      2.0
 <May05-2026> <12:13:40>      6      0.00912075      0.00212361      1.1
 <May05-2026> <12:13:41>      7      0.00335387      0.00042045      0.0
 <May05-2026> <12:13:41>      8      0.00052098      0.00013744      0.0
 <May05-2026> <12:13:42>      9      0.00030067      0.00006999      0.0
 <May05-2026> <12:13:43>     10      0.00003465      0.00000833      0.0
 <May05-2026> <12:13:43>     11      0.00001425      0.00000350      0.0
 <May05-2026> <12:13:43>     12      0.00000340      0.00000080      0.0
 <May05-2026> <12:13:44>  SCF converged
 <May05-2026> <12:13:44>     13      0.00000024      0.00000004      0.0
 <May05-2026> <12:13:44>  >>>> TOTEN
 <May05-2026> <12:13:45>  >>>> POPAN
 <May05-2026> <12:13:45>  >>>> DEBYE
 <May05-2026> <12:13:45>  >>>> ENGRAD
 <May05-2026> <12:13:45>  current energy                               -1.72025132 Hartree
 <May05-2026> <12:13:45>  energy change                      -0.00032293     0.00100000    T
 <May05-2026> <12:13:45>  constrained gradient max            0.00555089     0.00100000    F
 <May05-2026> <12:13:45>  constrained gradient rms            0.00200883     0.00066667    F
 <May05-2026> <12:13:45>  gradient max                        0.00555089
 <May05-2026> <12:13:45>  gradient rms                        0.00200883
 <May05-2026> <12:13:45>  cart. step max                      0.30724162     0.01000000    F
 <May05-2026> <12:13:45>  cart. step rms                      0.10157071     0.00666667    F
  Coordinates in Geometry Cycle 22
    Atom         X           Y           Z   (Angstrom)
    1.P        -0.858448    0.572050   -0.013052
    2.O        -1.193978   -0.224163   -1.252412
    3.O        -1.111734    2.183030   -0.320096
    4.O        -1.509579    0.352280    1.331519
    5.O         0.791872    0.415716    0.157954
    6.H        -0.630773    2.431772   -1.136035
    7.H         1.032879    0.740209    1.049431
 <May05-2026> <12:13:45>  >>>> CORORT
 <May05-2026> <12:13:45>  >>>> CLSMAT
 <May05-2026> <12:13:45>  >>>> ORTHON
 <May05-2026> <12:13:45>  >>>> GENPT
 <May05-2026> <12:13:45>  Block Length= 128
 <May05-2026> <12:13:45>  >>>> PTBAS
 <May05-2026> <12:13:46>  combining surface points...
 <May05-2026> <12:13:46>  combining surface points...
 <May05-2026> <12:13:46>  combining surface points...
 <May05-2026> <12:13:46>  >>>> CYCLE
 <May05-2026> <12:13:46>              |Error|         MaxErr       Wt(A-DIIS)
 <May05-2026> <12:13:46>      1      0.37410501      0.17071855
 <May05-2026> <12:13:47>      2      0.29105762      0.05282986    100.0
 <May05-2026> <12:13:47>      3      0.64088625      0.13211932    100.0
 <May05-2026> <12:13:48>      4      0.05402990      0.01492405     14.1
 <May05-2026> <12:13:49>      5      0.01402084      0.00290343      1.9
 <May05-2026> <12:13:49>      6      0.01077290      0.00233622      1.3
 <May05-2026> <12:13:50>      7      0.00428390      0.00084742      0.0
 <May05-2026> <12:13:50>      8      0.00127316      0.00038790      0.0
 <May05-2026> <12:13:51>      9      0.00053651      0.00012475      0.0
 <May05-2026> <12:13:51>     10      0.00005473      0.00001144      0.0
 <May05-2026> <12:13:52>     11      0.00003293      0.00000685      0.0
 <May05-2026> <12:13:52>     12      0.00000628      0.00000104      0.0
 <May05-2026> <12:13:53>     13      0.00000044      0.00000009      0.0
 <May05-2026> <12:13:53>  SCF converged
 <May05-2026> <12:13:53>     14      0.00000005      0.00000001      0.0
 <May05-2026> <12:13:53>  >>>> TOTEN
 <May05-2026> <12:13:54>  >>>> POPAN
 <May05-2026> <12:13:54>  >>>> DEBYE
 <May05-2026> <12:13:54>  >>>> ENGRAD
 <May05-2026> <12:13:54>  current energy                               -1.72002609 Hartree
 <May05-2026> <12:13:54>  energy change                       0.00022523     0.00100000    T
 <May05-2026> <12:13:54>  constrained gradient max            0.01056030     0.00100000    F
 <May05-2026> <12:13:55>  constrained gradient rms            0.00379282     0.00066667    F
 <May05-2026> <12:13:55>  gradient max                        0.01056030
 <May05-2026> <12:13:55>  gradient rms                        0.00379282
 <May05-2026> <12:13:55>  cart. step max                      0.04507630     0.01000000    F
 <May05-2026> <12:13:55>  cart. step rms                      0.02271528     0.00666667    F
  Coordinates in Geometry Cycle 23
    Atom         X           Y           Z   (Angstrom)
    1.P        -0.869777    0.568056   -0.001670
    2.O        -1.201337   -0.219746   -1.246020
    3.O        -1.067292    2.187413   -0.309296
    4.O        -1.551782    0.313266    1.321910
    5.O         0.772031    0.408636    0.176385
    6.H        -0.639559    2.436666   -1.155289
    7.H         1.077956    0.776602    1.031289
 <May05-2026> <12:13:55>  >>>> CORORT
 <May05-2026> <12:13:55>  >>>> CLSMAT
 <May05-2026> <12:13:55>  >>>> ORTHON
 <May05-2026> <12:13:55>  >>>> GENPT
 <May05-2026> <12:13:55>  Block Length= 128
 <May05-2026> <12:13:55>  >>>> PTBAS
 <May05-2026> <12:13:55>  combining surface points...
 <May05-2026> <12:13:56>  combining surface points...
 <May05-2026> <12:13:56>  combining surface points...
 <May05-2026> <12:13:56>  >>>> CYCLE
 <May05-2026> <12:13:56>              |Error|         MaxErr       Wt(A-DIIS)
 <May05-2026> <12:13:56>      1      0.14545408      0.02892641
 <May05-2026> <12:13:57>      2      0.18221349      0.02934135    100.0
 <May05-2026> <12:13:57>      3      0.09207989      0.01959771    100.0
 <May05-2026> <12:13:58>      4      0.12896507      0.02825090    100.0
 <May05-2026> <12:13:59>      5      0.09884968      0.02287313     22.1
 <May05-2026> <12:13:59>      6      0.01146303      0.00243943      1.5
 <May05-2026> <12:14:00>      7      0.00387042      0.00048859      0.0
 <May05-2026> <12:14:00>      8      0.00073540      0.00021895      0.0
 <May05-2026> <12:14:01>      9      0.00064919      0.00017117      0.0
 <May05-2026> <12:14:01>     10      0.00003382      0.00000580      0.0
 <May05-2026> <12:14:02>     11      0.00000526      0.00000099      0.0
 <May05-2026> <12:14:02>  SCF converged
 <May05-2026> <12:14:02>     12      0.00000048      0.00000007      0.0
 <May05-2026> <12:14:03>  >>>> TOTEN
 <May05-2026> <12:14:03>  >>>> POPAN
 <May05-2026> <12:14:03>  >>>> DEBYE
 <May05-2026> <12:14:03>  >>>> ENGRAD
 <May05-2026> <12:14:04>  current energy                               -1.72034395 Hartree
 <May05-2026> <12:14:04>  energy change                      -0.00031786     0.00100000    T
 <May05-2026> <12:14:04>  constrained gradient max            0.00617487     0.00100000    F
 <May05-2026> <12:14:04>  constrained gradient rms            0.00327424     0.00066667    F
 <May05-2026> <12:14:04>  gradient max                        0.00617487
 <May05-2026> <12:14:04>  gradient rms                        0.00327424
 <May05-2026> <12:14:04>  cart. step max                      0.07550903     0.01000000    F
 <May05-2026> <12:14:04>  cart. step rms                      0.02723738     0.00666667    F
  Coordinates in Geometry Cycle 24
    Atom         X           Y           Z   (Angstrom)
    1.P        -0.851987    0.580336   -0.003176
    2.O        -1.189170   -0.197353   -1.253620
    3.O        -1.038274    2.203836   -0.297390
    4.O        -1.535826    0.326914    1.320457
    5.O         0.790194    0.416327    0.179253
    6.H        -0.715068    2.416804   -1.196960
    7.H         1.060371    0.724028    1.068746
 <May05-2026> <12:14:04>  >>>> CORORT
 <May05-2026> <12:14:04>  >>>> CLSMAT
 <May05-2026> <12:14:04>  >>>> ORTHON
 <May05-2026> <12:14:04>  >>>> GENPT
 <May05-2026> <12:14:04>  Block Length= 128
 <May05-2026> <12:14:04>  >>>> PTBAS
 <May05-2026> <12:14:04>  combining surface points...
 <May05-2026> <12:14:04>  combining surface points...
 <May05-2026> <12:14:04>  combining surface points...
 <May05-2026> <12:14:04>  >>>> CYCLE
 <May05-2026> <12:14:05>              |Error|         MaxErr       Wt(A-DIIS)
 <May05-2026> <12:14:05>      1      0.13051449      0.03637782
 <May05-2026> <12:14:05>      2      0.17826124      0.02837667    100.0
 <May05-2026> <12:14:06>      3      0.12632839      0.03220119    100.0
 <May05-2026> <12:14:06>      4      0.26649749      0.06301785    100.0
 <May05-2026> <12:14:07>      5      0.04376851      0.01075573      9.9
 <May05-2026> <12:14:07>      6      0.01289681      0.00266209      1.7
 <May05-2026> <12:14:08>      7      0.00378522      0.00048645      0.0
 <May05-2026> <12:14:09>      8      0.00090854      0.00028714      0.0
 <May05-2026> <12:14:09>      9      0.00068331      0.00018881      0.0
 <May05-2026> <12:14:10>     10      0.00003162      0.00000787      0.0
 <May05-2026> <12:14:10>     11      0.00002194      0.00000559      0.0
 <May05-2026> <12:14:11>     12      0.00000494      0.00000105      0.0
 <May05-2026> <12:14:11>     13      0.00000036      0.00000005      0.0
 <May05-2026> <12:14:11>  SCF converged
 <May05-2026> <12:14:11>     14      0.00000005      0.00000001      0.0
 <May05-2026> <12:14:12>  >>>> TOTEN
 <May05-2026> <12:14:12>  >>>> POPAN
 <May05-2026> <12:14:12>  >>>> DEBYE
 <May05-2026> <12:14:12>  >>>> ENGRAD
 <May05-2026> <12:14:13>  current energy                               -1.72065888 Hartree
 <May05-2026> <12:14:13>  energy change                      -0.00031493     0.00100000    T
 <May05-2026> <12:14:13>  constrained gradient max            0.00328952     0.00100000    F
 <May05-2026> <12:14:13>  constrained gradient rms            0.00156406     0.00066667    F
 <May05-2026> <12:14:13>  gradient max                        0.00328952
 <May05-2026> <12:14:13>  gradient rms                        0.00156406
 <May05-2026> <12:14:13>  cart. step max                      0.05483202     0.01000000    F
 <May05-2026> <12:14:13>  cart. step rms                      0.01857747     0.00666667    F
  Coordinates in Geometry Cycle 25
    Atom         X           Y           Z   (Angstrom)
    1.P        -0.839463    0.588719   -0.004710
    2.O        -1.179111   -0.184006   -1.258400
    3.O        -1.016144    2.214579   -0.292077
    4.O        -1.526762    0.338879    1.318228
    5.O         0.802430    0.420753    0.182810
    6.H        -0.769900    2.404212   -1.220195
    7.H         1.049190    0.687757    1.091653
 <May05-2026> <12:14:13>  >>>> CORORT
 <May05-2026> <12:14:13>  >>>> CLSMAT
 <May05-2026> <12:14:13>  >>>> ORTHON
 <May05-2026> <12:14:13>  >>>> GENPT
 <May05-2026> <12:14:13>  Block Length= 128
 <May05-2026> <12:14:13>  >>>> PTBAS
 <May05-2026> <12:14:13>  combining surface points...
 <May05-2026> <12:14:13>  combining surface points...
 <May05-2026> <12:14:13>  combining surface points...
 <May05-2026> <12:14:13>  >>>> CYCLE
 <May05-2026> <12:14:14>              |Error|         MaxErr       Wt(A-DIIS)
 <May05-2026> <12:14:14>      1      0.11125114      0.02709203
 <May05-2026> <12:14:14>      2      0.17165684      0.02734185    100.0
 <May05-2026> <12:14:15>      3      0.09250797      0.02131729    100.0
 <May05-2026> <12:14:15>      4      0.14571192      0.03273412    100.0
 <May05-2026> <12:14:16>      5      0.05406869      0.01256579     11.7
 <May05-2026> <12:14:17>      6      0.01227680      0.00260180      1.6
 <May05-2026> <12:14:17>      7      0.00347143      0.00047175      0.0
 <May05-2026> <12:14:18>      8      0.00062031      0.00017837      0.0
 <May05-2026> <12:14:18>      9      0.00050637      0.00013116      0.0
 <May05-2026> <12:14:19>     10      0.00003456      0.00000692      0.0
 <May05-2026> <12:14:19>     11      0.00000551      0.00000128      0.0
 <May05-2026> <12:14:20>     12      0.00000323      0.00000079      0.0
 <May05-2026> <12:14:20>  SCF converged
 <May05-2026> <12:14:20>     13      0.00000053      0.00000012      0.0
 <May05-2026> <12:14:20>  >>>> TOTEN
 <May05-2026> <12:14:21>  >>>> POPAN
 <May05-2026> <12:14:21>  >>>> DEBYE
 <May05-2026> <12:14:21>  >>>> ENGRAD
 <May05-2026> <12:14:21>  current energy                               -1.72070396 Hartree
 <May05-2026> <12:14:21>  energy change                      -0.00004508     0.00100000    T
 <May05-2026> <12:14:21>  constrained gradient max            0.00160142     0.00100000    F
 <May05-2026> <12:14:21>  constrained gradient rms            0.00062601     0.00066667    T
 <May05-2026> <12:14:21>  gradient max                        0.00160142
 <May05-2026> <12:14:21>  gradient rms                        0.00062601
 <May05-2026> <12:14:21>  cart. step max                      0.02447503     0.01000000    F
 <May05-2026> <12:14:21>  cart. step rms                      0.00921422     0.00666667    F
  Coordinates in Geometry Cycle 26
    Atom         X           Y           Z   (Angstrom)
    1.P        -0.843753    0.584139   -0.004793
    2.O        -1.183425   -0.188879   -1.258307
    3.O        -1.022678    2.209998   -0.289362
    4.O        -1.530489    0.335157    1.318166
    5.O         0.797500    0.412542    0.181043
    6.H        -0.745989    2.405705   -1.207718
    7.H         1.049073    0.712232    1.078280
 <May05-2026> <12:14:21>  >>>> CORORT
 <May05-2026> <12:14:21>  >>>> CLSMAT
 <May05-2026> <12:14:21>  >>>> ORTHON
 <May05-2026> <12:14:21>  >>>> GENPT
 <May05-2026> <12:14:22>  Block Length= 128
 <May05-2026> <12:14:22>  >>>> PTBAS
 <May05-2026> <12:14:22>  combining surface points...
 <May05-2026> <12:14:22>  combining surface points...
 <May05-2026> <12:14:22>  combining surface points...
 <May05-2026> <12:14:22>  >>>> CYCLE
 <May05-2026> <12:14:22>              |Error|         MaxErr       Wt(A-DIIS)
 <May05-2026> <12:14:22>      1      0.10105141      0.01441048
 <May05-2026> <12:14:23>      2      0.17201588      0.02684832    100.0
 <May05-2026> <12:14:24>      3      0.07915230      0.01248048    100.0
 <May05-2026> <12:14:24>      4      0.08118245      0.01487884     14.0
 <May05-2026> <12:14:25>      5      0.04109750      0.00674360      5.8
 <May05-2026> <12:14:25>      6      0.01262335      0.00275897      1.8
 <May05-2026> <12:14:26>      7      0.00356704      0.00045699      0.0
 <May05-2026> <12:14:26>      8      0.00049818      0.00012421      0.0
 <May05-2026> <12:14:27>      9      0.00022508      0.00005324      0.0
 <May05-2026> <12:14:27>     10      0.00003772      0.00001083      0.0
 <May05-2026> <12:14:28>     11      0.00000789      0.00000170      0.0
 <May05-2026> <12:14:28>     12      0.00000535      0.00000125      0.0
 <May05-2026> <12:14:29>     13      0.00000043      0.00000007      0.0
 <May05-2026> <12:14:29>  SCF converged
 <May05-2026> <12:14:29>     14      0.00000004      0.00000001      0.0
 <May05-2026> <12:14:29>  >>>> TOTEN
 <May05-2026> <12:14:30>  >>>> POPAN
 <May05-2026> <12:14:30>  >>>> DEBYE
 <May05-2026> <12:14:30>  >>>> ENGRAD
 <May05-2026> <12:14:31>  current energy                               -1.72072815 Hartree
 <May05-2026> <12:14:31>  energy change                      -0.00002419     0.00100000    T
 <May05-2026> <12:14:31>  constrained gradient max            0.00130254     0.00100000    F
 <May05-2026> <12:14:31>  constrained gradient rms            0.00041327     0.00066667    T
 <May05-2026> <12:14:31>  gradient max                        0.00130254
 <May05-2026> <12:14:31>  gradient rms                        0.00041327
 <May05-2026> <12:14:31>  cart. step max                      0.02707765     0.01000000    F
 <May05-2026> <12:14:31>  cart. step rms                      0.00883621     0.00666667    F
  Coordinates in Geometry Cycle 27
    Atom         X           Y           Z   (Angstrom)
    1.P        -0.846839    0.579183   -0.004389
    2.O        -1.187276   -0.190695   -1.259732
    3.O        -1.022237    2.206067   -0.284438
    4.O        -1.537500    0.331119    1.317108
    5.O         0.793114    0.401322    0.181952
    6.H        -0.729255    2.404587   -1.197145
    7.H         1.050234    0.739310    1.063954
 <May05-2026> <12:14:31>  >>>> CORORT
 <May05-2026> <12:14:31>  >>>> CLSMAT
 <May05-2026> <12:14:31>  >>>> ORTHON
 <May05-2026> <12:14:31>  >>>> GENPT
 <May05-2026> <12:14:31>  Block Length= 128
 <May05-2026> <12:14:31>  >>>> PTBAS
 <May05-2026> <12:14:31>  combining surface points...
 <May05-2026> <12:14:31>  combining surface points...
 <May05-2026> <12:14:31>  combining surface points...
 <May05-2026> <12:14:31>  >>>> CYCLE
 <May05-2026> <12:14:32>              |Error|         MaxErr       Wt(A-DIIS)
 <May05-2026> <12:14:32>      1      0.10163139      0.01560680
 <May05-2026> <12:14:32>      2      0.17369430      0.02709485    100.0
 <May05-2026> <12:14:33>      3      0.08037111      0.01346774    100.0
 <May05-2026> <12:14:33>      4      0.08533976      0.01612490     15.3
 <May05-2026> <12:14:34>      5      0.04131161      0.00671700      5.8
 <May05-2026> <12:14:34>      6      0.01236042      0.00270911      1.7
 <May05-2026> <12:14:35>      7      0.00356927      0.00045989      0.0
 <May05-2026> <12:14:35>      8      0.00049571      0.00011491      0.0
 <May05-2026> <12:14:36>      9      0.00015131      0.00003720      0.0
 <May05-2026> <12:14:36>     10      0.00005062      0.00001398      0.0
 <May05-2026> <12:14:37>     11      0.00000573      0.00000101      0.0
 <May05-2026> <12:14:37>     12      0.00000353      0.00000083      0.0
 <May05-2026> <12:14:38>  SCF converged
 <May05-2026> <12:14:38>     13      0.00000060      0.00000012      0.0
 <May05-2026> <12:14:38>  >>>> TOTEN
 <May05-2026> <12:14:39>  >>>> POPAN
 <May05-2026> <12:14:39>  >>>> DEBYE
 <May05-2026> <12:14:39>  >>>> ENGRAD
 <May05-2026> <12:14:39>  current energy                               -1.72073446 Hartree
 <May05-2026> <12:14:39>  energy change                      -0.00000631     0.00100000    T
 <May05-2026> <12:14:39>  constrained gradient max            0.00050349     0.00100000    T
 <May05-2026> <12:14:39>  constrained gradient rms            0.00021743     0.00066667    T
 <May05-2026> <12:14:39>  gradient max                        0.00050349
 <May05-2026> <12:14:39>  gradient rms                        0.00021743
 <May05-2026> <12:14:39>  cart. step max                      0.00314909     0.01000000    T
 <May05-2026> <12:14:39>  cart. step rms                      0.00117158     0.00666667    T
 <May05-2026> <12:14:39>  GEOMETRY CONVERGED
 <May05-2026> <12:14:39>  Calculating Energy Terms for Final Geometry
  Coordinates in Geometry Cycle 27
    Atom         X           Y           Z   (Angstrom)
    1.P        -0.846839    0.579183   -0.004389
    2.O        -1.187276   -0.190695   -1.259732
    3.O        -1.022237    2.206067   -0.284438
    4.O        -1.537500    0.331119    1.317108
    5.O         0.793114    0.401322    0.181952
    6.H        -0.729255    2.404587   -1.197145
    7.H         1.050234    0.739310    1.063954
 <May05-2026> <12:14:39>  >>>> CORORT
 <May05-2026> <12:14:39>  >>>> CLSMAT
 <May05-2026> <12:14:39>  >>>> ORTHON
 <May05-2026> <12:14:39>  >>>> GENPT
 <May05-2026> <12:14:39>  Block Length= 128
 <May05-2026> <12:14:39>  >>>> PTBAS
 <May05-2026> <12:14:40>  combining surface points...
 <May05-2026> <12:14:40>  combining surface points...
 <May05-2026> <12:14:40>  combining surface points...
 <May05-2026> <12:14:40>  >>>> CYCLE
 <May05-2026> <12:14:40>              |Error|         MaxErr       Wt(A-DIIS)
 <May05-2026> <12:14:40>      1      0.09645672      0.02603960
 <May05-2026> <12:14:41>      2      0.17343931      0.03470197    100.0
 <May05-2026> <12:14:41>      3      0.07959225      0.02126251    100.0
 <May05-2026> <12:14:42>      4      0.08163632      0.01373857     12.9
 <May05-2026> <12:14:42>      5      0.03994145      0.00652897      5.6
 <May05-2026> <12:14:43>      6      0.01269337      0.00258782      1.6
 <May05-2026> <12:14:43>      7      0.00356342      0.00059779      0.0
 <May05-2026> <12:14:44>      8      0.00048479      0.00008469      0.0
 <May05-2026> <12:14:45>      9      0.00003192      0.00000530      0.0
 <May05-2026> <12:14:45>     10      0.00002361      0.00000515      0.0
 <May05-2026> <12:14:46>     11      0.00000868      0.00000175      0.0
 <May05-2026> <12:14:46>     12      0.00000173      0.00000038      0.0
 <May05-2026> <12:14:46>  SCF converged
 <May05-2026> <12:14:46>     13      0.00000106      0.00000025      0.0
 <May05-2026> <12:14:47>  >>>> TOTEN
 <May05-2026> <12:14:48>  QTAIM: determining topology...
 <May05-2026> <12:14:48>  >>>> POPAN
 <May05-2026> <12:14:48>  >>>> DEBYE
 <May05-2026> <12:14:48>  >>>> AMETS
 <May05-2026> <12:14:48>  >>>> POPUL
 <May05-2026> <12:14:48>   Bond Energy          -1.72073446 a.u.
 <May05-2026> <12:14:48>   Bond Energy         -46.82356709 eV
 <May05-2026> <12:14:48>   Bond Energy       -1079.78       kcal/mol
 <May05-2026> <12:14:48>  >>>> ENHESS
 <May05-2026> <12:14:49>  === NUCLEUS:     1
 <May05-2026> <12:15:10>  === NUCLEUS:     2
 <May05-2026> <12:15:32>  === NUCLEUS:     3
 <May05-2026> <12:15:53>  === NUCLEUS:     4
 <May05-2026> <12:16:15>  === NUCLEUS:     5
 <May05-2026> <12:16:36>  === NUCLEUS:     6
 <May05-2026> <12:16:57>  === NUCLEUS:     7
 <May05-2026> <12:17:18>  >>>> CALC_HESS_PMAT
 <May05-2026> <12:17:18>  >>>> CALC_HESS_WMAT
 <May05-2026> <12:17:19>  NORMAL TERMINATION
 <May05-2026> <12:17:19>  END
