
 *******************************************************************************
 *                                                                             *
 *  -------------------------------------                                      *
 *   Amsterdam Density Functional  (ADF)         2019                          *
 *  -------------------------------------                                      *
 *                                               r74351 2019-04-25             *
 *                                                                             *
 *                                                                             *
 *                            =====================                            *
 *                            |                   |                            *
 *                            |     D I R A C     |                            *
 *                            |                   |                            *
 *                            =====================                            *
 *                                                                             *
 *                                                                             *
 *   Online information and documentation:  https://www.scm.com/support/       *
 *   E-mail:  support@scm.com   info@scm.com                                   *
 *                                                                             *
 *   Scientific publications using ADF results must be properly referenced     *
 *   See the User Manuals (or the web site) for recommended citations          *
 *   The terms and conditions of the End User License Agreement apply to       *
 *   the use of ADF, https://www.scm.com/license-terms/                        *
 *                                                                             *
 **********************  x86_64_linux_intel / intelmpi  ************************
 

  
 DIRAC 2019  RunTime: Jun25-2026 15:59:09  Nodes: 1  Procs: 1

 Temporary files are created in /scratch/kid_0.1571053148

1
 OXYGEN ATOM 1s CORE RELATIVISTIC, Point Nuc, A and c from li
 N J RN H ZN XION ANUC CLIGHT
 5000    4100.00000000197.36710137  8.00000000  0.00000000   15.994914  0.1370360E+03
  PH   PHI     EPS        DEL        DELRVR
  0.30  0.30     2500.00  0.00001000  0.00001000
 IDIRC  NC1  NDEBU NPRIN  IPUN IRCOR IWCOR
   1   300     0     0     0     0     1
   XALPHA      XLATTER      RNUC
  0.70000000  0.00000000  0.00000000 Point Charge
   XN   XL   XJ      XE          XZ      XDELL
  1.0  0.0  0.5      -5.000       2.000     0.00000
  2.0  0.0  0.5      -1.000       2.000     0.00000
  2.0  1.0  0.5      -1.000       2.000     0.00000
  2.0  1.0  1.5      -1.000       2.000     0.00000
 ICORP=  0  NPCL=  0  DEMP=0.00  PEPS=0.000000
 R(1)=  0.1000000E-08 D=  0.1005080E+01 RNUC=  0.0000000E+00
 converged at cycle   28  DENSITY AVERAGING    0.2400
  MAXIMUM ERROR IN R.V(R) IS   0.81125670E-05
 Q,EY,EV,EZ,ESUM,ETOT,RHO  0.800000E+01 -0.101247E+02 -0.114961E+03 -0.177573E+03 -0.405053E+02 -0.743427E+02  0.414766E-14


 DIRAC CALCULATION
1                    OXYGEN ATOM 1s CORE RELATIVISTIC, Point Nuc, A and c from libtc


 EXCHANGE COEFFICIENT=  0.7000000           TAIL CORRECTION=  0.           NUCLEAR RADIUS=  0.000E+00
0                       ORBITAL    N    L    J     ELECTRONS     EIGENVALUE                DELTA OF EIGENV.

                          1S1/2  1.0  0.0  0.5     2.000       -0.1880014E+02                 0.7264358E-06
                          2S1/2  2.0  0.0  0.5     2.000       -0.8412236E+00                 0.5932752E-05
                          2P1/2  2.0  1.0  0.5     2.000       -0.3063203E+00                 0.5998471E-05
                          2P3/2  2.0  1.0  1.5     2.000       -0.3049609E+00                 0.5986971E-05


                                        NUCLEAR CHARGE=    8.000000
                            INTEGRAL OF CHARGE DENSITY=    8.000000
                           SUM OF THE ORBITAL ENERGIES=    -40.5053
                                          TOTAL ENERGY=    -74.3427
                                        KINETIC ENERGY=     74.4552
                             NUCLEAR ATTRACTION ENERGY=   -177.5730
                             ELECTRON REPULSION ENERGY=     36.3686
                                       EXCHANGE ENERGY=     -7.5935

 *******************************************************************************

                             D I R A C   E X I T
 NORMAL TERMINATION



 =================
 Timing Statistics
 =================
  
 Total Used :                     CPU=        0.13      System=        0.00     Elapsed=        0.15

 Calls  Section                     ( Mean, Percentage )
 ---------------------------------------------------------------------------------------------------
     2  ><      ................      0.00    0.00             0.00    0.00             0.00    0.00
     1  EXIT PROCEDURE .........      0.13  100.00             0.00  100.00             0.15  100.00


 Currently Open Files (EXIT00)
 ====================

 Unit    Access Format  Status   Type       Ident (file)
 -------------------------------------------------------
   3      SEQ    FORM   TRANSP  NORMAL      LOGFILE
                                          ( logfile )
 
Create O   file=TZP-O.1s
XC
  GGA PBE
End
relativistic ZORA
Corepotentials t12.rel
End

 *******************************************************************************
 *                                                                             *
 *  -------------------------------------                                      *
 *   Amsterdam Density Functional  (ADF)         2019                          *
 *  -------------------------------------                                      *
 *                                               r74351 2019-04-25             *
 *                                                                             *
 *                                                                             *
 *                              =================                              *
 *                              |               |                              *
 *                              |     A D F     |                              *
 *                              |               |                              *
 *                              =================                              *
 *                                                                             *
 *                                                                             *
 *   Online information and documentation:  https://www.scm.com/support/       *
 *   E-mail:  support@scm.com   info@scm.com                                   *
 *                                                                             *
 *   Scientific publications using ADF results must be properly referenced     *
 *   See the User Manuals (or the web site) for recommended citations          *
 *   The terms and conditions of the End User License Agreement apply to       *
 *   the use of ADF, https://www.scm.com/license-terms/                        *
 *                                                                             *
 **********************  x86_64_linux_intel / intelmpi  ************************
 

  
 ADF 2019  RunTime: Jun25-2026 15:59:10  Nodes: 1  Procs: 1

 Temporary files are created in /scratch/kid_0.1642695473

 Oxygen (TZP, 1s frozen)



 ===========================
 A T T A C H E D   F I L E S
 ===========================
  
 CREATE - Data File:    TZP-O.1s
                        Oxygen (TZP, 1s frozen)
 Core Potentials:
         file : t12.rel



 ===============================
 M O D E L   P A R A M E T E R S
 ===============================
  
 DENSITY FUNCTIONAL POTENTIAL (scf)
    LDA:                               PW92                                    == Not Default ==
    Gradient Corrections:              PBEc PBEx                               == Not Default ==

 SPIN  (restricted / unrestr.)
    Molecule:                          Restricted                               

 OTHER ASPECTS
    Relativistic Corrections:          scalar (ZORA,MAPA)                      == Not Default ==

    Nuclear Charge Density Model:      Point Charge Nuclei                      
    Core Treatment:                    Frozen Orbital(s)                        

    Hyperfine or Zeeman Interaction:   ---                                      



 =====================================
 S Y M M E T R Y ,   E L E C T R O N S
 =====================================
  
 Symmetry: ATOM

 Irreducible Representations, including subspecies
 -------------------------------------------------
 S
 P:x  P:y  P:z
 D:z2  D:x2-y2  D:xy  D:xz  D:yz
 F:z3  F:z  F:xyz  F:z2x  F:z2y  F:x  F:y


 Configuration of Valence Electrons
 ==================================

          Occupation Numbers
          -------------------------------------------------
 S        2
 P        4
 D        0
 F        0
          -------------------------------------------------

 Total:   6

 Net Charge: 0 (Nuclei minus Electrons)

 Preset values for MO occupations will be applied through SCF cycle no. 1000000
 Thereafter, the program will assign electrons to MOs that are spatially
 similar to the occupied MOs in a "reference" cycle ("KeepOrbitals").
 The reference cycle is always the PREVIOUS cycle: it will evolve with
 the SCF procedure.



 ================================
 (Slater-type)  F U N C T I O N S  ***  (Basis and Fit)  ***
 ================================
  

 Atom Type    1  (O)
 ==============

 Valence Basis Sets:   8
 -----------------------
   1 S    7.360000
   2 S    1.720000
   2 S    2.880000
   2 S    7.580000
   2 P    1.120000
   2 P    2.080000
   2 P    4.080000
   3 D    2.000000

 Frozen Core Shells
 ------------------
    S:  1


 BAS: List of all Elementary Cartesian Basis Functions
 =====================================================

 The numbering in the list below (to the right of the function characteristics) is referred
 to in print-outs of MO eigenvectors and Mulliken populations in the BAS representation
 (as contrasted to the SFO representation).

 Notes:
 1. The functions are characterized by a polynomial prefactor (powers of x,y,z and r) and
    an exponential decay factor alpha.
 2. Since the basis sets are specific for an atom TYPE, the individual functions occur on
    all atoms of that type.
 3. The word 'Core' in the left margin signals that it is a Core Function (CF) : not a
    degree of freedom in the valence set, but only used to ensure orthogonalization of
    the other valence basis functions on the frozen Core Orbitals.


 (power of) X  Y  Z  R     Alpha  on Atom
            ==========     =====     ==========

 O                                    1
                                  ---------------------------------------------------------------------------
    Core    0  0  0  0     7.360      1
            0  0  0  1     1.720      2
            0  0  0  1     2.880      3
            0  0  0  1     7.580      4
            1  0  0  0     1.120      5
            0  1  0  0     1.120      6
            0  0  1  0     1.120      7
            1  0  0  0     2.080      8
            0  1  0  0     2.080      9
            0  0  1  0     2.080     10
            1  0  0  0     4.080     11
            0  1  0  0     4.080     12
            0  0  1  0     4.080     13
            2  0  0  0     2.000     14
            1  1  0  0     2.000     15
            1  0  1  0     2.000     16
            0  2  0  0     2.000     17
            0  1  1  0     2.000     18
            0  0  2  0     2.000     19

 Total number of charge fitting functions (nprimf)        82
 Total number of Cartesian basis functions (naos)         19
 Total number of Cartesian core functions  (ncos)          1



 BAS: List of all Elementary Cartesian Basis Functions
 =====================================================

 The numbering in the list below (to the right of the function characteristics) is referred
 to in print-outs of MO eigenvectors and Mulliken populations in the BAS representation
 (as contrasted to the SFO representation).

 Notes:
 1. The functions are characterized by a polynomial prefactor (powers of x,y,z and r) and
    an exponential decay factor alpha.
 2. Since the basis sets are specific for an atom TYPE, the individual functions occur on
    all atoms of that type.
 3. The word 'Core' in the left margin signals that it is a Core Function (CF) : not a
    degree of freedom in the valence set, but only used to ensure orthogonalization of
    the other valence basis functions on the frozen Core Orbitals.


 (power of) X  Y  Z  R     Alpha  on Atom
            ==========     =====     ==========

 O                                    1
                                  ---------------------------------------------------------------------------
    Core    0  0  0  0     7.360      1
            0  0  0  1     1.720      2
            0  0  0  1     2.880      3
            0  0  0  1     7.580      4
            1  0  0  0     1.120      5
            0  1  0  0     1.120      6
            0  0  1  0     1.120      7
            1  0  0  0     2.080      8
            0  1  0  0     2.080      9
            0  0  1  0     2.080     10
            1  0  0  0     4.080     11
            0  1  0  0     4.080     12
            0  0  1  0     4.080     13
            2  0  0  0     2.000     14
            1  1  0  0     2.000     15
            1  0  1  0     2.000     16
            0  2  0  0     2.000     17
            0  1  1  0     2.000     18
            0  0  2  0     2.000     19
1
 ***************************************************************************************************



                                              ***********************
                                              *  T E C H N I C A L  *
                                              ***********************
  



 =============================================================
 P A R A L L E L I Z A T I O N  and  V E C T O R I Z A T I O N
 =============================================================
  
 Nr of parallel processes:                                1
 Maximum vector length in NumInt loops:                 128



 =====================
 S C F   U P D A T E S
 =====================
  
 Max. nr. of cycles:                               300
 Convergence criterion:                              0.0000000100
   secondary criterion:                              0.0000000100

 Mix parameter (when DIIS does not apply):           0.2000000000
 Special mix parameter for the first cycle:          1.0000000000
 Mixed ADIIS+SDIIS will be used                  
    Max number of expansion vectors:                10
    Pure ADIIS when Max([F,P]) is above              0.1000000000
    Pure SDIIS when Max([F,P]) is below              0.0010000000
 Automatic ElectronSmearing (in case of problematic SCF convergence) disabled



 =================
 P R E C I S I O N  ***  (General: NumInt, NeglectFunctionTails, ...)  ***
 =================
  

 NumInt:           Target precision:                12.0000000000
 -------           Initial precision:               10.0000000000
                   Min. precision (optimization):   10.0000000000

 Neglect Functions:          Basis functions:        0.1000000000E-13
 ------------------          Fit functions:          0.1000000000E-13



 ===========================
 L I N E A R   S C A L I N G
 ===========================
  

 Cut-off radii density fit:                        0.1000000000E-97
 Overlap cut-off criterion AO matrix elements:     0.1000000000E-97
 Cut-offs for Coulomb potential and fitted density:0.1000000000E-97
 Cut-off criterion for Coulomb multipole terms:    0.1000000000E-97
 Progressive Convergence parameter:                 0.000000000    
1
 ***************************************************************************************************



                                            ***************************
                                            *  C O M P U T A T I O N  *
                                            ***************************
  

 Number of elements of the density matrix on this node (used, total):       190       190



 ===========================================
 Numerical Integration : Fuzzy Cells (Becke)
 ===========================================
  
 Becke grid quality: VERYGOOD       
  
 Lebedev angular grid order:             min:  13 max:  41
 Nr. of radial points:                   min:  68 max:  68

 Total nr. of points:         68
 Nr. of blocks:                1
 Block length:                68
 Nr. of dummy points:          0


 Test of Precision of the Numerical Integration Grid
 ===================================================

 Integral of the Total Core Density:                   1.99999999865610
 Relative Error:                                      -6.720E-10



 ========================
 Density Fitting (zlmFit)
 ========================
  
 ZlmFit Fit Quality: VERYGOOD       
  
 Max L-expansion:                        min:   0 max:   0
 Nr. of radial interpolation points:     min: 140 max: 140



 =====
 S C F  ***  ScaSCF  ***
 =====
  

 CYCLE    1
 SCF Error: norm([F,P])=      0.000000000000, max([F,P])=      0.000000000000
 orbitals (Q,E):
 ---------------
 S :1...3            ( 2.00    -5.3654)  ( 0.00    -2.2073)  ( 0.00    23.6692)
 P :1...3            ( 4.00    -5.0045)  ( 0.00    -2.0150)  ( 0.00    -0.3846)
 D :1...1            ( 0.00    -2.0410)

 CYCLE    2
 SCF Error: norm([F,P])=      4.562993374873, max([F,P])=      2.528971113813
 orbitals (Q,E):
 ---------------
 S :1...2            ( 2.00    -0.1548)  ( 0.00     1.6948)
 P :1...2            ( 4.00     0.1773)  ( 0.00     0.9552)
 D :1...1            ( 0.00     1.4649)

 CYCLE    3
  SDIIS (wt  0.000):  0.3378  0.6622
 A-DIIS (wt  1.000):  0.4814  0.5186
  DIIS coefficients:  0.4814  0.5186
 SCF Error: norm([F,P])=      2.723155250500, max([F,P])=      1.798667049295
 orbitals (Q,E):
 ---------------
 S :1...2            ( 2.00    -1.1093)  ( 0.00     0.7549)
 P :1...2            ( 4.00    -0.5518)  ( 0.00     0.2590)
 D :1...1            ( 0.00     0.8910)

 CYCLE    4
  SDIIS (wt  0.000):  0.0919  0.9081
 A-DIIS (wt  1.000):  0.0000  1.0000
  DIIS coefficients:  0.0000  1.0000
 SCF Error: norm([F,P])=      0.289027138405, max([F,P])=      0.130648623511
 orbitals (Q,E):
 ---------------
 S :1...2            ( 2.00    -0.7707)  ( 0.00     0.9912)
 P :1...2            ( 4.00    -0.2284)  ( 0.00     0.4046)
 D :1...1            ( 0.00     1.1288)

 CYCLE    5
  SDIIS (wt  0.000):  0.0260  0.6740  0.3001
 A-DIIS (wt  1.000):  0.0000  0.5764  0.4236
  DIIS coefficients:  0.0000  0.5764  0.4236
 SCF Error: norm([F,P])=      0.416615089426, max([F,P])=      0.232643669786
 orbitals (Q,E):
 ---------------
 S :1...2            ( 2.00    -0.8764)  ( 0.00     0.9107)
 P :1...2            ( 4.00    -0.3280)  ( 0.00     0.3557)
 D :1...1            ( 0.00     1.0703)

 CYCLE    6
  SDIIS (wt  0.942):  0.0005  0.0237 -0.0203  0.9960
 A-DIIS (wt  0.058):  0.0000  0.0000  0.0000  1.0000
  DIIS coefficients:  0.0005  0.0224 -0.0191  0.9962
 SCF Error: norm([F,P])=      0.013723272809, max([F,P])=      0.006719036732
 orbitals (Q,E):
 ---------------
 S :1...2            ( 2.00    -0.8830)  ( 0.00     0.9058)
 P :1...2            ( 4.00    -0.3343)  ( 0.00     0.3521)
 D :1...1            ( 0.00     1.0657)

 CYCLE    7
  SDIIS (wt  1.000): -0.0000  0.0016  0.0023  0.0424  0.9537
  DIIS coefficients: -0.0000  0.0016  0.0023  0.0424  0.9537
 SCF Error: norm([F,P])=      0.001103645928, max([F,P])=      0.000634039171
 orbitals (Q,E):
 ---------------
 S :1...2            ( 2.00    -0.8827)  ( 0.00     0.9060)
 P :1...2            ( 4.00    -0.3340)  ( 0.00     0.3523)
 D :1...1            ( 0.00     1.0659)

 CYCLE    8
  SDIIS (wt  1.000): -0.0000 -0.0001  0.0000 -0.0032  0.0268  0.9765
  DIIS coefficients: -0.0000 -0.0001  0.0000 -0.0032  0.0268  0.9765
 SCF Error: norm([F,P])=      0.000035919805, max([F,P])=      0.000020263970
 orbitals (Q,E):
 ---------------
 S :1...2            ( 2.00    -0.8827)  ( 0.00     0.9060)
 P :1...2            ( 4.00    -0.3340)  ( 0.00     0.3522)
 D :1...1            ( 0.00     1.0659)

 CYCLE    9
  SDIIS (wt  1.000): -0.0000  0.0008  0.0188  0.9804
  DIIS coefficients: -0.0000  0.0008  0.0188  0.9804
 SCF Error: norm([F,P])=      0.000000326384, max([F,P])=      0.000000183924
 orbitals (Q,E):
 ---------------
 S :1...2            ( 2.00    -0.8827)  ( 0.00     0.9060)
 P :1...2            ( 4.00    -0.3340)  ( 0.00     0.3522)
 D :1...1            ( 0.00     1.0659)

 CYCLE   10
  SDIIS (wt  1.000):  0.0000  0.0003  0.9996
  DIIS coefficients:  0.0000  0.0003  0.9996
 SCF Error: norm([F,P])=      0.000000000559, max([F,P])=      0.000000000306
 orbitals (Q,E):
 ---------------
 S :1...2            ( 2.00    -0.8827)  ( 0.00     0.9060)
 P :1...2            ( 4.00    -0.3340)  ( 0.00     0.3522)
 D :1...1            ( 0.00     1.0659)

 SCF CONVERGED

 CYCLE   11
1
 ***************************************************************************************************



                                                *******************
                                                *  R E S U L T S  *
                                                *******************
  
 *** Using FIT density in Focky
  SDIIS (wt  1.000): -0.0000  0.0143  0.9857
  DIIS coefficients: -0.0000  0.0143  0.9857
 SCF Error: norm([F,P])=      0.000000000010, max([F,P])=      0.000000000006

 Scaled ZORA Orbital Energies, per Irrep and Spin:
 =================================================
                        Occup              E (au)              E (eV)       Diff (eV) with prev. cycle
                        -----      --------------------        ------       --------------------------
 S
               1        2.000     -0.88272313143209E+00       -24.020              -9.28E-11
               2        0.000      0.90601345014671E+00        24.654
               3        0.000      0.29578810816937E+02       804.880
 P
               1        4.000     -0.33400585272070E+00        -9.089              -8.94E-11
               2        0.000      0.35224911365993E+00         9.585
               3        0.000      0.38342927625315E+01       104.336
 D
               1        0.000      0.10658965783141E+01        29.005


 Partially Occupied:
               1 P                -0.33400585272070E+00
  
 HOMO :        1 S                -0.88272313143209E+00
 LUMO :        2 P                 0.35224911365993E+00
  


 Orbital Energies, all Irreps
 ========================================

 Irrep        no.  (spin)   Occup              E (au)                E (eV)
 ---------------------------------------------------------------------------
 S             1             2.00       -0.88272313143209E+00       -24.0201
 P             1             4.00       -0.33400585272070E+00        -9.0888
 P             2             0.00        0.35224911365993E+00         9.5852
 S             2             0.00        0.90601345014671E+00        24.6539
 D             1             0.00        0.10658965783141E+01        29.0045
 P             3             0.00        0.38342927625315E+01       104.3364
 S             3             0.00        0.29578810816937E+02       804.8804


 Scaled ZORA Orbital Energies of the Core Orbitals:
 ==================================================

 (Note that the atoms are grouped by atomtype, see the labels, and may hence NOT be in input order)

 AtomType  Orbital  Atom                   E (au)                        E (eV)
 --------  -------  ----           --------------------        ----------------
 O           1S        1          -0.18925919758629E+02                -515.000



 =======================================
 M U L L I K E N   P O P U L A T I O N S
 =======================================
  
 The survey below gives for each atom:
 a) the total charge (Z minus electrons)
 b) the net spin polarization (nr of electrons spin-A minus spin-B)
 c) for each spin the atomic electron valence density (integrated) per L-value.

 Atom              Charge    Spin density          S         P         D         F
 ----              ------    ------------       ------    ------    ------    ------
 1 O              -0.0000                       2.0000    4.0000    0.0000    0.0000

 Populations of individual BAS functions
 ----------------------------------------
 1 O            0.0005  0.9226  1.0966 -0.0196  0.3346  0.3346  0.3346  0.7512  0.7512  0.7512
                0.2476  0.2476  0.2476  0.0000  0.0000  0.0000  0.0000  0.0000  0.0000

 Gross Charges per Atom (Z minus electrons)
 ==========================================
            -0.0000
 Net Total: -0.00000000



 =======================================================================
 Electrostatic potential at the Nuclei due to electrons and other nuclei
 =======================================================================
  
         Atom                  Potential
         ----                  ---------
     1)   O                  22.20265662
 
 
 ========================
 No memory problems found
 ========================
 
 Maximum number of active allocate calls:         389
 
 *******************************************************************************

                             A D F   E X I T
 NORMAL TERMINATION



 =================
 Timing Statistics
 =================
  
 Total Used :                     CPU=        0.46      System=        0.02     Elapsed=        0.57

 Calls  Section                     ( Mean, Percentage )
 ---------------------------------------------------------------------------------------------------
     3  ><      ................      0.00    0.87             0.00    0.00             0.00    1.24
     1  INIT    ................      0.07   15.65             0.00    0.00             0.09   15.81
     1  GEOMET  ................      0.02    4.35             0.00   20.00             0.03    5.61
     1  INPUTA  ................      0.00    0.00             0.00    0.00             0.00    0.68
     1  MAINSY  ................      0.01    2.61             0.00    0.00             0.02    3.27
     1  SYMFIT  ................      0.00    0.87             0.00    0.00             0.00    0.29
     1  CORORT  ................      0.00    0.00             0.00    0.00             0.00    0.42
     1  SYMORB  ................      0.00    0.00             0.00    0.00             0.00    0.16
     1  CLSMAT  ................      0.00    0.87             0.00    0.00             0.01    1.18
     1  ORTHON  ................      0.01    1.74             0.00    0.00             0.01    1.21
     1  GENPT   ................      0.02    3.48             0.00    0.00             0.02    3.17
     1  PTBAS   ................      0.00    0.87             0.00    0.00             0.01    1.10
    11  FOCKY   ................      0.02   59.13             0.00   40.00             0.03   49.06
    11  FOCKTR  ................      0.00    2.61             0.00    0.00             0.00    1.13
    11  SDIIS   ................      0.00    0.87             0.00    0.00             0.00    7.88
     1  COREPS  ................      0.01    2.61             0.01   40.00             0.02    3.44
     1  POPAN   ................      0.00    0.87             0.00    0.00             0.01    1.10
     1  DEBYE   ................      0.00    0.00             0.00    0.00             0.00    0.52
     1  EXIT PROCEDURE .........      0.01    2.61             0.00    0.00             0.02    2.72


 Currently Open Files (EXIT00)
 ====================

 Unit    Access Format  Status   Type       Ident (file)
 -------------------------------------------------------
   3      SEQ    FORM   TRANSP  NORMAL      LOGFILE
                                          ( logfile )

 ***************************************************************************************************
 (LOGFILE)
 <Jun25-2026> <15:59:09>  DIRAC 2019  RunTime: Jun25-2026 15:59:09  Nodes: 1  Procs: 1
 <Jun25-2026> <15:59:10>  NORMAL TERMINATION
 <Jun25-2026> <15:59:10>  END
 <Jun25-2026> <15:59:10>  ADF 2019  RunTime: Jun25-2026 15:59:10  Nodes: 1  Procs: 1
 <Jun25-2026> <15:59:10>  Oxygen (TZP, 1s frozen)
 <Jun25-2026> <15:59:10>  RunType   : CREATE
 <Jun25-2026> <15:59:10>  Net Charge: 0 (Nuclei minus Electrons)
 <Jun25-2026> <15:59:10>  Symmetry  : ATOM
  Coordinates
    Atom         X           Y           Z   (Angstrom)
    1.O         0.000000    0.000000    0.000000
 <Jun25-2026> <15:59:10>  >>>> CORORT
 <Jun25-2026> <15:59:10>  >>>> CLSMAT
 <Jun25-2026> <15:59:10>  >>>> ORTHON
 <Jun25-2026> <15:59:10>  >>>> GENPT
 <Jun25-2026> <15:59:10>  Block Length=  68
 <Jun25-2026> <15:59:10>  >>>> PTBAS
 <Jun25-2026> <15:59:10>  >>>> CYCLE
 <Jun25-2026> <15:59:10>              |Error|         MaxErr       Wt(A-DIIS)
 <Jun25-2026> <15:59:10>      1      0.00000000      0.00000000
 <Jun25-2026> <15:59:10>      2      4.56299337      2.52897111
 <Jun25-2026> <15:59:10>      3      2.72315525      1.79866705    100.0
 <Jun25-2026> <15:59:10>      4      0.28902714      0.13064862    100.0
 <Jun25-2026> <15:59:10>      5      0.41661509      0.23264367    100.0
 <Jun25-2026> <15:59:10>      6      0.01372327      0.00671904      5.8
 <Jun25-2026> <15:59:10>      7      0.00110365      0.00063404      0.0
 <Jun25-2026> <15:59:10>      8      0.00003592      0.00002026      0.0
 <Jun25-2026> <15:59:10>      9      0.00000033      0.00000018      0.0
 <Jun25-2026> <15:59:10>     10      0.00000000      0.00000000      0.0
 <Jun25-2026> <15:59:10>  SCF converged
 <Jun25-2026> <15:59:10>     11      0.00000000      0.00000000      0.0
 <Jun25-2026> <15:59:10>  >>>> POPAN
 <Jun25-2026> <15:59:10>  >>>> DEBYE
 <Jun25-2026> <15:59:10>  NORMAL TERMINATION
 <Jun25-2026> <15:59:10>  END

 *******************************************************************************
 *                                                                             *
 *  -------------------------------------                                      *
 *   Amsterdam Density Functional  (ADF)         2019                          *
 *  -------------------------------------                                      *
 *                                               r74351 2019-04-25             *
 *                                                                             *
 *                                                                             *
 *                            =====================                            *
 *                            |                   |                            *
 *                            |     D I R A C     |                            *
 *                            |                   |                            *
 *                            =====================                            *
 *                                                                             *
 *                                                                             *
 *   Online information and documentation:  https://www.scm.com/support/       *
 *   E-mail:  support@scm.com   info@scm.com                                   *
 *                                                                             *
 *   Scientific publications using ADF results must be properly referenced     *
 *   See the User Manuals (or the web site) for recommended citations          *
 *   The terms and conditions of the End User License Agreement apply to       *
 *   the use of ADF, https://www.scm.com/license-terms/                        *
 *                                                                             *
 **********************  x86_64_linux_intel / intelmpi  ************************
 

  
 DIRAC 2019  RunTime: Jun25-2026 15:59:10  Nodes: 1  Procs: 1

 Temporary files are created in /scratch/kid_0.128094675

1
 CARBON ATOM 1s CORE RELATIVISTIC, Point Nuc, A and c from li
 N J RN H ZN XION ANUC CLIGHT
 5000    4100.00000000197.36710137  6.00000000  0.00000000   12.000000  0.1370360E+03
  PH   PHI     EPS        DEL        DELRVR
  0.30  0.30     2500.00  0.00001000  0.00001000
 IDIRC  NC1  NDEBU NPRIN  IPUN IRCOR IWCOR
   1   300     0     0     0     0     1
   XALPHA      XLATTER      RNUC
  0.70000000  0.00000000  0.00000000 Point Charge
   XN   XL   XJ      XE          XZ      XDELL
  1.0  0.0  0.5      -5.000       2.000     0.00000
  2.0  0.0  0.5      -1.000       2.000     0.00000
  2.0  1.0  0.5      -1.000       2.000     0.00000
  2.0  1.0  1.5      -1.000       0.000     0.00000
 ICORP=  0  NPCL=  0  DEMP=0.00  PEPS=0.000000
 R(1)=  0.1000000E-08 D=  0.1005080E+01 RNUC=  0.0000000E+00
 converged at cycle   26  DENSITY AVERAGING    0.3000
  MAXIMUM ERROR IN R.V(R) IS   0.55010513E-05
 Q,EY,EV,EZ,ESUM,ETOT,RHO  0.600000E+01 -0.610129E+01 -0.585189E+02 -0.876464E+02 -0.211985E+02 -0.372876E+02  0.164808E-14


 DIRAC CALCULATION
1                    CARBON ATOM 1s CORE RELATIVISTIC, Point Nuc, A and c from libtc


 EXCHANGE COEFFICIENT=  0.7000000           TAIL CORRECTION=  0.           NUCLEAR RADIUS=  0.000E+00
0                       ORBITAL    N    L    J     ELECTRONS     EIGENVALUE                DELTA OF EIGENV.

                          1S1/2  1.0  0.0  0.5     2.000       -0.9959611E+01                 0.1355092E-04
                          2S1/2  2.0  0.0  0.5     2.000       -0.4708542E+00                 0.1106918E-05
                          2P1/2  2.0  1.0  0.5     2.000       -0.1687896E+00                 0.8770186E-06
                          2P3/2  2.0  1.0  1.5     0.000       -0.1684646E+00                 0.8770830E-06


                                        NUCLEAR CHARGE=    6.000000
                            INTEGRAL OF CHARGE DENSITY=    6.000000
                           SUM OF THE ORBITAL ENERGIES=    -21.1985
                                          TOTAL ENERGY=    -37.2876
                                        KINETIC ENERGY=     37.3204
                             NUCLEAR ATTRACTION ENERGY=    -87.6464
                             ELECTRON REPULSION ENERGY=     17.6144
                                       EXCHANGE ENERGY=     -4.5760

 *******************************************************************************

                             D I R A C   E X I T
 NORMAL TERMINATION



 =================
 Timing Statistics
 =================
  
 Total Used :                     CPU=        0.12      System=        0.01     Elapsed=        0.14

 Calls  Section                     ( Mean, Percentage )
 ---------------------------------------------------------------------------------------------------
     2  ><      ................      0.00    0.00             0.00    0.00             0.00    0.00
     1  EXIT PROCEDURE .........      0.12  100.00             0.01  100.00             0.14  100.00


 Currently Open Files (EXIT00)
 ====================

 Unit    Access Format  Status   Type       Ident (file)
 -------------------------------------------------------
   3      SEQ    FORM   TRANSP  NORMAL      LOGFILE
                                          ( logfile )
 
Create C   file=TZP-C.1s
XC
  GGA PBE
End
relativistic ZORA
Corepotentials t12.rel
End

 *******************************************************************************
 *                                                                             *
 *  -------------------------------------                                      *
 *   Amsterdam Density Functional  (ADF)         2019                          *
 *  -------------------------------------                                      *
 *                                               r74351 2019-04-25             *
 *                                                                             *
 *                                                                             *
 *                              =================                              *
 *                              |               |                              *
 *                              |     A D F     |                              *
 *                              |               |                              *
 *                              =================                              *
 *                                                                             *
 *                                                                             *
 *   Online information and documentation:  https://www.scm.com/support/       *
 *   E-mail:  support@scm.com   info@scm.com                                   *
 *                                                                             *
 *   Scientific publications using ADF results must be properly referenced     *
 *   See the User Manuals (or the web site) for recommended citations          *
 *   The terms and conditions of the End User License Agreement apply to       *
 *   the use of ADF, https://www.scm.com/license-terms/                        *
 *                                                                             *
 **********************  x86_64_linux_intel / intelmpi  ************************
 

  
 ADF 2019  RunTime: Jun25-2026 15:59:11  Nodes: 1  Procs: 1

 Temporary files are created in /scratch/kid_0.1520641921

 Carbon (TZP, 1s frozen)



 ===========================
 A T T A C H E D   F I L E S
 ===========================
  
 CREATE - Data File:    TZP-C.1s
                        Carbon (TZP, 1s frozen)
 Core Potentials:
         file : t12.rel



 ===============================
 M O D E L   P A R A M E T E R S
 ===============================
  
 DENSITY FUNCTIONAL POTENTIAL (scf)
    LDA:                               PW92                                    == Not Default ==
    Gradient Corrections:              PBEc PBEx                               == Not Default ==

 SPIN  (restricted / unrestr.)
    Molecule:                          Restricted                               

 OTHER ASPECTS
    Relativistic Corrections:          scalar (ZORA,MAPA)                      == Not Default ==

    Nuclear Charge Density Model:      Point Charge Nuclei                      
    Core Treatment:                    Frozen Orbital(s)                        

    Hyperfine or Zeeman Interaction:   ---                                      



 =====================================
 S Y M M E T R Y ,   E L E C T R O N S
 =====================================
  
 Symmetry: ATOM

 Irreducible Representations, including subspecies
 -------------------------------------------------
 S
 P:x  P:y  P:z
 D:z2  D:x2-y2  D:xy  D:xz  D:yz
 F:z3  F:z  F:xyz  F:z2x  F:z2y  F:x  F:y


 Configuration of Valence Electrons
 ==================================

          Occupation Numbers
          -------------------------------------------------
 S        2
 P        2
 D        0
 F        0
          -------------------------------------------------

 Total:   4

 Net Charge: 0 (Nuclei minus Electrons)

 Preset values for MO occupations will be applied through SCF cycle no. 1000000
 Thereafter, the program will assign electrons to MOs that are spatially
 similar to the occupied MOs in a "reference" cycle ("KeepOrbitals").
 The reference cycle is always the PREVIOUS cycle: it will evolve with
 the SCF procedure.



 ================================
 (Slater-type)  F U N C T I O N S  ***  (Basis and Fit)  ***
 ================================
  

 Atom Type    1  (C)
 ==============

 Valence Basis Sets:   8
 -----------------------
   1 S    5.400000
   2 S    1.280000
   2 S    2.100000
   2 S    4.600000
   2 P    0.820000
   2 P    1.480000
   2 P    2.940000
   3 D    2.200000

 Frozen Core Shells
 ------------------
    S:  1


 BAS: List of all Elementary Cartesian Basis Functions
 =====================================================

 The numbering in the list below (to the right of the function characteristics) is referred
 to in print-outs of MO eigenvectors and Mulliken populations in the BAS representation
 (as contrasted to the SFO representation).

 Notes:
 1. The functions are characterized by a polynomial prefactor (powers of x,y,z and r) and
    an exponential decay factor alpha.
 2. Since the basis sets are specific for an atom TYPE, the individual functions occur on
    all atoms of that type.
 3. The word 'Core' in the left margin signals that it is a Core Function (CF) : not a
    degree of freedom in the valence set, but only used to ensure orthogonalization of
    the other valence basis functions on the frozen Core Orbitals.


 (power of) X  Y  Z  R     Alpha  on Atom
            ==========     =====     ==========

 C                                    1
                                  ---------------------------------------------------------------------------
    Core    0  0  0  0     5.400      1
            0  0  0  1     1.280      2
            0  0  0  1     2.100      3
            0  0  0  1     4.600      4
            1  0  0  0     0.820      5
            0  1  0  0     0.820      6
            0  0  1  0     0.820      7
            1  0  0  0     1.480      8
            0  1  0  0     1.480      9
            0  0  1  0     1.480     10
            1  0  0  0     2.940     11
            0  1  0  0     2.940     12
            0  0  1  0     2.940     13
            2  0  0  0     2.200     14
            1  1  0  0     2.200     15
            1  0  1  0     2.200     16
            0  2  0  0     2.200     17
            0  1  1  0     2.200     18
            0  0  2  0     2.200     19

 Total number of charge fitting functions (nprimf)        82
 Total number of Cartesian basis functions (naos)         19
 Total number of Cartesian core functions  (ncos)          1



 BAS: List of all Elementary Cartesian Basis Functions
 =====================================================

 The numbering in the list below (to the right of the function characteristics) is referred
 to in print-outs of MO eigenvectors and Mulliken populations in the BAS representation
 (as contrasted to the SFO representation).

 Notes:
 1. The functions are characterized by a polynomial prefactor (powers of x,y,z and r) and
    an exponential decay factor alpha.
 2. Since the basis sets are specific for an atom TYPE, the individual functions occur on
    all atoms of that type.
 3. The word 'Core' in the left margin signals that it is a Core Function (CF) : not a
    degree of freedom in the valence set, but only used to ensure orthogonalization of
    the other valence basis functions on the frozen Core Orbitals.


 (power of) X  Y  Z  R     Alpha  on Atom
            ==========     =====     ==========

 C                                    1
                                  ---------------------------------------------------------------------------
    Core    0  0  0  0     5.400      1
            0  0  0  1     1.280      2
            0  0  0  1     2.100      3
            0  0  0  1     4.600      4
            1  0  0  0     0.820      5
            0  1  0  0     0.820      6
            0  0  1  0     0.820      7
            1  0  0  0     1.480      8
            0  1  0  0     1.480      9
            0  0  1  0     1.480     10
            1  0  0  0     2.940     11
            0  1  0  0     2.940     12
            0  0  1  0     2.940     13
            2  0  0  0     2.200     14
            1  1  0  0     2.200     15
            1  0  1  0     2.200     16
            0  2  0  0     2.200     17
            0  1  1  0     2.200     18
            0  0  2  0     2.200     19
1
 ***************************************************************************************************



                                              ***********************
                                              *  T E C H N I C A L  *
                                              ***********************
  



 =============================================================
 P A R A L L E L I Z A T I O N  and  V E C T O R I Z A T I O N
 =============================================================
  
 Nr of parallel processes:                                1
 Maximum vector length in NumInt loops:                 128



 =====================
 S C F   U P D A T E S
 =====================
  
 Max. nr. of cycles:                               300
 Convergence criterion:                              0.0000000100
   secondary criterion:                              0.0000000100

 Mix parameter (when DIIS does not apply):           0.2000000000
 Special mix parameter for the first cycle:          1.0000000000
 Mixed ADIIS+SDIIS will be used                  
    Max number of expansion vectors:                10
    Pure ADIIS when Max([F,P]) is above              0.1000000000
    Pure SDIIS when Max([F,P]) is below              0.0010000000
 Automatic ElectronSmearing (in case of problematic SCF convergence) disabled



 =================
 P R E C I S I O N  ***  (General: NumInt, NeglectFunctionTails, ...)  ***
 =================
  

 NumInt:           Target precision:                12.0000000000
 -------           Initial precision:               10.0000000000
                   Min. precision (optimization):   10.0000000000

 Neglect Functions:          Basis functions:        0.1000000000E-13
 ------------------          Fit functions:          0.1000000000E-13



 ===========================
 L I N E A R   S C A L I N G
 ===========================
  

 Cut-off radii density fit:                        0.1000000000E-97
 Overlap cut-off criterion AO matrix elements:     0.1000000000E-97
 Cut-offs for Coulomb potential and fitted density:0.1000000000E-97
 Cut-off criterion for Coulomb multipole terms:    0.1000000000E-97
 Progressive Convergence parameter:                 0.000000000    
1
 ***************************************************************************************************



                                            ***************************
                                            *  C O M P U T A T I O N  *
                                            ***************************
  

 Number of elements of the density matrix on this node (used, total):       190       190



 ===========================================
 Numerical Integration : Fuzzy Cells (Becke)
 ===========================================
  
 Becke grid quality: VERYGOOD       
  
 Lebedev angular grid order:             min:  13 max:  41
 Nr. of radial points:                   min:  68 max:  68

 Total nr. of points:         68
 Nr. of blocks:                1
 Block length:                68
 Nr. of dummy points:          0


 Test of Precision of the Numerical Integration Grid
 ===================================================

 Integral of the Total Core Density:                   1.99999999948618
 Relative Error:                                      -2.569E-10



 ========================
 Density Fitting (zlmFit)
 ========================
  
 ZlmFit Fit Quality: VERYGOOD       
  
 Max L-expansion:                        min:   0 max:   0
 Nr. of radial interpolation points:     min: 160 max: 160



 =====
 S C F  ***  ScaSCF  ***
 =====
  

 CYCLE    1
 SCF Error: norm([F,P])=      0.000000000000, max([F,P])=      0.000000000000
 orbitals (Q,E):
 ---------------
 S :1...3            ( 2.00    -2.5692)  ( 0.00    -1.0174)  ( 0.00     7.2796)
 P :1...3            ( 2.00    -2.3217)  ( 0.00    -0.9250)  ( 0.00    -0.0030)
 D :1...1            ( 0.00    -0.6267)

 CYCLE    2
 SCF Error: norm([F,P])=      1.588478938480, max([F,P])=      1.244029110425
 orbitals (Q,E):
 ---------------
 S :1...2            ( 2.00    -0.1717)  ( 0.00     0.7480)
 P :1...2            ( 2.00     0.0580)  ( 0.00     0.4159)
 D :1...1            ( 0.00     1.5815)

 CYCLE    3
  SDIIS (wt  0.000):  0.3212  0.6788
 A-DIIS (wt  1.000):  0.3201  0.6799
  DIIS coefficients:  0.3201  0.6799
 SCF Error: norm([F,P])=      0.834143580101, max([F,P])=      0.696118777907
 orbitals (Q,E):
 ---------------
 S :1...2            ( 2.00    -0.6552)  ( 0.00     0.3318)
 P :1...2            ( 2.00    -0.3394)  ( 0.00     0.1129)
 D :1...1            ( 0.00     1.0908)

 CYCLE    4
  SDIIS (wt  0.000):  0.1985  0.8015
 A-DIIS (wt  1.000):  0.0000  1.0000
  DIIS coefficients:  0.0000  1.0000
 SCF Error: norm([F,P])=      0.213115250296, max([F,P])=      0.170905412903
 orbitals (Q,E):
 ---------------
 S :1...2            ( 2.00    -0.4256)  ( 0.00     0.4966)
 P :1...2            ( 2.00    -0.1220)  ( 0.00     0.2120)
 D :1...1            ( 0.00     1.3131)

 CYCLE    5
  SDIIS (wt  0.000): -0.0400  0.4035  0.6365
 A-DIIS (wt  1.000):  0.0000  0.4244  0.5756
  DIIS coefficients:  0.0000  0.4244  0.5756
 SCF Error: norm([F,P])=      0.185738551632, max([F,P])=      0.150425417734
 orbitals (Q,E):
 ---------------
 S :1...2            ( 2.00    -0.5162)  ( 0.00     0.4283)
 P :1...2            ( 2.00    -0.2042)  ( 0.00     0.1676)
 D :1...1            ( 0.00     1.2257)

 CYCLE    6
  SDIIS (wt  0.876): -0.0007 -0.0265  0.0590  0.9682
 A-DIIS (wt  0.124):  0.0000  0.0000  0.0000  1.0000
  DIIS coefficients: -0.0006 -0.0232  0.0517  0.9721
 SCF Error: norm([F,P])=      0.016549667449, max([F,P])=      0.013290651781
 orbitals (Q,E):
 ---------------
 S :1...2            ( 2.00    -0.5062)  ( 0.00     0.4356)
 P :1...2            ( 2.00    -0.1948)  ( 0.00     0.1715)
 D :1...1            ( 0.00     1.2353)

 CYCLE    7
  SDIIS (wt  0.994):  0.0004  0.0088 -0.0191 -0.1687  1.1786
 A-DIIS (wt  0.006):  0.0000  0.0000  0.0000  0.0000  1.0000
  DIIS coefficients:  0.0004  0.0087 -0.0190 -0.1677  1.1776
 SCF Error: norm([F,P])=      0.001924919612, max([F,P])=      0.001565340288
 orbitals (Q,E):
 ---------------
 S :1...2            ( 2.00    -0.5072)  ( 0.00     0.4350)
 P :1...2            ( 2.00    -0.1957)  ( 0.00     0.1711)
 D :1...1            ( 0.00     1.2344)

 CYCLE    8
  SDIIS (wt  1.000):  0.0002 -0.0002 -0.0045  0.0065  0.9979
  DIIS coefficients:  0.0002 -0.0002 -0.0045  0.0065  0.9979
 SCF Error: norm([F,P])=      0.000017258491, max([F,P])=      0.000013855241
 orbitals (Q,E):
 ---------------
 S :1...2            ( 2.00    -0.5072)  ( 0.00     0.4350)
 P :1...2            ( 2.00    -0.1957)  ( 0.00     0.1711)
 D :1...1            ( 0.00     1.2345)

 CYCLE    9
  SDIIS (wt  1.000): -0.0000 -0.0005 -0.0188  1.0193
  DIIS coefficients: -0.0000 -0.0005 -0.0188  1.0193
 SCF Error: norm([F,P])=      0.000000350405, max([F,P])=      0.000000287911
 orbitals (Q,E):
 ---------------
 S :1...2            ( 2.00    -0.5072)  ( 0.00     0.4350)
 P :1...2            ( 2.00    -0.1957)  ( 0.00     0.1711)
 D :1...1            ( 0.00     1.2345)

 CYCLE   10
  SDIIS (wt  1.000): -0.0000  0.0023  0.9977
  DIIS coefficients: -0.0000  0.0023  0.9977
 SCF Error: norm([F,P])=      0.000000001069, max([F,P])=      0.000000000870
 orbitals (Q,E):
 ---------------
 S :1...2            ( 2.00    -0.5072)  ( 0.00     0.4350)
 P :1...2            ( 2.00    -0.1957)  ( 0.00     0.1711)
 D :1...1            ( 0.00     1.2345)

 SCF CONVERGED

 CYCLE   11
1
 ***************************************************************************************************



                                                *******************
                                                *  R E S U L T S  *
                                                *******************
  
 *** Using FIT density in Focky
  SDIIS (wt  1.000): -0.0000  0.0021  0.9979
  DIIS coefficients: -0.0000  0.0021  0.9979
 SCF Error: norm([F,P])=      0.000000000003, max([F,P])=      0.000000000003

 Scaled ZORA Orbital Energies, per Irrep and Spin:
 =================================================
                        Occup              E (au)              E (eV)       Diff (eV) with prev. cycle
                        -----      --------------------        ------       --------------------------
 S
               1        2.000     -0.50715812387464E+00       -13.800              -4.04E-11
               2        0.000      0.43497822276341E+00        11.836
               3        0.000      0.99351019367106E+01       270.348
 P
               1        2.000     -0.19567303610230E+00        -5.325              -3.87E-11
               2        0.000      0.17109689237969E+00         4.656
               3        0.000      0.20250035506127E+01        55.103
 D
               1        0.000      0.12344584933747E+01        33.591


 Partially Occupied:
               1 P                -0.19567303610230E+00
  
 HOMO :        1 S                -0.50715812387464E+00
 LUMO :        2 P                 0.17109689237969E+00
  


 Orbital Energies, all Irreps
 ========================================

 Irrep        no.  (spin)   Occup              E (au)                E (eV)
 ---------------------------------------------------------------------------
 S             1             2.00       -0.50715812387464E+00       -13.8005
 P             1             2.00       -0.19567303610230E+00        -5.3245
 P             2             0.00        0.17109689237969E+00         4.6558
 S             2             0.00        0.43497822276341E+00        11.8364
 D             1             0.00        0.12344584933747E+01        33.5913
 P             3             0.00        0.20250035506127E+01        55.1032
 S             3             0.00        0.99351019367106E+01       270.3479


 Scaled ZORA Orbital Energies of the Core Orbitals:
 ==================================================

 (Note that the atoms are grouped by atomtype, see the labels, and may hence NOT be in input order)

 AtomType  Orbital  Atom                   E (au)                        E (eV)
 --------  -------  ----           --------------------        ----------------
 C           1S        1          -0.10058483878267E+02                -273.705



 =======================================
 M U L L I K E N   P O P U L A T I O N S
 =======================================
  
 The survey below gives for each atom:
 a) the total charge (Z minus electrons)
 b) the net spin polarization (nr of electrons spin-A minus spin-B)
 c) for each spin the atomic electron valence density (integrated) per L-value.

 Atom              Charge    Spin density          S         P         D         F
 ----              ------    ------------       ------    ------    ------    ------
 1 C               0.0000                       2.0000    2.0000    0.0000    0.0000

 Populations of individual BAS functions
 ----------------------------------------
 1 C            0.0007  0.9631  1.0755 -0.0394  0.1731  0.1731  0.1731  0.3899  0.3899  0.3899
                0.1037  0.1037  0.1037  0.0000  0.0000  0.0000  0.0000  0.0000  0.0000

 Gross Charges per Atom (Z minus electrons)
 ==========================================
             0.0000
 Net Total:  0.00000000



 =======================================================================
 Electrostatic potential at the Nuclei due to electrons and other nuclei
 =======================================================================
  
         Atom                  Potential
         ----                  ---------
     1)   C                  14.62070592
 
 
 ========================
 No memory problems found
 ========================
 
 Maximum number of active allocate calls:         389
 
 *******************************************************************************

                             A D F   E X I T
 NORMAL TERMINATION



 =================
 Timing Statistics
 =================
  
 Total Used :                     CPU=        0.49      System=        0.02     Elapsed=        0.60

 Calls  Section                     ( Mean, Percentage )
 ---------------------------------------------------------------------------------------------------
     3  ><      ................      0.00    0.81             0.00    0.00             0.00    1.02
     1  INIT    ................      0.07   13.82             0.00   25.00             0.09   14.90
     1  GEOMET  ................      0.02    3.25             0.00   25.00             0.03    5.09
     1  INPUTA  ................      0.00    0.81             0.00    0.00             0.00    0.65
     1  MAINSY  ................      0.01    2.44             0.00    0.00             0.02    3.07
     1  SYMFIT  ................      0.00    0.00             0.00    0.00             0.00    0.29
     1  CORORT  ................      0.00    0.00             0.00   25.00             0.00    0.40
     1  SYMORB  ................      0.00    0.00             0.00    0.00             0.00    0.15
     1  CLSMAT  ................      0.00    0.81             0.00    0.00             0.01    1.17
     1  ORTHON  ................      0.00    0.81             0.00    0.00             0.01    1.10
     1  GENPT   ................      0.02    3.25             0.00    0.00             0.02    3.02
     1  PTBAS   ................      0.00    0.81             0.00    0.00             0.01    1.05
    11  FOCKY   ................      0.03   56.91             0.00   25.00             0.03   51.12
    11  FOCKTR  ................      0.00    3.25             0.00    0.00             0.00    1.08
    11  SDIIS   ................      0.00    4.88             0.00    0.00             0.00    8.06
     1  COREPS  ................      0.02    4.06             0.00    0.00             0.02    3.56
     1  POPAN   ................      0.00    0.81             0.00    0.00             0.01    1.11
     1  DEBYE   ................      0.00    0.81             0.00    0.00             0.00    0.51
     1  EXIT PROCEDURE .........      0.01    2.44             0.00    0.00             0.02    2.67


 Currently Open Files (EXIT00)
 ====================

 Unit    Access Format  Status   Type       Ident (file)
 -------------------------------------------------------
   3      SEQ    FORM   TRANSP  NORMAL      LOGFILE
                                          ( logfile )

 ***************************************************************************************************
 (LOGFILE)
 <Jun25-2026> <15:59:09>  DIRAC 2019  RunTime: Jun25-2026 15:59:09  Nodes: 1  Procs: 1
 <Jun25-2026> <15:59:10>  NORMAL TERMINATION
 <Jun25-2026> <15:59:10>  END
 <Jun25-2026> <15:59:10>  ADF 2019  RunTime: Jun25-2026 15:59:10  Nodes: 1  Procs: 1
 <Jun25-2026> <15:59:10>  Oxygen (TZP, 1s frozen)
 <Jun25-2026> <15:59:10>  RunType   : CREATE
 <Jun25-2026> <15:59:10>  Net Charge: 0 (Nuclei minus Electrons)
 <Jun25-2026> <15:59:10>  Symmetry  : ATOM
  Coordinates
    Atom         X           Y           Z   (Angstrom)
    1.O         0.000000    0.000000    0.000000
 <Jun25-2026> <15:59:10>  >>>> CORORT
 <Jun25-2026> <15:59:10>  >>>> CLSMAT
 <Jun25-2026> <15:59:10>  >>>> ORTHON
 <Jun25-2026> <15:59:10>  >>>> GENPT
 <Jun25-2026> <15:59:10>  Block Length=  68
 <Jun25-2026> <15:59:10>  >>>> PTBAS
 <Jun25-2026> <15:59:10>  >>>> CYCLE
 <Jun25-2026> <15:59:10>              |Error|         MaxErr       Wt(A-DIIS)
 <Jun25-2026> <15:59:10>      1      0.00000000      0.00000000
 <Jun25-2026> <15:59:10>      2      4.56299337      2.52897111
 <Jun25-2026> <15:59:10>      3      2.72315525      1.79866705    100.0
 <Jun25-2026> <15:59:10>      4      0.28902714      0.13064862    100.0
 <Jun25-2026> <15:59:10>      5      0.41661509      0.23264367    100.0
 <Jun25-2026> <15:59:10>      6      0.01372327      0.00671904      5.8
 <Jun25-2026> <15:59:10>      7      0.00110365      0.00063404      0.0
 <Jun25-2026> <15:59:10>      8      0.00003592      0.00002026      0.0
 <Jun25-2026> <15:59:10>      9      0.00000033      0.00000018      0.0
 <Jun25-2026> <15:59:10>     10      0.00000000      0.00000000      0.0
 <Jun25-2026> <15:59:10>  SCF converged
 <Jun25-2026> <15:59:10>     11      0.00000000      0.00000000      0.0
 <Jun25-2026> <15:59:10>  >>>> POPAN
 <Jun25-2026> <15:59:10>  >>>> DEBYE
 <Jun25-2026> <15:59:10>  NORMAL TERMINATION
 <Jun25-2026> <15:59:10>  END
 <Jun25-2026> <15:59:10>  DIRAC 2019  RunTime: Jun25-2026 15:59:10  Nodes: 1  Procs: 1
 <Jun25-2026> <15:59:10>  NORMAL TERMINATION
 <Jun25-2026> <15:59:10>  END
 <Jun25-2026> <15:59:11>  ADF 2019  RunTime: Jun25-2026 15:59:11  Nodes: 1  Procs: 1
 <Jun25-2026> <15:59:11>  Carbon (TZP, 1s frozen)
 <Jun25-2026> <15:59:11>  RunType   : CREATE
 <Jun25-2026> <15:59:11>  Net Charge: 0 (Nuclei minus Electrons)
 <Jun25-2026> <15:59:11>  Symmetry  : ATOM
  Coordinates
    Atom         X           Y           Z   (Angstrom)
    1.C         0.000000    0.000000    0.000000
 <Jun25-2026> <15:59:11>  >>>> CORORT
 <Jun25-2026> <15:59:11>  >>>> CLSMAT
 <Jun25-2026> <15:59:11>  >>>> ORTHON
 <Jun25-2026> <15:59:11>  >>>> GENPT
 <Jun25-2026> <15:59:11>  Block Length=  68
 <Jun25-2026> <15:59:11>  >>>> PTBAS
 <Jun25-2026> <15:59:11>  >>>> CYCLE
 <Jun25-2026> <15:59:11>              |Error|         MaxErr       Wt(A-DIIS)
 <Jun25-2026> <15:59:11>      1      0.00000000      0.00000000
 <Jun25-2026> <15:59:11>      2      1.58847894      1.24402911
 <Jun25-2026> <15:59:11>      3      0.83414358      0.69611878    100.0
 <Jun25-2026> <15:59:11>      4      0.21311525      0.17090541    100.0
 <Jun25-2026> <15:59:11>      5      0.18573855      0.15042542    100.0
 <Jun25-2026> <15:59:11>      6      0.01654967      0.01329065     12.4
 <Jun25-2026> <15:59:11>      7      0.00192492      0.00156534      0.6
 <Jun25-2026> <15:59:11>      8      0.00001726      0.00001386      0.0
 <Jun25-2026> <15:59:11>      9      0.00000035      0.00000029      0.0
 <Jun25-2026> <15:59:11>     10      0.00000000      0.00000000      0.0
 <Jun25-2026> <15:59:11>  SCF converged
 <Jun25-2026> <15:59:11>     11      0.00000000      0.00000000      0.0
 <Jun25-2026> <15:59:11>  >>>> POPAN
 <Jun25-2026> <15:59:11>  >>>> DEBYE
 <Jun25-2026> <15:59:11>  NORMAL TERMINATION
 <Jun25-2026> <15:59:11>  END


 Parallel Execution: Process Information
 ==============================================================================
 Rank   Node Name                              NodeID   MyNodeRank  NodeMaster
    0   kimik2199                                 0          0          0
    1   kimik2199                                 0          1         -1
    2   kimik2199                                 0          2         -1
    3   kimik2199                                 0          3         -1
    4   kimik2199                                 0          4         -1
    5   kimik2199                                 0          5         -1
    6   kimik2199                                 0          6         -1
    7   kimik2199                                 0          7         -1
    8   kimik2199                                 0          8         -1
    9   kimik2199                                 0          9         -1
   10   kimik2199                                 0         10         -1
   11   kimik2199                                 0         11         -1
   12   kimik2199                                 0         12         -1
   13   kimik2199                                 0         13         -1
   14   kimik2199                                 0         14         -1
   15   kimik2199                                 0         15         -1
   16   kimik2199                                 0         16         -1
   17   kimik2199                                 0         17         -1
   18   kimik2199                                 0         18         -1
   19   kimik2199                                 0         19         -1
   20   kimik2199                                 0         20         -1
   21   kimik2199                                 0         21         -1
   22   kimik2199                                 0         22         -1
   23   kimik2199                                 0         23         -1
 ==============================================================================


May use up to 61492MB of RAM as shared memory on node 0
 
AnalyticalFreq
end

NumericalQuality Good

QTAIM
    Enabled Yes
End

Relativistic Scalar ZORA

SOLVATION
  Surf Delley
  Solv name=Water cav0=0.0 cav1=0.0067639
  Charged method=CONJ
  C-Mat POT
  SCF VAR ALL
  CSMRSP
  Radii
    H=1.30
    O=1.72
    Mo=1.992
    Ta=2.025
    W=1.992
    V=1.908
    Nb=2.025
  P=2.13
    I=2.32
    Si=2.480
    As=1.967
    C=2.00
    Na=2.250
U=2.100
    SubEnd
end

ScanFreq -1000 0

XC
  GGA PBE
end

atoms
      1         C     -0.138792     -0.240394      0.000000
      2         O     -0.820593      0.891863     -0.041085
      3         O     -0.794859     -1.376736     -0.000000
      4         O      1.182672     -0.264723      0.041085
end

charge -2

geometry
end

Fragments
O t21.O
C t21.C
End

 *******************************************************************************
 *                                                                             *
 *  -------------------------------------                                      *
 *   Amsterdam Density Functional  (ADF)         2019                          *
 *  -------------------------------------                                      *
 *                                               r74351 2019-04-25             *
 *                                                                             *
 *                                                                             *
 *                              =================                              *
 *                              |               |                              *
 *                              |     A D F     |                              *
 *                              |               |                              *
 *                              =================                              *
 *                                                                             *
 *                                                                             *
 *   Online information and documentation:  https://www.scm.com/support/       *
 *   E-mail:  support@scm.com   info@scm.com                                   *
 *                                                                             *
 *   Scientific publications using ADF results must be properly referenced     *
 *   See the User Manuals (or the web site) for recommended citations          *
 *   The terms and conditions of the End User License Agreement apply to       *
 *   the use of ADF, https://www.scm.com/license-terms/                        *
 *                                                                             *
 **********************  x86_64_linux_intel / intelmpi  ************************
 

  
 ADF 2019  RunTime: Jun25-2026 15:59:12  Nodes: 1  Procs: 24

 Temporary files are created in /scratch/kid_0.2015754356


Communication costs MPI_COMM_WORLD:      3.128 usec per message,   0.0127 usec per 8-byte item
Communication costs for intra-node:      3.088 usec per message,   0.0126 usec per 8-byte item

 *** (NO TITLE) ***



 ===========================
 A T T A C H E D   F I L E S
 ===========================
  



 ===============================
 M O D E L   P A R A M E T E R S
 ===============================
  
 DENSITY FUNCTIONAL POTENTIAL (scf)
    LDA:                               PW92                                    == Not Default ==
    Gradient Corrections:              PBEc PBEx                               == Not Default ==

 SPIN  (restricted / unrestr.)
    Molecule:                          Restricted                               
    Fragments:                         Restricted                               

 OTHER ASPECTS
    Relativistic Corrections:          scalar (ZORA,MAPA)                      == Not Default ==

    Nuclear Charge Density Model:      Point Charge Nuclei                      
    Core Treatment:                    Frozen Orbital(s)                        

    Hyperfine or Zeeman Interaction:   ---                                      

 SOLVATION
-------------------------------------------

  The Delley construction of COSMO surface surface is calculated

       Division Level for Surface Triangles (NDIV)                  3
       Final Division Level for Triangles (NFDIV)                   1
       Radius of the Solvent (RSOL)                           1.93000 angstr
  Dielectric Constant (EPSL)                                 78.39000

       COSMO equation is solved iteratively-               conjugate-gradient

       Maximun of Iterations for Charges (NCIX)                  1000
       Criterion for Charge convergence (CCNV)                1.0E-08

  COSMO charges included variationally in SCF

       COSMO included at every SCF cycle

  Geometry-dependent empirical factor                         0.00000

  C-Matrix calculated in cspmtx

  In cspmtx, C-Matrix calculated using fitted potential

-------------------------------------------



 Fragment File(s)
 ----------------
 C:
         file : t21.C
         jobid: ADF 2019  RunTime: Jun25-2026 15:59:11  Nodes: 1  Procs: 1
         title: Carbon (TZP, 1s frozen)
 O:
         file : t21.O
         jobid: ADF 2019  RunTime: Jun25-2026 15:59:10  Nodes: 1  Procs: 1
         title: Oxygen (TZP, 1s frozen)



                                   *********************************************
                                   *  R U N   T Y P E : GEOMETRY OPTIMIZATION  *
                                   *********************************************
  



 ===============
 G E O M E T R Y  ***  Planar Molecule  ***
 ===============
  

 ATOMS
 =====                            X Y Z                    CHARGE                     RADIUS
                                (Angstrom)             Nucl     +Core       At.Mass (Angstrom)
                       --------------------------    ----------------       ------- ----------
    1  C               0.0000    0.0000   -0.2776      6.00      4.00       12.0000    2.0000
    2  O               0.0000    1.1573    0.3621      8.00      6.00       15.9949    1.7200
    3  O               0.0000    0.0000   -1.5897      8.00      6.00       15.9949    1.7200
    4  O               0.0000   -1.1573    0.3621      8.00      6.00       15.9949    1.7200


 FRAGMENTS
 =========                                     Atoms in this Fragment     Cart. coord.s (Angstrom)
                                               -------------------------------------------------------
    1  C                                                 1  C            0.0000    0.0000   -0.2776
    2  O                                                 2  O            0.0000    1.1573    0.3621
    3  O                                                 3  O            0.0000    0.0000   -1.5897
    4  O                                                 4  O            0.0000   -1.1573    0.3621


 Interatomic Distance Matrix (Angstrom)
 --------------------------------------

   1)     0.000
   2)     1.322   0.000
   3)     1.312   2.269   0.000
   4)     1.322   2.315   2.269   0.000

 Min. Distance =    1.3121
 Max. Distance =    2.3146



 =====================================
 S Y M M E T R Y ,   E L E C T R O N S
 =====================================
  
 Symmetry: C(2V)

 Irreducible Representations, including subspecies
 -------------------------------------------------
 A1
 A2
 B1
 B2


 Configuration of Valence Electrons
 ==================================
 ( determined in the SCF procedure )

 Total:   24

 Net Charge: -2 (Nuclei minus Electrons)

 Aufbau principle for MO occupations will be applied through SCF cycle no.     150
 Thereafter, the program will assign electrons to MOs that are spatially
 similar to the occupied MOs in a "reference" cycle ("KeepOrbitals").
 The reference cycle is always the PREVIOUS cycle: it will evolve with
 the SCF procedure.
1
 ***************************************************************************************************



                                      ****************************************
                                      *  B U I L D : (Fragments, Functions)  *
                                      ****************************************
  

 Total nr. of (C)SFOs (summation over all irreps) :    68

 Specify PRINT SFO in the input file to get a full list

 Nr. of SFOs for ir.rep.          A1 :    28
 Nr. of SFOs for ir.rep.          A2 :     7
 Nr. of SFOs for ir.rep.          B1 :    13
 Nr. of SFOs for ir.rep.          B2 :    20



 ================================
 (Slater-type)  F U N C T I O N S  ***  (Basis and Fit)  ***
 ================================
  

 Atom Type    1  (C)
 ==============

 Valence Basis Sets:   8
 -----------------------
   1 S    5.400000
   2 S    1.280000
   2 S    2.100000
   2 S    4.600000
   2 P    0.820000
   2 P    1.480000
   2 P    2.940000
   3 D    2.200000

 Frozen Core Shells
 ------------------
    S:  1

 Atom Type    2  (O)
 ==============

 Valence Basis Sets:   8
 -----------------------
   1 S    7.360000
   2 S    1.720000
   2 S    2.880000
   2 S    7.580000
   2 P    1.120000
   2 P    2.080000
   2 P    4.080000
   3 D    2.000000

 Frozen Core Shells
 ------------------
    S:  1


 BAS: List of all Elementary Cartesian Basis Functions
 =====================================================

 The numbering in the list below (to the right of the function characteristics) is referred
 to in print-outs of MO eigenvectors and Mulliken populations in the BAS representation
 (as contrasted to the SFO representation).

 Notes:
 1. The functions are characterized by a polynomial prefactor (powers of x,y,z and r) and
    an exponential decay factor alpha.
 2. Since the basis sets are specific for an atom TYPE, the individual functions occur on
    all atoms of that type.
 3. The word 'Core' in the left margin signals that it is a Core Function (CF) : not a
    degree of freedom in the valence set, but only used to ensure orthogonalization of
    the other valence basis functions on the frozen Core Orbitals.


 (power of) X  Y  Z  R     Alpha  on Atom
            ==========     =====     ==========

 C                                    1
                                  ---------------------------------------------------------------------------
    Core    0  0  0  0     5.400      1
            0  0  0  1     1.280      2
            0  0  0  1     2.100      3
            0  0  0  1     4.600      4
            1  0  0  0     0.820      5
            0  1  0  0     0.820      6
            0  0  1  0     0.820      7
            1  0  0  0     1.480      8
            0  1  0  0     1.480      9
            0  0  1  0     1.480     10
            1  0  0  0     2.940     11
            0  1  0  0     2.940     12
            0  0  1  0     2.940     13
            2  0  0  0     2.200     14
            1  1  0  0     2.200     15
            1  0  1  0     2.200     16
            0  2  0  0     2.200     17
            0  1  1  0     2.200     18
            0  0  2  0     2.200     19

 O                                    2    3    4
                                  ---------------------------------------------------------------------------
    Core    0  0  0  0     7.360     20   39   58
            0  0  0  1     1.720     21   40   59
            0  0  0  1     2.880     22   41   60
            0  0  0  1     7.580     23   42   61
            1  0  0  0     1.120     24   43   62
            0  1  0  0     1.120     25   44   63
            0  0  1  0     1.120     26   45   64
            1  0  0  0     2.080     27   46   65
            0  1  0  0     2.080     28   47   66
            0  0  1  0     2.080     29   48   67
            1  0  0  0     4.080     30   49   68
            0  1  0  0     4.080     31   50   69
            0  0  1  0     4.080     32   51   70
            2  0  0  0     2.000     33   52   71
            1  1  0  0     2.000     34   53   72
            1  0  1  0     2.000     35   54   73
            0  2  0  0     2.000     36   55   74
            0  1  1  0     2.000     37   56   75
            0  0  2  0     2.000     38   57   76

 Total number of charge fitting functions (nprimf)       328
 Total number of Cartesian basis functions (naos)         76
 Total number of Cartesian core functions  (ncos)          4



 Coordinates (Cartesian)
 =======================

     Atom                    bohr                                 angstrom                 Geometric Variables
                   X           Y           Z              X           Y           Z       (0:frozen, *:LT par.)
 --------------------------------------------------------------------------------------------------------------
     1 C       0.000000    0.000000   -0.524556       0.000000    0.000000   -0.277583      1       2       3
     2 O       0.000000    2.187009    0.684231       0.000000    1.157315    0.362079      4       5       6
     3 O       0.000000    0.000000   -3.004131       0.000000    0.000000   -1.589718      7       8       9
     4 O       0.000000   -2.187009    0.684231       0.000000   -1.157315    0.362079     10      11      12
 --------------------------------------------------------------------------------------------------------------
1
 ***************************************************************************************************



                                              ***********************
                                              *  T E C H N I C A L  *
                                              ***********************
  



 =============================================================
 P A R A L L E L I Z A T I O N  and  V E C T O R I Z A T I O N
 =============================================================
  
 Nr of parallel processes:                               24
 Maximum vector length in NumInt loops:                 128



 ===============================
 G E O M E T R Y   U P D A T E S
 ===============================
  
 Optimization coordinates:                       Delocalized
 Optimization code branch:                       NEW
 Hessian update method:                          BFGS (Broyden-Fletcher-Goldfarb-Shanno)

 Iterative Geometry Improvements:
    Max. nr. of iterations:                         30
    Convergence criteria:
         Change in energy (hartree):                 0.0010000000
         Gradients (au/Angstrom):                    0.0010000000
         Cart/bondlength changes (Angstrom):         0.0100000000
    Max. step to take:
         Trust Radius:                               0.2000000000

 GDIIS (Geometry Direct Inversion in Iteration Space):
    First geometry cycle:                            0
    Max. number expansion vectors:                   5



 =====================
 S C F   U P D A T E S
 =====================
  
 Max. nr. of cycles:                               300
 Convergence criterion:                              0.0000010000
   secondary criterion:                              0.0010000000

 Mix parameter (when DIIS does not apply):           0.2000000000
 Mixed ADIIS+SDIIS will be used                  
    Max number of expansion vectors:                10
    Pure ADIIS when Max([F,P]) is above              0.1000000000
    Pure SDIIS when Max([F,P]) is below              0.0010000000



 =================
 P R E C I S I O N  ***  (General: NumInt, NeglectFunctionTails, ...)  ***
 =================
  

 NumInt:           Target precision:                 6.0000000000
 -------           Initial precision:                6.0000000000
                   Min. precision (optimization):    6.0000000000

 Neglect Functions:          Basis functions:        0.1000000000E-07
 ------------------          Fit functions:          0.1000000000E-07



 ===========================
 L I N E A R   S C A L I N G
 ===========================
  

 Cut-off radii density fit:                        0.1000000000E-09
 Overlap cut-off criterion AO matrix elements:     0.1000000000E-07
 Cut-offs for Coulomb potential and fitted density:0.1000000000E-09
 Cut-off criterion for Coulomb multipole terms:    0.1000000000E-09
 Progressive Convergence parameter:                 0.000000000    
1
 ***************************************************************************************************



                                            ***************************
                                            *  C O M P U T A T I O N  *
                                            ***************************
  

 Number of elements of the density matrix on this node (used, total):       190      2926



 ===========================================
 Numerical Integration : Fuzzy Cells (Becke)
 ===========================================
  
 Becke grid quality: GOOD           
  
 Lebedev angular grid order:             min:  11 max:  31
 Nr. of radial points:                   min:  58 max:  58

 Total nr. of points:      55656
 Nr. of blocks:              436
 Block length:               128
 Nr. of dummy points:        152


 Test of Precision of the Numerical Integration Grid
 ===================================================

 Integral of the Total Core Density:                   7.99999374199195
 Relative Error:                                      -7.823E-07


 -------------------------------------------
  COSMO surface
  Area             =          285.187
  Volume           =          410.461
  Number of Points =          704
 -------------------------------------------



 ========================
 Density Fitting (zlmFit)
 ========================
  
 ZlmFit Fit Quality: GOOD           
  
 Max L-expansion:                        min:   8 max:   8
 Nr. of radial interpolation points:     min:  84 max:  96



 =====
 S C F  ***  ScaSCF  ***
 =====
  
 Initial density matrix is calculated as sum of fragments

 CYCLE    1
 SCF Error: norm([F,P])=      1.298131586012, max([F,P])=      0.284313439541
 orbitals (Q,E):
 ---------------
 A1 :1...15          ( 2.00    -1.1197)  ( 2.00    -1.0196)  ( 2.00    -0.6069)  ( 2.00    -0.5415)
                     ( 2.00    -0.4039)  ( 0.00     0.0451)  ( 0.00     0.1120)  ( 0.00     0.2368)
                     ( 0.00     0.2822)  ( 0.00     0.3410)  ( 0.00     0.3733)  ( 0.00     0.5810)
                     ( 0.00     0.8377)  ( 0.00     1.0027)  ( 0.00     1.3075)
 A2 :1...7           ( 2.00    -0.3914)  ( 0.00     0.3961)  ( 0.00     0.8049)  ( 0.00     1.1341)
                     ( 0.00     1.1581)  ( 0.00     2.2081)  ( 0.00     4.0588)
 B1 :1...12          ( 2.00    -0.5038)  ( 2.00    -0.3912)  ( 0.00    -0.1001)  ( 0.00     0.1282)
                     ( 0.00     0.3989)  ( 0.00     0.5962)  ( 0.00     0.8099)  ( 0.00     1.1522)
                     ( 0.00     1.4040)  ( 0.00     2.1985)  ( 0.00     2.3924)  ( 0.00     4.0550)
 B2 :1...14          ( 2.00    -1.0208)  ( 2.00    -0.5428)  ( 2.00    -0.4080)  ( 2.00    -0.3563)
                     ( 0.00     0.1135)  ( 0.00     0.2408)  ( 0.00     0.3475)  ( 0.00     0.5371)
                     ( 0.00     0.5755)  ( 0.00     0.9892)  ( 0.00     1.2949)  ( 0.00     1.4076)
                     ( 0.00     1.5527)  ( 0.00     2.0713)

 CYCLE    2
  SDIIS (wt  0.000):  0.5233  0.4767
 A-DIIS (wt  1.000):  0.1958  0.8042
  DIIS coefficients:  0.1958  0.8042
 SCF Error: norm([F,P])=      1.368612781333, max([F,P])=      0.317963261287
 orbitals (Q,E):
 ---------------
 A1 :1...6           ( 2.00    -0.7820)  ( 2.00    -0.6414)  ( 2.00    -0.2667)  ( 2.00    -0.2009)
                     ( 2.00    -0.0550)  ( 0.00     0.2222)
 A2 :1...2           ( 2.00    -0.0391)  ( 0.00     0.5813)
 B1 :1...3           ( 2.00    -0.2417)  ( 2.00    -0.0354)  ( 0.00     0.1606)
 B2 :1...5           ( 2.00    -0.6459)  ( 2.00    -0.2025)  ( 2.00    -0.0575)  ( 2.00     0.0315)
                     ( 0.00     0.2209)

 CYCLE    3
  SDIIS (wt  0.000):  0.0474  0.5537  0.3989
 A-DIIS (wt  1.000):  0.0000  0.6044  0.3956
  DIIS coefficients:  0.0000  0.6044  0.3956
 SCF Error: norm([F,P])=      1.876545136616, max([F,P])=      0.445121227510
 orbitals (Q,E):
 ---------------
 A1 :1...6           ( 2.00    -0.8604)  ( 2.00    -0.7494)  ( 2.00    -0.3602)  ( 2.00    -0.2914)
                     ( 2.00    -0.1552)  ( 0.00     0.1796)
 A2 :1...2           ( 2.00    -0.1468)  ( 0.00     0.5087)
 B1 :1...3           ( 2.00    -0.2859)  ( 2.00    -0.1446)  ( 0.00     0.1180)
 B2 :1...5           ( 2.00    -0.7526)  ( 2.00    -0.2931)  ( 2.00    -0.1583)  ( 2.00    -0.0909)
                     ( 0.00     0.1792)

 CYCLE    4
  SDIIS (wt  0.517):  0.2923  0.1687  0.5391
 A-DIIS (wt  0.483):  0.0000  0.0000  1.0000
  DIIS coefficients:  0.1512  0.0872  0.7616
 SCF Error: norm([F,P])=      0.215547719671, max([F,P])=      0.048799269279
 orbitals (Q,E):
 ---------------
 A1 :1...6           ( 2.00    -0.9200)  ( 2.00    -0.8051)  ( 2.00    -0.4052)  ( 2.00    -0.3388)
                     ( 2.00    -0.1978)  ( 0.00     0.1648)
 A2 :1...2           ( 2.00    -0.1892)  ( 0.00     0.4853)
 B1 :1...3           ( 2.00    -0.3345)  ( 2.00    -0.1870)  ( 0.00     0.0638)
 B2 :1...5           ( 2.00    -0.8082)  ( 2.00    -0.3406)  ( 2.00    -0.2009)  ( 2.00    -0.1353)
                     ( 0.00     0.1653)

 CYCLE    5
  SDIIS (wt  0.662):  0.0049  0.0008  0.4280  0.5663
 A-DIIS (wt  0.338):  0.0000  0.0000  0.3694  0.6306
  DIIS coefficients:  0.0033  0.0005  0.4082  0.5881
 SCF Error: norm([F,P])=      0.155901490655, max([F,P])=      0.034490932025
 orbitals (Q,E):
 ---------------
 A1 :1...6           ( 2.00    -0.8916)  ( 2.00    -0.7786)  ( 2.00    -0.3849)  ( 2.00    -0.3171)
                     ( 2.00    -0.1777)  ( 0.00     0.1713)
 A2 :1...2           ( 2.00    -0.1694)  ( 0.00     0.4958)
 B1 :1...3           ( 2.00    -0.3118)  ( 2.00    -0.1673)  ( 0.00     0.0887)
 B2 :1...5           ( 2.00    -0.7817)  ( 2.00    -0.3187)  ( 2.00    -0.1809)  ( 2.00    -0.1146)
                     ( 0.00     0.1710)

 CYCLE    6
  SDIIS (wt  0.986): -0.0001 -0.0006  0.1014  0.1826  0.7168
 A-DIIS (wt  0.014):  0.0000  0.0000  0.0000  0.0000  1.0000
  DIIS coefficients: -0.0001 -0.0006  0.0999  0.1800  0.7208
 SCF Error: norm([F,P])=      0.010431453958, max([F,P])=      0.002386531810
 orbitals (Q,E):
 ---------------
 A1 :1...6           ( 2.00    -0.8934)  ( 2.00    -0.7802)  ( 2.00    -0.3859)  ( 2.00    -0.3182)
                     ( 2.00    -0.1789)  ( 0.00     0.1709)
 A2 :1...2           ( 2.00    -0.1707)  ( 0.00     0.4951)
 B1 :1...3           ( 2.00    -0.3132)  ( 2.00    -0.1683)  ( 0.00     0.0873)
 B2 :1...5           ( 2.00    -0.7834)  ( 2.00    -0.3199)  ( 2.00    -0.1820)  ( 2.00    -0.1157)
                     ( 0.00     0.1707)

 CYCLE    7
  SDIIS (wt  1.000): -0.0001 -0.0005  0.0577  0.1095  0.4981  0.3353
  DIIS coefficients: -0.0001 -0.0005  0.0577  0.1095  0.4981  0.3353
 SCF Error: norm([F,P])=      0.001987488009, max([F,P])=      0.000605224437
 orbitals (Q,E):
 ---------------
 A1 :1...6           ( 2.00    -0.8934)  ( 2.00    -0.7802)  ( 2.00    -0.3859)  ( 2.00    -0.3182)
                     ( 2.00    -0.1789)  ( 0.00     0.1709)
 A2 :1...2           ( 2.00    -0.1705)  ( 0.00     0.4951)
 B1 :1...3           ( 2.00    -0.3131)  ( 2.00    -0.1684)  ( 0.00     0.0873)
 B2 :1...5           ( 2.00    -0.7833)  ( 2.00    -0.3199)  ( 2.00    -0.1820)  ( 2.00    -0.1158)
                     ( 0.00     0.1707)

 CYCLE    8
  SDIIS (wt  1.000):  0.0001 -0.0001 -0.0006  0.0019  0.0454  0.2041  0.7491
  DIIS coefficients:  0.0001 -0.0001 -0.0006  0.0019  0.0454  0.2041  0.7491
 SCF Error: norm([F,P])=      0.000548028623, max([F,P])=      0.000134300783
 orbitals (Q,E):
 ---------------
 A1 :1...6           ( 2.00    -0.8934)  ( 2.00    -0.7802)  ( 2.00    -0.3859)  ( 2.00    -0.3182)
                     ( 2.00    -0.1789)  ( 0.00     0.1709)
 A2 :1...2           ( 2.00    -0.1706)  ( 0.00     0.4951)
 B1 :1...3           ( 2.00    -0.3132)  ( 2.00    -0.1684)  ( 0.00     0.0873)
 B2 :1...5           ( 2.00    -0.7834)  ( 2.00    -0.3199)  ( 2.00    -0.1820)  ( 2.00    -0.1158)
                     ( 0.00     0.1707)

 CYCLE    9
  SDIIS (wt  1.000):  0.0000 -0.0000 -0.0001  0.0000  0.0023  0.0121  0.0390  0.9466
  DIIS coefficients:  0.0000 -0.0000 -0.0001  0.0000  0.0023  0.0121  0.0390  0.9466
 SCF Error: norm([F,P])=      0.000022086364, max([F,P])=      0.000006211706
 orbitals (Q,E):
 ---------------
 A1 :1...6           ( 2.00    -0.8934)  ( 2.00    -0.7803)  ( 2.00    -0.3859)  ( 2.00    -0.3182)
                     ( 2.00    -0.1789)  ( 0.00     0.1709)
 A2 :1...2           ( 2.00    -0.1706)  ( 0.00     0.4951)
 B1 :1...3           ( 2.00    -0.3132)  ( 2.00    -0.1684)  ( 0.00     0.0873)
 B2 :1...5           ( 2.00    -0.7834)  ( 2.00    -0.3199)  ( 2.00    -0.1820)  ( 2.00    -0.1158)
                     ( 0.00     0.1707)

 CYCLE   10
  SDIIS (wt  1.000):  0.0000 -0.0000 -0.0000  0.0000  0.0003  0.0017  0.0058  0.1919  0.8003
  DIIS coefficients:  0.0000 -0.0000 -0.0000  0.0000  0.0003  0.0017  0.0058  0.1919  0.8003
 SCF Error: norm([F,P])=      0.000000845385, max([F,P])=      0.000000248358
 orbitals (Q,E):
 ---------------
 A1 :1...6           ( 2.00    -0.8934)  ( 2.00    -0.7803)  ( 2.00    -0.3859)  ( 2.00    -0.3182)
                     ( 2.00    -0.1789)  ( 0.00     0.1709)
 A2 :1...2           ( 2.00    -0.1706)  ( 0.00     0.4951)
 B1 :1...3           ( 2.00    -0.3132)  ( 2.00    -0.1684)  ( 0.00     0.0873)
 B2 :1...5           ( 2.00    -0.7834)  ( 2.00    -0.3199)  ( 2.00    -0.1820)  ( 2.00    -0.1158)
                     ( 0.00     0.1707)

 SCF CONVERGED
 cosmo_calcen: 0.5 (esolb+esolc) (Hartrees) =   -0.406655

 Solvation energy (screening term,uncorrected) =   -255.179955 kcal/mol

 Solvation energy (dispersion and cavitation terms) =      0.533278 kcal/mol
 Solvation Energy Contributions (Hartrees)
          esola   esolb+esolc
     0.40665510   -0.81331020
 esol last cycle   -0.40665510

 CYCLE   11
 *** Using FIT density in Focky
  SDIIS (wt  1.000):  0.0000 -0.0000  0.0000 -0.0000 -0.0000 -0.0001 -0.0002  0.0058  0.1880  0.8066
  DIIS coefficients:  0.0000 -0.0000  0.0000 -0.0000 -0.0000 -0.0001 -0.0002  0.0058  0.1880  0.8066
 SCF Error: norm([F,P])=      0.000000140963, max([F,P])=      0.000000031646
 orbitals (Q,E):
 ---------------
 A1 :1...15          ( 2.00    -0.8934)  ( 2.00    -0.7803)  ( 2.00    -0.3859)  ( 2.00    -0.3182)
                     ( 2.00    -0.1789)  ( 0.00     0.1709)  ( 0.00     0.1806)  ( 0.00     0.3745)
                     ( 0.00     0.4230)  ( 0.00     0.4899)  ( 0.00     0.5063)  ( 0.00     0.6789)
                     ( 0.00     1.0102)  ( 0.00     1.1835)  ( 0.00     1.4831)
 A2 :1...7           ( 2.00    -0.1706)  ( 0.00     0.4951)  ( 0.00     0.9713)  ( 0.00     1.3114)
                     ( 0.00     1.3351)  ( 0.00     2.3856)  ( 0.00     4.2983)
 B1 :1...12          ( 2.00    -0.3132)  ( 2.00    -0.1684)  ( 0.00     0.0873)  ( 0.00     0.1785)
                     ( 0.00     0.4984)  ( 0.00     0.6958)  ( 0.00     0.9756)  ( 0.00     1.3315)
                     ( 0.00     1.5817)  ( 0.00     2.3757)  ( 0.00     2.5475)  ( 0.00     4.2965)
 B2 :1...14          ( 2.00    -0.7834)  ( 2.00    -0.3199)  ( 2.00    -0.1820)  ( 2.00    -0.1158)
                     ( 0.00     0.1707)  ( 0.00     0.3772)  ( 0.00     0.5180)  ( 0.00     0.6366)
                     ( 0.00     0.6731)  ( 0.00     1.1700)  ( 0.00     1.4761)  ( 0.00     1.5875)
                     ( 0.00     1.7569)  ( 0.00     2.2707)
 cosmo_calcen: 0.5 (esolb+esolc) (Hartrees) =   -0.406655

 Solvation energy (screening term,uncorrected) =   -255.179955 kcal/mol

 Solvation energy (dispersion and cavitation terms) =      0.533278 kcal/mol
 Solvation Energy Contributions (Hartrees)
          esola   esolb+esolc
     0.40665510   -0.81331020
 esol last cycle   -0.40665510


 Fit test: (difference of exact and fit density, squared integrated, result summed over spins)
         SCF:                                          0.00001628896132

 Gross Charges per Atom (Z minus electrons)
 ==========================================
             0.7094   -0.9043   -0.9008   -0.9043
 Net Total: -2.00000000



 =================================================================
 M U L T I P O L E   D E R I V E D   C H A R G E   A N A L Y S I S
 =================================================================

 See: M. Swart, P.Th. van Duijnen, J.G. Snijders, J.Comput.Chem., (2001), p. 79-88.

 --------------------------------------- 
 Multipole derived atomic charges (a.u.)
 --------------------------------------- 

        Atom    Level:     MDC-m        MDC-d        MDC-q
 ---------------------------------------------------------
     1     C            0.326605     0.687818     0.580402
     2     O           -0.776717    -0.898625    -0.821870
     3     O           -0.773170    -0.890568    -0.936662
     4     O           -0.776717    -0.898625    -0.821870
 *** Using NEW gradient routines ***


 Geometry CYCLE 1
 ==============

 Energy gradients wrt nuclear displacements
 ==========================================

     Atom      Cartesian (a.u./angstrom)
                 X         Y         Z
 ----------------------------------------
     1 C     0.000000  0.000000  0.004817
     2 O     0.000000  0.027431 -0.001224
     3 O     0.000000  0.000000 -0.002370
     4 O     0.000000 -0.027431 -0.001224
 ----------------------------------------
 
----------------------------------------------------------------------
Geometry Convergence after Step   1       (Hartree/Angstrom,Angstrom)
----------------------------------------------------------------------
current energy                               -1.33783465 Hartree
energy change                      -1.33783465     0.00100000    F
constrained gradient max            0.02743148     0.00100000    F
constrained gradient rms            0.01131661     0.00066667    F
gradient max                        0.02743148
gradient rms                        0.01131661
cart. step max                      0.02883833     0.01000000    F
cart. step rms                      0.01318078     0.00666667    F
 


 Coordinates (Cartesian)
 =======================

     Atom                    bohr                                 angstrom                 Geometric Variables
                   X           Y           Z              X           Y           Z       (0:frozen, *:LT par.)
 --------------------------------------------------------------------------------------------------------------
     1 C       0.000000    0.000000   -0.545313       0.000000    0.000000   -0.288567      1       2       3
     2 O       0.000000    2.132512    0.703605       0.000000    1.128477    0.372331      4       5       6
     3 O       0.000000    0.000000   -3.022122       0.000000    0.000000   -1.599238      7       8       9
     4 O       0.000000   -2.132512    0.703605       0.000000   -1.128477    0.372331     10      11      12
 --------------------------------------------------------------------------------------------------------------

 Number of elements of the density matrix on this node (used, total):       190      2926



 ===========================================
 Numerical Integration : Fuzzy Cells (Becke)
 ===========================================
  
 Becke grid quality: GOOD           
  
 Lebedev angular grid order:             min:  11 max:  31
 Nr. of radial points:                   min:  58 max:  58

 Total nr. of points:      55652
 Nr. of blocks:              436
 Block length:               128
 Nr. of dummy points:        156


 Test of Precision of the Numerical Integration Grid
 ===================================================

 Integral of the Total Core Density:                   7.99999395924585
 Relative Error:                                      -7.551E-07


 -------------------------------------------
  COSMO surface
  Area             =          283.873
  Volume           =          408.191
  Number of Points =          700
 -------------------------------------------



 ========================
 Density Fitting (zlmFit)
 ========================
  
 ZlmFit Fit Quality: GOOD           
  
 Max L-expansion:                        min:   8 max:   8
 Nr. of radial interpolation points:     min:  84 max:  96



 =====
 S C F  ***  ScaSCF  ***
 =====
  
 Initial density matrix is taken from previous geometry

 CYCLE    1
 SCF Error: norm([F,P])=      0.069650650167, max([F,P])=      0.015695188390
 orbitals (Q,E):
 ---------------
 A1 :1...15          ( 2.00    -0.4730)  ( 2.00    -0.3611)  ( 2.00     0.0336)  ( 2.00     0.0991)
                     ( 2.00     0.2404)  ( 0.00     0.5545)  ( 0.00     0.5877)  ( 0.00     0.7892)
                     ( 0.00     0.8330)  ( 0.00     0.9146)  ( 0.00     0.9449)  ( 0.00     1.0832)
                     ( 0.00     1.4340)  ( 0.00     1.6005)  ( 0.00     1.8936)
 A2 :1...7           ( 2.00     0.2508)  ( 0.00     0.9039)  ( 0.00     1.3968)  ( 0.00     1.7525)
                     ( 0.00     1.7591)  ( 0.00     2.8174)  ( 0.00     4.7234)
 B1 :1...12          ( 2.00     0.1069)  ( 2.00     0.2503)  ( 0.00     0.5137)  ( 0.00     0.5580)
                     ( 0.00     0.9031)  ( 0.00     1.0963)  ( 0.00     1.3953)  ( 0.00     1.7494)
                     ( 0.00     2.0078)  ( 0.00     2.8210)  ( 0.00     2.9766)  ( 0.00     4.7251)
 B2 :1...14          ( 2.00    -0.3602)  ( 2.00     0.0995)  ( 2.00     0.2412)  ( 2.00     0.3075)
                     ( 0.00     0.5547)  ( 0.00     0.7878)  ( 0.00     0.9403)  ( 0.00     1.0491)
                     ( 0.00     1.0854)  ( 0.00     1.6054)  ( 0.00     1.8932)  ( 0.00     2.0241)
                     ( 0.00     2.1899)  ( 0.00     2.7061)

 CYCLE    2
   MIX coefficients:  0.8000  0.2000
 SCF Error: norm([F,P])=      0.094921925097, max([F,P])=      0.018159693245
 orbitals (Q,E):
 ---------------
 A1 :1...6           ( 2.00    -0.5631)  ( 2.00    -0.4506)  ( 2.00    -0.0535)  ( 2.00     0.0114)
                     ( 2.00     0.1528)  ( 0.00     0.4768)
 A2 :1...2           ( 2.00     0.1638)  ( 0.00     0.8209)
 B1 :1...3           ( 2.00     0.0182)  ( 2.00     0.1628)  ( 0.00     0.4254)
 B2 :1...5           ( 2.00    -0.4493)  ( 2.00     0.0120)  ( 2.00     0.1534)  ( 2.00     0.2196)
                     ( 0.00     0.4770)

 CYCLE    3
  SDIIS (wt  0.000): -0.9470  1.9470
 A-DIIS (wt  1.000):  0.0000  1.0000
  DIIS coefficients:  0.0000  1.0000
 SCF Error: norm([F,P])=      0.052126301243, max([F,P])=      0.009764532910
 orbitals (Q,E):
 ---------------
 A1 :1...6           ( 2.00    -0.9113)  ( 2.00    -0.7968)  ( 2.00    -0.3933)  ( 2.00    -0.3301)
                     ( 2.00    -0.1896)  ( 0.00     0.1682)
 A2 :1...2           ( 2.00    -0.1772)  ( 0.00     0.4931)
 B1 :1...3           ( 2.00    -0.3267)  ( 2.00    -0.1784)  ( 0.00     0.0813)
 B2 :1...5           ( 2.00    -0.7953)  ( 2.00    -0.3292)  ( 2.00    -0.1888)  ( 2.00    -0.1231)
                     ( 0.00     0.1683)

 CYCLE    4
  SDIIS (wt  0.000):  1.8106 -1.9790  1.1684
 A-DIIS (wt  1.000):  0.0000  0.4961  0.5039
  DIIS coefficients:  0.0000  0.4961  0.5039
 SCF Error: norm([F,P])=      0.067665106912, max([F,P])=      0.013140555864
 orbitals (Q,E):
 ---------------
 A1 :1...6           ( 2.00    -0.8962)  ( 2.00    -0.7827)  ( 2.00    -0.3831)  ( 2.00    -0.3187)
                     ( 2.00    -0.1800)  ( 0.00     0.1714)
 A2 :1...2           ( 2.00    -0.1680)  ( 0.00     0.4982)
 B1 :1...3           ( 2.00    -0.3143)  ( 2.00    -0.1683)  ( 0.00     0.0949)
 B2 :1...5           ( 2.00    -0.7821)  ( 2.00    -0.3184)  ( 2.00    -0.1786)  ( 2.00    -0.1131)
                     ( 0.00     0.1715)

 CYCLE    5
  SDIIS (wt  0.975): -0.2826  0.4084  0.0570  0.8172
 A-DIIS (wt  0.025):  0.0000  0.0000  0.0000  1.0000
  DIIS coefficients: -0.2755  0.3982  0.0556  0.8218
 SCF Error: norm([F,P])=      0.015131529817, max([F,P])=      0.003484707320
 orbitals (Q,E):
 ---------------
 A1 :1...6           ( 2.00    -0.8977)  ( 2.00    -0.7845)  ( 2.00    -0.3838)  ( 2.00    -0.3199)
                     ( 2.00    -0.1803)  ( 0.00     0.1713)
 A2 :1...2           ( 2.00    -0.1681)  ( 0.00     0.4982)
 B1 :1...3           ( 2.00    -0.3155)  ( 2.00    -0.1694)  ( 0.00     0.0934)
 B2 :1...5           ( 2.00    -0.7828)  ( 2.00    -0.3190)  ( 2.00    -0.1796)  ( 2.00    -0.1137)
                     ( 0.00     0.1715)

 CYCLE    6
  SDIIS (wt  0.994): -0.1923  0.2778  0.0429  0.5844  0.2872
 A-DIIS (wt  0.006):  0.0000  0.0000  0.0000  0.0470  0.9530
  DIIS coefficients: -0.1912  0.2762  0.0427  0.5813  0.2910
 SCF Error: norm([F,P])=      0.007141641322, max([F,P])=      0.001574753661
 orbitals (Q,E):
 ---------------
 A1 :1...6           ( 2.00    -0.8978)  ( 2.00    -0.7843)  ( 2.00    -0.3840)  ( 2.00    -0.3198)
                     ( 2.00    -0.1806)  ( 0.00     0.1713)
 A2 :1...2           ( 2.00    -0.1685)  ( 0.00     0.4980)
 B1 :1...3           ( 2.00    -0.3156)  ( 2.00    -0.1692)  ( 0.00     0.0934)
 B2 :1...5           ( 2.00    -0.7832)  ( 2.00    -0.3193)  ( 2.00    -0.1796)  ( 2.00    -0.1139)
                     ( 0.00     0.1714)

 CYCLE    7
  SDIIS (wt  1.000): -0.0921  0.1196 -0.0334  0.0407  0.0634  0.9018
  DIIS coefficients: -0.0921  0.1196 -0.0334  0.0407  0.0634  0.9018
 SCF Error: norm([F,P])=      0.000761525582, max([F,P])=      0.000274188328
 orbitals (Q,E):
 ---------------
 A1 :1...6           ( 2.00    -0.8978)  ( 2.00    -0.7844)  ( 2.00    -0.3840)  ( 2.00    -0.3199)
                     ( 2.00    -0.1807)  ( 0.00     0.1713)
 A2 :1...2           ( 2.00    -0.1686)  ( 0.00     0.4980)
 B1 :1...3           ( 2.00    -0.3156)  ( 2.00    -0.1693)  ( 0.00     0.0934)
 B2 :1...5           ( 2.00    -0.7832)  ( 2.00    -0.3193)  ( 2.00    -0.1796)  ( 2.00    -0.1140)
                     ( 0.00     0.1714)

 CYCLE    8
  SDIIS (wt  1.000): -0.0123  0.0160 -0.0038  0.0055  0.0151  0.2306  0.7489
  DIIS coefficients: -0.0123  0.0160 -0.0038  0.0055  0.0151  0.2306  0.7489
 SCF Error: norm([F,P])=      0.000099147024, max([F,P])=      0.000018083760
 orbitals (Q,E):
 ---------------
 A1 :1...6           ( 2.00    -0.8978)  ( 2.00    -0.7844)  ( 2.00    -0.3840)  ( 2.00    -0.3199)
                     ( 2.00    -0.1807)  ( 0.00     0.1713)
 A2 :1...2           ( 2.00    -0.1686)  ( 0.00     0.4980)
 B1 :1...3           ( 2.00    -0.3156)  ( 2.00    -0.1693)  ( 0.00     0.0934)
 B2 :1...5           ( 2.00    -0.7832)  ( 2.00    -0.3193)  ( 2.00    -0.1796)  ( 2.00    -0.1140)
                     ( 0.00     0.1714)

 CYCLE    9
  SDIIS (wt  1.000):  0.0006 -0.0008  0.0005  0.0004  0.0023  0.0248  0.1249  0.8474
  DIIS coefficients:  0.0006 -0.0008  0.0005  0.0004  0.0023  0.0248  0.1249  0.8474
 SCF Error: norm([F,P])=      0.000012665479, max([F,P])=      0.000002365142
 orbitals (Q,E):
 ---------------
 A1 :1...6           ( 2.00    -0.8978)  ( 2.00    -0.7844)  ( 2.00    -0.3840)  ( 2.00    -0.3199)
                     ( 2.00    -0.1807)  ( 0.00     0.1713)
 A2 :1...2           ( 2.00    -0.1686)  ( 0.00     0.4980)
 B1 :1...3           ( 2.00    -0.3156)  ( 2.00    -0.1693)  ( 0.00     0.0934)
 B2 :1...5           ( 2.00    -0.7832)  ( 2.00    -0.3193)  ( 2.00    -0.1796)  ( 2.00    -0.1140)
                     ( 0.00     0.1714)

 CYCLE   10
  SDIIS (wt  1.000):  0.0001 -0.0002  0.0001  0.0000  0.0001  0.0020  0.0126  0.1260  0.8592
  DIIS coefficients:  0.0001 -0.0002  0.0001  0.0000  0.0001  0.0020  0.0126  0.1260  0.8592
 SCF Error: norm([F,P])=      0.000001106133, max([F,P])=      0.000000252317
 orbitals (Q,E):
 ---------------
 A1 :1...6           ( 2.00    -0.8978)  ( 2.00    -0.7844)  ( 2.00    -0.3840)  ( 2.00    -0.3199)
                     ( 2.00    -0.1807)  ( 0.00     0.1713)
 A2 :1...2           ( 2.00    -0.1686)  ( 0.00     0.4980)
 B1 :1...3           ( 2.00    -0.3156)  ( 2.00    -0.1693)  ( 0.00     0.0934)
 B2 :1...5           ( 2.00    -0.7832)  ( 2.00    -0.3193)  ( 2.00    -0.1796)  ( 2.00    -0.1140)
                     ( 0.00     0.1714)

 SCF CONVERGED
 cosmo_calcen: 0.5 (esolb+esolc) (Hartrees) =   -0.407404

 Solvation energy (screening term,uncorrected) =   -255.649747 kcal/mol

 Solvation energy (dispersion and cavitation terms) =      0.530821 kcal/mol
 Solvation Energy Contributions (Hartrees)
          esola   esolb+esolc
     0.40740376   -0.81480752
 esol last cycle   -0.40740376

 CYCLE   11
 *** Using FIT density in Focky
  SDIIS (wt  1.000):  0.0000 -0.0000  0.0000 -0.0000 -0.0000 -0.0002  0.0003  0.0144  0.2466  0.7390
  DIIS coefficients:  0.0000 -0.0000  0.0000 -0.0000 -0.0000 -0.0002  0.0003  0.0144  0.2466  0.7390
 SCF Error: norm([F,P])=      0.000000215351, max([F,P])=      0.000000049873
 orbitals (Q,E):
 ---------------
 A1 :1...15          ( 2.00    -0.8978)  ( 2.00    -0.7844)  ( 2.00    -0.3840)  ( 2.00    -0.3199)
                     ( 2.00    -0.1807)  ( 0.00     0.1713)  ( 0.00     0.1844)  ( 0.00     0.3792)
                     ( 0.00     0.4284)  ( 0.00     0.4937)  ( 0.00     0.5253)  ( 0.00     0.6761)
                     ( 0.00     1.0094)  ( 0.00     1.1786)  ( 0.00     1.4834)
 A2 :1...7           ( 2.00    -0.1686)  ( 0.00     0.4980)  ( 0.00     0.9744)  ( 0.00     1.3309)
                     ( 0.00     1.3375)  ( 0.00     2.3955)  ( 0.00     4.3071)
 B1 :1...12          ( 2.00    -0.3156)  ( 2.00    -0.1693)  ( 0.00     0.0934)  ( 0.00     0.1775)
                     ( 0.00     0.4970)  ( 0.00     0.6981)  ( 0.00     0.9731)  ( 0.00     1.3280)
                     ( 0.00     1.5907)  ( 0.00     2.3991)  ( 0.00     2.5566)  ( 0.00     4.3079)
 B2 :1...14          ( 2.00    -0.7832)  ( 2.00    -0.3193)  ( 2.00    -0.1796)  ( 2.00    -0.1140)
                     ( 0.00     0.1714)  ( 0.00     0.3783)  ( 0.00     0.5207)  ( 0.00     0.6388)
                     ( 0.00     0.6785)  ( 0.00     1.1832)  ( 0.00     1.4841)  ( 0.00     1.6048)
                     ( 0.00     1.7695)  ( 0.00     2.2935)
 cosmo_calcen: 0.5 (esolb+esolc) (Hartrees) =   -0.407404

 Solvation energy (screening term,uncorrected) =   -255.649748 kcal/mol

 Solvation energy (dispersion and cavitation terms) =      0.530821 kcal/mol
 Solvation Energy Contributions (Hartrees)
          esola   esolb+esolc
     0.40740376   -0.81480753
 esol last cycle   -0.40740376


 Fit test: (difference of exact and fit density, squared integrated, result summed over spins)
         SCF:                                          0.00001691359660

 Gross Charges per Atom (Z minus electrons)
 ==========================================
             0.7116   -0.9036   -0.9044   -0.9036
 Net Total: -2.00000000



 =================================================================
 M U L T I P O L E   D E R I V E D   C H A R G E   A N A L Y S I S
 =================================================================

 See: M. Swart, P.Th. van Duijnen, J.G. Snijders, J.Comput.Chem., (2001), p. 79-88.

 --------------------------------------- 
 Multipole derived atomic charges (a.u.)
 --------------------------------------- 

        Atom    Level:     MDC-m        MDC-d        MDC-q
 ---------------------------------------------------------
     1     C            0.322982     0.697219     0.578874
     2     O           -0.774116    -0.898325    -0.819157
     3     O           -0.774750    -0.900568    -0.940559
     4     O           -0.774116    -0.898325    -0.819157
 *** Using NEW gradient routines ***


 Geometry CYCLE 2
 ==============

 Energy gradients wrt nuclear displacements
 ==========================================

     Atom      Cartesian (a.u./angstrom)
                 X         Y         Z
 ----------------------------------------
     1 C     0.000000  0.000000 -0.001841
     2 O     0.000000 -0.008593  0.000857
     3 O     0.000000  0.000000  0.000126
     4 O     0.000000  0.008593  0.000857
 ----------------------------------------

 dE(predicted):    -0.81456E-03, dE(actual):    -0.52023E-03, Trust radius:    0.400000, all in a.u.
 
----------------------------------------------------------------------
Geometry Convergence after Step   2       (Hartree/Angstrom,Angstrom)
----------------------------------------------------------------------
current energy                               -1.33835488 Hartree
energy change                      -0.00052023     0.00100000    T
constrained gradient max            0.00859301     0.00100000    F
constrained gradient rms            0.00356549     0.00066667    F
gradient max                        0.00859301
gradient rms                        0.00356549
cart. step max                      0.00713451     0.01000000    T
cart. step rms                      0.00335287     0.00666667    T
 


 Coordinates (Cartesian)
 =======================

     Atom                    bohr                                 angstrom                 Geometric Variables
                   X           Y           Z              X           Y           Z       (0:frozen, *:LT par.)
 --------------------------------------------------------------------------------------------------------------
     1 C       0.000000    0.000000   -0.539823       0.000000    0.000000   -0.285662      1       2       3
     2 O       0.000000    2.145994    0.698169       0.000000    1.135611    0.369455      4       5       6
     3 O       0.000000    0.000000   -3.016741       0.000000    0.000000   -1.596390      7       8       9
     4 O       0.000000   -2.145994    0.698169       0.000000   -1.135611    0.369455     10      11      12
 --------------------------------------------------------------------------------------------------------------

 Number of elements of the density matrix on this node (used, total):       190      2926



 ===========================================
 Numerical Integration : Fuzzy Cells (Becke)
 ===========================================
  
 Becke grid quality: GOOD           
  
 Lebedev angular grid order:             min:  11 max:  31
 Nr. of radial points:                   min:  58 max:  58

 Total nr. of points:      55656
 Nr. of blocks:              436
 Block length:               128
 Nr. of dummy points:        152


 Test of Precision of the Numerical Integration Grid
 ===================================================

 Integral of the Total Core Density:                   7.99999248826757
 Relative Error:                                      -9.390E-07


 -------------------------------------------
  COSMO surface
  Area             =          284.213
  Volume           =          408.740
  Number of Points =          700
 -------------------------------------------



 ========================
 Density Fitting (zlmFit)
 ========================
  
 ZlmFit Fit Quality: GOOD           
  
 Max L-expansion:                        min:   8 max:   8
 Nr. of radial interpolation points:     min:  84 max:  96



 =====
 S C F  ***  ScaSCF  ***
 =====
  
 Initial density matrix is taken from previous geometry

 CYCLE    1
 SCF Error: norm([F,P])=      0.042807607343, max([F,P])=      0.008212144239
 orbitals (Q,E):
 ---------------
 A1 :1...15          ( 2.00    -0.4797)  ( 2.00    -0.3670)  ( 2.00     0.0280)  ( 2.00     0.0937)
                     ( 2.00     0.2354)  ( 0.00     0.5509)  ( 0.00     0.5819)  ( 0.00     0.7824)
                     ( 0.00     0.8267)  ( 0.00     0.9065)  ( 0.00     0.9330)  ( 0.00     1.0794)
                     ( 0.00     1.4281)  ( 0.00     1.5960)  ( 0.00     1.8879)
 A2 :1...7           ( 2.00     0.2451)  ( 0.00     0.8989)  ( 0.00     1.3892)  ( 0.00     1.7443)
                     ( 0.00     1.7507)  ( 0.00     2.8076)  ( 0.00     4.7172)
 B1 :1...12          ( 2.00     0.1000)  ( 2.00     0.2450)  ( 0.00     0.5051)  ( 0.00     0.5528)
                     ( 0.00     0.8988)  ( 0.00     1.0916)  ( 0.00     1.3894)  ( 0.00     1.7446)
                     ( 0.00     1.9986)  ( 0.00     2.8075)  ( 0.00     2.9658)  ( 0.00     4.7168)
 B2 :1...14          ( 2.00    -0.3669)  ( 2.00     0.0938)  ( 2.00     0.2354)  ( 2.00     0.3020)
                     ( 0.00     0.5509)  ( 0.00     0.7825)  ( 0.00     0.9332)  ( 0.00     1.0447)
                     ( 0.00     1.0794)  ( 0.00     1.5957)  ( 0.00     1.8880)  ( 0.00     2.0135)
                     ( 0.00     2.1804)  ( 0.00     2.6957)

 CYCLE    2
  SDIIS (wt  0.000):  0.6583  0.3417
 A-DIIS (wt  1.000):  0.1802  0.8198
  DIIS coefficients:  0.1802  0.8198
 SCF Error: norm([F,P])=      0.077462994562, max([F,P])=      0.020395720761
 orbitals (Q,E):
 ---------------
 A1 :1...6           ( 2.00    -0.8389)  ( 2.00    -0.7248)  ( 2.00    -0.3236)  ( 2.00    -0.2590)
                     ( 2.00    -0.1189)  ( 0.00     0.2353)
 A2 :1...2           ( 2.00    -0.1082)  ( 0.00     0.5621)
 B1 :1...3           ( 2.00    -0.2541)  ( 2.00    -0.1076)  ( 0.00     0.1518)
 B2 :1...5           ( 2.00    -0.7254)  ( 2.00    -0.2594)  ( 2.00    -0.1186)  ( 2.00    -0.0535)
                     ( 0.00     0.2353)

 CYCLE    3
  SDIIS (wt  0.000):  0.4427  0.3716  0.1857
 A-DIIS (wt  1.000):  0.0000  0.4051  0.5949
  DIIS coefficients:  0.0000  0.4051  0.5949
 SCF Error: norm([F,P])=      0.091327623060, max([F,P])=      0.022394451765
 orbitals (Q,E):
 ---------------
 A1 :1...6           ( 2.00    -0.8941)  ( 2.00    -0.7806)  ( 2.00    -0.3820)  ( 2.00    -0.3172)
                     ( 2.00    -0.1774)  ( 0.00     0.1719)
 A2 :1...2           ( 2.00    -0.1661)  ( 0.00     0.4988)
 B1 :1...3           ( 2.00    -0.3132)  ( 2.00    -0.1666)  ( 0.00     0.0941)
 B2 :1...5           ( 2.00    -0.7801)  ( 2.00    -0.3169)  ( 2.00    -0.1777)  ( 2.00    -0.1114)
                     ( 0.00     0.1719)

 CYCLE    4
  SDIIS (wt  0.912):  0.1337  0.3156  0.5507
 A-DIIS (wt  0.088):  0.0000  0.1260  0.8740
  DIIS coefficients:  0.1219  0.2988  0.5793
 SCF Error: norm([F,P])=      0.040130464881, max([F,P])=      0.009751589974
 orbitals (Q,E):
 ---------------
 A1 :1...6           ( 2.00    -0.8968)  ( 2.00    -0.7834)  ( 2.00    -0.3849)  ( 2.00    -0.3197)
                     ( 2.00    -0.1810)  ( 0.00     0.1710)
 A2 :1...2           ( 2.00    -0.1702)  ( 0.00     0.4967)
 B1 :1...3           ( 2.00    -0.3150)  ( 2.00    -0.1695)  ( 0.00     0.0923)
 B2 :1...5           ( 2.00    -0.7841)  ( 2.00    -0.3201)  ( 2.00    -0.1807)  ( 2.00    -0.1153)
                     ( 0.00     0.1709)

 CYCLE    5
  SDIIS (wt  0.966):  0.0045  0.1299  0.4213  0.4443
 A-DIIS (wt  0.034):  0.0000  0.0000  0.2146  0.7854
  DIIS coefficients:  0.0043  0.1256  0.4144  0.4557
 SCF Error: norm([F,P])=      0.018885619046, max([F,P])=      0.004330769498
 orbitals (Q,E):
 ---------------
 A1 :1...6           ( 2.00    -0.8968)  ( 2.00    -0.7834)  ( 2.00    -0.3844)  ( 2.00    -0.3195)
                     ( 2.00    -0.1801)  ( 0.00     0.1713)
 A2 :1...2           ( 2.00    -0.1689)  ( 0.00     0.4974)
 B1 :1...3           ( 2.00    -0.3150)  ( 2.00    -0.1691)  ( 0.00     0.0921)
 B2 :1...5           ( 2.00    -0.7833)  ( 2.00    -0.3194)  ( 2.00    -0.1803)  ( 2.00    -0.1144)
                     ( 0.00     0.1713)

 CYCLE    6
  SDIIS (wt  1.000): -0.0002  0.0761  0.2527  0.2984  0.3731
  DIIS coefficients: -0.0002  0.0761  0.2527  0.2984  0.3731
 SCF Error: norm([F,P])=      0.003162707910, max([F,P])=      0.000742791200
 orbitals (Q,E):
 ---------------
 A1 :1...6           ( 2.00    -0.8968)  ( 2.00    -0.7833)  ( 2.00    -0.3844)  ( 2.00    -0.3194)
                     ( 2.00    -0.1802)  ( 0.00     0.1713)
 A2 :1...2           ( 2.00    -0.1691)  ( 0.00     0.4973)
 B1 :1...3           ( 2.00    -0.3150)  ( 2.00    -0.1689)  ( 0.00     0.0921)
 B2 :1...5           ( 2.00    -0.7834)  ( 2.00    -0.3195)  ( 2.00    -0.1802)  ( 2.00    -0.1143)
                     ( 0.00     0.1713)

 CYCLE    7
  SDIIS (wt  1.000): -0.0009  0.0042  0.0037  0.0342  0.2788  0.6801
  DIIS coefficients: -0.0009  0.0042  0.0037  0.0342  0.2788  0.6801
 SCF Error: norm([F,P])=      0.001213546623, max([F,P])=      0.000417680670
 orbitals (Q,E):
 ---------------
 A1 :1...6           ( 2.00    -0.8968)  ( 2.00    -0.7834)  ( 2.00    -0.3844)  ( 2.00    -0.3195)
                     ( 2.00    -0.1802)  ( 0.00     0.1713)
 A2 :1...2           ( 2.00    -0.1691)  ( 0.00     0.4972)
 B1 :1...3           ( 2.00    -0.3151)  ( 2.00    -0.1690)  ( 0.00     0.0920)
 B2 :1...5           ( 2.00    -0.7835)  ( 2.00    -0.3195)  ( 2.00    -0.1802)  ( 2.00    -0.1144)
                     ( 0.00     0.1712)

 CYCLE    8
  SDIIS (wt  1.000): -0.0002  0.0009  0.0006  0.0075  0.0614  0.1508  0.7791
  DIIS coefficients: -0.0002  0.0009  0.0006  0.0075  0.0614  0.1508  0.7791
 SCF Error: norm([F,P])=      0.000012899135, max([F,P])=      0.000004353989
 orbitals (Q,E):
 ---------------
 A1 :1...6           ( 2.00    -0.8968)  ( 2.00    -0.7834)  ( 2.00    -0.3844)  ( 2.00    -0.3195)
                     ( 2.00    -0.1802)  ( 0.00     0.1713)
 A2 :1...2           ( 2.00    -0.1691)  ( 0.00     0.4972)
 B1 :1...3           ( 2.00    -0.3151)  ( 2.00    -0.1690)  ( 0.00     0.0920)
 B2 :1...5           ( 2.00    -0.7835)  ( 2.00    -0.3195)  ( 2.00    -0.1803)  ( 2.00    -0.1144)
                     ( 0.00     0.1712)

 CYCLE    9
  SDIIS (wt  1.000): -0.0000 -0.0000 -0.0000 -0.0001 -0.0012 -0.0027  0.1355  0.8685
  DIIS coefficients: -0.0000 -0.0000 -0.0000 -0.0001 -0.0012 -0.0027  0.1355  0.8685
 SCF Error: norm([F,P])=      0.000002589944, max([F,P])=      0.000000669683
 orbitals (Q,E):
 ---------------
 A1 :1...6           ( 2.00    -0.8968)  ( 2.00    -0.7834)  ( 2.00    -0.3844)  ( 2.00    -0.3195)
                     ( 2.00    -0.1802)  ( 0.00     0.1713)
 A2 :1...2           ( 2.00    -0.1691)  ( 0.00     0.4972)
 B1 :1...3           ( 2.00    -0.3151)  ( 2.00    -0.1690)  ( 0.00     0.0920)
 B2 :1...5           ( 2.00    -0.7835)  ( 2.00    -0.3195)  ( 2.00    -0.1803)  ( 2.00    -0.1144)
                     ( 0.00     0.1712)

 SCF CONVERGED
 cosmo_calcen: 0.5 (esolb+esolc) (Hartrees) =   -0.407252

 Solvation energy (screening term,uncorrected) =   -255.554491 kcal/mol

 Solvation energy (dispersion and cavitation terms) =      0.531456 kcal/mol
 Solvation Energy Contributions (Hartrees)
          esola   esolb+esolc
     0.40725196   -0.81450392
 esol last cycle   -0.40725196

 CYCLE   10
 *** Using FIT density in Focky
  SDIIS (wt  1.000):  0.0000 -0.0000 -0.0000 -0.0001 -0.0008 -0.0019  0.0378  0.2722  0.6927
  DIIS coefficients:  0.0000 -0.0000 -0.0000 -0.0001 -0.0008 -0.0019  0.0378  0.2722  0.6927
 SCF Error: norm([F,P])=      0.000000321664, max([F,P])=      0.000000076401
 orbitals (Q,E):
 ---------------
 A1 :1...15          ( 2.00    -0.8968)  ( 2.00    -0.7834)  ( 2.00    -0.3844)  ( 2.00    -0.3195)
                     ( 2.00    -0.1802)  ( 0.00     0.1713)  ( 0.00     0.1837)  ( 0.00     0.3781)
                     ( 0.00     0.4274)  ( 0.00     0.4927)  ( 0.00     0.5203)  ( 0.00     0.6770)
                     ( 0.00     1.0095)  ( 0.00     1.1800)  ( 0.00     1.4835)
 A2 :1...7           ( 2.00    -0.1691)  ( 0.00     0.4972)  ( 0.00     0.9736)  ( 0.00     1.3290)
                     ( 0.00     1.3340)  ( 0.00     2.3939)  ( 0.00     4.3053)
 B1 :1...12          ( 2.00    -0.3151)  ( 2.00    -0.1690)  ( 0.00     0.0920)  ( 0.00     0.1777)
                     ( 0.00     0.4974)  ( 0.00     0.6977)  ( 0.00     0.9737)  ( 0.00     1.3293)
                     ( 0.00     1.5887)  ( 0.00     2.3938)  ( 0.00     2.5545)  ( 0.00     4.3052)
 B2 :1...14          ( 2.00    -0.7835)  ( 2.00    -0.3195)  ( 2.00    -0.1803)  ( 2.00    -0.1144)
                     ( 0.00     0.1712)  ( 0.00     0.3782)  ( 0.00     0.5206)  ( 0.00     0.6384)
                     ( 0.00     0.6769)  ( 0.00     1.1797)  ( 0.00     1.4835)  ( 0.00     1.6002)
                     ( 0.00     1.7656)  ( 0.00     2.2883)
 cosmo_calcen: 0.5 (esolb+esolc) (Hartrees) =   -0.407252

 Solvation energy (screening term,uncorrected) =   -255.554492 kcal/mol

 Solvation energy (dispersion and cavitation terms) =      0.531456 kcal/mol
 Solvation Energy Contributions (Hartrees)
          esola   esolb+esolc
     0.40725196   -0.81450393
 esol last cycle   -0.40725196


 Fit test: (difference of exact and fit density, squared integrated, result summed over spins)
         SCF:                                          0.00001679092324

 Gross Charges per Atom (Z minus electrons)
 ==========================================
             0.7113   -0.9039   -0.9036   -0.9039
 Net Total: -2.00000000



 =================================================================
 M U L T I P O L E   D E R I V E D   C H A R G E   A N A L Y S I S
 =================================================================

 See: M. Swart, P.Th. van Duijnen, J.G. Snijders, J.Comput.Chem., (2001), p. 79-88.

 --------------------------------------- 
 Multipole derived atomic charges (a.u.)
 --------------------------------------- 

        Atom    Level:     MDC-m        MDC-d        MDC-q
 ---------------------------------------------------------
     1     C            0.323799     0.695140     0.579651
     2     O           -0.774676    -0.898468    -0.819886
     3     O           -0.774448    -0.898204    -0.939879
     4     O           -0.774676    -0.898468    -0.819886
 *** Using NEW gradient routines ***


 Geometry CYCLE 3
 ==============

 Energy gradients wrt nuclear displacements
 ==========================================

     Atom      Cartesian (a.u./angstrom)
                 X         Y         Z
 ----------------------------------------
     1 C     0.000000  0.000000 -0.000149
     2 O     0.000000  0.000337 -0.000082
     3 O     0.000000  0.000000  0.000313
     4 O    -0.000000 -0.000337 -0.000082
 ----------------------------------------

 dE(predicted):    -0.66356E-04, dE(actual):    -0.81719E-04, Trust radius:    0.400000, all in a.u.
 
---------------------------------------------------------
Geometry Convergence after Step   3       ** CONVERGED **
---------------------------------------------------------
current energy                               -1.33843659 Hartree
energy change                      -0.00008172     0.00100000    T
constrained gradient max            0.00033651     0.00100000    T
constrained gradient rms            0.00017330     0.00066667    T
gradient max                        0.00033651
gradient rms                        0.00017330
cart. step max                      0.00023822     0.01000000    T
cart. step rms                      0.00013745     0.00666667    T
 

 Number of elements of the density matrix on this node (used, total):       190      2926



 ===========================================
 Numerical Integration : Fuzzy Cells (Becke)
 ===========================================
  
 Becke grid quality: GOOD           
  
 Lebedev angular grid order:             min:  11 max:  31
 Nr. of radial points:                   min:  58 max:  58

 Total nr. of points:      55656
 Nr. of blocks:              436
 Block length:               128
 Nr. of dummy points:        152


 Test of Precision of the Numerical Integration Grid
 ===================================================

 Integral of the Total Core Density:                   7.99999248826757
 Relative Error:                                      -9.390E-07


 -------------------------------------------
  COSMO surface
  Area             =          284.213
  Volume           =          408.740
  Number of Points =          700
 -------------------------------------------



 ========================
 Density Fitting (zlmFit)
 ========================
  
 ZlmFit Fit Quality: GOOD           
  
 Max L-expansion:                        min:   8 max:   8
 Nr. of radial interpolation points:     min:  84 max:  96



 =====
 S C F  ***  ScaSCF  ***
 =====
  
 Initial density matrix is taken from previous geometry

 CYCLE    1
 SCF Error: norm([F,P])=      0.042040785453, max([F,P])=      0.009439426983
 orbitals (Q,E):
 ---------------
 A1 :1...15          ( 2.00    -0.4783)  ( 2.00    -0.3657)  ( 2.00     0.0289)  ( 2.00     0.0948)
                     ( 2.00     0.2364)  ( 0.00     0.5516)  ( 0.00     0.5828)  ( 0.00     0.7834)
                     ( 0.00     0.8276)  ( 0.00     0.9078)  ( 0.00     0.9342)  ( 0.00     1.0803)
                     ( 0.00     1.4291)  ( 0.00     1.5971)  ( 0.00     1.8889)
 A2 :1...7           ( 2.00     0.2460)  ( 0.00     0.8996)  ( 0.00     1.3904)  ( 0.00     1.7453)
                     ( 0.00     1.7517)  ( 0.00     2.8090)  ( 0.00     4.7179)
 B1 :1...12          ( 2.00     0.1013)  ( 2.00     0.2460)  ( 0.00     0.5064)  ( 0.00     0.5537)
                     ( 0.00     0.8997)  ( 0.00     1.0923)  ( 0.00     1.3905)  ( 0.00     1.7457)
                     ( 0.00     1.9999)  ( 0.00     2.8089)  ( 0.00     2.9673)  ( 0.00     4.7178)
 B2 :1...14          ( 2.00    -0.3658)  ( 2.00     0.0948)  ( 2.00     0.2363)  ( 2.00     0.3028)
                     ( 0.00     0.5515)  ( 0.00     0.7835)  ( 0.00     0.9344)  ( 0.00     1.0454)
                     ( 0.00     1.0802)  ( 0.00     1.5968)  ( 0.00     1.8889)  ( 0.00     2.0144)
                     ( 0.00     2.1814)  ( 0.00     2.6966)

 CYCLE    2
  SDIIS (wt  0.000):  0.6665  0.3335
 A-DIIS (wt  1.000):  0.7143  0.2857
  DIIS coefficients:  0.7143  0.2857
 SCF Error: norm([F,P])=      0.079589484015, max([F,P])=      0.020510633628
 orbitals (Q,E):
 ---------------
 A1 :1...6           ( 2.00    -0.6041)  ( 2.00    -0.4910)  ( 2.00    -0.0940)  ( 2.00    -0.0286)
                     ( 2.00     0.1127)  ( 0.00     0.4415)
 A2 :1...2           ( 2.00     0.1227)  ( 0.00     0.7820)
 B1 :1...3           ( 2.00    -0.0227)  ( 2.00     0.1227)  ( 0.00     0.3829)
 B2 :1...5           ( 2.00    -0.4911)  ( 2.00    -0.0286)  ( 2.00     0.1126)  ( 2.00     0.1787)
                     ( 0.00     0.4414)

 CYCLE    3
  SDIIS (wt  0.000):  0.4504  0.0385  0.5112
 A-DIIS (wt  1.000):  0.3843  0.0000  0.6157
  DIIS coefficients:  0.3843  0.0000  0.6157
 SCF Error: norm([F,P])=      0.032184829288, max([F,P])=      0.006623622284
 orbitals (Q,E):
 ---------------
 A1 :1...6           ( 2.00    -0.7402)  ( 2.00    -0.6268)  ( 2.00    -0.2287)  ( 2.00    -0.1636)
                     ( 2.00    -0.0231)  ( 0.00     0.3165)
 A2 :1...2           ( 2.00    -0.0126)  ( 0.00     0.6502)
 B1 :1...3           ( 2.00    -0.1585)  ( 2.00    -0.0125)  ( 0.00     0.2477)
 B2 :1...5           ( 2.00    -0.6268)  ( 2.00    -0.1636)  ( 2.00    -0.0231)  ( 2.00     0.0429)
                     ( 0.00     0.3164)

 CYCLE    4
  SDIIS (wt  0.969): -0.0902 -0.3812  1.4714
 A-DIIS (wt  0.031):  0.0000  0.0000  1.0000
  DIIS coefficients: -0.0874 -0.3693  1.4567
 SCF Error: norm([F,P])=      0.015550115849, max([F,P])=      0.004095622446
 orbitals (Q,E):
 ---------------
 A1 :1...6           ( 2.00    -0.8968)  ( 2.00    -0.7837)  ( 2.00    -0.3849)  ( 2.00    -0.3199)
                     ( 2.00    -0.1808)  ( 0.00     0.1710)
 A2 :1...2           ( 2.00    -0.1698)  ( 0.00     0.4969)
 B1 :1...3           ( 2.00    -0.3150)  ( 2.00    -0.1697)  ( 0.00     0.0923)
 B2 :1...5           ( 2.00    -0.7838)  ( 2.00    -0.3199)  ( 2.00    -0.1808)  ( 2.00    -0.1152)
                     ( 0.00     0.1710)

 CYCLE    5
  SDIIS (wt  0.969):  0.0181 -0.5407  1.0367  0.4859
 A-DIIS (wt  0.031):  0.0000  0.0000  0.0000  1.0000
  DIIS coefficients:  0.0176 -0.5238  1.0043  0.5019
 SCF Error: norm([F,P])=      0.014740802606, max([F,P])=      0.004391019266
 orbitals (Q,E):
 ---------------
 A1 :1...6           ( 2.00    -0.8968)  ( 2.00    -0.7833)  ( 2.00    -0.3843)  ( 2.00    -0.3194)
                     ( 2.00    -0.1801)  ( 0.00     0.1713)
 A2 :1...2           ( 2.00    -0.1690)  ( 0.00     0.4973)
 B1 :1...3           ( 2.00    -0.3150)  ( 2.00    -0.1689)  ( 0.00     0.0921)
 B2 :1...5           ( 2.00    -0.7833)  ( 2.00    -0.3194)  ( 2.00    -0.1801)  ( 2.00    -0.1143)
                     ( 0.00     0.1713)

 CYCLE    6
  SDIIS (wt  1.000): -0.0113  0.0251 -0.0176  0.0854  0.9183
  DIIS coefficients: -0.0113  0.0251 -0.0176  0.0854  0.9183
 SCF Error: norm([F,P])=      0.001791553732, max([F,P])=      0.000447145014
 orbitals (Q,E):
 ---------------
 A1 :1...6           ( 2.00    -0.8968)  ( 2.00    -0.7834)  ( 2.00    -0.3844)  ( 2.00    -0.3195)
                     ( 2.00    -0.1802)  ( 0.00     0.1713)
 A2 :1...2           ( 2.00    -0.1691)  ( 0.00     0.4972)
 B1 :1...3           ( 2.00    -0.3151)  ( 2.00    -0.1690)  ( 0.00     0.0920)
 B2 :1...5           ( 2.00    -0.7835)  ( 2.00    -0.3195)  ( 2.00    -0.1802)  ( 2.00    -0.1144)
                     ( 0.00     0.1712)

 CYCLE    7
  SDIIS (wt  1.000): -0.0038  0.0084 -0.0058  0.0282  0.3020  0.6710
  DIIS coefficients: -0.0038  0.0084 -0.0058  0.0282  0.3020  0.6710
 SCF Error: norm([F,P])=      0.000027340308, max([F,P])=      0.000005855063
 orbitals (Q,E):
 ---------------
 A1 :1...6           ( 2.00    -0.8968)  ( 2.00    -0.7834)  ( 2.00    -0.3844)  ( 2.00    -0.3195)
                     ( 2.00    -0.1802)  ( 0.00     0.1713)
 A2 :1...2           ( 2.00    -0.1691)  ( 0.00     0.4972)
 B1 :1...3           ( 2.00    -0.3151)  ( 2.00    -0.1690)  ( 0.00     0.0920)
 B2 :1...5           ( 2.00    -0.7835)  ( 2.00    -0.3195)  ( 2.00    -0.1802)  ( 2.00    -0.1144)
                     ( 0.00     0.1712)

 CYCLE    8
  SDIIS (wt  1.000): -0.0003  0.0005 -0.0002  0.0020  0.0190  0.5911  0.3880
  DIIS coefficients: -0.0003  0.0005 -0.0002  0.0020  0.0190  0.5911  0.3880
 SCF Error: norm([F,P])=      0.000039931393, max([F,P])=      0.000010981065
 orbitals (Q,E):
 ---------------
 A1 :1...6           ( 2.00    -0.8968)  ( 2.00    -0.7834)  ( 2.00    -0.3844)  ( 2.00    -0.3195)
                     ( 2.00    -0.1802)  ( 0.00     0.1713)
 A2 :1...2           ( 2.00    -0.1691)  ( 0.00     0.4972)
 B1 :1...3           ( 2.00    -0.3151)  ( 2.00    -0.1690)  ( 0.00     0.0920)
 B2 :1...5           ( 2.00    -0.7835)  ( 2.00    -0.3195)  ( 2.00    -0.1803)  ( 2.00    -0.1144)
                     ( 0.00     0.1712)

 CYCLE    9
  SDIIS (wt  1.000):  0.0001 -0.0002  0.0001 -0.0004 -0.0051  0.1617  0.1245  0.7193
  DIIS coefficients:  0.0001 -0.0002  0.0001 -0.0004 -0.0051  0.1617  0.1245  0.7193
 SCF Error: norm([F,P])=      0.000001975614, max([F,P])=      0.000000468112
 orbitals (Q,E):
 ---------------
 A1 :1...6           ( 2.00    -0.8968)  ( 2.00    -0.7834)  ( 2.00    -0.3844)  ( 2.00    -0.3195)
                     ( 2.00    -0.1802)  ( 0.00     0.1713)
 A2 :1...2           ( 2.00    -0.1691)  ( 0.00     0.4972)
 B1 :1...3           ( 2.00    -0.3151)  ( 2.00    -0.1690)  ( 0.00     0.0920)
 B2 :1...5           ( 2.00    -0.7835)  ( 2.00    -0.3195)  ( 2.00    -0.1803)  ( 2.00    -0.1144)
                     ( 0.00     0.1712)

 SCF CONVERGED
 cosmo_calcen: 0.5 (esolb+esolc) (Hartrees) =   -0.407252

 Solvation energy (screening term,uncorrected) =   -255.554492 kcal/mol

 Solvation energy (dispersion and cavitation terms) =      0.531456 kcal/mol
 Solvation Energy Contributions (Hartrees)
          esola   esolb+esolc
     0.40725196   -0.81450393
 esol last cycle   -0.40725196

 CYCLE   10
1
 ***************************************************************************************************



                                                *******************
                                                *  R E S U L T S  *
                                                *******************
  
 *** Using FIT density in Focky
  SDIIS (wt  1.000):  0.0000 -0.0000  0.0000 -0.0001 -0.0014  0.0378  0.0295  0.1863  0.7479
  DIIS coefficients:  0.0000 -0.0000  0.0000 -0.0001 -0.0014  0.0378  0.0295  0.1863  0.7479
 SCF Error: norm([F,P])=      0.000000134152, max([F,P])=      0.000000027000

 Scaled ZORA Orbital Energies, per Irrep and Spin:
 =================================================
                        Occup              E (au)              E (eV)       Diff (eV) with prev. cycle
                        -----      --------------------        ------       --------------------------
 A1
               1        2.000     -0.89684151809307E+00       -24.404               3.96E-08
               2        2.000     -0.78338764256368E+00       -21.317              -6.44E-08
               3        2.000     -0.38442886123740E+00       -10.461               2.22E-07
               4        2.000     -0.31950223399934E+00        -8.694               1.90E-07
               5        2.000     -0.18022039691382E+00        -4.904               1.02E-07
               6        0.000      0.17127234836177E+00         4.661
               7        0.000      0.18368336444211E+00         4.998
               8        0.000      0.37811708920367E+00        10.289
               9        0.000      0.42741016853778E+00        11.630
              10        0.000      0.49273163444344E+00        13.408
              11        0.000      0.52033469117318E+00        14.159
              12        0.000      0.67698568996224E+00        18.422
              13        0.000      0.10094576852017E+01        27.469
              14        0.000      0.11800090568290E+01        32.110
              15        0.000      0.14835493884383E+01        40.369
 A2
               1        2.000     -0.16911402210567E+00        -4.602               1.27E-07
               2        0.000      0.49724838594203E+00        13.531
               3        0.000      0.97361853856634E+00        26.494
               4        0.000      0.13289710226059E+01        36.163
               5        0.000      0.13339625464140E+01        36.299
               6        0.000      0.23938612456220E+01        65.140
               7        0.000      0.43053168350709E+01       117.154
 B1
               1        2.000     -0.31507306792518E+00        -8.574               1.45E-07
               2        2.000     -0.16904861487278E+00        -4.600               1.12E-08
               3        0.000      0.92039779541789E-01         2.505
               4        0.000      0.17771161332919E+00         4.836
               5        0.000      0.49737909116552E+00        13.534
               6        0.000      0.69768895276871E+00        18.985
               7        0.000      0.97368527844397E+00        26.495
               8        0.000      0.13292801516595E+01        36.172
               9        0.000      0.15887032574116E+01        43.231
              10        0.000      0.23937991196019E+01        65.139
              11        0.000      0.25545419047019E+01        69.513
              12        0.000      0.43052367191841E+01       117.151
 B2
               1        2.000     -0.78345526375608E+00       -21.319               1.09E-07
               2        2.000     -0.31954032615631E+00        -8.695               1.44E-07
               3        2.000     -0.18025043675428E+00        -4.905               2.32E-08
               4        2.000     -0.11442931733819E+00        -3.114               8.48E-08
               5        0.000      0.17122881847512E+00         4.659
               6        0.000      0.37819329218388E+00        10.291
               7        0.000      0.52062636910904E+00        14.167
               8        0.000      0.63844557785298E+00        17.373
               9        0.000      0.67688122262111E+00        18.419
              10        0.000      0.11797396515292E+01        32.102
              11        0.000      0.14834914262120E+01        40.368
              12        0.000      0.16002344957700E+01        43.545
              13        0.000      0.17656271741249E+01        48.045
              14        0.000      0.22882591104845E+01        62.267
  
 HOMO :        4 B2               -0.11442931733819E+00
 LUMO :        3 B1                0.92039779541789E-01
  


 Orbital Energies, all Irreps
 ========================================

 Irrep        no.  (spin)   Occup              E (au)                E (eV)
 ---------------------------------------------------------------------------
 A1            1             2.00       -0.89684151809307E+00       -24.4043
 B2            1             2.00       -0.78345526375608E+00       -21.3189
 A1            2             2.00       -0.78338764256368E+00       -21.3171
 A1            3             2.00       -0.38442886123740E+00       -10.4608
 B2            2             2.00       -0.31954032615631E+00        -8.6951
 A1            4             2.00       -0.31950223399934E+00        -8.6941
 B1            1             2.00       -0.31507306792518E+00        -8.5736
 B2            3             2.00       -0.18025043675428E+00        -4.9049
 A1            5             2.00       -0.18022039691382E+00        -4.9040
 A2            1             2.00       -0.16911402210567E+00        -4.6018
 B1            2             2.00       -0.16904861487278E+00        -4.6000
 B2            4             2.00       -0.11442931733819E+00        -3.1138
 B1            3             0.00        0.92039779541789E-01         2.5045
 B2            5             0.00        0.17122881847512E+00         4.6594
 A1            6             0.00        0.17127234836177E+00         4.6606
 B1            4             0.00        0.17771161332919E+00         4.8358
 A1            7             0.00        0.18368336444211E+00         4.9983
 A1            8             0.00        0.37811708920367E+00        10.2891
 B2            6             0.00        0.37819329218388E+00        10.2912
 A1            9             0.00        0.42741016853778E+00        11.6304
 A1           10             0.00        0.49273163444344E+00        13.4079
 A2            2             0.00        0.49724838594203E+00        13.5308
 B1            5             0.00        0.49737909116552E+00        13.5344
 A1           11             0.00        0.52033469117318E+00        14.1590
 B2            7             0.00        0.52062636910904E+00        14.1670
 B2            8             0.00        0.63844557785298E+00        17.3730
 B2            9             0.00        0.67688122262111E+00        18.4189
 A1           12             0.00        0.67698568996224E+00        18.4217
 B1            6             0.00        0.69768895276871E+00        18.9851
 A2            3             0.00        0.97361853856634E+00        26.4935
 B1            7             0.00        0.97368527844397E+00        26.4953
 A1           13             0.00        0.10094576852017E+01        27.4687
 B2           10             0.00        0.11797396515292E+01        32.1023
 A1           14             0.00        0.11800090568290E+01        32.1097
 A2            4             0.00        0.13289710226059E+01        36.1631
 B1            8             0.00        0.13292801516595E+01        36.1716
 A2            5             0.00        0.13339625464140E+01        36.2990
 B2           11             0.00        0.14834914262120E+01        40.3679
 A1           15             0.00        0.14835493884383E+01        40.3694
 B1            9             0.00        0.15887032574116E+01        43.2308
 B2           12             0.00        0.16002344957700E+01        43.5446
 A1           16             0.00        0.16004865361049E+01        43.5515
 B2           13             0.00        0.17656271741249E+01        48.0452
 A1           17             0.00        0.18167479112703E+01        49.4362
 A1           18             0.00        0.20524580283794E+01        55.8502
 B2           14             0.00        0.22882591104845E+01        62.2667
 A1           19             0.00        0.22885301471546E+01        62.2741
 B1           10             0.00        0.23937991196019E+01        65.1386
 A2            6             0.00        0.23938612456220E+01        65.1403
 A1           20             0.00        0.24327985054794E+01        66.1998
 B1           11             0.00        0.25545419047019E+01        69.5126
 A1           21             0.00        0.28516520421352E+01        77.5974
 B2           15             0.00        0.28517862483516E+01        77.6011
 B2           16             0.00        0.34618181610968E+01        94.2009
 A1           22             0.00        0.34619773088521E+01        94.2052
 B1           12             0.00        0.43052367191841E+01       117.1515
 A2            7             0.00        0.43053168350709E+01       117.1536
 B2           17             0.00        0.44142822402694E+01       120.1187
 B1           13             0.00        0.46344357001361E+01       126.1094
 A1           23             0.00        0.46890485549659E+01       127.5955
 B2           18             0.00        0.46891717765375E+01       127.5989
 A1           24             0.00        0.51183937222608E+01       139.2786
 B2           19             0.00        0.64578061729836E+01       175.7258
 A1           25             0.00        0.64586257387678E+01       175.7481
 A1           26             0.00        0.12526195640653E+02       340.8551
 B2           20             0.00        0.33092513664721E+02       900.4931
 A1           27             0.00        0.33094002755140E+02       900.5336
 A1           28             0.00        0.33453113375354E+02       910.3055
 cosmo_calcen: 0.5 (esolb+esolc) (Hartrees) =   -0.407252

 Solvation energy (screening term,uncorrected) =   -255.554492 kcal/mol

 Solvation energy (dispersion and cavitation terms) =      0.531456 kcal/mol
 Solvation Energy Contributions (Hartrees)
          esola   esolb+esolc
     0.40725196   -0.81450393
 esol last cycle   -0.40725196


 Scaled ZORA Orbital Energies of the Core Orbitals:
 ==================================================

 (Note that the atoms are grouped by atomtype, see the labels, and may hence NOT be in input order)

 AtomType  Orbital  Atom                   E (au)                        E (eV)
 --------  -------  ----           --------------------        ----------------
 C           1S        1          -0.99591991763472E+01                -271.004
 O           1S        2          -0.18668377019224E+02                -507.992
                       3          -0.18668263827002E+02                -507.989
                       4          -0.18668377019224E+02                -507.992


 Fit test: (difference of exact and fit density, squared integrated, result summed over spins)
         Sum-of-Fragments:                             0.00000000003324
         Orthogonalized Fragments:                     0.00001548338950
         SCF:                                          0.00001679092327



 ==========================
 Electron Density at Nuclei
 ==========================
  
 The electron density is calculated at points on a small sphere around the center of a nucleus.
 The printed electron density is the average electron density on these points.
 The radius of the sphere is the printed approximate finite nuclear radius.
 Note: ZORA-4 density is used, which includes small component density

         Atom        Nuclear Radius (Angstrom)             Electron Density (a.u.)
         ----        -------------------------             -----------------------
     1)   C                 0.0000320678                              126.31511
     2)   O                 0.0000345546                              315.41984
     3)   O                 0.0000345546                              315.42018
     4)   O                 0.0000345546                              315.41984



 ===========================================
 L O C A L   Q T A I M   P R O P E R T I E S
 ===========================================
  
 Module written by Juan I. Rodriguez-Hernandez,
 ESFM-Instituto Politecnico Nacional-Mexico.
 Any questions/comments to: juan@esfm.ipn.mx and/or SCM technical support.
 This subroutine was vectorized, its efficientcy is reported in
 Juan I. Rodriguez et. al., J. Comput. Chem. 34, 681 (2013).
 Additional CP properties added by L. Joubert and V. Tognetti,
 University of Rouen, France.
  
  
  THIS IS THE GEOMETRY IN THE CP SEARCH (ANGSTROM):
  
 Atom              X            Y           Z
  1  6         0.000000    0.000000   -0.285662
  2  8         0.000000    1.135611    0.369455
  3  8         0.000000    0.000000   -1.596390
  4  8         0.000000   -1.135611    0.369455
  
 TOTAL NUMBER OF CRITICAL POINTS:            7
 NUMBER OF (3,-1) CRITICAL POINTS:           3
 NUMBER OF (3,+1) CRITICAL POINTS:           0
 NUMBER OF (3,+3) CRITICAL POINTS:           0
 NUMBER OF (3,-3) CRITICAL POINTS:           4
    Poincare-Hopf satisfied
  
 --------------------------------------------------------
CP #    1
(RANK,SIGNATURE):     (3,-3)    

CP COORDINATES:      0.000000    0.000000   -0.285662

VALUES OF SOME FUNCTIONS AT CPs (a.u.):

                Rho =    0.1270725E+03
 --------------------------------------------------------
CP #    2
(RANK,SIGNATURE):     (3,-3)    

CP COORDINATES:      0.000000    1.135611    0.369455

VALUES OF SOME FUNCTIONS AT CPs (a.u.):

                Rho =    0.3187579E+03
 --------------------------------------------------------
CP #    3
(RANK,SIGNATURE):     (3,-3)    

CP COORDINATES:      0.000000    0.000000   -1.596390

VALUES OF SOME FUNCTIONS AT CPs (a.u.):

                Rho =    0.3187583E+03
 --------------------------------------------------------
CP #    4
(RANK,SIGNATURE):     (3,-3)    

CP COORDINATES:      0.000000   -1.135611    0.369455

VALUES OF SOME FUNCTIONS AT CPs (a.u.):

                Rho =    0.3187579E+03
 --------------------------------------------------------
CP #    5
(RANK,SIGNATURE):     (3,-1)    

CP COORDINATES:     -0.000000   -0.428160   -0.038604

EIGENVALUES OF HESSIAN MATRIX:

     -0.8083851E+00  -0.7144413E+00   0.7002902E+00

EIGENVECTORS (ORTHONORMAL) OF HESSIAN MATRIX (COLUMNS):

      0.3937211E-24   0.1000000E+01   0.6825515E-24
      0.4996667E+00  -0.7879676E-24   0.8662178E+00
      0.8662178E+00   0.0000000E+00  -0.4996667E+00


HESSIAN MATRIX:

     -0.7144413E+00   0.8921805E-24  -0.5145311E-24
                      0.3236241E+00  -0.6529851E+00
                                     -0.4317190E+00

VALUES OF SOME FUNCTIONS AT CPs (a.u.):

                Rho =    0.3350263E+00
        |GRAD(Rho)| =    0.1204353E-15
         GRAD(Rho)x =    0.2323778E-23
         GRAD(Rho)y =    0.1179612E-15
         GRAD(Rho)z =   -0.2428613E-16
          Laplacian =   -0.8225363E+00
 (-1/4)Del**2(Rho)) =    0.2056341E+00
            Diamond =    0.1654319E+01
        Metallicity =   -0.1353909E+02
        Ellipticity =    0.1314927E+00

INHOMOGENEITY PARAMETERS AT CPs (a.u.)

            Delta_u =    0.7419476E+00
            Delta_s =    0.5153447E+00
            Delta_t =    0.6694621E+00
            Inhom_s =    0.1940449E+01
           Inhom_ex =    0.1396531E+01
 
ENERGY COMPONENTS AT CPs (a.u.)

        Gb(Abramov) =    0.3269270E+00
        Vb(Abramov) =   -0.8594882E+00
        Hb(Abramov) =   -0.5325611E+00
             Ex_ueg =   -0.1718529E+00
             Ec_ueg =   -0.2125635E-01
           Delta_ex =    0.8811622E-01
           Delta_ec =    0.2027492E-01
           Delta_et =   -0.5221964E+00
                Pxc =    0.8084780E+01
                Qxc =    0.4346069E+01


 --------------------------------------------------------
CP #    6
(RANK,SIGNATURE):     (3,-1)    

CP COORDINATES:     -0.000000    0.000000   -0.779761

EIGENVALUES OF HESSIAN MATRIX:

     -0.8092693E+00  -0.7151652E+00   0.7013222E+00

EIGENVECTORS (ORTHONORMAL) OF HESSIAN MATRIX (COLUMNS):

     -0.1810121E-14  -0.1000000E+01   0.1072084E-13
     -0.1000000E+01   0.1561839E-14  -0.1096195E-13
     -0.1096195E-13   0.1072084E-13   0.1000000E+01


HESSIAN MATRIX:

     -0.7151652E+00  -0.6390160E-26   0.1518593E-13
                     -0.8092693E+00  -0.1655903E-13
                                      0.7013222E+00

VALUES OF SOME FUNCTIONS AT CPs (a.u.):

                Rho =    0.3352450E+00
        |GRAD(Rho)| =    0.2752323E-12
         GRAD(Rho)x =    0.3412773E-13
         GRAD(Rho)y =   -0.4021519E-13
         GRAD(Rho)z =    0.2701311E-12
          Laplacian =   -0.8231123E+00
 (-1/4)Del**2(Rho)) =    0.2057781E+00
            Diamond =    0.1658231E+01
        Metallicity =   -0.1354434E+02
        Ellipticity =    0.1315838E+00

INHOMOGENEITY PARAMETERS AT CPs (a.u.)

            Delta_u =    0.7428261E+00
            Delta_s =    0.5155059E+00
            Delta_t =    0.6697445E+00
            Inhom_s =    0.1939842E+01
           Inhom_ex =    0.1396523E+01
 
ENERGY COMPONENTS AT CPs (a.u.)

        Gb(Abramov) =    0.3273362E+00
        Vb(Abramov) =   -0.8604504E+00
        Hb(Abramov) =   -0.5331142E+00
             Ex_ueg =   -0.1720025E+00
             Ec_ueg =   -0.2127262E-01
           Delta_ex =    0.8819388E-01
           Delta_ec =    0.2029880E-01
           Delta_et =   -0.5229078E+00
                Pxc =    0.8085629E+01
                Qxc =    0.4344782E+01


 --------------------------------------------------------
CP #    7
(RANK,SIGNATURE):     (3,-1)    

CP COORDINATES:     -0.000000    0.428160   -0.038604

EIGENVALUES OF HESSIAN MATRIX:

     -0.8083851E+00  -0.7144413E+00   0.7002902E+00

EIGENVECTORS (ORTHONORMAL) OF HESSIAN MATRIX (COLUMNS):

      0.2058614E-23   0.1000000E+01  -0.3568796E-23
     -0.4996667E+00   0.4119975E-23   0.8662178E+00
      0.8662178E+00   0.0000000E+00   0.4996667E+00


HESSIAN MATRIX:

     -0.7144413E+00  -0.4664864E-23  -0.2690282E-23
                      0.3236241E+00   0.6529851E+00
                                     -0.4317190E+00

VALUES OF SOME FUNCTIONS AT CPs (a.u.):

                Rho =    0.3350263E+00
        |GRAD(Rho)| =    0.2155529E-15
         GRAD(Rho)x =    0.1215013E-22
         GRAD(Rho)y =   -0.1804112E-15
         GRAD(Rho)z =   -0.1179612E-15
          Laplacian =   -0.8225363E+00
 (-1/4)Del**2(Rho)) =    0.2056341E+00
            Diamond =    0.1654319E+01
        Metallicity =   -0.1353909E+02
        Ellipticity =    0.1314927E+00

INHOMOGENEITY PARAMETERS AT CPs (a.u.)

            Delta_u =    0.7419476E+00
            Delta_s =    0.5153447E+00
            Delta_t =    0.6694621E+00
            Inhom_s =    0.1940449E+01
           Inhom_ex =    0.1396531E+01
 
ENERGY COMPONENTS AT CPs (a.u.)

        Gb(Abramov) =    0.3269270E+00
        Vb(Abramov) =   -0.8594882E+00
        Hb(Abramov) =   -0.5325611E+00
             Ex_ueg =   -0.1718529E+00
             Ec_ueg =   -0.2125635E-01
           Delta_ex =    0.8811622E-01
           Delta_ec =    0.2027492E-01
           Delta_et =   -0.5221964E+00
                Pxc =    0.8084780E+01
                Qxc =    0.4346069E+01


 ----------------------------------------------------------------
 BOND PATHS (BP) AND PROPERTIES ALONG THEM ARE WRITTEN TO TAPE21
 ----------------------------------------------------------------
 #BP   #CP     Atom   Atom    Distance     BP Lenth    BP Steps
 -----------------------------------------------------------
   1     7       1      2     1.311027     1.311028      17
   2     6       1      3     1.310728     1.310728      17
   3     5       1      4     1.311027     1.311028      17
 -----------------------------------------------------------




 =======================================
 M U L L I K E N   P O P U L A T I O N S
 =======================================
  
 The survey below gives for each atom:
 a) the total charge (Z minus electrons)
 b) the net spin polarization (nr of electrons spin-A minus spin-B)
 c) for each spin the atomic electron valence density (integrated) per L-value.

 Atom              Charge    Spin density          S         P         D         F
 ----              ------    ------------       ------    ------    ------    ------
 1 C               0.7113                       0.7232    2.3527    0.2128    0.0000
 2 O              -0.9039                       1.8350    5.0291    0.0398    0.0000
 3 O              -0.9036                       1.8348    5.0290    0.0398    0.0000
 4 O              -0.9039                       1.8350    5.0291    0.0398    0.0000

 Populations of individual BAS functions
 ----------------------------------------
 1 C            0.0006 -0.0890  0.8541 -0.0425  0.0379  0.0153  0.0154  0.6093  0.5672  0.5672
                0.1383  0.2010  0.2010 -0.0084  0.0343  0.0343  0.0423  0.0679  0.0423
 2 O            0.0005  0.9054  0.9453 -0.0161  0.6494  0.4986  0.6444  0.7655  0.7785  0.8260
                0.2885  0.2688  0.3093 -0.0036  0.0086  0.0034  0.0186  0.0137 -0.0009
 3 O            0.0005  0.9052  0.9452 -0.0161  0.6492  0.7169  0.4260  0.7654  0.8497  0.7550
                0.2885  0.3295  0.2487 -0.0036  0.0008  0.0112 -0.0075  0.0077  0.0313
 4 O            0.0005  0.9054  0.9453 -0.0161  0.6494  0.4986  0.6444  0.7655  0.7785  0.8260
                0.2885  0.2688  0.3093 -0.0036  0.0086  0.0034  0.0186  0.0137 -0.0009

 Gross Charges per Atom (Z minus electrons)
 ==========================================
             0.7113   -0.9039   -0.9036   -0.9039
 Net Total: -2.00000000


 Atom-Atom Population Matrix (off-diagonal elements not doubled)
 ===============================================================

     1 :     1.6346
     2 :     0.5514    6.6320
     3 :     0.5514   -0.1399    6.6320
     4 :     0.5514   -0.1396   -0.1399    6.6320



 =================================================
 H I R S H F E L D   C H A R G E   A N A L Y S I S
 =================================================
  
 For each fragment: the (numerical) integral of rho(scf) * rho(fragment)/rho(sum-of-fragments)
 (nuclear charges are included, electrons are counted negative)

 The fragments and their ordering are defined in the early G E O M E T R Y output section.
 If you use single-atom fragments, this usually implies that all atoms of the same
 chemical type are grouped together. This may not be the order in which you listed them
 in the input file!

    1  C                        -0.0515
    2  O                        -0.6496
    3  O                        -0.6494
    4  O                        -0.6496

 Sum of these charges (accuracy NumInt/Tails) =          -1.99999265



 =============================
 V O R O N O I   C H A R G E S
 =============================
  
 For each atom: the (numerical) integral of the total electronic charge density in its Voronoi cell,
 i.e. the region of space that is closer to that atom than to any other atom.
 (cf. Wigner-Seitz cells in crystals)

 Within the Voronoi cell the subintegrals over the atomic sphere and the remaining part are evaluated
 separately to give the numbers of electrons (negative charge) in these regions.
 The net total charge in the cell (including the nuclear charge) is also given.

 Values are provided for
    a) the Initial (sum-of-fragments) density
    b) the Orthogonalized-Fragments density
    c) the SCF density
    d) the Voronoi Deformation Density (VDD): the difference SCF-Initial for the complete atomic cell


  Atom                Initial                    OrthFrag                   SCF
             Sphere RestCell NetTotal   Sphere RestCell NetTotal   Sphere RestCell NetTotal      VDD
 -----       ------------------------   ------------------------   ------------------------    -----
    1 C      -2.340   -3.226    0.434   -2.500   -3.064    0.436   -2.351   -3.066    0.584    0.149
    2 O      -3.676   -4.473   -0.149   -3.908   -4.240   -0.148   -3.718   -5.147   -0.866   -0.717
    3 O      -3.677   -4.459   -0.136   -3.909   -4.231   -0.140   -3.719   -5.133   -0.852   -0.716
    4 O      -3.676   -4.473   -0.149   -3.908   -4.240   -0.148   -3.718   -5.147   -0.866   -0.717
 ---------------------------------------------------------------------------------------------------
 Total NetCharge:               0.000                      0.000                     -2.000   -2.000
 (accuracy NumInt/Tails)

 Remark: the 'NetTotal' Voronoi charges often do not match the Mulliken and/or Hirshfeld charges very
 well. This is caused by the fact that chemically different atoms are not treated in accordance with
 their relative sizes. (Voronoi cells are defined by boundary planes halfway between the atoms.)
 However, the CHANGES in charge, comparing 'Initial' to 'SCF' for instance, do give a fair indication
 of the flow of charge caused by the relaxation from sum-of-fragments to self-consistency.

 Warning: the absolute accuracy of the VDD charges obtained using the Fuzzy Cells (Becke) integration
 scheme is much poorer than the one obtained with an 'equivalent' Voronoi integration grid. 



 =================================================================
 M U L T I P O L E   D E R I V E D   C H A R G E   A N A L Y S I S
 =================================================================

 This charge analysis uses the atomic multipoles (obtained from the fitted density) up to some level X,
 and reconstructs these multipoles exactly (up to level X) by distributing charges over all atoms.
 This is achieved by using Lagrange multipliers and a weight function to keep the multipoles local.

 Dummy atoms can be included (by setting INCDUM in MDC-block to 1) to obtain a fractional charge.
 This is generally useful and necessary only for small symmetrical molecules, when there are not
 enough degrees of freedom to reconstruct the multipoles.

 Since the atomic multipoles are reconstructed up to level X,
 the molecular multipoles are represented also up to level X.
 The recommended level is to reconstruct up to quadrupole : -> MDC-q charges.

 See: M. Swart, P.Th. van Duijnen, J.G. Snijders, J.Comput.Chem., (2001), p. 79-88.

 ------------------------------------------------------------- 
 Atomic electronic multipole moments from SCF equations (a.u.)
 ------------------------------------------------------------- 

   atom        charge        dip-x     dip-y     dip-z      quad-xx   quad-xy   quad-xz   quad-yy   quad-yz   quad-zz
 --------------------------------------------------------------------------------------------------------------------
    1 C      0.323799     0.000000  0.000000 -0.000192    -0.406422  0.000000  0.000000  0.203691  0.000000  0.202731
    2 O     -0.774676     0.000000 -0.460613 -0.266067    -0.418392  0.000000 -0.000000  0.641738  0.498858 -0.223346
    3 O     -0.774448    -0.000000 -0.000000  0.532352    -0.417991  0.000000 -0.000000 -0.654645 -0.000000  1.072636
    4 O     -0.774676    -0.000000  0.460613 -0.266067    -0.418392  0.000000 -0.000000  0.641738 -0.498858 -0.223346

 --------------------------------------- 
 Multipole derived atomic charges (a.u.)
 --------------------------------------- 

 The MDC-m charges are just the Monopole terms in the multipole expansion, while for the MDC-d charges
 also the Dipoles are reconstructed. The usually preferred charges are the MDC-q charges.
 These reconstruct the Monopoles, Dipoles and Quadrupoles (both atomic AND molecular).

        Atom    Level:     MDC-m        MDC-d        MDC-q
 ---------------------------------------------------------
     1     C            0.323799     0.695140     0.579651
     2     O           -0.774676    -0.898468    -0.819886
     3     O           -0.774448    -0.898204    -0.939879
     4     O           -0.774676    -0.898468    -0.819886

 ------------------------------------------------ 
 Average absolute deviations in atomic multipoles
 ------------------------------------------------ 

 Stated here are the average differences between the atomic multipoles
 and the reconstructed atomic multipoles (from the distributed charges).
 If these values are not zero, this means there are not enough degrees of freedom,
 to be able to reconstruct the atomic multipoles. (This usually happens only
 for small and/or highly symmetric molecules). If this is the case, one could add
 dummy atoms as extra point charges (and setting INCDUM in MDC-block to 1).

 Level:                                 MDC-d        MDC-q
 ---------------------------------------------------------
 Charge   (a.u.)                       0.0000       0.0000
 Dipole   (Debye)                      0.0000       0.1789
 Quad.    (a.u.)                       0.1930       0.0096

 --------------------------------------- 
 Represented molecular multipole moments
 --------------------------------------- 

 Given here are the Molecular multipole moments from the atomic charges, and from the Fit Density.
 Note that the atomic charges represent the latter, NOT the ones from the Exact density.

            Q (a.u.)             Dipole moment (Debye)                                          Quadrupole moment (a.u.)
                                 x         y         z              xx        xy        xz        yy        yz        zz
------------------------------------------------------------------------------------------------------------------------
MDC-m        -2.0000        0.0000   -0.0000    2.7446          7.4221    0.0000    0.0000   -3.2808   -0.0000   -4.1413
MDC-d        -2.0000        0.0000   -0.0000    2.7447          8.5615    0.0000    0.0000   -3.8516   -0.0000   -4.7099
MDC-q        -2.0000        0.0000    0.0000    3.5016          8.3678    0.0000    0.0000   -2.9596    0.0000   -5.4081
 
Fit.Dens.    -2.0000       -0.0000   -0.0000    2.7447          9.7152    0.0000    0.0000   -4.4248   -0.0000   -5.2904



 =============
 Dipole Moment  ***  (Debye)  ***
 =============
  
 Vector   :         0.00000000      0.00000000      2.74458618
 Magnitude:         2.74458618

 This molecular dipole moment is calculated with analytic integration
 ************************************************************************************
 Since the molecule is NOT NEUTRAL, the dipole moment depends on the choice of origin
 ************************************************************************************



 =========================================
 Quadrupole Moment (Buckingham convention)  ***  (a.u.)  ***
 =========================================
  
      quad-xx        quad-xy        quad-xz        quad-yy        quad-yz        quad-zz
      9.71539711     0.00000000     0.00000000    -4.42487525     0.00000000    -5.29052186

 This molecular quadrupole moment is calculated with analytic integration
1



 ===========================
 B O N D I N G   E N E R G Y  ***  (decomposition)  ***
 ===========================
  
*** IMPORTANT NOTE ***

The bond energy is computed as an energy difference between molecule and
fragments. In particular when the fragments are single atoms, they are usually
computed as SPHERICALLY SYMMETRIC and SPIN-RESTRICTED. Obviously, this usually
does NOT represent the true atomic groundstate.

To obtain the 'real' bond energy, (atomic) correction terms must be applied
for the true (multiplet) fragment ground state. See ref: E.J.Baerends,
V.Branchadell, M.Sodupe, Chem.Phys.Lett.265 (1997) 481

General theoretical background on the bond energy decomposition scheme used
here (Morokuma-Ziegler) can be found in the review paper:
F.M. Bickelhaupt and E.J. Baerends,
"Kohn-Sham Density Functional Theory: Predicting and Understanding Chemistry"
In: Rev. Comput. Chem.; Lipkowitz, K. B. and Boyd, D. B., Eds.;
Wiley-VCH: New York, 2000, Vol. 15, 1-86.

Symbols used in the Bickelhaupt-Baerends (BB) paper are given below to make
the direct connection to that paper, where detailed explanations can be found
on the meaning of the various terms.


                                                   hartree              eV         kcal/mol           kJ/mol
                                      --------------------     -----------       ----------      -----------

Pauli Repulsion
  Kinetic (Delta T^0):                  12.757455498403047        347.1480          8005.43         33494.69
  Delta V^Pauli Coulomb:                -7.654025043290489       -208.2766         -4802.97        -20095.64
  Delta V^Pauli LDA-XC:                 -1.447029897727470        -39.3757          -908.03         -3799.18
  Delta V^Pauli GGA-Exchange:            0.059719783122887          1.6251            37.47           156.79
  Delta V^Pauli GGA-Correlation:        -0.012591421493156         -0.3426            -7.90           -33.06
                                      --------------------     -----------       ----------      -----------
  Total Pauli Repulsion:                 3.703528919014819        100.7781          2324.00          9723.61
 (Total Pauli Repulsion =
  Delta E^Pauli in BB paper)

Steric Interaction
  Pauli Repulsion (Delta E^Pauli):       3.703528919014819        100.7781          2324.00          9723.61
  Electrostatic Interaction:            -0.876101404082585        -23.8399          -549.76         -2300.20
 (Electrostatic Interaction =
  Delta V_elstat in the BB paper)
                                      --------------------     -----------       ----------      -----------
  Total Steric Interaction:              2.827427514932235         76.9382          1774.24          7423.41
 (Total Steric Interaction =
  Delta E^0 in the BB paper)

Orbital Interactions
  A1:                                   -2.189381215111895        -59.5761         -1373.86         -5748.22
  A2:                                   -0.028882044202903         -0.7859           -18.12           -75.83
  B1:                                   -0.446921531664982        -12.1614          -280.45         -1173.39
  B2:                                   -1.094184971346554        -29.7743          -686.61         -2872.78
                                      --------------------     -----------       ----------      -----------
  Total Orbital Interactions:           -3.759458784793741       -102.3001         -2359.10         -9870.46

Alternative Decomposition Orb.Int.
  Kinetic:                             -11.758347316959110       -319.9609         -7378.48        -30871.54
  Coulomb:                               8.108936795831319        220.6554          5088.44         21290.01
  XC:                                   -0.110048263665949         -2.9946           -69.06          -288.93
                                      --------------------     -----------       ----------      -----------
  Total Orbital Interactions:           -3.759458784793740       -102.3001         -2359.10         -9870.46

  Residu (E=Steric+OrbInt+Res):         -0.000000291269737         -0.0000            -0.00            -0.00


  Solvation Energy (el):                -0.407251962482575        -11.0819          -255.55         -1069.24

Post-SCF Solvation Energies
  Solvation Energy (cd):                 0.000846929007831          0.0230             0.53             2.22

Total Bonding Energy:                   -1.338436594605987        -36.4207          -839.88         -3514.06


Summary of Bonding Energy (energy terms are taken from the energy decomposition above)
======================================================================================

  Electrostatic Energy:                 -0.876101404082585        -23.8399          -549.76         -2300.20
  Kinetic Energy:                        0.999108181443937         27.1871           626.95          2623.16
  Coulomb (Steric+OrbInt) Energy:        0.454911461271092         12.3788           285.46          1194.37
  XC Energy:                            -1.509949799763687        -41.0878          -947.51         -3964.37
  Solvation:                            -0.406405033474744        -11.0588          -255.02         -1067.02
                                      --------------------     -----------       ----------      -----------
  Total Bonding Energy:                 -1.338436594605987        -36.4207          -839.88         -3514.06


Correction terms (incorporated in energies above; only for test purposes):

1. Indication of fit-quality: 1st-order fit-correction used in the energy (hartree):   0.0000805764
2. Electrostatic (Fit correction):   0.0000000000

Scaled ZORA energy correction, not included in bonding energy (hartree):           -0.0000698656
 NOTE: This scaled ZORA energy correction should only be used to compare two calculations
 in which the only difference in the calculation is the electron configuration.
 Then the difference in energy of this term should be added to the difference in energy of
 the two electron configurations.
 This term should not be used otherwise.
 In practice it is useful only for core excitation energy calculations.



 =========================================
 F R A G M E N T   E N E R G Y   T E R M S  ***  (summed over all fragments)  ***
 =========================================
  

The energy terms below are (parts of) the Total Energy of the fragments from which the molecule
 is built.

Exchange and Correlation
  Exchange LDA:                        -26.068322313564281       -709.3551        -16358.12        -68442.37
  Exchange GGA:                         -2.867153866718438        -78.0192         -1799.17         -7527.71
  Correlation LDA:                      -2.010028655113397        -54.6957         -1261.31         -5277.33
  Correlation GGA:                       1.122518840846621         30.5453           704.39          2947.17
                                      --------------------     -----------       ----------      -----------
  Total XC:                            -29.822985994549498       -811.5247        -18714.21        -78300.24



 =======================================================================
 Electrostatic potential at the Nuclei due to electrons and other nuclei
 =======================================================================
  
         Atom                  Potential
         ----                  ---------
     1)   C                  15.08863411
     2)   O                  22.85244908
     3)   O                  22.85257274
     4)   O                  22.85244908

=============================================================
=== CALCULATE ANALYTICAL SECOND DERIVATIVES OF THE ENERGY ===
=============================================================

                  ------------------------------------------------
                  
                  This Analytical Second Derivatives Progam    
                            was written for ADF by             
                  
                                Stephen K. Wolff               
                  
                         Scientific Computing & Modelling      
                  
                                Vrije University
                              Theoretical Chemistry
                                De Boelelaan 1083
                                1081 HV Amsterdam
                                 The Netherlands
                  
                  ------------------------------------------------
                  
                                    References:                
                                    ===========                
                  
                   Attila Berces, Ross M. Dickson, Liangyou Fan
                   Heiko Jacobsen, David Swerhone, Tom Ziegler,
                   Computer Physics Communications 100 (1997) 247.
                  
                   Heiko Jacobsen, Attila Berces
                   David Swerhone, Tom Ziegler,
                   Computer Physics Communications 100 (1997) 263.
                  
                   Stephen K. Wolff
                   Int. J. Quantum Chem. 104 (2005) 645.
                  
                  ------------------------------------------------
                  
              <><><><><><><><><><><><><><><><><><><><><><><><><>
 
                 SECOND DERIVATIVES INFORMATION:
                 -------------------------------
 
                 === PRINT
 
                   EIGS,  lprint_eigbas =  F
                   U1,    lprint_u1     =  F
                   PARTS, lprint_parts  =  F
 
                 === DEBUG
 
                   ALL        =  F
                   B1         =  F
                   DENSITIES  =  F
                   FIT        =  F
                   HESSIAN    =  F
                   NUMBERS    =  F
                   SYMMETRY   =  F
                   U1         =  F
 
                 === CPKS
 
                   MAX_CPKS_ITERATIONS    =    20
                   U1_ACCURACY PARAMETER  =     5.00
                   U1 ACCURACY            =     0.0000100
 

                 Estimated peak private memory usage    100 MB per process
                                 shared memory usage     58 MB per node

              <><><><><><><><><><><><><><><><><><><><><><><><><>
 Handling            4  atoms per pass in write_gradb1
 wr_gradb1   21381120.0000000        1048576000.00000     

######## LOOPING OVER NUCLEI ########

==========================
###### NUCLEUS:     1  C  
==========================

====================  solving CPKS equations  ====================

NUCLEUS  COORD.    ITERATION   ACCURACY
-------  ------    ---------   --------
    1       1          1       0.78504682D-02
    1       1          2       0.43894709D-03
    1       1          3       0.60908342D-04
    1       1          4       0.12085195D-04
    1       1          5       0.18938872D-06
*** CPKS converged.
----------------------------------------------
    1       2          1       0.15756604D+00
    1       2          2       0.70900612D-02
    1       2          3       0.14877249D-02
    1       2          4       0.11360043D-03
    1       2          5       0.46021620D-04
    1       2          6       0.26031483D-05
*** CPKS converged.
----------------------------------------------
    1       3          1       0.15759810D+00
    1       3          2       0.71078200D-02
    1       3          3       0.14764791D-02
    1       3          4       0.10967252D-03
    1       3          5       0.32236237D-04
    1       3          6       0.18182151D-04
    1       3          7       0.13378427D-05
*** CPKS converged.
----------------------------------------------

====================  end of solving CPKS equations  ====================

==========================
###### NUCLEUS:     2  O  
==========================

====================  solving CPKS equations  ====================

NUCLEUS  COORD.    ITERATION   ACCURACY
-------  ------    ---------   --------
    2       1          1       0.24048851D-02
    2       1          2       0.33872773D-03
    2       1          3       0.52354216D-04
    2       1          4       0.69808295D-05
*** CPKS converged.
----------------------------------------------
    2       2          1       0.62488767D-01
    2       2          2       0.40915534D-02
    2       2          3       0.12976399D-02
    2       2          4       0.52196604D-03
    2       2          5       0.18406522D-03
    2       2          6       0.30961077D-04
    2       2          7       0.47793869D-05
*** CPKS converged.
----------------------------------------------
    2       3          1       0.44021482D-01
    2       3          2       0.27702707D-02
    2       3          3       0.10354792D-02
    2       3          4       0.32713134D-03
    2       3          5       0.87485551D-04
    2       3          6       0.19525391D-04
    2       3          7       0.19163324D-05
*** CPKS converged.
----------------------------------------------

====================  end of solving CPKS equations  ====================

==========================
###### NUCLEUS:     3  O  
==========================

====================  solving CPKS equations  ====================

NUCLEUS  COORD.    ITERATION   ACCURACY
-------  ------    ---------   --------
    3       1          1       0.26540457D-02
    3       1          2       0.38953556D-03
    3       1          3       0.55475662D-04
    3       1          4       0.70752720D-05
*** CPKS converged.
----------------------------------------------
    3       2          1       0.34095167D-01
    3       2          2       0.16440498D-02
    3       2          3       0.27833606D-03
    3       2          4       0.12821419D-04
    3       2          5       0.40846323D-05
*** CPKS converged.
----------------------------------------------
    3       3          1       0.71503448D-01
    3       3          2       0.49290492D-02
    3       3          3       0.16639219D-02
    3       3          4       0.59842721D-03
    3       3          5       0.24702125D-03
    3       3          6       0.40120007D-04
    3       3          7       0.47859100D-05
*** CPKS converged.
----------------------------------------------

====================  end of solving CPKS equations  ====================

 ***************************************************************************************************



                                     ******************************************
                                     *  F R E Q U E N C Y    A N A L Y S I S  *
                                     ******************************************
  


 Atomic Masses:
 ---------------
    1. C              12.00000000
    2. O              15.99491400
    3. O              15.99491400
    4. O              15.99491400



 ======================================
 Normal Modes in Symmetry Displacements  ***  (cartesians, not mass-weighted)  ***
 ======================================
  


                                       === A1 ===

 Symmetry Displacements


                          1                             2                             3
              ------------------------      ------------------------      ------------------------
    1.C          0.000   0.000   0.258         0.000   0.000   0.000         0.000   0.000   0.000
    2.O          0.000   0.000  -0.065         0.000   0.000   0.102         0.000   0.177   0.000
    3.O          0.000   0.000  -0.065         0.000   0.000  -0.204         0.000   0.000   0.000
    4.O          0.000   0.000  -0.065         0.000   0.000   0.102         0.000  -0.177   0.000

 Largest computed component in inactive x Dipole derivative=  0.3172E-07
 (symmetry index=  1)
 Deviation may result from numerical integration and/or the non-linearity
 in the transformations between Cartesian and Z-matrix coordinates.

 Largest computed component in inactive y Dipole derivative=  0.3897E-04
 (symmetry index=  1)
 Deviation may result from numerical integration and/or the non-linearity
 in the transformations between Cartesian and Z-matrix coordinates.


 Frequencies and Normal Modes
 ============================

             1           2           3

          633.9163    994.0291   1307.1064
        ----------  ----------  ----------
   1    0.30659480 -0.00112169  0.95183947
   2   -0.67132588  0.70866091  0.21707434
   3    0.67477492  0.70554833 -0.21651873


 Intensities
 ===========

               Frequency       Dipole Strength        Absorption Intensity (degeneracy not counted)
                 cm-1           1e-40 esu2 cm2          km/mole
              ----------          ----------          ----------
              633.916292           24.426901            3.881310
              994.029083            0.000053            0.000013
             1307.106445         3465.928812         1135.556283


                                       === B1 ===

 Symmetry Displacements


                          1
              ------------------------      ------------------------      ------------------------
    1.C          0.258   0.000   0.000
    2.O         -0.065   0.000   0.000
    3.O         -0.065   0.000   0.000
    4.O         -0.065   0.000   0.000

 Largest computed component in inactive y Dipole derivative=  0.6423E-06
 (symmetry index=  3)
 Deviation may result from numerical integration and/or the non-linearity
 in the transformations between Cartesian and Z-matrix coordinates.

 Largest computed component in inactive z Dipole derivative=  0.1144E-06
 (symmetry index=  3)
 Deviation may result from numerical integration and/or the non-linearity
 in the transformations between Cartesian and Z-matrix coordinates.


 Frequencies and Normal Modes
 ============================

             1

          792.2417
        ----------
   1    1.00000000


 Intensities
 ===========

               Frequency       Dipole Strength        Absorption Intensity (degeneracy not counted)
                 cm-1           1e-40 esu2 cm2          km/mole
              ----------          ----------          ----------
              792.241681          113.776615           22.593773


                                       === B2 ===

 Symmetry Displacements


                          1                             2
              ------------------------      ------------------------      ------------------------
    1.C          0.000   0.258   0.000         0.000   0.000   0.000
    2.O          0.000  -0.065   0.000         0.000   0.072   0.125
    3.O          0.000  -0.065   0.000         0.000  -0.144   0.000
    4.O          0.000  -0.065  -0.000         0.000   0.072  -0.125

 Largest computed component in inactive x Dipole derivative=  0.2341E-07
 (symmetry index=  4)
 Deviation may result from numerical integration and/or the non-linearity
 in the transformations between Cartesian and Z-matrix coordinates.

 Largest computed component in inactive z Dipole derivative=  0.5712E-04
 (symmetry index=  4)
 Deviation may result from numerical integration and/or the non-linearity
 in the transformations between Cartesian and Z-matrix coordinates.


 Frequencies and Normal Modes
 ============================

             1           2

          633.6671   1306.4214
        ----------  ----------
   1   -0.30623972 -0.95195443
   2   -0.95195443  0.30623972


 Intensities
 ===========

               Frequency       Dipole Strength        Absorption Intensity (degeneracy not counted)
                 cm-1           1e-40 esu2 cm2          km/mole
              ----------          ----------          ----------
              633.667133           24.857843            3.948232
             1306.421444         3472.417970         1137.086139



 Zero-Point Energy :      0.012911 a.u.
 ===================      0.351333 eV
                                                   hartree              eV         kcal/mol           kJ/mol
                                      --------------------     -----------       ----------      -----------
              Bond Energy:              -1.338436594605987        -36.4207          -839.88         -3514.06
              Zero-Point Energy:         0.012911246736644          0.3513             8.10            33.90
              Enthalpy (T=0K):          -1.325525347869344        -36.0694          -831.78         -3480.17



 ===========================
 Vibrations and Normal Modes  ***  (cartesian coordinates, NOT mass-weighted)  ***
 ===========================
  
 The headers on the normal mode eigenvectors below give the Frequency in cm-1
 (a negative value means an imaginary frequency, no output for (almost-)zero frequencies)


                       633.667                       633.916                       792.242
              ------------------------      ------------------------      ------------------------
    1.C          0.000   0.312   0.000         0.000   0.000  -0.313        -0.918  -0.000   0.000
    2.O         -0.000   0.193   0.470        -0.000  -0.471   0.349         0.230  -0.000   0.000
    3.O          0.000  -0.621   0.000         0.000  -0.000  -0.463         0.229  -0.000  -0.000
    4.O         -0.000   0.193  -0.470         0.000   0.471   0.349         0.230  -0.000   0.000


                       994.029                      1306.421                      1307.106
              ------------------------      ------------------------      ------------------------
    1.C         -0.000  -0.000  -0.001        -0.000  -0.882   0.000        -0.000  -0.000  -0.882
    2.O         -0.000   0.499   0.290         0.000   0.300   0.137         0.000   0.137   0.141
    3.O         -0.000   0.000  -0.578        -0.000   0.062  -0.000        -0.000   0.000   0.380
    4.O         -0.000  -0.499   0.290         0.000   0.300  -0.137         0.000  -0.137   0.141




 List of All Frequencies:


 Intensities
 ===========

               Frequency       Dipole Strength        Absorption Intensity (degeneracy not counted)
                 cm-1           1e-40 esu2 cm2          km/mole
              ----------          ----------          ----------
              633.667133           24.857843            3.948232
              633.916292           24.426901            3.881310
              792.241681          113.776615           22.593773
              994.029083            0.000053            0.000013
             1306.421444         3472.417970         1137.086139
             1307.106445         3465.928812         1135.556283



 ============================
 Statistical Thermal Analysis  ***  ideal gas assumed  ***
 ============================
  
 Pressure:                  1.000000 atm.
 Temperature:             298.150000 K



 Moments of Inertia [amu*bohr^2] and principal axis
 ==================================================

         147.1591        147.3225        294.4816
 ------------------------------------------------
           0.0000          0.0000          1.0000
           1.0000          0.0000          0.0000
           0.0000          1.0000          0.0000


 The rotational contribution to the molecular entropy includes
 a term, dependent on the symmetry number sigma. The results 
 reported below were computed using sigma = 2, determined from
 the point group symmetry of the input geometry (C(2V)). 
 If this is not the correct symmetry, try symmetrizing the molecule before
 running the calculation (note: linear molecules should be aligned along one
 of the Cartesian axes).
 Contributions from frequencies below 20 1/cm are not included in
 the vibrational sums. Their contributions, if any, are reported separately.


     Temp                                                       Transl     Rotat    Vibrat     Total
     ----                                                       ------     -----    ------     -----

     298.15   Entropy (cal/mole-K):                             38.195    21.995     1.153    61.342
              Internal Energy (Kcal/mole):                       0.889     0.889     8.368    10.146
              Constant Volume Heat Capacity (cal/mole-K):        2.981     2.981     3.259     9.221

              Summary of energy terms
                                                   hartree              eV         kcal/mol           kJ/mol
                                      --------------------     -----------       ----------      -----------
              Bond Energy:              -1.338436594605987        -36.4207          -839.88         -3514.06
              Internal Energy:           0.016168532447268          0.4400            10.15            42.45
              pV/n = RT:                 0.000944186013486          0.0257             0.59             2.48
              Enthalpy H:               -1.321323876145234        -35.9551          -829.14         -3469.14
              -T*S:                     -0.029145549425352         -0.7931           -18.29           -76.52
              Gibbs free energy:        -1.350469425570586        -36.7481          -847.43         -3545.66
 

 ***************************************************************************************************
 


====================================================================
*** DONE CALCULATING ANALYTICAL SECOND DERIVATIVES OF THE ENERGY ***
====================================================================




 ===========================================================
 SCAN POTENTIAL ENERGY SURFACE ALONG A RANGE OF NORMAL MODES  ***  with IR intensities  ***
 ===========================================================
  

 Symmetry has been reset to default with TOL= 0.000001000000

 RANGE OF FREQUENCIES: from  -1000.000 to      0.000



 ===================
 Vibration symmetry:  ***  A1  ***
 ===================
  
 Total number of frequencies of this symmetry:     3
 Frequencies, cm^(-1):
     633.916     994.029    1307.106
 Number of frequencies in the requested range:     0



 ===================
 Vibration symmetry:  ***  B1  ***
 ===================
  
 Total number of frequencies of this symmetry:     1
 Frequencies, cm^(-1):
     792.242
 Number of frequencies in the requested range:     0



 ===================
 Vibration symmetry:  ***  B2  ***
 ===================
  
 Total number of frequencies of this symmetry:     2
 Frequencies, cm^(-1):
     633.667    1306.421
 Number of frequencies in the requested range:     0
 ===================================================================================================
 Summary of a frequency scan in the requested range: 
 (One component per degenerate irreducible representations, degeneracy is not counted in the intens.)
 ---------------------------------------------------------------------------------------------------
 Frequency, cm**(-1)      Dipol moment derivatives (a.u.)      IR Intensity   Force const   Red.mass
    Old      New                X         Y         Z            km/mole          a.u.        a.u.
 ---------------------------------------------------------------------------------------------------
 Vibration symmetry: A1
   633.916      not re-calculated (not in the required range)
   994.029      not re-calculated (not in the required range)
  1307.106      not re-calculated (not in the required range)
 ---------------------------------------------------------------------------------------------------
 Vibration symmetry: B1
   792.242      not re-calculated (not in the required range)
 ---------------------------------------------------------------------------------------------------
 Vibration symmetry: B2
   633.667      not re-calculated (not in the required range)
  1306.421      not re-calculated (not in the required range)
 ===================================================================================================



 ============================
 Statistical Thermal Analysis  ***  ideal gas assumed  ***
 ============================
  
 Pressure:                  1.000000 atm.
 Temperature:             298.150000 K



 Moments of Inertia [amu*bohr^2] and principal axis
 ==================================================

         147.1591        147.3225        294.4816
 ------------------------------------------------
           0.0000          0.0000          1.0000
           1.0000          0.0000          0.0000
           0.0000          1.0000          0.0000


 The rotational contribution to the molecular entropy includes
 a term, dependent on the symmetry number sigma. The results 
 reported below were computed using sigma = 2, determined from
 the point group symmetry of the input geometry (C(2V)). 
 If this is not the correct symmetry, try symmetrizing the molecule before
 running the calculation (note: linear molecules should be aligned along one
 of the Cartesian axes).
 Contributions from frequencies below 20 1/cm are not included in
 the vibrational sums. Their contributions, if any, are reported separately.


     Temp                                                       Transl     Rotat    Vibrat     Total
     ----                                                       ------     -----    ------     -----

     298.15   Entropy (cal/mole-K):                             38.195    21.995     1.153    61.342
              Internal Energy (Kcal/mole):                       0.889     0.889     8.368    10.146
              Constant Volume Heat Capacity (cal/mole-K):        2.981     2.981     3.259     9.221

              Summary of energy terms
                                                   hartree              eV         kcal/mol           kJ/mol
                                      --------------------     -----------       ----------      -----------
              Bond Energy:              -1.338436594605987        -36.4207          -839.88         -3514.06
              Internal Energy:           0.016168532447268          0.4400            10.15            42.45
              pV/n = RT:                 0.000944186013486          0.0257             0.59             2.48
              Enthalpy H:               -1.321323876145234        -35.9551          -829.14         -3469.14
              -T*S:                     -0.029145549425352         -0.7931           -18.29           -76.52
              Gibbs free energy:        -1.350469425570586        -36.7481          -847.43         -3545.66
 
 
 ========================
 No memory problems found
 ========================
 
 Maximum number of active allocate calls:        1592
 
 *******************************************************************************

                             A D F   E X I T
 NORMAL TERMINATION



 =================
 Timing Statistics
 =================
  
 Total Used :                     CPU=       23.72      System=        6.06     Elapsed=       31.70

 Calls  Section                     ( Mean, Percentage )
 ---------------------------------------------------------------------------------------------------
     3  ><      ................      0.00    0.02             0.00    0.00             0.00    0.02
     1  INIT    ................      0.48    2.04             0.02    0.40             0.53    1.66
     1  GEOMET  ................      0.04    0.15             0.01    0.20             0.07    0.22
     1  FRAGM   ................      0.01    0.05             0.02    0.26             0.03    0.09
     1  INPUTA  ................      0.00    0.00             0.00    0.00             0.00    0.01
     1  ATDEN   ................      0.00    0.02             0.00    0.00             0.01    0.02
     4  MAINSY  ................      0.03    0.44             0.00    0.13             0.05    0.66
     4  SYMFIT  ................      0.00    0.05             0.00    0.00             0.00    0.03
     4  CORORT  ................      0.00    0.02             0.00    0.00             0.00    0.04
     4  SYMORB  ................      0.00    0.07             0.00    0.00             0.00    0.04
     4  CLSMAT  ................      0.01    0.12             0.00    0.00             0.01    0.11
     4  ORTHON  ................      0.01    0.13             0.00    0.20             0.01    0.15
     4  GENPT   ................      0.05    0.76             0.00    0.20             0.05    0.66
     4  PTBAS   ................      0.03    0.44             0.00    0.26             0.03    0.40
    42  FOCKY   ................      0.13   23.33             0.03   22.03             0.17   23.01
    42  FOCKTR  ................      0.00    0.39             0.00    0.33             0.00    0.40
    42  SDIIS   ................      0.00    0.52             0.00    0.46             0.01    0.73
     4  TOTEN   ................      0.19    3.27             0.01    0.86             0.23    2.86
     4  POPAN   ................      0.00    0.07             0.00    0.00             0.01    0.09
     4  DEBYE   ................      0.00    0.07             0.00    0.00             0.01    0.07
     4  INPUTE  ................      0.00    0.00             0.00    0.00             0.00    0.01
     4  SYMORE  ................      0.00    0.02             0.00    0.00             0.00    0.01
     7  ELNRGY  ................      0.05    1.53             0.00    0.33             0.06    1.32
     3  ENGRAD  ................      0.00    0.02             0.00    0.00             0.00    0.01
     1  COREPS  ................      0.09    0.37             0.02    0.26             0.11    0.36
     1  METS    ................      0.00    0.00             0.00    0.00             0.00    0.01
     1  CETS    ................      0.01    0.05             0.00    0.00             0.01    0.04
     1  POPUL   ................      0.01    0.03             0.00    0.00             0.01    0.03
     1  ENHESS  ................     15.63   65.90             4.49   74.01            21.17   66.77
     1  EXIT PROCEDURE .........      0.03    0.13             0.00    0.07             0.04    0.13


 Currently Open Files (EXIT00)
 ====================

 Unit    Access Format  Status   Type       Ident (file)
 -------------------------------------------------------
   3      SEQ    FORM   TRANSP  NORMAL      LOGFILE
                                          ( logfile )

 ***************************************************************************************************
 (LOGFILE)
 <Jun25-2026> <15:59:09>  DIRAC 2019  RunTime: Jun25-2026 15:59:09  Nodes: 1  Procs: 1
 <Jun25-2026> <15:59:10>  NORMAL TERMINATION
 <Jun25-2026> <15:59:10>  END
 <Jun25-2026> <15:59:10>  ADF 2019  RunTime: Jun25-2026 15:59:10  Nodes: 1  Procs: 1
 <Jun25-2026> <15:59:10>  Oxygen (TZP, 1s frozen)
 <Jun25-2026> <15:59:10>  RunType   : CREATE
 <Jun25-2026> <15:59:10>  Net Charge: 0 (Nuclei minus Electrons)
 <Jun25-2026> <15:59:10>  Symmetry  : ATOM
  Coordinates
    Atom         X           Y           Z   (Angstrom)
    1.O         0.000000    0.000000    0.000000
 <Jun25-2026> <15:59:10>  >>>> CORORT
 <Jun25-2026> <15:59:10>  >>>> CLSMAT
 <Jun25-2026> <15:59:10>  >>>> ORTHON
 <Jun25-2026> <15:59:10>  >>>> GENPT
 <Jun25-2026> <15:59:10>  Block Length=  68
 <Jun25-2026> <15:59:10>  >>>> PTBAS
 <Jun25-2026> <15:59:10>  >>>> CYCLE
 <Jun25-2026> <15:59:10>              |Error|         MaxErr       Wt(A-DIIS)
 <Jun25-2026> <15:59:10>      1      0.00000000      0.00000000
 <Jun25-2026> <15:59:10>      2      4.56299337      2.52897111
 <Jun25-2026> <15:59:10>      3      2.72315525      1.79866705    100.0
 <Jun25-2026> <15:59:10>      4      0.28902714      0.13064862    100.0
 <Jun25-2026> <15:59:10>      5      0.41661509      0.23264367    100.0
 <Jun25-2026> <15:59:10>      6      0.01372327      0.00671904      5.8
 <Jun25-2026> <15:59:10>      7      0.00110365      0.00063404      0.0
 <Jun25-2026> <15:59:10>      8      0.00003592      0.00002026      0.0
 <Jun25-2026> <15:59:10>      9      0.00000033      0.00000018      0.0
 <Jun25-2026> <15:59:10>     10      0.00000000      0.00000000      0.0
 <Jun25-2026> <15:59:10>  SCF converged
 <Jun25-2026> <15:59:10>     11      0.00000000      0.00000000      0.0
 <Jun25-2026> <15:59:10>  >>>> POPAN
 <Jun25-2026> <15:59:10>  >>>> DEBYE
 <Jun25-2026> <15:59:10>  NORMAL TERMINATION
 <Jun25-2026> <15:59:10>  END
 <Jun25-2026> <15:59:10>  DIRAC 2019  RunTime: Jun25-2026 15:59:10  Nodes: 1  Procs: 1
 <Jun25-2026> <15:59:10>  NORMAL TERMINATION
 <Jun25-2026> <15:59:10>  END
 <Jun25-2026> <15:59:11>  ADF 2019  RunTime: Jun25-2026 15:59:11  Nodes: 1  Procs: 1
 <Jun25-2026> <15:59:11>  Carbon (TZP, 1s frozen)
 <Jun25-2026> <15:59:11>  RunType   : CREATE
 <Jun25-2026> <15:59:11>  Net Charge: 0 (Nuclei minus Electrons)
 <Jun25-2026> <15:59:11>  Symmetry  : ATOM
  Coordinates
    Atom         X           Y           Z   (Angstrom)
    1.C         0.000000    0.000000    0.000000
 <Jun25-2026> <15:59:11>  >>>> CORORT
 <Jun25-2026> <15:59:11>  >>>> CLSMAT
 <Jun25-2026> <15:59:11>  >>>> ORTHON
 <Jun25-2026> <15:59:11>  >>>> GENPT
 <Jun25-2026> <15:59:11>  Block Length=  68
 <Jun25-2026> <15:59:11>  >>>> PTBAS
 <Jun25-2026> <15:59:11>  >>>> CYCLE
 <Jun25-2026> <15:59:11>              |Error|         MaxErr       Wt(A-DIIS)
 <Jun25-2026> <15:59:11>      1      0.00000000      0.00000000
 <Jun25-2026> <15:59:11>      2      1.58847894      1.24402911
 <Jun25-2026> <15:59:11>      3      0.83414358      0.69611878    100.0
 <Jun25-2026> <15:59:11>      4      0.21311525      0.17090541    100.0
 <Jun25-2026> <15:59:11>      5      0.18573855      0.15042542    100.0
 <Jun25-2026> <15:59:11>      6      0.01654967      0.01329065     12.4
 <Jun25-2026> <15:59:11>      7      0.00192492      0.00156534      0.6
 <Jun25-2026> <15:59:11>      8      0.00001726      0.00001386      0.0
 <Jun25-2026> <15:59:11>      9      0.00000035      0.00000029      0.0
 <Jun25-2026> <15:59:11>     10      0.00000000      0.00000000      0.0
 <Jun25-2026> <15:59:11>  SCF converged
 <Jun25-2026> <15:59:11>     11      0.00000000      0.00000000      0.0
 <Jun25-2026> <15:59:11>  >>>> POPAN
 <Jun25-2026> <15:59:11>  >>>> DEBYE
 <Jun25-2026> <15:59:11>  NORMAL TERMINATION
 <Jun25-2026> <15:59:11>  END
 <Jun25-2026> <15:59:12>  ADF 2019  RunTime: Jun25-2026 15:59:12  Nodes: 1  Procs: 24
 <Jun25-2026> <15:59:12>  *** (NO TITLE) ***
 <Jun25-2026> <15:59:12>  RunType   : GEOMETRY OPTIMIZATION
 <Jun25-2026> <15:59:12>  Net Charge: -2 (Nuclei minus Electrons)
 <Jun25-2026> <15:59:12>  Symmetry  : C(2V)
 <Jun25-2026> <15:59:12>  >>>> FRAGM
  Coordinates in Geometry Cycle 1
    Atom         X           Y           Z   (Angstrom)
    1.C         0.000000    0.000000   -0.277583
    2.O         0.000000    1.157315    0.362079
    3.O         0.000000    0.000000   -1.589718
    4.O         0.000000   -1.157315    0.362079
 <Jun25-2026> <15:59:12>  >>>> CORORT
 <Jun25-2026> <15:59:12>  >>>> CLSMAT
 <Jun25-2026> <15:59:12>  >>>> ORTHON
 <Jun25-2026> <15:59:12>  >>>> GENPT
 <Jun25-2026> <15:59:13>  Block Length= 128
 <Jun25-2026> <15:59:13>  >>>> PTBAS
 <Jun25-2026> <15:59:13>  combining surface points...
 <Jun25-2026> <15:59:13>  combining surface points...
 <Jun25-2026> <15:59:13>  combining surface points...
 <Jun25-2026> <15:59:13>  >>>> CYCLE
 <Jun25-2026> <15:59:13>              |Error|         MaxErr       Wt(A-DIIS)
 <Jun25-2026> <15:59:13>      1      1.29813159      0.28431344
 <Jun25-2026> <15:59:13>      2      1.36861278      0.31796326    100.0
 <Jun25-2026> <15:59:13>      3      1.87654514      0.44512123    100.0
 <Jun25-2026> <15:59:13>      4      0.21554772      0.04879927     48.3
 <Jun25-2026> <15:59:14>      5      0.15590149      0.03449093     33.8
 <Jun25-2026> <15:59:14>      6      0.01043145      0.00238653      1.4
 <Jun25-2026> <15:59:14>      7      0.00198749      0.00060522      0.0
 <Jun25-2026> <15:59:14>      8      0.00054803      0.00013430      0.0
 <Jun25-2026> <15:59:14>      9      0.00002209      0.00000621      0.0
 <Jun25-2026> <15:59:14>     10      0.00000085      0.00000025      0.0
 <Jun25-2026> <15:59:14>  SCF converged
 <Jun25-2026> <15:59:15>     11      0.00000014      0.00000003      0.0
 <Jun25-2026> <15:59:15>  >>>> TOTEN
 <Jun25-2026> <15:59:15>  >>>> POPAN
 <Jun25-2026> <15:59:15>  >>>> DEBYE
 <Jun25-2026> <15:59:15>  >>>> ENGRAD
 <Jun25-2026> <15:59:15>  current energy                               -1.33783465 Hartree
 <Jun25-2026> <15:59:15>  energy change                      -1.33783465     0.00100000    F
 <Jun25-2026> <15:59:15>  constrained gradient max            0.02743148     0.00100000    F
 <Jun25-2026> <15:59:15>  constrained gradient rms            0.01131661     0.00066667    F
 <Jun25-2026> <15:59:15>  gradient max                        0.02743148
 <Jun25-2026> <15:59:15>  gradient rms                        0.01131661
 <Jun25-2026> <15:59:15>  cart. step max                      0.02883833     0.01000000    F
 <Jun25-2026> <15:59:15>  cart. step rms                      0.01318078     0.00666667    F
  Coordinates in Geometry Cycle 2
    Atom         X           Y           Z   (Angstrom)
    1.C         0.000000    0.000000   -0.288567
    2.O         0.000000    1.128477    0.372331
    3.O         0.000000    0.000000   -1.599238
    4.O         0.000000   -1.128477    0.372331
 <Jun25-2026> <15:59:15>  >>>> CORORT
 <Jun25-2026> <15:59:15>  >>>> CLSMAT
 <Jun25-2026> <15:59:15>  >>>> ORTHON
 <Jun25-2026> <15:59:15>  >>>> GENPT
 <Jun25-2026> <15:59:15>  Block Length= 128
 <Jun25-2026> <15:59:15>  >>>> PTBAS
 <Jun25-2026> <15:59:15>  combining surface points...
 <Jun25-2026> <15:59:15>  combining surface points...
 <Jun25-2026> <15:59:15>  combining surface points...
 <Jun25-2026> <15:59:15>  >>>> CYCLE
 <Jun25-2026> <15:59:15>              |Error|         MaxErr       Wt(A-DIIS)
 <Jun25-2026> <15:59:15>      1      0.06965065      0.01569519
 <Jun25-2026> <15:59:16>      2      0.09492193      0.01815969    100.0
 <Jun25-2026> <15:59:16>      3      0.05212630      0.00976453    100.0
 <Jun25-2026> <15:59:16>      4      0.06766511      0.01314056    100.0
 <Jun25-2026> <15:59:16>      5      0.01513153      0.00348471      2.5
 <Jun25-2026> <15:59:16>      6      0.00714164      0.00157475      0.6
 <Jun25-2026> <15:59:16>      7      0.00076153      0.00027419      0.0
 <Jun25-2026> <15:59:17>      8      0.00009915      0.00001808      0.0
 <Jun25-2026> <15:59:17>      9      0.00001267      0.00000237      0.0
 <Jun25-2026> <15:59:17>     10      0.00000111      0.00000025      0.0
 <Jun25-2026> <15:59:17>  SCF converged
 <Jun25-2026> <15:59:17>     11      0.00000022      0.00000005      0.0
 <Jun25-2026> <15:59:17>  >>>> TOTEN
 <Jun25-2026> <15:59:17>  >>>> POPAN
 <Jun25-2026> <15:59:17>  >>>> DEBYE
 <Jun25-2026> <15:59:17>  >>>> ENGRAD
 <Jun25-2026> <15:59:17>  current energy                               -1.33835488 Hartree
 <Jun25-2026> <15:59:17>  energy change                      -0.00052023     0.00100000    T
 <Jun25-2026> <15:59:17>  constrained gradient max            0.00859301     0.00100000    F
 <Jun25-2026> <15:59:17>  constrained gradient rms            0.00356549     0.00066667    F
 <Jun25-2026> <15:59:17>  gradient max                        0.00859301
 <Jun25-2026> <15:59:17>  gradient rms                        0.00356549
 <Jun25-2026> <15:59:17>  cart. step max                      0.00713451     0.01000000    T
 <Jun25-2026> <15:59:17>  cart. step rms                      0.00335287     0.00666667    T
  Coordinates in Geometry Cycle 3
    Atom         X           Y           Z   (Angstrom)
    1.C         0.000000    0.000000   -0.285662
    2.O         0.000000    1.135611    0.369455
    3.O         0.000000    0.000000   -1.596390
    4.O         0.000000   -1.135611    0.369455
 <Jun25-2026> <15:59:17>  >>>> CORORT
 <Jun25-2026> <15:59:17>  >>>> CLSMAT
 <Jun25-2026> <15:59:17>  >>>> ORTHON
 <Jun25-2026> <15:59:18>  >>>> GENPT
 <Jun25-2026> <15:59:18>  Block Length= 128
 <Jun25-2026> <15:59:18>  >>>> PTBAS
 <Jun25-2026> <15:59:18>  combining surface points...
 <Jun25-2026> <15:59:18>  combining surface points...
 <Jun25-2026> <15:59:18>  >>>> CYCLE
 <Jun25-2026> <15:59:18>              |Error|         MaxErr       Wt(A-DIIS)
 <Jun25-2026> <15:59:18>      1      0.04280761      0.00821214
 <Jun25-2026> <15:59:18>      2      0.07746299      0.02039572    100.0
 <Jun25-2026> <15:59:18>      3      0.09132762      0.02239445    100.0
 <Jun25-2026> <15:59:18>      4      0.04013046      0.00975159      8.8
 <Jun25-2026> <15:59:19>      5      0.01888562      0.00433077      3.4
 <Jun25-2026> <15:59:19>      6      0.00316271      0.00074279      0.0
 <Jun25-2026> <15:59:19>      7      0.00121355      0.00041768      0.0
 <Jun25-2026> <15:59:19>      8      0.00001290      0.00000435      0.0
 <Jun25-2026> <15:59:19>      9      0.00000259      0.00000067      0.0
 <Jun25-2026> <15:59:19>  SCF converged
 <Jun25-2026> <15:59:19>     10      0.00000032      0.00000008      0.0
 <Jun25-2026> <15:59:20>  >>>> TOTEN
 <Jun25-2026> <15:59:20>  >>>> POPAN
 <Jun25-2026> <15:59:20>  >>>> DEBYE
 <Jun25-2026> <15:59:20>  >>>> ENGRAD
 <Jun25-2026> <15:59:20>  current energy                               -1.33843659 Hartree
 <Jun25-2026> <15:59:20>  energy change                      -0.00008172     0.00100000    T
 <Jun25-2026> <15:59:20>  constrained gradient max            0.00033651     0.00100000    T
 <Jun25-2026> <15:59:20>  constrained gradient rms            0.00017330     0.00066667    T
 <Jun25-2026> <15:59:20>  gradient max                        0.00033651
 <Jun25-2026> <15:59:20>  gradient rms                        0.00017330
 <Jun25-2026> <15:59:20>  cart. step max                      0.00023822     0.01000000    T
 <Jun25-2026> <15:59:20>  cart. step rms                      0.00013745     0.00666667    T
 <Jun25-2026> <15:59:20>  GEOMETRY CONVERGED
 <Jun25-2026> <15:59:20>  Calculating Energy Terms for Final Geometry
  Coordinates in Geometry Cycle 3
    Atom         X           Y           Z   (Angstrom)
    1.C         0.000000    0.000000   -0.285662
    2.O         0.000000    1.135611    0.369455
    3.O         0.000000    0.000000   -1.596390
    4.O         0.000000   -1.135611    0.369455
 <Jun25-2026> <15:59:20>  >>>> CORORT
 <Jun25-2026> <15:59:20>  >>>> CLSMAT
 <Jun25-2026> <15:59:20>  >>>> ORTHON
 <Jun25-2026> <15:59:20>  >>>> GENPT
 <Jun25-2026> <15:59:20>  Block Length= 128
 <Jun25-2026> <15:59:20>  >>>> PTBAS
 <Jun25-2026> <15:59:20>  combining surface points...
 <Jun25-2026> <15:59:20>  combining surface points...
 <Jun25-2026> <15:59:20>  >>>> CYCLE
 <Jun25-2026> <15:59:20>              |Error|         MaxErr       Wt(A-DIIS)
 <Jun25-2026> <15:59:20>      1      0.04204079      0.00943943
 <Jun25-2026> <15:59:21>      2      0.07958948      0.02051063    100.0
 <Jun25-2026> <15:59:21>      3      0.03218483      0.00662362    100.0
 <Jun25-2026> <15:59:21>      4      0.01555012      0.00409562      3.1
 <Jun25-2026> <15:59:21>      5      0.01474080      0.00439102      3.1
 <Jun25-2026> <15:59:21>      6      0.00179155      0.00044715      0.0
 <Jun25-2026> <15:59:21>      7      0.00002734      0.00000586      0.0
 <Jun25-2026> <15:59:22>      8      0.00003993      0.00001098      0.0
 <Jun25-2026> <15:59:22>      9      0.00000198      0.00000047      0.0
 <Jun25-2026> <15:59:22>  SCF converged
 <Jun25-2026> <15:59:22>     10      0.00000013      0.00000003      0.0
 <Jun25-2026> <15:59:22>  >>>> TOTEN
 <Jun25-2026> <15:59:22>  QTAIM: determining topology...
 <Jun25-2026> <15:59:22>  >>>> POPAN
 <Jun25-2026> <15:59:22>  >>>> DEBYE
 <Jun25-2026> <15:59:22>  >>>> AMETS
 <Jun25-2026> <15:59:22>  >>>> POPUL
 <Jun25-2026> <15:59:22>   Bond Energy          -1.33843659 a.u.
 <Jun25-2026> <15:59:22>   Bond Energy         -36.42071284 eV
 <Jun25-2026> <15:59:22>   Bond Energy        -839.88       kcal/mol
 <Jun25-2026> <15:59:22>  >>>> ENHESS
 <Jun25-2026> <15:59:22>  === NUCLEUS:     1
 <Jun25-2026> <15:59:29>  === NUCLEUS:     2
 <Jun25-2026> <15:59:37>  === NUCLEUS:     3
 <Jun25-2026> <15:59:43>  >>>> CALC_HESS_PMAT
 <Jun25-2026> <15:59:43>  >>>> CALC_HESS_WMAT
 <Jun25-2026> <15:59:43>  NORMAL TERMINATION
 <Jun25-2026> <15:59:43>  END
